9736 928 713 1387 1012 72 1287 3813 900 49 30 51 1036 55 1450 2093 827 102 30 104 40 1 12 117 873 49 39 82 1702 83 1828 1045 548 50 30 22 35 3 10 17 24 1 0 0 32 1 5 4 1124 73 14 28 39 6 39 81 1184 37 13 17 764 26 355 230 625 37 22 34 100 5 83 87 29 3 0 0 55 1 61 40 47 0 1 0 4 2 5 11 25 0 0 4 53 3 44 37 890 36 12 43 90 5 28 73 47 0 2 3 78 4 25 40 2477 116 24 91 97 8 68 383 1475 32 9 52 886 22 316 472 894 1047 10 1194 40 37 50 1766 23 17 3 10 22 63 16 401 33 34 0 30 2 3 0 32 16 23 0 21 7 50 13 252 20 36 0 12 0 4 3 4 2 2 0 0 0 3 0 2 46 97 0 33 1 12 2 35 14 12 0 0 4 24 4 48 764 1682 33 1026 49 112 96 1052 25 12 0 10 11 65 29 304 21 46 3 21 3 7 8 36 41 36 1 33 46 178 27 434 1008 1220 9 312 50 52 22 253 14 1 1 1 24 40 8 32 1280 796 7 250 52 41 26 499 347 194 4 35 259 347 54 646 0
10073 701 576 861 638 18 795 1780 1184 52 12 84 944 23 1076 1477 1039 90 39 94 44 4 20 79 1227 84 27 116 1455 66 800 852 650 31 26 25 25 10 38 18 21 2 0 0 41 0 6 16 1367 120 20 35 19 2 49 62 1365 79 13 28 1019 37 327 394 1005 20 50 24 129 1 77 78 66 3 0 6 71 0 88 63 44 1 0 0 2 1 6 11 27 3 5 3 67 7 22 42 1252 22 22 41 91 0 35 50 61 3 1 3 117 3 31 39 3479 87 17 85 138 4 87 537 1920 62 12 36 1262 51 433 833 1145 858 21 947 54 26 56 1238 53 23 0 12 21 39 15 344 62 52 3 75 5 3 3 47 34 46 0 34 20 37 11 206 26 28 0 5 0 9 2 7 0 3 0 0 0 0 0 1 39 110 3 19 8 6 2 35 33 48 0 1 5 25 5 40 1092 1438 43 678 79 54 79 891 31 18 0 5 26 39 21 229 42 70 3 28 4 6 0 38 58 43 4 18 41 122 40 393 1328 711 7 274 98 21 45 380 19 4 0 0 35 22 0 68 1897 1106 7 292 92 67 68 776 399 350 4 54 315 434 79 858 0
11335 1088 815 1322 1539 88 1668 3823 1153 31 55 55 1556 48 1847 2054 784 67 44 107 65 4 52 142 881 89 55 121 1918 63 1452 1319 583 48 30 32 35 13 15 14 27 1 1 0 64 5 10 10 919 99 20 47 32 7 46 111 886 48 8 20 760 51 284 306 755 58 44 45 93 2 90 91 37 1 1 5 73 3 76 72 39 1 0 3 10 0 8 9 45 2 1 3 53 16 43 51 791 38 22 42 78 7 19 109 37 0 3 7 115 0 38 38 1863 67 16 55 103 7 78 511 1183 23 4 47 834 44 277 666 928 902 22 898 63 32 66 1245 45 26 0 4 23 38 13 313 42 77 1 52 6 0 1 44 19 9 3 25 11 41 10 267 30 55 0 12 3 6 0 11 1 5 0 6 0 1 0 7 46 105 0 33 0 11 0 49 11 36 1 9 19 34 3 74 703 1329 47 733 76 82 134 828 14 6 0 3 12 46 39 286 19 39 0 27 0 9 1 43 19 29 0 39 41 139 42 470 699 821 1 195 59 56 28 238 10 10 0 9 36 33 2 56 776 586 1 173 39 35 25 616 151 150 1 37 188 301 49 850 0
7269 676 914 1114 834 31 1253 2623 1499 116 41 75 1175 67 1463 1731 631 104 81 151 61 6 43 149 1115 115 49 182 1488 87 889 1133 697 71 38 29 94 4 32 48 46 2 0 1 84 8 23 24 866 154 16 51 45 4 69 125 1055 97 20 57 1086 89 404 451 599 34 56 48 115 10 147 144 71 16 4 6 99 3 115 90 41 1 17 6 7 0 6 16 55 1 1 0 84 1 39 51 842 19 44 78 122 5 70 123 75 7 10 5 147 6 44 107 1314 92 21 101 125 1 134 505 1460 110 17 96 983 70 374 1007 1337 1144 38 1403 83 54 119 1929 97 45 0 36 51 51 29 418 120 112 1 112 3 10 5 134 38 46 6 43 29 63 10 335 39 46 0 16 0 5 1 19 5 1 0 0 0 3 2 5 76 132 4 43 1 12 9 127 22 50 2 6 4 50 10 119 981 1105 71 865 95 82 176 1019 57 34 3 10 52 79 49 373 34 40 12 75 7 7 3 52 50 49 4 60 58 145 28 550 836 552 10 260 99 49 48 349 24 9 0 12 51 30 12 84 882 758 18 356 53 64 80 966 290 220 6 120 213 482 73 1411 0
11331 1126 811 1248 1107 61 1253 3735 987 52 11 53 1157 35 1167 1711 809 98 26 64 44 3 32 135 897 68 20 135 1665 76 805 1011 580 40 32 30 28 3 23 36 22 1 1 0 37 0 3 11 1083 69 15 19 34 3 53 80 877 35 5 14 560 21 195 211 761 44 44 36 91 0 79 122 40 1 0 0 51 2 42 38 31 1 0 7 3 0 1 10 29 1 0 0 65 3 3 46 1095 28 25 36 84 0 28 74 57 0 0 0 84 3 26 23 3014 118 13 89 69 11 76 455 1288 27 5 35 767 26 254 559 1007 1203 20 1227 56 42 46 1916 35 18 0 0 16 62 8 379 39 76 0 46 1 1 0 31 15 19 2 17 13 49 1 265 18 16 0 9 0 0 0 17 0 3 0 0 3 0 0 7 44 84 0 21 0 8 0 35 7 12 0 4 3 14 1 21 818 1932 31 995 53 75 95 1071 22 6 1 5 27 64 15 241 30 50 0 17 1 5 1 21 20 51 0 18 44 220 15 388 1052 821 2 243 15 11 20 277 5 5 0 3 18 21 1 19 1376 849 8 251 30 51 32 502 278 190 9 20 227 342 24 559 0
6149 533 555 763 473 33 751 2008 1900 122 88 151 821 28 1054 2162 629 94 53 93 39 4 27 160 970 98 41 135 771 50 470 1026 655 46 31 28 44 3 17 55 55 4 1 4 71 5 26 37 964 125 28 71 47 4 70 156 1020 124 7 54 493 42 241 473 607 21 52 36 73 4 114 120 101 12 0 5 106 0 114 124 37 11 4 2 1 0 5 5 68 2 5 3 54 4 28 69 915 30 27 62 128 8 44 152 108 5 4 13 129 5 69 111 2441 130 53 129 130 21 141 666 2162 114 20 106 901 51 513 1490 1911 827 74 925 86 36 103 1729 217 67 0 38 54 35 39 608 128 109 6 78 7 2 8 119 59 20 0 49 42 54 11 308 77 66 1 19 7 11 1 18 3 4 0 0 1 1 0 15 137 99 0 56 0 5 18 80 58 36 7 11 16 40 6 109 974 724 43 437 101 42 127 846 61 39 5 11 44 27 50 296 50 62 3 43 1 2 8 45 47 43 1 15 41 88 43 371 1382 560 16 300 113 43 68 375 47 7 0 7 56 43 29 142 2574 1186 35 466 134 81 141 1552 739 282 12 97 336 363 171 1689 0
9575 605 591 848 594 28 894 1975 1173 57 16 58 929 24 1163 1438 998 74 33 108 24 1 27 91 1296 74 23 128 1521 64 856 997 610 23 31 24 36 0 24 28 34 0 0 4 30 5 5 9 1395 63 19 45 39 1 41 67 1327 80 15 42 1199 37 379 346 900 40 33 30 77 4 94 56 51 2 0 1 59 5 77 67 56 0 3 7 4 0 5 2 66 2 3 1 71 11 60 73 1232 33 20 45 115 7 38 75 56 7 3 6 121 1 23 57 3622 79 33 105 103 4 98 589 1875 40 24 59 1290 36 412 779 1044 868 22 932 47 23 48 1277 99 20 3 12 23 29 19 364 48 88 1 56 1 4 1 50 23 36 3 43 21 33 5 193 33 31 3 28 1 1 0 9 0 2 0 1 1 1 0 3 72 111 0 34 7 3 4 46 41 26 0 13 10 20 1 40 1040 1333 25 616 60 61 100 907 36 23 0 10 25 66 48 290 48 46 0 24 5 4 6 51 62 58 0 11 52 147 24 331 1285 826 9 247 88 40 36 293 12 3 4 1 35 23 1 64 1811 1079 16 295 78 65 79 737 475 299 3 55 361 371 75 963 0
5876 527 932 934 517 45 1023 1600 1935 144 89 163 1055 36 1474 1702 462 101 80 159 62 8 46 157 892 139 73 223 733 58 1031 1261 766 68 54 54 69 21 74 48 61 4 11 2 56 17 15 37 820 153 43 86 39 3 58 155 811 138 19 77 543 85 333 566 437 52 83 43 105 6 144 156 125 9 8 27 100 21 178 135 55 1 8 7 4 0 10 10 28 9 10 8 50 1 69 103 776 63 43 55 185 8 98 135 111 13 5 22 140 8 71 137 1397 141 41 140 137 23 137 594 1179 88 17 85 856 102 485 1458 1821 988 62 1098 178 45 120 1488 151 54 4 38 81 74 38 465 124 133 5 198 13 5 14 148 55 54 5 44 56 54 20 383 78 78 5 23 3 5 8 30 3 1 0 3 2 9 2 9 121 160 7 79 22 11 17 136 36 55 0 9 12 70 10 164 900 748 86 784 92 69 183 1080 53 37 4 16 62 49 48 366 57 36 1 63 1 0 4 88 52 38 11 59 62 151 77 591 1088 854 26 265 191 93 64 506 25 16 0 20 65 60 20 170 1419 951 30 467 114 86 90 1362 321 272 3 130 283 512 136 2038 0
8837 866 834 1262 804 48 1195 3479 1020 40 27 46 1015 24 1253 1766 618 56 34 102 38 1 37 118 750 63 25 110 1907 84 1081 865 772 35 43 19 35 5 20 28 23 0 0 0 50 0 24 18 951 64 17 43 40 1 51 106 1091 58 12 18 1257 33 382 255 700 37 40 37 87 0 106 128 49 0 0 0 68 3 57 39 41 8 7 0 5 0 1 7 29 4 1 0 64 4 18 26 1119 29 21 56 90 0 34 107 42 1 1 1 66 2 39 18 2891 99 18 82 130 6 63 382 2007 54 9 40 862 44 358 587 1003 904 20 1173 49 27 48 1624 58 19 0 13 28 52 11 385 34 65 1 72 3 0 1 46 30 16 2 19 11 86 6 236 21 30 1 7 0 0 0 13 0 0 0 0 1 0 0 3 32 80 0 31 3 2 4 33 20 21 0 3 15 34 3 35 794 1586 27 1288 57 71 71 1008 17 24 3 7 19 63 25 237 20 59 3 31 4 5 2 59 45 53 4 26 54 365 25 556 1028 845 10 303 36 27 15 246 7 3 0 2 11 19 4 16 1801 956 7 256 55 47 42 595 400 269 6 40 223 579 35 699 0
8285 654 656 1105 779 62 1219 3142 1263 61 25 88 1092 80 1332 1927 733 95 38 123 37 0 20 117 1019 97 40 143 1288 58 967 1152 783 42 33 27 38 4 35 19 33 3 6 0 38 1 18 16 1086 122 44 59 61 5 50 119 1220 87 4 44 935 36 377 396 690 27 45 26 99 1 93 108 54 4 1 5 85 1 83 65 46 0 8 2 3 0 0 9 56 2 0 0 80 4 42 52 1077 36 26 48 133 0 62 120 70 2 0 6 133 5 30 58 2655 101 37 82 107 4 73 516 1386 57 7 52 1180 66 420 813 1258 974 46 974 64 48 64 1460 56 33 0 30 40 39 14 444 61 93 3 114 0 5 0 43 41 36 6 38 22 45 10 298 27 29 3 7 3 4 0 8 3 0 0 0 3 3 0 1 85 141 2 33 1 3 1 45 23 27 3 10 16 30 2 61 897 1128 62 673 76 54 131 1057 29 18 12 8 28 60 30 303 39 52 3 34 1 3 0 60 45 50 9 23 75 114 29 418 1134 876 16 312 69 30 30 346 17 5 0 1 43 37 9 58 1593 985 9 333 73 54 31 825 344 297 0 62 241 463 64 1002 0
10011 1246 664 1340 709 60 1080 4008 903 40 35 56 829 23 1143 1528 644 69 23 83 33 4 37 80 787 73 41 83 1144 69 1203 967 609 34 29 9 15 0 16 24 12 1 1 0 14 2 9 11 991 100 28 20 28 1 44 98 1102 49 12 19 606 14 291 266 711 42 39 44 80 5 51 106 39 1 0 2 87 3 52 38 36 1 4 5 4 0 2 18 48 8 0 3 55 4 64 37 969 34 29 47 83 4 33 103 45 0 0 1 72 4 25 55 3081 104 25 100 106 13 73 406 1512 31 13 43 900 35 312 485 959 1223 16 1553 57 36 45 1707 40 25 4 10 20 26 13 373 40 72 1 62 4 1 2 21 38 17 1 25 20 56 5 254 28 48 1 5 1 1 0 17 0 0 0 0 0 9 0 3 60 80 1 31 3 2 4 27 8 15 2 3 6 19 2 47 916 1697 18 1041 56 66 94 1045 20 15 0 1 22 56 35 251 33 65 2 34 2 7 0 37 42 61 0 22 43 128 22 346 1235 1042 14 333 70 44 11 338 12 12 0 2 20 41 8 55 1779 1025 10 275 57 35 47 626 459 251 0 50 274 289 56 706 0
8502 812 707 1168 894 44 1245 3726 1073 51 26 67 1104 51 1542 2630 728 56 29 72 53 1 36 123 1016 55 76 119 1440 51 1539 1261 555 35 28 29 41 0 23 40 20 0 0 0 49 1 10 18 1069 79 25 19 24 1 55 132 1431 37 15 8 1066 37 402 322 532 37 27 22 102 8 80 102 40 1 0 1 88 2 60 77 39 1 1 4 1 0 8 11 32 0 1 2 55 0 35 63 822 17 16 48 92 6 21 94 30 2 0 2 89 3 26 44 2404 76 25 65 139 6 74 408 1944 28 6 23 1180 29 357 650 904 989 28 1210 56 44 43 1797 45 15 2 13 24 60 24 485 39 42 0 42 5 1 2 49 24 40 0 18 14 42 12 277 35 26 3 13 3 4 1 7 1 0 0 0 4 0 0 7 61 65 0 30 0 4 3 30 11 18 0 5 8 34 5 54 733 1134 29 914 84 79 108 971 19 20 0 8 23 47 36 295 28 57 1 39 2 5 2 51 56 55 2 18 41 127 30 397 1060 1004 5 336 63 29 20 296 13 3 0 3 20 20 8 47 1490 771 5 262 52 37 19 526 363 218 2 20 272 399 59 667 0
8945 821 911 969 857 39 1003 2762 796 36 20 39 964 30 1118 1503 737 95 78 97 49 3 21 77 962 76 62 99 1612 64 1636 997 831 56 40 21 31 5 18 25 30 0 0 0 39 3 4 5 1044 87 32 31 33 5 42 92 1252 37 17 15 1232 37 350 202 664 55 59 23 94 10 78 83 31 2 1 0 70 1 54 30 36 1 2 1 1 0 5 5 27 2 4 1 83 5 61 45 1032 27 21 32 88 7 19 65 40 5 3 0 118 6 27 22 2480 100 25 93 91 8 63 342 1517 36 19 31 1079 42 269 473 809 1065 21 1221 36 25 37 1258 30 13 1 13 20 35 10 365 40 57 1 57 1 3 1 30 34 23 2 26 9 49 11 248 32 65 1 16 0 3 1 6 1 0 0 3 0 2 0 1 60 64 0 20 1 3 0 19 20 30 1 2 12 33 7 37 918 1799 39 1317 58 63 108 1043 19 21 1 6 39 62 44 282 20 55 4 32 4 5 1 29 27 54 3 23 55 259 21 572 1320 2115 23 456 45 54 28 272 14 11 0 7 22 53 4 59 1544 1001 7 279 23 55 46 494 469 264 7 45 375 563 56 811 0
6805 666 672 1146 712 47 1176 3194 1491 98 51 124 1078 53 1453 2574 578 77 36 73 38 3 50 159 923 110 35 95 1009 57 778 1067 608 47 25 28 43 3 36 57 50 1 0 1 45 0 15 12 970 94 29 57 36 0 53 140 1095 77 8 49 676 31 345 517 521 31 46 27 90 1 138 136 76 3 0 4 79 12 88 81 44 1 9 10 3 0 3 13 21 1 3 3 51 17 22 34 849 34 34 42 111 12 55 127 78 0 7 0 110 3 27 86 2282 120 35 100 135 6 124 616 2076 85 14 75 1052 67 361 1178 1377 940 50 1120 98 36 104 2250 103 44 0 21 52 74 17 698 91 93 0 95 5 8 4 97 41 55 0 65 14 59 8 354 36 48 3 6 1 7 1 19 0 3 0 0 4 2 0 12 93 90 6 51 4 0 6 77 17 51 0 8 11 29 2 98 792 890 33 673 70 80 119 1069 47 26 0 8 34 75 14 369 43 68 3 56 1 9 2 64 59 50 1 21 40 100 30 404 955 499 10 274 112 23 54 396 32 11 0 0 25 21 1 60 1638 872 19 368 59 53 76 1023 562 302 4 51 289 360 55 1147 0
9328 797 807 1164 933 55 1229 3177 681 34 36 32 858 45 1143 1501 584 61 44 85 35 2 30 57 748 81 49 83 1784 53 2236 1065 694 58 30 26 26 4 18 13 16 1 0 0 42 1 9 10 987 78 27 36 19 1 49 70 1172 45 15 15 1408 20 429 189 640 36 31 41 70 0 73 82 15 2 0 0 71 9 51 43 32 0 3 1 1 0 4 12 26 2 3 1 72 7 44 55 949 42 22 49 60 6 23 97 34 0 1 4 77 6 22 28 2191 76 26 71 72 7 57 374 1218 20 9 24 984 27 218 448 754 853 29 1211 28 49 30 1300 22 23 2 12 13 54 5 375 34 72 0 51 0 1 3 38 21 23 2 18 28 30 10 217 21 44 2 19 0 3 4 8 0 1 0 1 0 4 0 4 45 73 0 22 0 1 7 29 10 19 0 0 7 24 6 28 729 1962 39 1378 56 97 75 962 14 27 2 16 32 91 21 296 41 61 0 33 3 0 1 34 40 67 0 18 52 248 26 556 1322 2609 12 502 74 49 20 264 5 4 0 1 30 31 5 43 1504 1000 5 226 45 34 33 477 403 235 0 40 369 552 61 688 0
6689 715 997 1234 690 26 1242 2833 1206 74 37 85 958 55 1202 1883 506 89 50 106 22 2 14 155 842 87 43 101 1366 70 934 1114 927 40 56 42 46 9 34 37 37 2 3 3 68 3 16 8 896 102 34 52 42 8 45 97 1017 62 8 60 1538 51 414 397 586 22 60 34 106 1 108 118 64 0 0 0 77 4 75 64 43 11 3 1 3 0 3 12 40 5 3 4 70 0 55 50 905 40 35 59 98 3 47 101 75 1 1 1 110 4 26 57 1702 103 48 100 94 12 89 424 1493 80 12 64 968 50 353 642 1196 926 44 1314 61 45 81 2076 88 31 2 18 47 58 13 507 62 59 4 104 9 5 2 75 33 43 0 48 39 72 7 357 27 43 2 20 0 3 1 14 0 2 0 0 1 2 0 9 35 89 1 59 3 1 2 51 14 35 0 10 8 40 4 74 948 1323 76 1555 84 57 123 1177 39 31 0 10 27 57 42 361 55 82 7 47 3 6 9 57 57 65 1 38 49 253 24 716 1059 1111 16 433 77 51 16 328 16 8 0 1 25 25 5 66 1318 1102 12 422 55 38 35 730 472 305 1 62 389 611 58 1102 0
6346 555 650 954 657 40 1001 3157 1183 70 39 65 1033 52 1188 2404 525 47 49 77 28 4 39 134 963 69 34 65 1252 61 748 984 605 28 33 33 34 4 38 49 39 1 0 2 28 0 16 14 871 83 24 51 39 3 52 129 1463 70 10 35 950 59 387 457 518 23 39 48 59 4 63 92 67 0 5 7 70 7 93 75 57 8 6 4 1 0 7 6 59 1 6 4 51 1 33 48 958 18 29 60 81 6 36 89 71 2 2 0 71 7 56 36 2473 125 32 135 136 10 102 399 3013 108 32 77 1126 61 411 878 1138 907 51 1164 83 39 70 3496 67 53 5 24 52 45 28 734 60 62 0 87 3 2 0 84 39 28 1 36 24 46 5 335 32 45 1 19 0 7 1 21 1 0 0 0 0 4 2 3 77 77 3 36 3 2 1 84 18 24 0 5 15 38 3 71 810 978 47 643 76 58 100 1101 57 27 7 12 38 49 40 305 53 40 5 31 3 4 13 67 44 45 1 32 51 120 28 375 952 699 16 260 70 37 34 319 32 8 0 2 29 29 7 66 1826 897 13 359 72 61 36 832 680 287 9 77 260 410 60 1062 0
9860 874 584 1088 780 53 887 2817 769 40 19 50 686 33 925 1041 681 61 24 75 27 3 40 98 850 42 18 84 1098 48 523 648 532 32 31 15 27 2 12 18 24 0 0 0 28 0 7 13 927 74 18 15 15 3 39 85 833 29 8 16 517 19 190 196 733 42 13 29 61 8 69 93 31 2 2 3 59 1 43 41 54 4 5 1 6 2 0 14 41 2 0 1 50 5 13 41 967 29 11 38 39 1 17 90 54 1 0 0 84 3 18 41 2808 118 32 82 98 9 59 348 1752 46 7 42 792 33 246 453 857 870 19 1141 39 44 42 1518 42 14 0 15 22 33 9 335 35 39 0 50 2 0 0 35 16 12 0 8 22 26 7 197 24 42 0 13 0 3 0 8 0 1 0 0 3 2 1 2 38 85 0 20 4 1 1 17 6 16 0 3 5 21 6 31 766 1328 29 681 52 53 73 918 23 25 1 5 13 31 13 215 21 60 2 17 1 5 0 22 55 33 1 16 32 139 27 249 924 630 4 227 39 27 20 260 12 7 0 4 11 10 1 26 1577 717 12 231 45 24 36 508 435 179 2 33 201 284 27 533 0
11053 1140 752 1520 1223 51 1484 3959 1061 48 22 41 1252 27 1238 1800 800 124 18 109 47 3 29 136 951 73 19 95 1671 89 866 1107 622 26 11 22 30 3 17 15 10 0 0 0 21 0 7 12 1085 89 18 36 43 1 66 100 869 42 9 21 589 30 220 241 865 41 33 41 129 1 121 129 32 1 1 0 99 0 43 31 41 5 0 9 2 0 3 7 19 0 0 3 70 7 20 19 1073 41 20 28 80 9 28 102 49 3 0 3 63 0 31 23 2381 70 26 66 142 7 65 504 1266 27 6 17 782 18 270 580 1061 1080 26 1265 44 22 49 1587 40 19 0 4 22 56 8 327 45 72 0 59 1 1 0 32 20 27 0 37 11 68 6 247 6 40 0 14 0 0 1 8 0 0 0 0 0 2 1 4 33 109 0 25 3 3 1 55 8 44 0 0 4 18 3 26 893 1842 29 861 65 79 110 1074 5 18 1 3 14 61 18 280 29 74 0 23 1 14 5 42 34 59 1 31 52 212 15 474 814 738 5 207 44 25 23 238 5 4 0 1 49 16 2 38 1034 785 3 250 28 26 19 595 219 202 3 37 188 308 17 703 0
6895 626 624 916 611 38 976 2403 1010 38 23 48 903 21 1171 1566 619 93 25 104 32 3 22 112 930 86 30 53 1249 37 916 1012 690 16 31 14 36 3 19 27 26 0 0 0 31 8 6 11 1147 85 18 27 32 1 45 75 1485 105 12 51 1038 11 259 334 682 29 44 31 81 5 83 121 71 2 0 0 74 4 44 48 36 5 2 3 1 0 0 18 50 4 3 0 74 9 29 49 1277 20 23 46 94 3 41 96 71 0 0 2 80 3 15 50 3720 120 28 88 133 9 99 303 3187 81 14 74 1212 42 325 633 1019 944 17 1375 60 34 38 2634 41 27 1 10 27 29 12 370 67 78 3 96 1 3 5 74 24 32 3 22 15 20 11 193 24 22 2 18 0 3 4 6 0 1 0 0 0 2 0 5 24 104 0 47 0 1 1 54 12 23 1 4 10 12 10 51 1116 1202 52 733 66 63 71 1148 44 25 0 6 33 29 16 200 30 96 3 24 7 8 6 46 19 49 0 21 42 114 20 266 1695 863 14 327 52 27 47 299 21 6 0 0 28 14 3 36 2365 1234 2 418 49 50 36 719 584 332 5 57 323 314 37 740 0
8657 692 733 845 544 39 795 1598 1302 73 34 72 754 29 882 1204 718 73 53 67 26 7 25 100 970 84 38 107 1135 73 687 849 876 32 34 33 32 2 35 39 37 3 3 5 58 0 14 18 1112 83 32 38 43 5 75 83 1133 84 14 34 694 32 268 308 1044 49 40 21 64 0 70 80 75 4 6 4 74 4 68 94 34 1 4 6 7 1 2 31 50 6 2 5 105 10 31 56 1158 16 30 49 95 1 51 106 93 8 3 4 113 1 44 55 2646 104 46 101 96 8 132 453 1868 131 18 43 1060 51 385 984 1256 871 52 1028 60 38 51 1346 117 64 3 38 26 51 33 447 95 95 1 90 7 2 5 78 55 59 0 48 42 62 3 246 45 53 1 13 4 1 0 27 0 3 0 0 0 8 3 2 101 111 2 33 11 1 9 59 34 37 1 6 15 36 6 68 1271 1598 59 1027 70 53 80 979 59 25 1 22 42 69 28 285 56 74 4 26 4 9 7 34 43 68 1 44 83 205 14 416 1556 1232 21 356 82 41 43 395 14 9 1 2 17 32 5 83 1963 1103 22 401 91 62 96 930 641 350 9 116 394 502 87 1308 0
3490 276 1007 798 396 19 919 1405 578 23 32 25 843 36 1423 1457 345 44 34 58 26 1 26 70 801 54 44 76 1793 72 2097 1256 905 40 77 31 62 1 32 26 34 0 2 0 76 3 36 13 874 76 50 52 37 0 42 51 1852 80 28 52 2542 76 677 407 401 16 57 26 53 1 54 47 45 3 2 0 74 1 81 44 16 6 4 2 2 1 1 5 31 1 4 1 54 1 50 50 1106 34 38 26 74 8 38 45 35 1 0 0 79 4 31 30 1599 60 22 64 51 4 54 95 1820 44 10 18 1429 51 332 359 503 733 61 1783 34 37 35 1608 38 33 0 21 20 46 21 672 19 74 2 89 2 3 0 46 21 47 2 46 16 68 13 569 44 47 1 14 2 0 0 11 1 5 0 0 2 3 0 6 33 58 0 31 1 5 0 36 18 51 1 6 8 40 5 102 854 1930 84 3056 80 74 83 1579 32 32 0 24 56 72 19 427 36 94 0 83 6 4 2 80 38 88 5 56 75 185 32 641 1583 2384 33 760 78 71 38 314 17 10 0 3 29 38 11 72 1518 1392 15 453 32 39 24 327 718 580 4 112 493 640 83 960 0
10691 1053 816 1338 1085 48 1308 3865 1090 47 23 69 1125 36 1269 2097 898 98 37 87 48 8 29 118 847 67 22 140 1580 88 1031 1077 686 26 14 23 41 7 11 23 17 0 0 0 34 3 7 12 1002 112 16 22 34 1 49 74 883 50 12 26 624 15 198 262 897 30 33 27 94 6 126 135 18 0 0 3 69 0 48 51 20 0 3 1 0 3 0 9 22 6 0 7 67 7 13 35 1082 30 20 55 99 0 43 83 25 0 0 2 78 0 29 59 2666 101 11 76 95 0 81 503 1271 27 0 45 752 40 222 652 1078 1049 10 1285 18 36 50 2077 38 17 0 17 25 54 1 347 41 58 4 54 0 2 0 46 19 15 0 27 25 58 1 302 15 35 0 2 6 0 0 7 3 0 0 0 0 5 0 4 43 104 0 24 3 7 1 55 3 17 0 3 0 28 0 14 805 1402 28 815 79 72 101 1040 8 19 0 7 22 70 27 262 24 84 0 23 1 7 3 14 24 62 0 19 56 323 20 481 1035 593 5 214 49 33 26 255 1 3 0 0 15 53 0 25 1378 737 5 242 33 55 26 634 212 176 11 11 194 312 25 619 0
5882 453 755 770 527 32 823 1506 1708 154 76 152 1038 49 1262 1488 520 86 62 141 26 3 41 110 1008 110 94 150 721 60 759 1129 841 52 61 38 81 0 30 37 59 13 3 0 63 11 16 24 910 185 41 96 33 13 77 140 1259 108 19 74 589 73 289 594 496 31 65 44 110 0 119 142 105 7 7 4 100 5 137 124 39 3 7 16 2 0 14 23 61 9 5 4 53 2 49 93 1066 49 46 62 141 4 70 134 120 9 0 6 152 3 75 92 1956 113 55 144 150 27 168 484 1639 155 13 105 1135 82 471 1380 1676 892 54 970 94 54 117 1405 145 47 4 33 60 65 38 462 105 125 1 180 9 10 3 118 69 54 1 66 40 39 9 333 74 60 6 27 5 3 5 13 1 5 0 1 0 7 3 13 133 163 1 72 15 3 15 84 22 74 0 22 21 51 5 127 1054 791 68 541 123 31 148 1022 72 28 8 23 56 66 56 344 54 64 2 56 10 6 5 65 82 58 8 48 62 130 44 576 1359 909 33 341 132 71 65 539 46 12 7 4 56 32 11 120 1587 1171 35 488 119 73 99 1295 594 411 13 113 371 568 150 1964 0
6782 729 725 1154 658 43 1120 2706 1609 64 41 92 1082 34 1378 1926 590 114 36 109 19 10 36 146 882 104 26 138 928 78 992 1175 661 48 72 23 56 2 27 34 48 0 0 0 48 9 17 14 949 117 15 51 26 6 80 143 1075 87 9 45 718 50 343 394 491 25 58 34 98 5 125 128 104 7 0 1 71 3 84 81 32 3 6 7 5 0 7 7 47 3 3 5 30 8 41 40 987 42 26 44 110 3 46 136 78 2 1 3 104 2 35 76 2206 127 46 127 166 5 122 588 1644 63 4 73 1001 59 434 1003 1547 1049 21 1154 76 29 86 2014 113 42 3 37 36 53 17 552 76 94 10 100 6 5 3 91 39 41 0 31 22 59 9 305 22 44 3 10 1 10 1 13 2 0 0 0 0 1 0 8 76 93 3 41 0 4 4 65 14 28 2 3 15 32 7 71 888 966 30 986 92 55 133 1050 29 34 0 13 39 57 32 321 36 65 1 34 16 8 2 59 52 64 0 49 51 143 32 545 1126 864 11 311 74 56 51 409 17 10 0 4 35 25 6 98 1933 977 15 402 64 88 49 1093 427 283 1 62 246 517 61 1199 0
5258 536 1299 953 524 37 900 1220 949 145 71 110 935 37 1057 1172 470 98 78 110 45 2 28 88 816 133 83 163 1008 73 873 953 1224 75 144 49 123 31 79 71 86 6 11 8 121 8 34 40 916 112 58 93 58 5 51 103 1194 133 55 79 976 125 387 506 515 46 108 75 96 3 113 120 90 9 15 12 121 7 140 128 47 5 15 11 3 3 8 5 45 19 4 9 71 3 112 83 847 78 59 67 103 14 84 109 108 3 1 11 180 13 65 114 975 82 65 81 89 8 102 147 1202 136 42 79 1012 124 400 839 1078 953 94 1395 114 79 141 1517 78 75 9 62 62 69 40 517 92 127 13 160 17 6 8 128 28 72 0 81 45 85 31 533 78 119 9 40 11 19 2 49 13 10 0 3 10 9 2 25 73 137 0 118 6 7 11 116 29 81 3 40 15 86 21 190 835 978 144 1172 141 96 193 1240 50 57 9 53 108 96 69 543 65 94 7 124 8 10 14 150 89 101 11 79 74 296 74 949 1015 964 38 476 100 121 91 495 32 32 2 15 95 118 35 206 984 1005 39 580 108 83 65 795 495 528 29 263 456 986 169 2449 0
9243 671 757 976 567 50 837 1967 1064 50 33 41 905 31 982 1109 879 88 52 94 51 1 40 88 1204 79 44 88 1288 47 699 900 973 43 37 24 50 4 16 35 23 0 3 0 40 2 18 9 1253 97 24 39 23 6 52 64 1193 55 6 47 1018 44 265 266 906 61 27 54 68 6 99 113 45 3 2 4 106 0 68 62 59 9 0 1 4 0 4 7 48 6 6 4 91 9 29 62 1186 61 34 61 111 2 41 85 52 0 0 4 128 0 40 69 3212 126 30 92 75 15 108 569 1599 53 14 44 999 39 323 777 1222 979 20 1029 66 36 37 1167 68 23 0 6 32 46 5 353 39 98 1 49 9 0 1 59 34 34 1 33 13 38 7 267 19 70 1 14 0 4 1 12 0 1 0 1 0 3 0 5 40 107 0 59 0 3 9 36 10 25 0 11 3 35 2 36 1127 1851 54 958 85 82 107 855 28 29 1 8 29 79 33 293 51 84 7 60 9 4 5 45 69 73 0 42 76 236 37 440 1606 1004 16 334 82 47 48 356 6 11 0 1 54 49 9 76 1814 1131 16 316 59 54 52 740 443 325 3 76 323 511 74 966 0
12526 766 567 981 729 34 847 2276 1042 51 42 45 792 35 860 1357 1340 77 18 77 38 1 19 68 1072 55 53 105 1339 35 730 741 693 27 9 15 34 4 24 13 23 0 0 4 27 0 7 5 1335 117 33 37 28 4 39 44 1157 42 19 24 743 21 219 193 1144 31 25 30 59 2 74 96 41 5 0 0 56 2 79 31 58 6 3 0 5 0 0 1 33 2 3 10 67 10 43 56 1264 28 7 34 84 4 19 60 39 3 0 4 117 3 31 22 4291 83 14 91 103 8 103 660 1481 56 9 62 993 30 303 653 1043 919 10 879 37 24 29 1083 35 21 0 14 32 47 33 384 45 67 1 55 0 6 0 37 36 21 0 28 18 36 7 166 22 34 0 6 0 2 0 13 1 0 0 0 0 0 0 3 91 129 0 27 6 1 5 36 31 11 0 0 2 29 7 28 1071 1590 28 600 90 57 105 806 26 15 3 6 32 44 28 219 46 70 2 22 3 0 0 22 44 49 3 26 77 142 26 292 1324 739 7 250 63 32 47 341 7 5 1 2 23 24 16 66 1718 1016 19 273 50 38 59 591 386 207 3 42 263 395 36 831 0
9136 838 665 1063 755 49 1008 2834 856 37 23 44 912 41 1194 1635 870 81 37 93 23 1 28 91 1062 56 27 85 1842 35 919 870 722 27 29 23 31 5 17 28 14 0 0 0 26 4 4 9 1259 84 14 21 34 3 32 85 1116 52 5 20 745 20 221 235 848 38 33 24 66 4 99 103 27 3 0 0 65 3 57 44 41 3 6 1 3 0 0 8 37 0 0 0 67 2 23 33 1145 36 19 38 95 4 24 58 18 1 0 5 89 0 24 30 4153 142 27 103 105 19 100 385 2097 14 10 24 1002 43 240 568 952 949 11 1108 44 45 34 1617 46 29 0 7 13 41 7 350 36 39 0 51 3 0 1 22 30 26 0 10 14 34 0 209 17 42 0 7 0 4 0 13 0 0 0 0 0 0 0 2 33 95 1 29 1 2 0 21 6 12 0 1 2 13 0 28 1106 1808 13 865 68 56 80 881 13 20 0 2 21 48 21 227 30 49 0 19 5 8 3 49 39 43 0 21 46 187 29 309 1445 1104 15 262 57 25 18 268 9 6 1 2 22 15 2 28 2524 1090 8 286 40 41 25 532 494 191 6 27 282 402 51 552 0
6729 548 1002 1058 596 35 1030 1993 1660 127 64 123 1079 48 1337 1398 550 104 62 142 53 3 32 138 1023 137 78 160 1008 64 776 1113 828 70 45 44 78 6 48 45 65 4 3 1 66 6 18 28 931 112 40 84 37 4 76 149 1126 131 21 63 694 62 338 471 498 37 48 40 128 2 182 130 113 7 0 8 125 9 120 120 16 6 12 7 6 3 9 11 25 3 6 3 60 0 65 60 845 46 37 71 171 2 60 153 109 3 2 11 159 3 86 116 1314 131 24 122 99 10 131 473 1125 100 29 87 1022 87 459 1252 1622 1097 63 1346 142 36 100 1651 133 65 7 23 53 70 23 454 72 122 3 123 18 2 1 149 69 47 1 81 32 53 24 446 50 83 5 20 0 5 0 16 5 8 0 4 0 6 0 14 105 174 1 73 9 8 16 122 12 77 0 9 17 57 11 128 994 1190 39 852 122 85 213 1239 70 54 3 10 66 69 53 371 54 62 9 64 11 0 3 93 45 65 4 58 41 122 36 574 909 631 17 300 121 72 75 414 19 17 0 3 41 41 13 118 1115 910 24 430 112 78 118 1252 355 333 17 119 303 511 102 1738 0
5482 497 1087 912 557 48 1009 1566 1096 124 68 108 832 63 1140 1232 415 95 93 101 41 1 51 77 697 108 70 163 1148 90 948 1082 1114 85 86 87 101 17 82 80 69 7 3 5 75 3 40 31 930 107 48 63 57 6 58 113 1126 135 44 96 1099 91 428 470 513 47 86 53 97 3 115 113 84 19 3 7 87 4 102 131 51 5 7 10 3 0 7 16 66 8 11 6 97 20 99 95 920 51 41 69 98 6 61 117 95 6 5 9 145 5 52 87 1227 111 38 103 92 11 80 287 1243 85 15 78 1057 106 428 788 1216 941 111 1344 119 61 149 1786 96 55 8 52 78 56 58 558 70 112 6 147 5 7 6 144 53 63 5 83 50 79 25 502 40 109 5 32 1 13 3 44 5 4 0 2 3 10 3 30 96 90 4 81 4 4 18 83 28 68 4 29 19 93 12 230 899 1133 97 1134 121 85 120 1228 43 57 12 32 71 82 81 502 48 88 5 102 8 9 6 126 61 93 4 71 94 265 60 949 1077 1013 39 476 109 79 53 508 38 26 2 22 66 53 14 194 1134 955 46 505 72 89 77 790 551 497 10 191 437 896 157 1992 0
8749 896 984 1202 964 43 1209 2454 755 56 37 39 909 26 1231 1269 703 89 52 72 33 1 33 96 852 74 43 77 1886 82 2217 1092 842 36 40 37 44 1 12 16 16 1 0 0 27 3 14 5 994 62 31 42 33 1 42 55 1176 55 23 17 1142 32 425 236 598 38 51 17 73 0 61 105 46 1 0 2 83 6 62 40 13 1 4 0 1 0 3 15 12 3 6 2 59 6 49 45 925 44 28 60 85 1 18 63 32 0 0 0 79 5 14 24 2093 97 22 62 63 5 54 196 1310 33 8 33 1175 37 239 380 693 1036 24 1359 57 44 37 1558 17 16 0 10 25 23 5 407 38 64 0 71 4 5 0 18 23 26 0 22 11 78 8 262 24 49 0 18 0 0 0 15 0 3 0 0 0 1 0 2 55 84 1 12 0 2 8 29 9 19 0 2 10 25 3 35 755 1953 72 1464 83 109 74 1076 26 11 1 3 31 76 29 339 29 54 2 31 2 3 6 47 22 54 1 48 52 401 40 609 1067 2481 12 381 39 30 26 232 14 14 0 2 17 45 5 64 1336 1109 6 259 35 54 26 408 531 300 0 29 322 584 54 700 0
13404 699 511 961 743 60 922 2999 664 44 20 29 933 32 1186 1615 1068 70 30 74 40 7 35 78 1182 66 27 95 1867 43 984 913 564 25 16 18 25 0 18 15 10 1 0 1 25 0 9 9 1303 71 23 19 28 4 33 60 1107 41 4 14 858 51 291 174 1080 37 20 30 70 4 75 97 25 3 1 1 63 0 50 51 48 1 3 1 4 0 4 1 40 10 3 1 79 4 17 48 1184 24 6 38 77 1 19 63 26 1 0 0 93 2 19 14 3664 83 5 72 116 16 90 478 1396 23 8 31 961 42 240 442 710 971 23 1002 29 34 17 1447 30 9 1 6 24 21 18 331 40 66 0 42 0 3 0 21 11 19 0 13 16 18 9 180 15 40 0 7 1 0 0 7 0 1 0 1 0 0 0 2 47 75 0 11 0 4 0 30 11 14 0 2 4 12 0 38 1209 1594 16 629 59 65 82 900 18 5 1 4 10 32 25 219 37 69 5 30 1 8 3 29 30 56 0 13 42 183 22 206 1349 876 4 215 71 19 29 291 16 4 0 0 25 14 0 31 1657 1022 4 193 41 37 44 441 294 200 4 37 256 268 40 464 0
5453 453 1300 925 576 62 854 1167 1175 109 100 118 845 54 967 1195 424 100 77 126 39 7 56 104 740 112 111 145 922 68 972 847 1328 80 184 71 101 18 68 95 98 22 4 0 97 15 48 34 772 115 61 84 45 5 80 113 954 141 45 79 839 118 416 492 522 40 113 73 76 7 103 126 106 21 13 10 141 2 123 117 37 6 14 15 4 0 9 13 41 10 16 13 64 12 101 113 820 81 76 73 148 16 59 111 118 23 9 13 165 20 93 113 876 74 43 91 92 14 83 209 1348 161 52 131 938 132 439 897 1118 805 104 1164 118 67 88 1489 110 74 16 39 63 67 59 561 98 98 6 174 18 7 34 176 72 89 7 80 56 98 47 499 113 90 7 66 23 18 4 59 6 11 0 3 0 31 2 44 106 154 4 95 8 21 14 129 37 83 1 52 35 84 20 258 810 886 127 1074 126 122 176 1112 66 60 3 36 69 97 92 493 42 87 15 122 13 15 16 119 40 110 18 103 84 275 87 1055 1018 974 46 500 109 113 70 481 35 62 0 20 82 127 29 256 859 906 56 515 102 118 118 856 487 598 33 293 477 1023 194 2714 0
7876 552 542 840 706 32 901 1999 1630 120 18 84 1041 43 1193 1828 718 106 23 117 34 3 20 145 984 77 32 94 1144 45 587 1016 648 20 27 17 28 2 38 40 37 1 1 0 37 5 10 11 992 82 32 47 22 6 44 113 1163 102 7 54 590 31 250 460 729 34 25 34 104 1 93 138 75 7 0 5 87 2 119 87 26 0 5 11 5 0 2 11 31 3 6 1 62 6 28 56 1104 31 22 46 104 3 78 125 108 4 5 8 101 0 25 61 3145 144 25 124 156 22 151 745 2122 109 14 83 927 57 450 1226 1695 921 33 979 103 48 106 1444 128 39 0 30 42 29 17 436 97 87 2 81 8 0 10 79 30 35 0 35 28 46 4 247 36 37 0 3 0 2 0 9 0 1 0 0 3 3 0 3 88 141 0 67 3 7 1 89 15 39 1 12 1 22 4 81 1045 1063 27 488 93 32 109 900 53 27 3 6 27 47 34 264 34 57 0 29 6 8 0 63 57 32 1 17 56 98 20 299 1338 597 8 272 93 34 36 410 19 14 0 6 48 16 7 95 2373 1111 8 440 84 70 85 1209 511 301 3 79 292 340 77 1241 0
12188 1190 642 1389 992 80 1275 4343 963 27 15 84 1101 31 1066 1786 761 88 32 70 46 6 35 118 914 44 24 90 1576 80 635 993 586 34 28 15 14 0 15 18 7 0 0 0 17 3 14 8 1025 61 12 22 31 6 61 99 878 48 0 6 600 14 175 260 843 45 20 39 76 4 82 141 28 3 1 0 55 3 54 40 54 9 0 1 1 0 2 13 22 1 1 1 53 9 27 42 1006 42 12 54 105 3 25 90 33 0 1 3 68 4 25 37 2970 114 26 64 140 8 85 488 1274 28 3 48 715 18 233 623 1044 1234 10 1217 39 26 48 1827 31 11 0 10 11 38 11 371 32 75 0 35 2 2 0 40 18 9 0 16 6 42 3 210 27 40 0 7 0 0 0 9 0 0 0 0 0 8 0 1 34 87 0 22 0 4 6 43 9 9 1 1 1 18 3 18 913 1819 25 721 79 53 96 1065 15 14 0 3 8 37 16 169 22 47 0 19 5 3 0 44 34 40 1 11 43 167 24 252 1048 630 6 213 37 15 30 263 6 8 0 1 19 21 2 43 1486 721 6 246 51 32 35 620 261 171 1 42 203 250 18 552 0
5770 595 993 1051 536 60 1109 1803 1124 97 92 106 947 64 1206 1378 562 81 76 92 30 2 48 105 819 125 59 129 943 72 944 1093 997 57 64 53 76 13 67 61 77 8 3 3 81 7 38 31 846 93 50 62 53 8 63 118 1132 113 28 71 900 77 411 478 562 28 74 44 87 4 103 119 66 12 3 14 103 4 112 126 44 1 13 9 1 3 3 17 47 11 10 12 54 7 85 86 943 39 51 69 74 8 69 146 90 9 0 11 140 2 72 77 1383 81 59 73 89 7 118 235 1245 75 25 71 1033 92 455 740 1061 967 55 1441 98 63 124 1601 78 68 1 59 60 76 39 584 51 93 4 147 8 6 2 126 37 69 1 58 31 101 23 485 46 63 5 30 4 12 1 39 3 2 1 0 3 6 4 22 106 137 0 72 7 4 6 79 35 55 1 27 21 67 11 213 952 1510 84 1047 127 93 108 1299 39 35 4 29 89 101 65 466 46 78 18 69 7 8 10 85 44 86 3 69 80 286 70 784 1142 1063 42 431 149 63 77 532 36 28 2 17 49 53 18 160 1220 1039 24 448 103 93 52 766 546 476 16 192 431 742 133 1976 0
6887 587 532 787 516 11 839 1956 1690 51 49 104 919 27 971 1674 627 125 51 117 34 3 61 110 988 117 43 121 1024 59 577 985 560 31 37 33 36 4 56 25 54 4 3 2 61 4 12 24 985 134 27 83 41 5 42 158 1167 122 17 38 576 55 271 481 698 33 44 21 97 3 153 159 76 5 0 7 110 0 104 102 24 1 2 6 5 0 0 16 39 7 1 7 29 7 31 69 1090 35 15 58 145 7 63 159 105 9 9 4 112 9 40 75 2912 174 50 116 145 1 115 631 2198 89 15 90 1077 70 431 1365 1844 1022 45 1067 94 44 102 1597 149 69 0 33 53 29 29 435 89 74 1 77 7 8 4 106 56 23 3 42 24 38 7 284 72 31 0 13 3 4 10 38 7 0 0 1 2 1 3 6 135 118 3 36 7 3 6 69 27 47 0 2 5 36 3 93 1169 866 47 583 99 37 143 923 44 15 3 8 41 46 14 246 34 41 6 32 5 7 7 57 45 47 7 13 36 97 21 374 1256 660 10 254 107 42 54 480 40 15 1 12 31 24 11 72 2268 1295 21 487 82 69 116 1275 550 288 8 97 335 391 85 1459 0
7152 765 941 1151 885 57 1252 2608 725 52 49 66 1017 69 1313 1456 644 82 46 47 31 0 49 111 988 76 52 86 2159 98 2423 1110 807 62 56 34 44 4 36 23 19 2 3 0 50 2 15 4 1013 55 36 30 31 3 36 83 1330 44 20 17 1727 22 447 212 526 44 41 27 44 6 74 94 32 4 3 3 58 1 63 26 25 1 2 0 4 0 4 0 6 4 3 2 77 5 82 43 818 32 34 46 88 1 26 59 37 1 1 2 79 7 28 30 1829 78 18 61 96 9 61 231 1348 24 7 21 1171 43 320 451 675 915 18 1243 57 27 38 1171 28 22 0 20 27 27 18 416 31 54 2 47 2 2 2 34 22 35 0 25 28 63 8 341 46 53 1 20 0 2 1 2 1 2 0 1 1 1 3 7 27 87 0 32 4 0 3 24 13 23 0 2 7 31 2 56 719 1921 34 1508 60 106 85 1078 13 24 0 7 28 79 45 330 24 59 3 46 7 13 1 27 35 70 0 25 58 183 52 575 1171 2769 19 469 51 63 20 252 12 14 0 6 25 50 9 60 1518 1056 8 244 30 55 23 461 505 306 1 43 370 591 66 784 0
8141 754 861 1005 774 40 1072 1934 1224 45 24 102 993 40 1034 1159 864 115 61 148 33 4 37 113 1164 85 33 173 1290 70 702 1010 1001 59 47 28 53 9 42 39 44 4 1 0 53 2 14 11 1183 114 25 74 48 5 55 93 1371 119 16 47 1056 59 341 325 805 37 47 46 81 2 149 124 65 0 1 4 133 7 87 42 55 0 12 4 6 0 5 19 57 1 7 3 92 8 58 58 1088 35 46 65 122 8 60 96 80 2 0 4 128 8 52 51 2251 134 46 132 105 18 105 372 1472 56 17 30 1212 75 400 721 1316 971 39 1129 99 30 67 1231 96 38 7 17 81 60 26 370 62 99 0 83 5 1 3 57 44 52 0 32 32 48 14 352 45 44 3 12 4 1 1 22 3 3 0 0 4 3 0 5 77 139 2 46 5 8 0 54 20 65 0 0 15 26 0 79 1068 1184 58 768 104 55 127 960 68 19 4 7 46 51 40 272 72 76 5 79 1 6 8 53 75 76 8 53 75 174 42 452 1415 832 21 279 79 48 33 363 29 17 0 1 47 42 4 95 1561 1163 14 394 60 65 59 745 533 312 4 100 355 594 97 1262 0
12626 935 559 1084 871 66 1039 3109 768 35 16 35 891 42 1021 1591 971 93 24 115 43 10 25 76 965 69 18 84 1614 67 660 824 634 52 22 16 21 0 11 14 11 0 0 0 23 0 7 6 1391 76 12 21 22 6 38 44 1128 51 6 37 850 25 205 165 1264 53 19 20 93 2 52 109 45 6 0 0 45 1 34 34 48 3 0 0 4 0 0 6 26 2 2 0 67 3 23 27 1623 28 9 40 58 3 23 54 52 0 0 0 98 1 15 25 4263 96 18 68 77 9 54 296 1445 26 4 31 850 37 173 366 797 871 15 1031 32 29 36 1386 22 12 2 6 14 41 3 345 42 66 1 56 0 2 0 35 13 26 0 20 20 59 2 191 18 21 0 4 0 0 1 10 1 1 0 0 2 1 0 2 44 120 0 15 5 0 1 19 8 23 0 7 2 13 0 25 1043 1924 40 891 65 58 87 873 24 11 0 2 9 27 19 160 45 66 1 33 6 5 0 32 40 60 12 27 43 206 13 319 1323 808 7 167 31 10 16 237 6 6 0 3 18 21 3 24 1564 1044 9 157 28 31 27 412 292 203 1 41 237 352 23 474 0
5504 480 619 1017 565 39 1012 2627 1606 65 41 77 846 45 1220 2202 465 63 26 123 28 1 35 161 739 84 26 125 724 38 574 1137 580 43 44 42 35 3 28 43 63 0 3 3 55 2 24 24 786 108 27 74 20 3 47 149 1278 99 9 64 561 58 307 551 485 28 37 34 102 5 125 121 119 4 0 7 97 4 112 96 25 2 1 6 3 3 10 16 47 2 7 6 39 2 27 50 862 29 41 51 83 2 61 125 157 7 3 9 115 1 39 93 1844 111 46 127 118 12 121 433 2766 153 19 89 951 82 431 1150 1641 959 70 1395 145 41 182 3196 129 44 6 42 51 51 45 701 93 99 3 110 6 6 6 170 43 39 0 43 21 40 8 374 38 41 1 12 1 3 3 30 3 4 0 0 0 11 0 15 76 108 5 66 8 8 10 113 46 64 6 19 9 27 4 113 954 733 53 584 100 67 144 1247 46 39 0 10 48 65 42 358 23 55 5 60 2 4 6 97 39 50 3 27 37 77 24 437 1142 550 26 321 93 53 70 483 43 11 0 6 41 19 3 113 1639 1066 13 530 74 49 78 1161 695 359 9 117 268 374 72 1587 0
7092 588 630 1067 650 37 1163 3201 1570 83 44 129 1108 48 1288 2210 545 81 47 130 34 1 53 107 923 117 52 122 958 58 652 1327 588 27 27 31 57 5 29 26 41 2 1 2 61 4 9 19 816 115 30 63 41 4 51 130 1109 102 9 31 665 69 295 652 516 28 26 45 99 1 113 100 78 7 1 4 113 2 104 99 36 3 2 1 1 0 4 7 41 6 2 2 38 6 42 48 819 31 30 67 101 3 74 110 99 9 1 2 135 3 44 87 2079 149 33 116 157 4 112 476 1985 102 17 78 1120 45 418 1199 1420 871 53 1217 100 28 130 2368 115 37 10 27 53 41 31 635 101 93 0 138 5 1 9 121 31 47 0 34 35 62 8 351 34 23 0 10 2 5 0 25 0 0 0 0 0 7 0 4 89 128 1 72 4 6 1 61 27 42 0 5 13 38 4 104 903 815 48 549 76 57 130 1149 41 34 1 12 39 39 26 310 36 18 6 51 2 4 4 95 46 55 1 25 31 93 29 404 1022 556 3 260 96 24 46 375 40 9 0 8 33 13 2 68 1643 894 18 430 87 86 102 1114 485 279 3 99 278 343 64 1312 0
5523 449 930 756 441 34 718 965 1703 101 119 135 794 61 924 1152 616 92 119 125 38 7 55 148 954 119 154 169 616 67 629 768 1055 87 107 48 109 8 71 60 98 10 10 4 81 11 46 64 946 158 78 92 63 12 71 103 1089 148 48 105 634 87 373 517 478 57 97 53 69 2 122 111 151 12 21 26 146 14 191 161 51 6 4 17 3 0 11 19 60 13 25 24 105 12 129 95 849 41 82 85 127 9 108 110 123 11 5 19 153 8 96 138 1435 86 59 139 154 5 124 530 1323 142 42 145 944 117 610 1366 1516 810 105 861 109 53 127 1025 223 73 5 43 71 90 30 486 117 123 12 136 17 14 16 123 86 87 5 86 68 81 18 407 106 71 8 42 9 17 18 70 6 7 0 11 8 17 1 32 169 226 11 70 22 13 7 127 32 76 1 33 23 90 19 221 895 706 106 563 131 71 187 766 62 56 11 33 96 84 71 422 56 98 14 99 11 10 31 87 58 99 19 97 72 156 86 796 1192 625 34 396 192 101 122 537 40 32 1 20 85 85 33 284 1420 1036 36 521 159 142 151 1291 573 496 17 237 547 822 287 2811 0
6488 471 672 937 548 34 851 2084 1139 43 31 53 876 44 1161 1616 566 71 60 85 30 3 23 106 1042 77 44 70 1307 53 1026 961 722 41 39 31 33 4 22 32 54 1 1 0 36 1 11 13 1095 107 36 38 19 2 37 101 1470 86 16 46 999 49 380 341 678 30 33 30 66 4 79 98 67 3 0 4 69 4 60 42 63 1 0 6 0 1 2 17 37 0 0 6 69 19 50 43 1124 22 25 49 79 5 37 118 73 3 1 4 102 2 37 32 2979 163 32 112 131 13 114 412 2597 84 16 36 1233 62 389 756 1226 933 30 1265 62 45 44 1853 79 17 3 10 37 47 15 444 61 85 1 87 1 5 3 59 46 20 4 26 21 64 6 264 18 40 0 10 1 3 2 17 1 1 0 0 0 1 1 7 71 76 0 30 0 6 0 51 24 29 0 13 2 18 2 42 1093 1359 47 1037 77 63 78 1131 25 29 1 9 39 36 33 296 37 51 2 43 3 5 1 54 65 51 1 27 53 191 31 415 1407 1091 17 430 63 37 30 341 12 5 1 2 32 36 2 48 2510 1179 9 579 66 50 39 801 684 365 12 86 351 489 69 891 0
7238 772 1152 949 489 45 862 1356 1250 142 108 160 774 81 1031 1109 433 81 112 103 46 2 64 105 700 103 95 148 984 97 951 1011 1089 116 139 39 96 18 65 68 69 4 4 0 107 12 33 40 654 122 71 74 63 6 52 125 830 137 51 65 826 97 412 470 519 54 102 57 68 1 153 105 66 15 11 18 95 16 116 141 31 10 15 11 9 0 10 3 37 15 27 7 82 16 101 128 730 44 82 67 111 13 77 103 111 12 10 15 108 7 63 87 970 83 34 99 78 12 94 281 837 92 42 72 896 88 441 912 1236 972 86 1306 105 66 109 1381 151 93 12 61 53 59 48 478 105 109 5 97 9 10 6 143 61 92 2 63 53 112 31 452 95 98 3 44 8 21 11 57 8 1 0 0 9 9 0 24 92 154 5 71 29 14 10 124 32 61 2 25 25 83 37 206 798 1595 94 1205 114 97 174 1108 42 40 8 22 66 112 81 450 31 81 6 115 8 11 11 110 57 96 5 114 110 329 98 995 979 1033 32 469 112 95 79 486 31 32 0 26 53 67 28 201 928 829 36 458 99 113 78 857 421 428 20 150 383 834 222 2401 0
5211 476 1222 879 503 61 904 1170 1357 116 123 126 819 61 1060 1224 374 96 93 135 57 3 46 137 751 113 99 187 870 66 823 941 1234 103 139 81 121 20 71 87 98 22 11 19 101 32 52 43 801 136 71 74 41 10 74 113 936 194 41 84 885 110 377 591 433 39 90 50 96 3 151 71 122 14 5 12 137 6 121 119 46 11 30 13 12 0 7 14 54 7 22 7 64 15 110 110 825 59 54 71 129 16 99 109 180 4 11 7 156 18 76 117 963 73 62 105 103 18 88 252 1131 143 36 104 926 126 435 962 1261 819 125 1122 145 72 158 1403 140 78 7 58 82 70 61 645 122 126 12 164 12 14 13 166 47 70 4 93 56 92 43 532 77 129 9 53 14 16 9 76 8 6 0 0 14 13 1 35 100 148 5 76 15 13 26 104 44 83 1 30 35 91 30 295 749 822 120 846 122 113 186 1176 89 69 9 43 109 67 86 518 39 99 30 124 10 11 2 109 67 68 29 97 75 194 56 1059 937 778 71 466 148 116 115 527 58 23 0 20 87 88 33 288 888 1007 44 513 109 109 73 1002 511 562 18 241 559 1021 217 2790 0
5659 510 1017 888 508 46 844 1235 1783 167 89 170 950 75 1327 1365 435 105 95 159 34 3 57 117 964 132 114 215 737 71 897 1253 923 116 87 73 97 14 52 81 102 6 2 5 105 13 39 30 694 139 49 57 41 12 67 139 915 158 26 107 684 80 408 610 357 14 110 43 88 3 126 125 133 14 7 19 118 9 210 118 27 6 4 13 0 0 11 10 45 10 9 5 81 16 111 113 769 58 54 93 175 8 82 144 109 23 5 18 202 14 120 115 1025 92 72 106 87 13 133 432 971 104 13 128 850 103 483 1360 1733 906 93 1045 184 54 159 1194 214 105 13 39 79 83 75 461 136 134 5 149 29 7 18 141 60 60 4 88 67 58 29 430 89 84 3 30 11 8 3 38 8 4 0 0 4 16 3 13 122 204 12 102 6 9 8 140 35 67 0 24 22 82 23 190 896 717 97 792 135 79 193 1034 86 53 0 43 92 90 65 398 40 47 8 60 7 8 8 108 56 58 11 81 88 155 72 817 1066 826 17 329 147 89 98 544 40 38 2 11 43 93 21 200 1216 944 15 522 144 86 138 1478 419 361 13 107 350 735 197 2541 0
8288 874 674 1215 893 39 1271 3705 1080 66 21 75 1085 46 1711 2572 689 63 47 114 53 3 27 128 989 67 56 126 1517 50 1616 1234 480 43 22 14 26 1 30 28 36 0 1 3 44 0 12 15 1070 86 20 37 40 9 66 56 1370 55 5 22 1173 41 464 335 617 40 24 48 93 4 70 128 27 0 0 6 80 4 79 53 32 0 0 4 0 1 5 3 20 11 1 2 48 5 39 35 879 41 29 50 77 4 29 99 40 0 0 3 122 4 31 67 2416 90 18 67 108 18 83 412 1901 29 10 33 1105 36 364 617 979 878 33 1110 90 32 98 1872 43 14 0 14 15 43 19 508 41 58 0 54 2 3 0 36 22 17 0 25 20 42 17 274 16 28 1 11 0 3 3 7 0 0 0 0 0 3 0 4 59 78 3 47 2 1 0 66 10 27 0 0 5 35 3 40 721 1293 22 905 37 84 92 1041 21 24 0 5 18 85 24 286 26 37 0 18 7 5 7 32 32 39 0 14 50 149 40 380 986 978 5 333 49 37 16 258 7 2 0 1 24 30 0 56 1394 764 16 252 39 22 41 603 329 211 3 16 213 323 61 671 0
8270 864 926 1166 904 89 1166 2242 818 33 30 41 1122 30 1396 1386 634 100 73 79 29 0 46 69 821 95 66 121 1438 80 1939 1070 832 68 69 47 46 5 44 30 33 1 1 0 57 1 11 12 989 79 40 25 34 3 62 73 1268 54 9 24 1214 50 431 257 624 44 35 38 87 0 94 91 38 3 0 1 52 3 85 51 27 0 2 2 5 1 3 4 19 2 6 4 59 16 63 52 922 28 22 57 79 7 50 69 35 2 0 9 91 1 32 36 1933 81 22 54 84 7 55 239 1366 29 11 32 963 50 322 456 812 1053 20 1448 47 48 51 1392 34 32 3 7 31 51 9 377 26 59 0 75 7 0 0 44 39 47 0 46 25 53 9 311 15 65 1 8 0 4 0 9 0 0 0 0 0 9 0 6 39 92 0 36 3 5 1 26 18 37 0 2 6 41 5 48 766 1679 74 1327 89 87 74 1072 19 31 0 6 34 86 38 376 36 62 1 46 3 17 2 61 22 66 5 40 57 280 50 663 1235 2153 32 470 88 63 41 289 22 14 0 1 27 51 11 44 1505 995 11 256 41 53 32 489 463 343 1 55 407 655 71 918 0
7658 450 649 806 602 27 913 2235 1175 47 17 45 814 34 932 1528 916 97 46 64 52 6 45 109 1215 68 42 95 1575 47 944 822 797 28 40 31 48 1 11 32 17 4 5 0 34 3 14 16 1430 101 32 27 32 3 64 89 1986 51 32 36 1436 38 329 276 782 45 33 36 75 3 63 90 59 2 0 1 56 0 52 28 54 0 0 1 4 1 6 11 47 0 1 0 80 4 25 34 1338 27 44 55 68 4 18 80 47 1 0 0 73 3 18 37 3905 126 33 93 128 8 115 468 3202 47 6 34 1495 50 313 652 901 763 14 872 49 25 38 1229 83 23 0 6 32 46 14 403 70 77 0 59 4 1 6 20 30 20 0 16 22 40 8 197 21 35 0 10 1 1 0 6 1 0 0 0 2 0 0 2 45 98 1 39 2 2 0 27 32 21 2 0 8 22 6 37 967 1481 18 847 58 51 74 839 27 33 0 3 19 36 33 166 44 63 4 44 6 4 2 38 41 84 2 28 49 230 24 390 1311 907 6 258 44 21 24 297 12 3 0 3 27 23 1 27 2261 1145 31 298 44 44 58 533 697 302 12 36 292 424 46 724 0
6074 459 868 823 485 27 921 1528 1321 77 58 81 940 45 1105 1238 524 130 63 121 33 1 30 109 1012 107 72 111 1212 77 748 1009 956 57 48 63 68 1 33 32 42 2 3 1 59 0 9 17 1167 131 43 67 27 1 44 72 1539 133 29 78 953 76 372 486 600 48 56 28 146 3 116 114 102 17 2 6 86 9 133 74 27 0 1 4 1 0 9 14 35 4 0 8 89 13 58 50 1253 48 31 78 158 1 56 92 80 6 0 5 158 1 55 56 2141 110 42 106 115 20 105 288 2011 81 20 65 1280 92 374 931 1382 925 49 1172 80 45 99 1485 74 46 2 37 38 45 32 436 89 123 2 110 7 0 5 64 57 75 1 55 31 73 21 333 48 79 0 13 2 10 4 21 10 3 0 0 2 5 0 3 75 117 0 54 4 9 4 82 39 60 0 17 13 42 3 97 1126 1217 66 921 125 73 121 1029 40 48 1 16 69 79 46 332 54 110 5 78 3 5 4 85 56 72 6 45 78 166 39 519 1447 877 22 459 65 44 70 417 14 14 1 6 50 44 10 102 1743 1238 9 445 107 66 61 949 625 467 4 132 408 600 84 1551 0
10548 1011 574 1098 590 67 873 2910 1183 72 39 125 771 47 1291 2516 734 61 33 82 28 3 29 88 816 61 32 112 1071 61 813 1070 512 45 22 13 39 1 21 32 22 1 3 4 24 5 20 18 908 80 23 50 23 2 54 80 925 50 22 39 773 20 286 357 931 66 31 49 50 1 92 125 58 0 3 4 72 2 52 88 51 3 4 2 4 0 13 10 31 4 8 7 49 6 22 54 998 30 14 41 96 7 43 72 55 4 3 2 99 8 30 91 2741 95 31 63 88 3 77 450 1528 85 17 75 841 39 361 895 1169 869 22 1118 71 40 87 1930 105 36 5 18 49 33 20 532 79 71 0 65 5 6 4 90 32 26 1 30 16 49 16 278 39 58 0 17 6 6 3 22 0 0 0 2 1 7 0 13 82 86 1 34 6 2 7 72 19 12 1 3 9 28 8 59 973 1426 39 609 65 45 87 933 36 14 1 17 23 34 32 294 45 60 0 14 2 9 2 55 39 26 3 22 32 124 26 341 1037 834 11 251 74 45 43 389 21 8 1 10 25 26 15 56 1902 911 10 264 72 55 69 864 375 232 3 64 192 337 74 974 0
7554 692 753 1215 786 46 1336 3535 1532 70 27 101 1076 55 1175 2207 658 99 29 126 29 0 48 196 883 71 31 103 911 73 631 1116 726 48 38 27 50 0 20 38 35 3 0 3 38 7 12 14 973 116 24 53 28 9 41 150 1177 80 4 36 687 40 291 438 613 38 47 14 84 0 139 147 53 2 2 0 86 2 75 93 41 6 1 5 3 0 5 7 30 0 1 3 36 9 32 57 922 51 43 50 121 4 36 142 83 8 3 9 118 2 35 45 2373 150 25 123 132 10 126 552 1627 52 10 74 993 58 370 903 1471 981 22 1434 72 47 101 2261 86 19 1 19 41 57 11 455 59 70 0 105 6 0 6 79 34 49 3 45 28 72 1 299 20 19 1 21 0 3 3 15 0 0 0 0 1 6 0 14 67 110 0 46 4 1 9 70 16 39 0 4 10 36 3 77 900 1012 50 822 76 54 128 1059 28 36 0 9 24 59 30 312 21 64 2 63 6 6 5 55 50 54 3 18 57 155 16 428 964 580 17 328 96 42 43 403 10 7 0 6 38 18 4 52 1498 900 10 417 38 62 48 895 410 241 3 65 236 382 35 1074 0
9208 845 722 1250 916 44 1311 4113 1073 51 18 59 1042 49 1264 2635 699 81 27 129 36 7 46 149 879 64 37 88 1256 51 653 1103 584 42 33 26 30 3 24 57 13 0 0 3 54 5 1 17 894 94 23 33 51 5 38 122 1057 66 7 22 558 26 244 292 617 43 27 42 91 2 108 108 60 0 0 1 70 0 61 55 38 1 0 4 4 0 3 20 17 6 0 4 58 0 20 46 910 42 13 64 102 3 33 112 60 4 0 0 79 0 13 38 2438 90 36 109 128 2 109 427 1883 54 18 42 867 45 368 705 1105 1082 22 1457 53 48 76 2728 58 23 0 14 42 67 10 608 33 86 0 53 0 1 1 63 21 26 3 31 18 22 1 284 14 39 0 9 0 0 2 4 0 3 0 0 1 1 0 0 50 96 0 28 3 10 0 51 11 12 0 4 10 23 3 29 767 1549 36 854 88 72 103 1047 28 17 0 1 22 69 13 243 22 62 4 18 2 3 5 56 30 46 0 11 51 207 27 419 920 564 6 233 53 11 24 273 14 4 0 2 22 18 0 25 1364 718 16 284 36 30 33 680 395 214 2 40 207 375 32 769 0
7568 741 837 1121 666 33 1010 1987 1139 87 41 82 1016 38 1174 1284 673 126 44 128 31 3 48 106 1097 112 51 160 1138 68 734 991 851 40 36 39 42 4 15 45 13 4 1 4 44 1 10 19 1205 145 18 57 39 6 40 110 1257 109 12 34 819 49 282 400 784 59 57 37 131 0 124 89 71 10 0 4 108 10 104 66 43 1 18 3 9 3 8 11 42 3 5 12 71 2 67 61 1232 47 33 64 109 9 71 74 68 6 1 11 187 5 54 46 2747 127 32 99 126 9 86 307 1573 74 13 62 1197 53 422 800 1249 1006 19 1283 66 31 99 1648 62 37 5 19 40 41 15 450 90 96 1 92 5 1 10 72 34 54 4 42 35 52 5 301 51 54 0 24 1 8 0 16 4 6 0 0 0 7 0 10 115 157 1 56 6 3 3 43 21 25 2 13 13 31 5 62 1077 1325 52 968 117 58 106 988 37 29 0 17 39 67 24 306 46 63 4 49 3 5 5 64 57 58 6 33 44 209 35 434 1273 857 14 288 88 54 45 413 30 12 0 2 48 47 10 84 1642 1102 9 375 88 70 86 779 461 303 5 46 356 512 101 1237 0
8403 792 977 1058 863 43 1131 2445 857 57 30 50 953 31 1401 1389 656 72 56 85 39 4 39 108 898 88 92 91 1436 91 1553 902 909 80 55 42 44 4 23 24 16 1 0 0 62 8 17 17 944 87 17 50 47 4 52 72 1140 46 13 26 1150 36 376 270 651 34 55 42 73 3 109 110 48 7 1 2 65 2 73 48 30 1 6 4 6 1 7 12 42 0 6 3 79 7 62 61 931 27 30 50 135 7 58 77 43 1 0 2 85 6 25 40 2181 98 25 73 107 13 79 352 1459 36 9 31 956 46 322 534 810 1082 28 1270 38 25 39 1205 70 32 1 23 26 54 7 408 47 73 0 53 0 3 0 42 39 28 1 16 33 65 18 289 24 63 0 26 0 0 0 15 0 0 0 1 2 4 3 2 67 79 0 21 2 6 0 43 24 36 0 4 10 47 7 53 928 1922 56 1200 64 105 74 936 21 24 0 7 23 86 33 266 41 82 2 53 6 4 1 40 33 70 2 51 92 284 38 622 1164 2230 20 404 59 86 30 311 20 12 0 3 28 59 4 72 1667 995 11 289 53 50 24 571 460 332 4 53 351 659 80 863 0
5554 394 978 713 470 48 766 997 1550 138 120 146 818 58 943 1170 545 89 119 156 32 6 68 98 910 153 130 178 696 66 728 976 1169 111 68 78 106 22 50 83 89 3 2 16 96 18 47 43 1018 155 58 93 71 10 60 110 1024 144 43 95 601 75 331 468 427 31 111 40 90 7 126 102 123 13 8 17 100 14 155 154 59 16 25 3 8 0 7 21 51 14 22 8 97 8 103 119 833 55 101 63 144 13 99 119 115 22 5 20 170 8 90 137 1292 140 82 111 148 14 137 411 1157 103 49 134 858 141 605 1390 1497 751 73 816 127 75 107 1066 211 83 11 49 83 90 48 552 153 135 21 130 16 5 24 112 97 103 10 63 47 69 42 403 158 91 9 38 18 14 8 40 9 8 0 4 6 14 1 27 142 203 8 95 23 19 16 108 47 73 1 39 34 91 20 241 830 670 77 514 89 66 181 847 133 71 7 24 95 73 123 449 71 78 19 89 2 10 16 83 82 107 19 96 76 162 109 800 1080 666 53 337 185 104 106 550 63 48 1 19 84 103 27 255 1488 1074 48 573 154 135 148 1280 663 425 43 193 576 836 289 2941 0
9707 747 647 1026 633 46 925 2805 926 46 28 54 831 17 1105 1574 884 81 35 64 35 1 27 87 1031 55 42 64 1498 42 982 850 669 13 27 14 26 0 16 19 20 0 3 0 24 0 5 8 1174 100 19 28 32 1 40 67 1086 41 6 18 723 18 261 253 852 41 25 31 76 0 76 94 50 0 1 0 59 2 63 41 67 6 1 1 2 0 2 5 51 4 0 1 62 8 40 33 1115 34 15 39 103 0 36 74 30 6 0 1 108 5 7 31 4499 132 40 105 123 3 81 369 2085 43 3 27 931 43 302 513 1014 963 19 1091 35 43 39 1420 42 14 0 12 35 35 11 367 47 52 0 45 0 1 1 32 29 28 1 23 17 44 8 186 26 24 0 3 1 2 3 8 0 0 0 0 0 3 0 0 43 100 1 28 1 0 3 32 20 22 0 0 8 18 2 28 1046 1707 38 911 65 78 71 959 20 15 0 3 25 52 36 230 25 49 0 27 3 0 5 46 46 37 3 16 47 181 17 345 1301 1139 6 291 54 45 21 273 11 6 0 3 13 27 2 41 2604 1115 8 264 51 49 32 480 620 217 1 31 287 333 52 591 0
5645 564 1008 1019 660 71 1025 2459 1278 108 89 110 755 65 1136 2105 438 95 87 113 46 14 63 111 617 111 78 94 791 72 797 900 884 100 104 57 108 12 86 66 114 13 2 7 89 16 47 47 620 114 70 93 64 19 42 109 909 130 36 71 777 94 375 496 524 41 120 41 73 9 91 104 130 25 12 10 106 12 125 130 61 8 18 19 5 2 12 19 37 6 12 8 75 14 86 90 833 67 49 58 116 10 65 111 120 13 11 12 140 11 93 104 1108 119 58 97 95 11 99 330 1422 141 33 84 790 91 385 918 1231 822 127 1036 94 78 113 1900 142 94 5 54 51 93 51 933 97 88 10 143 9 11 22 129 49 73 9 78 54 68 40 485 91 104 7 34 13 13 7 49 8 15 0 3 10 25 4 20 82 125 5 84 21 8 17 97 26 76 2 49 28 72 17 230 700 978 136 1014 111 87 147 953 57 61 2 45 77 88 81 462 55 67 27 122 4 14 9 116 56 69 29 97 72 261 103 808 814 790 40 420 113 84 72 501 43 20 4 24 72 77 25 207 893 761 30 477 117 122 110 998 464 485 17 239 380 834 188 2530 0
5851 417 628 700 573 30 853 1586 1847 115 67 126 943 33 1122 1788 549 88 53 112 38 1 25 122 951 124 68 139 800 49 877 895 708 46 55 29 50 7 23 40 62 1 1 3 58 10 22 26 888 115 34 78 46 3 51 154 1228 134 7 53 609 76 274 566 583 32 50 23 85 0 109 158 117 5 0 1 86 2 82 119 53 0 6 6 3 0 11 5 33 6 2 7 40 9 55 94 973 16 35 55 105 7 85 134 123 2 0 0 124 0 60 107 2165 157 42 156 146 13 174 599 2131 121 21 121 1043 72 506 1409 1858 882 61 1028 102 30 119 1600 190 57 0 26 58 63 36 517 121 94 0 125 5 4 11 120 57 26 0 35 38 56 15 303 48 43 2 13 4 2 6 25 0 8 0 1 1 4 0 10 134 131 0 41 8 11 9 83 31 58 0 16 10 31 5 132 1019 838 55 633 108 30 109 937 58 37 0 20 43 30 53 285 52 47 5 51 6 7 5 109 71 65 8 36 66 115 27 463 1415 729 18 330 98 46 49 453 27 10 0 8 48 32 11 96 2191 1160 34 510 125 78 98 1499 686 395 3 115 326 488 97 1726 0
5484 451 1143 712 406 59 606 911 1545 121 150 133 760 66 850 1086 573 83 164 129 31 8 52 115 781 128 156 216 471 73 699 895 1120 129 111 109 105 14 73 50 93 13 9 7 70 15 31 61 930 163 81 113 47 15 90 109 895 153 53 122 532 92 380 478 461 35 119 47 101 10 115 77 132 11 24 23 136 29 192 141 62 23 24 6 6 5 8 12 71 14 19 29 62 9 142 147 792 62 98 89 145 11 111 132 138 23 3 19 164 9 101 163 1173 101 73 126 134 12 156 514 1094 147 52 180 866 112 613 1315 1488 747 109 734 95 59 109 883 251 75 20 56 103 110 38 516 139 196 20 132 20 11 16 95 105 98 15 78 58 71 45 471 152 134 0 60 26 37 10 41 12 15 0 10 14 20 3 27 177 171 5 92 14 14 15 147 66 88 11 28 30 81 26 214 778 530 80 439 126 51 192 704 112 77 13 37 94 88 162 475 63 91 24 95 16 18 3 120 66 83 23 104 103 126 121 927 1139 707 50 313 202 124 102 529 81 45 1 37 139 116 41 287 1441 1011 50 509 171 182 163 1330 595 511 56 270 649 947 336 3186 0
11360 912 526 972 761 58 962 2605 718 25 15 41 745 28 1090 1488 1090 82 32 95 41 3 12 91 920 58 22 69 1446 56 598 948 697 15 18 20 27 0 7 22 13 0 1 0 25 0 6 10 1314 120 21 14 21 4 39 71 1083 36 7 16 730 19 196 197 1451 59 33 49 68 3 84 86 35 0 0 3 64 0 43 26 56 0 2 10 1 0 2 9 39 3 4 3 110 3 18 37 1677 35 10 43 85 6 19 85 35 3 0 3 63 0 16 27 4225 172 28 126 105 8 71 304 1417 11 6 15 1024 35 197 375 904 920 11 1050 37 19 22 1604 38 29 0 2 19 29 15 357 26 50 0 29 2 4 0 34 18 22 0 9 9 26 5 225 25 27 0 7 1 0 0 5 0 1 0 0 0 3 0 1 34 85 0 11 0 5 0 22 10 7 0 0 5 18 1 24 1285 1714 37 726 49 48 91 792 17 16 1 3 19 32 8 173 51 50 3 21 4 6 0 34 47 44 1 21 42 165 14 286 1712 1050 2 214 61 17 36 232 8 6 0 3 19 25 1 33 2311 1291 7 207 34 30 31 456 353 223 2 24 306 307 20 531 0
6497 644 1152 965 704 47 1099 2471 1514 145 91 115 1067 70 1416 2234 526 103 123 152 62 14 55 135 743 147 105 168 940 77 1263 1258 890 105 78 66 96 15 41 71 68 4 0 13 100 17 36 21 723 154 43 52 49 7 58 134 782 132 18 83 684 123 298 530 537 55 94 42 100 1 117 116 88 15 6 20 135 5 158 154 33 2 11 8 4 2 3 14 31 5 18 9 67 9 101 85 698 34 43 65 133 5 95 129 81 10 7 17 159 6 56 116 875 60 37 97 96 18 116 361 828 67 27 68 696 89 425 1145 1427 877 98 1180 133 67 140 1659 141 64 7 46 45 29 42 621 122 93 2 120 16 20 14 113 34 50 0 67 47 90 20 365 72 109 2 35 5 26 9 32 4 1 3 5 8 21 6 22 101 184 1 57 7 8 19 74 24 82 2 18 25 98 16 203 733 844 88 824 114 86 157 958 51 54 2 27 92 74 66 480 42 63 18 88 11 11 7 90 32 56 9 75 76 206 80 903 943 971 28 324 142 102 70 470 46 19 0 13 71 95 30 169 879 714 14 340 106 103 79 1054 265 240 11 106 296 692 131 2039 0
6204 526 815 976 455 45 912 1681 2060 148 75 164 952 60 1421 1717 458 81 89 135 33 1 68 140 873 99 85 175 705 76 803 1211 814 95 59 52 74 18 42 32 61 5 3 0 60 6 39 30 716 138 29 81 39 11 48 182 834 109 30 94 531 71 359 603 454 45 61 42 84 0 134 115 115 21 7 10 106 5 188 170 16 7 14 5 4 0 3 31 43 1 8 9 62 19 88 109 732 43 23 32 152 9 83 182 130 13 0 17 166 12 81 159 1304 91 44 175 104 25 106 666 1137 93 29 154 814 84 453 1580 2074 927 57 1008 140 46 148 1400 145 102 12 40 72 45 34 478 111 99 3 153 13 7 22 161 55 90 5 64 52 92 33 328 92 75 5 26 3 13 9 19 3 1 0 1 4 5 1 8 96 173 6 83 6 13 12 116 33 50 0 23 13 60 22 158 898 807 52 741 129 74 144 990 67 52 6 9 70 77 61 367 47 59 8 57 5 1 9 86 72 61 3 68 73 139 65 634 1073 908 15 375 125 73 111 539 36 28 0 11 77 68 12 136 1311 967 19 507 99 84 136 1600 333 298 12 92 284 536 109 2077 0
9753 948 669 1216 853 52 1014 3392 849 42 26 49 834 53 1073 1540 612 101 32 79 28 1 36 94 769 41 42 96 1220 43 1347 989 489 29 20 27 21 1 10 37 17 1 0 2 28 1 10 5 991 90 23 23 41 1 43 109 991 58 7 15 665 10 264 209 628 47 25 46 75 4 85 118 57 3 1 1 56 0 41 48 44 2 2 3 3 0 4 7 43 1 1 1 58 2 29 20 1010 32 29 51 68 6 24 101 36 0 0 1 78 3 48 42 3427 126 38 99 126 7 79 373 1800 40 12 45 847 45 274 535 1065 1138 16 1591 53 43 45 2043 51 23 0 14 21 36 11 370 41 50 0 53 2 2 2 38 24 11 0 38 19 45 8 227 22 39 0 9 1 0 0 11 0 0 0 2 0 4 0 3 50 104 0 33 0 3 3 22 9 17 0 2 6 13 4 38 864 1469 22 1040 52 65 118 1354 25 24 0 2 22 36 9 285 18 54 1 35 2 3 3 32 32 37 0 15 41 165 27 390 1210 847 11 328 57 34 26 306 22 11 0 4 22 28 2 49 2273 1057 5 316 68 61 46 617 560 267 4 48 230 343 57 690 0
8986 837 761 1222 941 108 1391 3199 899 44 39 35 1107 48 1521 2349 677 118 38 84 66 8 37 120 946 83 31 112 1900 80 1767 1243 627 44 41 27 25 12 19 23 11 3 0 0 28 6 7 13 960 55 15 33 37 1 43 87 1239 57 14 25 1002 26 376 298 572 54 30 42 129 4 113 114 41 2 1 0 64 1 53 40 39 1 0 3 1 0 0 2 18 2 2 7 51 2 48 37 846 22 14 49 87 6 33 71 41 2 0 6 95 8 18 31 2006 95 22 68 121 11 78 308 1540 23 3 27 1071 21 315 564 846 1051 21 1289 50 33 43 1772 41 26 2 10 39 65 19 542 45 88 0 52 4 1 1 43 30 20 0 19 31 55 11 259 21 29 1 12 0 1 1 15 0 1 0 0 0 3 0 2 46 102 0 36 4 3 1 39 20 23 0 7 6 29 4 51 837 1692 23 1135 72 78 111 938 27 21 2 9 21 58 25 278 23 54 4 26 3 3 1 43 33 56 4 47 28 187 25 431 923 1242 7 364 45 48 15 293 19 3 0 4 37 19 2 35 1385 814 6 214 37 36 31 530 345 199 1 49 189 392 48 686 0
6595 639 880 1054 505 44 852 1678 1413 111 61 103 888 38 1087 1323 728 92 52 136 24 2 27 88 1090 126 72 154 1077 35 760 992 930 58 41 28 59 3 27 24 40 0 0 3 44 3 17 9 1060 145 49 63 33 8 29 80 1362 108 22 60 873 46 358 397 672 14 50 36 109 5 128 112 98 3 6 7 101 1 117 96 39 1 1 7 6 0 7 12 30 1 9 0 73 6 59 79 1116 39 53 50 133 4 74 113 109 4 0 3 149 3 59 78 2314 109 47 117 123 16 102 413 1684 101 9 93 1158 72 484 983 1358 987 43 1172 101 43 119 1414 107 55 5 24 67 52 17 484 111 120 2 113 2 1 1 75 36 58 3 42 23 57 13 314 48 59 1 23 5 9 10 15 1 1 0 0 2 2 0 4 106 157 0 53 5 9 4 90 19 27 3 11 4 41 16 86 1083 1092 52 728 73 64 144 1004 41 34 0 6 53 70 69 362 41 80 3 49 1 14 4 77 82 98 3 54 68 145 40 507 1421 855 22 343 120 81 71 431 31 10 0 2 73 52 16 113 1629 1220 20 477 96 86 61 1098 538 377 7 119 414 576 111 1461 0
6284 608 782 1212 606 31 1083 2590 674 45 30 42 1018 45 1728 1745 538 58 32 75 25 3 38 97 980 56 44 67 2134 81 1648 1165 782 53 40 49 35 2 32 17 28 0 0 1 51 0 21 4 1030 63 14 37 45 6 43 72 1617 57 12 29 1654 56 409 294 494 37 26 52 62 3 69 102 24 3 1 1 97 5 47 47 41 1 5 3 4 4 3 7 32 3 1 0 89 10 45 38 910 21 28 39 63 3 31 65 40 3 0 2 80 2 13 20 2045 66 13 42 64 5 56 171 1405 28 10 30 1104 43 284 415 674 1085 36 1942 51 49 41 2111 36 23 0 24 25 34 14 560 33 75 1 73 1 0 2 67 30 35 1 27 18 67 7 342 23 51 0 18 2 0 0 13 0 1 0 1 0 4 1 2 33 79 0 18 8 1 4 27 24 26 0 5 7 23 4 53 917 2262 31 1754 59 116 105 1350 34 27 0 6 24 68 41 360 44 78 1 51 2 9 2 46 49 68 1 43 54 208 36 420 1430 1716 17 457 59 50 22 285 11 7 1 3 30 42 2 54 1179 1046 4 285 40 51 14 415 418 340 3 61 292 485 20 713 0
6974 610 802 884 513 40 893 1734 1173 55 27 59 956 23 1175 1352 827 91 61 95 27 3 35 112 1222 112 59 94 1299 76 841 974 898 59 46 36 38 5 33 36 19 2 3 3 37 3 17 8 1305 103 30 38 36 5 46 91 1439 84 23 44 958 43 303 334 746 26 32 29 113 8 95 104 74 6 1 0 79 3 112 69 45 7 4 7 7 0 6 4 50 0 2 4 75 7 70 54 1245 20 32 51 111 3 32 95 81 2 0 3 134 0 25 32 2843 101 30 112 115 7 113 459 1871 60 11 54 1247 66 412 808 1227 1020 27 1157 48 40 62 1352 101 50 0 19 41 46 16 449 73 76 1 73 3 0 9 59 40 62 3 31 35 73 9 273 33 57 0 20 0 0 0 15 3 3 0 1 3 9 0 6 73 127 0 45 9 5 1 44 25 28 0 10 4 23 7 44 1071 1447 65 808 91 43 119 947 30 33 3 16 51 48 44 306 50 82 1 40 7 0 3 62 61 60 1 36 52 190 41 484 1460 1085 13 332 102 60 37 369 28 13 3 0 44 37 4 84 2015 1253 9 414 60 64 71 849 598 361 7 42 396 585 85 1125 0
5718 578 525 959 543 21 1016 2683 1136 41 20 55 877 26 1174 1916 526 72 26 112 44 2 30 104 961 60 22 75 980 47 733 1015 545 24 48 19 33 0 21 22 19 1 0 5 27 1 18 14 993 75 15 74 36 2 53 100 1473 59 24 47 1017 29 314 366 646 31 30 38 59 2 67 88 71 2 0 5 59 9 60 39 37 4 0 5 4 0 3 5 56 2 3 4 43 3 21 48 1138 38 34 63 102 1 40 98 117 2 0 2 59 0 33 27 3546 141 30 149 155 9 104 405 3455 144 25 82 1247 61 333 721 1223 860 40 1440 63 27 76 2861 70 43 3 16 17 30 15 505 53 62 1 64 3 0 1 117 49 33 0 17 11 37 3 265 25 37 1 5 1 0 0 9 1 3 0 0 0 1 0 1 79 83 1 40 5 3 7 48 18 20 0 9 5 19 1 68 1106 1020 30 870 68 61 81 1106 25 22 3 10 38 28 29 263 60 53 1 38 3 2 1 69 47 41 1 22 36 90 17 322 1358 774 13 327 57 26 28 321 21 7 0 5 22 16 5 57 2799 1201 18 416 60 55 39 791 606 346 10 66 254 322 42 808 0
5774 504 879 885 526 38 934 1426 1172 72 70 68 930 40 1141 1327 692 90 80 88 49 7 27 95 1119 121 58 146 1311 66 788 1087 1070 65 60 35 53 4 37 41 50 7 1 0 71 3 18 20 1160 106 69 53 43 2 56 82 1469 129 23 71 1071 50 372 424 592 30 57 31 113 1 102 119 84 2 3 0 117 3 92 64 43 4 6 6 6 1 4 10 68 1 1 5 93 9 65 51 1190 43 49 59 143 0 105 90 65 1 8 6 146 0 78 33 2164 125 44 106 115 10 110 290 1740 91 31 56 1353 77 454 789 1201 958 59 1147 83 40 82 1332 80 59 2 33 39 71 22 565 84 108 2 98 10 7 4 55 54 46 0 39 28 80 21 331 43 58 1 16 0 1 2 9 9 7 0 0 1 4 0 5 65 139 0 48 7 7 1 60 24 53 0 19 17 62 4 118 1122 1461 57 989 109 54 145 975 55 35 4 14 73 81 41 372 60 63 9 86 0 3 3 75 75 78 2 49 70 261 55 617 1446 1086 23 411 107 62 56 403 15 15 0 7 41 35 6 81 1636 1146 15 488 94 76 60 808 620 508 16 100 447 685 89 1430 0
7118 738 1216 939 550 76 830 1252 1229 103 91 157 758 71 986 1093 444 90 79 146 29 10 51 100 679 124 95 162 922 87 837 992 1127 106 158 71 97 16 58 73 68 10 2 1 130 20 48 63 823 113 58 80 69 9 61 124 781 103 46 65 749 87 379 446 595 39 130 61 75 5 120 111 88 8 7 16 115 10 116 116 57 3 12 7 5 0 16 14 66 9 17 16 78 11 136 117 773 58 89 64 111 16 64 114 98 14 7 17 140 9 100 83 925 90 62 95 84 21 78 292 835 101 35 87 766 93 425 957 1368 839 76 1120 117 58 115 1273 157 70 11 39 81 69 57 516 118 96 7 106 11 10 8 91 57 93 3 60 57 82 50 519 86 88 1 52 12 7 16 36 17 12 1 0 15 16 4 40 89 109 0 73 25 16 8 110 36 80 3 10 28 99 18 251 781 1557 108 1226 133 94 131 1056 62 51 9 40 68 107 85 452 40 109 12 88 7 9 11 125 36 102 18 102 97 299 102 1008 1009 1063 37 434 124 106 74 509 41 33 2 9 68 102 37 210 906 929 46 382 101 116 104 890 387 425 21 185 439 1003 282 2439 0
8499 610 522 768 668 32 789 2327 620 21 13 27 671 38 679 988 1006 67 35 40 32 4 30 62 970 66 14 53 1300 42 462 601 557 18 13 17 19 5 17 11 11 0 0 0 16 0 5 2 1267 37 11 1 19 6 30 56 1221 40 13 10 648 16 157 152 820 38 17 19 82 3 59 54 21 4 0 2 51 0 24 12 59 4 5 3 2 1 3 2 38 4 2 2 65 4 11 37 1109 16 13 30 56 2 7 54 54 1 0 0 48 0 16 10 3391 73 15 62 97 2 62 241 1865 27 3 27 846 21 203 322 622 659 13 614 15 25 21 966 21 12 0 2 13 31 4 291 40 87 0 16 0 3 3 17 6 16 1 3 12 38 4 141 9 27 0 4 1 1 0 2 0 0 0 0 0 2 0 0 33 62 0 16 0 2 1 26 7 2 0 3 7 7 0 15 771 1066 23 424 36 48 52 577 14 10 0 4 13 34 7 124 52 54 0 18 3 11 1 20 29 56 1 8 46 116 7 248 825 514 2 95 41 10 18 166 14 6 0 2 9 6 1 15 1180 656 12 120 16 22 24 298 338 214 0 26 208 269 13 408 0
11827 884 560 1238 904 48 1086 2675 805 27 11 33 1054 23 1180 1357 1130 73 21 66 69 3 21 92 1157 60 25 55 1754 88 766 792 701 19 16 18 9 0 14 23 20 0 0 1 25 0 14 4 1295 62 6 19 39 1 19 42 1286 43 5 30 873 19 218 173 1313 61 25 27 69 4 41 90 33 1 0 0 67 5 47 29 70 0 1 3 3 0 1 7 36 0 0 1 79 7 19 22 1567 45 22 26 67 3 11 33 36 0 0 3 70 0 16 21 4220 92 18 70 102 11 84 332 1476 25 5 28 893 28 202 405 824 928 6 1069 27 26 19 1153 21 15 0 7 18 44 7 220 53 54 1 23 0 0 0 17 16 24 0 19 10 38 3 183 18 27 0 6 0 0 0 2 1 0 0 0 0 0 0 2 31 81 1 14 0 0 0 10 1 29 0 1 4 17 4 20 1244 2067 22 758 47 90 83 827 19 12 0 3 26 58 9 230 50 84 3 28 1 4 0 17 48 55 7 22 40 223 23 261 1284 979 5 160 41 16 10 213 8 4 0 0 12 16 0 17 1933 1027 5 205 31 42 34 378 313 225 7 33 198 331 19 453 0
5968 487 939 828 402 52 908 1474 1913 136 89 137 935 41 1429 1635 513 94 95 154 41 0 50 145 963 176 92 193 759 60 893 1200 805 105 68 54 80 16 71 43 46 5 1 8 61 2 20 26 720 155 46 82 39 9 68 162 812 131 18 74 537 97 368 544 433 30 78 37 95 1 144 150 140 13 6 19 181 5 218 149 16 6 3 10 1 0 0 8 55 6 7 14 46 10 130 133 720 29 21 69 125 10 96 138 125 22 0 29 155 11 73 133 1335 168 33 140 134 4 115 545 1127 132 12 111 836 59 514 1442 1947 896 74 1106 157 41 119 1412 183 73 5 48 59 38 50 424 125 164 16 156 29 4 9 143 65 70 7 45 51 53 37 385 79 66 3 28 2 14 13 23 4 6 0 0 6 20 0 18 165 154 8 75 12 10 16 166 30 44 0 25 8 80 19 163 854 650 60 743 155 64 175 958 94 42 1 26 77 79 92 376 33 51 16 50 8 20 18 105 38 57 22 74 50 145 114 716 1068 815 29 312 143 123 126 566 45 24 0 21 97 105 21 159 1355 951 25 456 169 108 117 1448 354 323 19 106 315 549 158 2305 0
14188 1237 740 1298 1161 57 1373 4007 870 37 3 30 1032 46 1197 1679 959 71 29 79 56 3 35 141 898 64 18 100 1656 76 870 1006 597 35 18 23 24 6 15 24 7 0 3 0 29 1 3 7 1124 63 19 18 39 4 46 112 890 34 3 11 492 8 183 177 899 40 22 16 91 0 81 117 26 0 0 0 61 3 52 38 44 1 0 3 0 0 4 13 24 4 0 0 40 6 20 24 1056 28 18 32 95 3 12 97 35 0 3 0 81 1 36 27 3138 124 25 83 109 7 58 449 1124 31 6 37 728 16 214 448 887 1053 0 1040 53 31 19 1609 8 5 0 3 2 34 8 267 21 56 0 40 1 0 0 47 16 7 0 14 24 44 1 233 9 18 0 0 0 3 1 7 0 1 0 0 0 4 0 2 23 97 2 11 0 1 4 34 4 22 0 0 3 17 4 34 782 1815 28 632 64 69 101 920 11 13 0 1 24 34 18 235 19 58 0 2 0 6 1 23 30 40 0 25 34 200 29 338 865 535 1 180 44 9 28 205 1 3 0 0 23 17 0 27 1305 723 4 183 30 25 13 536 144 166 1 13 179 318 22 547 0
8983 624 791 978 645 44 994 2268 1183 42 28 49 946 38 1019 1151 882 80 56 103 60 8 39 129 1161 100 42 127 1389 73 659 1083 879 69 35 49 61 0 32 37 41 1 0 0 58 0 17 14 1282 126 64 45 39 4 55 89 1157 69 18 58 958 66 304 349 821 43 79 39 82 8 129 113 71 8 1 1 91 0 76 53 52 2 10 7 1 0 2 8 50 4 4 5 83 6 54 56 1122 43 38 53 130 5 60 121 88 4 0 4 126 4 37 59 2735 109 33 112 159 13 138 490 1486 56 21 64 1220 58 409 714 1201 981 32 1015 81 43 76 1161 95 29 0 15 47 36 25 306 43 109 0 97 4 6 0 47 43 52 4 31 31 87 13 323 38 34 1 13 0 0 0 11 2 0 0 0 0 11 1 10 54 116 2 36 5 2 10 63 17 54 0 2 18 40 12 61 1126 1215 75 685 78 46 141 1062 41 35 2 6 47 52 32 285 52 63 3 58 12 1 10 44 77 51 6 43 59 162 38 570 1171 829 17 321 74 58 29 300 25 11 0 1 39 30 14 55 1536 1172 31 395 69 61 71 752 415 335 15 98 390 545 58 1144 0
9657 492 357 668 660 36 747 2217 656 17 17 18 641 25 529 818 1157 40 13 47 28 3 25 66 1051 35 21 58 1457 39 410 587 529 7 13 7 19 0 11 18 21 0 0 3 15 0 2 0 1219 49 20 16 34 2 35 43 1335 22 8 9 709 7 131 155 804 14 8 34 58 0 45 71 31 0 0 0 45 2 10 7 57 3 0 3 3 0 1 3 49 1 0 2 68 2 7 17 1018 14 16 15 36 3 18 47 36 0 0 0 61 3 8 8 3425 54 20 32 105 8 59 215 2325 31 13 25 932 21 236 369 467 512 8 453 15 36 12 1141 17 6 0 8 8 49 7 238 30 23 3 14 1 1 0 3 17 10 0 5 10 28 1 110 11 5 0 5 0 1 1 6 0 0 0 0 0 0 0 0 36 54 1 14 5 1 0 13 7 8 0 0 9 7 0 13 727 1216 16 340 24 36 66 468 15 11 3 1 14 22 11 117 28 56 1 13 3 2 5 21 40 27 3 8 44 187 12 197 878 353 3 88 16 11 17 125 2 2 0 1 21 5 2 8 1234 699 5 113 26 21 23 289 322 174 1 16 176 189 33 330 0
9325 926 1003 1156 811 41 1111 2867 632 29 34 43 978 47 1116 1343 777 56 36 80 41 2 50 98 915 67 57 108 2040 89 1931 902 816 52 58 20 36 5 30 15 16 0 0 0 38 6 11 6 1027 61 20 39 35 2 27 73 1265 40 18 26 1314 28 313 213 666 20 27 30 70 0 70 108 36 3 0 0 73 7 67 39 44 0 0 2 0 3 2 5 28 0 6 5 90 7 38 57 906 48 38 38 55 3 36 69 32 0 0 0 64 7 16 42 2143 76 28 48 61 1 49 237 1351 32 7 29 1041 59 231 392 713 1091 24 1350 42 25 58 1402 32 33 0 12 21 43 16 330 23 64 0 54 1 0 0 52 18 20 0 30 32 72 11 270 34 47 2 7 1 3 1 12 3 1 0 0 0 1 0 2 44 82 0 16 5 2 0 43 4 26 0 1 11 30 8 44 856 2067 32 1352 72 106 65 1150 23 16 0 13 17 66 22 352 23 98 0 35 1 11 5 48 16 70 1 21 79 353 21 625 1078 1951 14 347 90 27 33 273 12 11 0 3 35 18 1 42 1432 916 16 234 39 46 28 422 405 342 1 26 340 590 38 646 0
6900 537 524 749 571 22 938 2047 1872 97 34 104 892 49 1093 1730 643 69 62 94 41 2 34 137 953 90 51 112 882 42 775 1019 591 41 27 26 47 5 20 42 46 0 0 0 43 0 5 18 991 97 17 68 26 4 61 121 1131 83 15 47 654 44 233 497 681 23 37 38 88 8 91 118 100 5 6 8 66 1 97 107 36 2 5 3 3 0 1 12 45 2 4 9 53 5 47 66 1044 42 35 60 111 6 66 142 132 6 0 7 126 6 65 61 2979 170 41 133 140 11 119 723 2194 88 22 98 1012 61 437 1394 1771 851 38 1020 83 42 98 1667 150 33 0 17 38 47 28 462 105 83 6 91 4 6 3 80 58 47 0 46 18 36 8 293 33 33 0 2 10 6 3 7 3 0 0 0 2 1 0 6 86 160 0 38 1 2 10 78 30 47 3 13 12 35 13 84 1014 837 33 581 93 30 121 896 34 35 0 18 35 38 46 206 40 53 7 28 3 4 12 75 31 43 2 24 49 78 23 323 1244 708 11 295 69 31 36 479 28 14 0 2 56 16 13 71 2480 1121 20 491 128 52 85 1405 615 311 12 70 355 373 108 1383 0
9895 928 504 1068 634 54 881 2943 1137 56 60 98 881 55 1543 2706 698 85 49 63 28 8 22 107 926 69 38 115 1255 43 726 1123 551 18 19 19 29 5 8 29 31 3 0 2 30 1 15 8 886 64 14 40 29 5 41 87 921 44 6 30 656 21 290 327 949 33 22 22 49 2 76 113 73 7 6 5 65 0 92 97 42 5 0 0 0 0 4 7 35 0 6 6 72 1 21 71 897 37 17 39 73 4 38 105 75 0 3 4 88 1 30 75 2739 149 21 105 85 13 94 496 1548 75 15 63 878 34 391 848 1137 1058 28 1162 83 40 81 2006 63 32 0 16 34 51 30 519 63 53 0 35 6 8 6 46 34 23 1 17 10 35 3 190 39 47 2 6 2 2 3 14 1 0 0 0 1 6 1 6 84 113 1 24 2 2 12 54 22 20 0 8 11 21 4 53 980 1722 27 517 76 49 120 937 33 22 0 16 33 41 34 286 60 49 1 18 6 4 2 22 38 31 5 20 39 107 21 277 1191 932 3 213 92 34 40 385 20 4 0 6 27 25 9 98 1864 842 14 300 84 71 65 899 355 193 2 62 260 301 54 887 0
6938 671 818 1121 796 48 1083 3119 1281 73 24 102 976 33 1409 1951 591 75 44 127 29 5 34 125 912 99 49 141 1135 54 747 1037 737 44 37 38 23 3 40 23 40 0 0 4 59 8 27 22 921 107 23 58 32 3 48 92 1138 108 15 25 1046 55 257 407 659 25 72 20 104 9 107 131 59 2 1 8 94 6 65 65 35 2 2 4 1 3 2 3 40 4 6 3 47 9 27 44 963 40 20 70 94 3 50 105 99 4 0 7 118 1 43 47 2251 110 19 106 112 15 116 536 1428 93 9 67 907 74 330 920 1239 978 36 1388 92 38 87 2196 67 36 0 13 30 47 24 468 85 72 6 111 11 6 1 123 39 44 3 32 30 67 15 290 29 38 0 15 2 6 3 8 0 0 0 1 3 2 1 9 71 118 1 38 1 4 1 60 18 28 0 9 7 26 1 47 994 1242 60 1500 76 55 108 1197 27 28 1 10 43 45 26 345 47 56 3 54 2 4 5 48 42 53 0 42 44 139 28 425 1100 979 29 400 74 43 39 397 16 22 0 2 23 34 1 60 1631 967 16 389 51 50 48 900 403 297 2 75 246 422 60 1055 0
11476 1006 747 1242 1041 73 1216 4359 1096 41 5 64 1019 24 1108 1757 1037 117 24 86 57 3 19 132 1038 59 23 87 1420 44 643 878 665 27 29 14 29 0 10 26 10 0 0 0 21 1 3 7 1118 88 19 13 23 4 30 98 960 31 2 18 590 13 198 249 865 61 34 24 82 12 97 102 37 0 0 0 66 0 59 41 64 5 0 4 6 1 6 9 39 6 3 1 56 3 24 35 1058 45 10 76 96 3 25 93 39 2 5 1 81 2 36 45 3356 85 24 97 103 4 76 434 1391 39 1 27 742 24 265 600 1077 1081 31 1079 54 42 33 1719 54 17 0 11 26 62 12 366 53 62 0 51 3 5 2 29 13 18 4 18 15 39 2 206 27 31 0 12 1 8 0 4 0 0 0 0 0 3 0 1 49 69 3 15 0 3 2 34 6 17 0 0 3 13 6 35 962 1617 31 676 54 62 98 943 16 17 3 6 28 44 30 230 26 42 3 20 0 12 1 46 43 31 2 26 40 220 17 382 945 582 5 240 43 21 24 243 14 4 0 4 20 24 0 21 1530 777 5 206 37 48 35 662 406 199 0 23 170 323 21 554 0
8372 654 477 733 627 48 856 1933 849 23 21 21 1001 25 1205 1223 1240 74 26 81 45 4 31 86 1452 46 42 85 2021 43 1091 836 842 27 10 18 24 1 8 12 17 1 0 0 35 0 5 12 1738 72 25 23 38 5 43 48 2618 72 25 25 1411 19 348 246 920 32 15 26 83 4 61 83 52 1 2 1 72 3 64 15 79 3 0 3 6 4 11 14 64 1 1 1 97 1 38 30 1486 44 7 50 93 3 20 41 41 1 0 0 74 4 17 11 4724 95 27 73 135 10 97 264 4032 33 16 21 1666 28 334 480 630 660 10 663 18 21 15 799 28 25 1 3 19 16 4 230 42 65 0 23 4 2 0 19 14 6 1 11 11 33 1 152 22 21 0 3 0 0 1 3 0 3 0 0 0 3 0 3 60 78 2 11 3 0 0 19 16 28 0 0 8 13 2 20 926 1209 21 426 76 61 60 596 24 16 0 4 17 38 11 140 55 49 1 18 1 3 0 19 56 43 0 18 47 79 20 220 1463 717 6 144 39 23 41 193 10 9 0 1 12 10 1 23 2653 1049 13 172 64 25 40 389 707 310 5 27 403 347 46 510 0
6597 588 1000 990 694 56 1122 2241 811 35 42 74 955 33 1280 1793 697 110 49 86 34 2 59 110 992 69 88 113 2101 78 2354 1075 933 47 72 43 52 7 33 47 18 0 0 0 40 0 19 19 1091 76 39 50 40 6 48 84 1461 63 23 27 1616 63 479 265 520 40 56 32 96 2 87 84 40 2 2 4 69 10 71 39 37 6 0 4 4 0 0 10 39 2 1 1 89 3 92 54 902 30 20 63 86 1 54 66 44 0 1 0 85 4 20 38 1834 97 31 67 96 9 75 318 1447 52 11 27 1199 43 418 556 818 823 32 1298 32 45 63 1379 47 23 6 21 28 50 14 529 42 58 1 64 3 1 1 41 36 43 1 39 23 70 13 365 41 68 2 21 1 3 0 12 1 0 0 1 0 0 0 10 59 98 1 34 2 8 2 36 23 32 1 10 5 32 1 69 719 1367 46 1243 62 78 81 963 44 34 4 4 33 93 31 371 34 83 3 46 0 4 4 48 55 62 4 29 77 236 69 703 1025 2200 8 481 62 91 37 278 19 12 1 4 38 63 14 69 1439 968 13 272 50 55 37 495 447 337 3 40 441 680 92 1042 0
7078 557 486 768 590 29 804 2152 1003 25 23 39 870 43 1007 1635 995 67 40 67 43 1 40 115 1175 64 36 79 1372 72 839 791 893 22 26 20 31 5 23 37 15 0 0 0 22 4 11 6 1693 60 29 21 35 2 40 82 1901 36 13 19 1350 28 271 290 810 52 37 24 60 6 74 74 59 0 0 0 59 3 35 32 67 5 1 3 5 0 7 18 69 0 1 2 99 3 38 42 1489 29 19 28 59 5 23 55 44 1 1 2 57 1 12 23 5111 118 39 97 143 12 100 310 3709 30 13 28 1436 49 266 476 868 808 23 777 18 23 27 1159 43 25 0 13 23 30 9 290 50 47 0 20 2 4 0 21 45 24 1 12 27 35 2 198 22 13 1 5 0 1 0 5 5 0 0 0 1 1 1 3 74 50 1 14 0 0 3 16 19 19 0 3 16 19 0 27 1103 1202 25 648 72 44 50 682 28 23 1 1 19 34 12 162 63 94 1 21 2 3 1 33 72 76 2 21 76 121 21 269 1517 856 4 234 53 19 24 224 18 7 1 0 22 15 3 30 3148 1226 8 324 48 32 34 431 866 371 4 40 357 436 50 617 0
6527 565 671 879 484 34 858 2014 1158 35 34 53 968 28 1067 1580 524 91 39 102 27 5 20 113 971 67 47 82 1136 74 927 1086 769 42 40 32 43 1 21 46 25 1 0 5 45 1 8 17 1070 96 37 41 34 5 65 87 1362 56 19 45 955 36 348 404 615 18 40 42 61 3 90 105 103 0 0 0 77 3 92 40 19 4 1 5 4 0 5 6 39 2 0 4 89 7 44 39 1199 41 46 49 98 2 27 92 63 3 1 1 104 2 25 37 3477 155 59 116 155 11 128 443 2444 81 7 58 1210 50 424 813 1312 978 28 1204 52 33 52 1771 87 30 1 16 41 34 12 415 36 63 0 87 0 0 0 72 37 46 0 22 21 38 6 253 31 64 0 8 0 1 0 16 1 0 0 0 0 0 0 6 66 88 3 46 0 0 1 52 28 27 1 3 13 16 3 56 1105 1175 45 985 81 58 97 1042 35 41 6 9 42 27 44 263 52 65 0 37 0 10 8 51 57 36 0 47 62 144 26 422 1508 1124 8 405 89 43 32 373 30 4 0 3 37 43 15 44 2515 1314 12 443 72 51 56 799 666 376 3 55 353 456 74 952 0
16697 919 512 1170 704 48 1008 4145 561 45 12 37 758 31 971 1407 742 63 17 62 25 0 30 68 740 43 20 78 1672 72 713 864 488 36 14 7 23 0 14 19 3 2 0 0 8 2 10 4 1035 61 15 10 21 0 29 43 745 35 4 7 519 16 133 165 1018 54 25 28 58 3 63 96 21 0 2 0 50 0 42 29 73 1 3 1 12 0 3 11 22 1 0 2 71 12 24 25 1177 43 6 44 61 1 11 64 24 1 0 0 57 3 22 35 4326 96 18 57 58 4 56 325 924 15 6 11 734 18 126 310 747 949 8 1036 42 40 29 1754 11 5 0 4 10 42 5 316 21 44 2 31 1 1 3 21 7 8 0 14 17 50 5 183 9 22 0 6 0 0 0 6 3 0 0 1 0 2 0 1 20 62 0 21 0 0 1 26 5 13 0 1 8 12 1 13 1039 2060 14 645 47 55 58 895 11 10 1 2 26 40 14 192 22 58 6 17 4 9 2 24 43 39 1 18 35 181 24 218 1142 796 4 184 37 24 20 232 9 2 1 6 20 13 3 34 1291 978 4 187 29 29 13 343 270 176 7 22 172 256 35 431 0
10862 1005 743 1444 1083 45 1422 4154 1025 48 33 89 1190 42 1311 2617 720 102 24 105 32 4 52 145 880 92 42 90 1395 81 840 1106 585 29 30 26 26 0 6 31 10 3 3 0 30 0 7 13 936 71 10 42 30 1 53 101 815 47 7 9 643 41 221 285 676 45 23 46 101 1 88 135 50 3 0 0 78 3 57 62 38 3 0 3 0 0 3 8 20 0 3 1 58 4 10 37 910 24 25 57 67 0 46 83 40 6 0 1 82 0 17 49 2461 99 19 92 128 6 108 459 975 25 4 29 678 41 257 594 1095 1113 9 1424 75 29 40 2302 24 14 0 6 9 43 11 521 33 76 0 61 7 0 0 49 16 19 0 26 17 73 4 278 20 41 0 9 0 3 0 9 0 0 0 0 0 3 0 0 51 102 0 14 2 3 3 35 9 22 0 1 9 19 1 33 855 1575 29 893 73 72 127 1111 26 24 0 7 31 51 21 289 30 54 3 19 5 13 4 38 25 45 0 13 49 195 29 475 785 548 4 261 51 34 17 275 8 3 0 0 22 37 0 28 1141 755 7 271 24 41 39 618 185 189 0 13 168 305 17 642 0
9080 832 721 1231 914 65 1279 3512 1216 52 27 77 943 50 1045 1863 678 103 28 107 29 3 56 133 854 69 34 121 1055 70 533 901 647 30 37 11 36 4 12 37 37 1 4 0 33 5 4 13 983 103 20 37 39 5 67 88 1054 68 7 30 467 25 170 279 864 35 49 45 78 0 95 159 63 3 0 0 58 6 81 60 34 5 2 3 5 0 3 3 34 4 5 1 47 2 33 36 1039 54 24 37 83 7 30 127 43 4 2 0 96 16 37 40 2749 162 23 143 127 14 113 523 1556 51 17 45 789 36 363 855 1361 1136 29 1172 71 60 43 1963 78 41 3 18 29 58 20 531 39 90 0 58 1 2 6 73 29 18 0 30 27 47 3 280 29 47 3 7 0 4 0 27 3 1 0 1 0 2 0 1 73 119 0 36 1 5 2 83 15 12 0 1 6 27 6 36 988 1308 47 989 75 87 135 1039 41 19 5 15 18 54 23 255 44 45 0 24 9 6 0 48 10 31 0 43 44 119 25 423 1101 798 2 253 67 44 15 418 6 5 1 7 28 19 5 44 1928 1013 25 338 74 41 50 922 401 214 4 53 217 352 57 918 0
6498 514 858 898 531 24 911 1748 1378 82 45 94 988 60 1001 1118 479 106 91 140 27 9 42 121 1024 127 90 163 1011 43 682 1046 798 46 66 33 37 5 34 53 54 0 3 3 30 9 13 6 1051 128 34 63 37 3 59 114 1342 118 35 63 807 69 337 417 663 26 44 33 110 0 136 115 120 11 5 5 108 5 124 87 46 6 9 7 0 3 2 4 40 6 0 6 87 10 77 56 1151 42 28 64 153 5 82 94 136 11 3 3 160 3 53 93 2381 127 40 125 126 17 86 361 1637 116 29 109 1266 100 513 1044 1471 1102 45 1101 144 46 143 1378 145 61 0 33 41 38 36 476 65 160 3 107 3 3 4 91 46 38 2 54 54 89 13 333 57 53 3 20 1 8 0 22 0 2 0 0 1 8 0 8 87 177 0 91 9 6 1 98 46 59 3 12 11 53 9 104 1132 1003 73 832 118 48 163 1065 40 43 2 14 62 57 40 340 38 71 0 102 4 4 4 65 59 68 5 52 78 129 43 481 1352 690 10 363 123 40 74 456 14 8 0 2 47 29 22 130 1400 1187 13 562 109 93 95 1093 482 488 4 151 418 553 117 1745 0
6184 552 744 879 508 47 897 2019 1819 116 100 124 1013 52 1405 1891 590 97 43 119 34 3 47 145 1034 153 50 155 875 52 565 1077 645 42 23 39 45 4 39 35 44 1 2 2 37 3 16 20 955 111 49 102 36 7 43 160 1177 118 17 51 628 42 271 498 494 14 46 38 124 1 154 126 97 9 10 15 94 4 130 132 42 8 8 3 1 0 7 12 46 4 13 4 49 12 72 104 865 69 36 68 187 9 69 128 117 7 1 4 133 12 67 77 2108 151 40 158 172 13 173 528 1690 126 21 108 934 69 470 1364 1821 868 56 1011 111 35 98 1712 175 85 2 40 63 55 34 596 115 136 2 105 14 0 12 94 53 60 0 57 34 38 11 332 87 55 0 21 0 2 1 14 3 0 0 1 0 9 0 11 121 177 5 57 6 4 8 88 31 57 0 10 4 47 10 103 1017 778 54 474 96 50 147 993 57 33 1 22 51 44 66 260 42 67 6 45 1 11 7 84 59 52 3 23 53 140 32 417 1183 496 13 236 154 51 72 474 39 10 0 5 60 22 48 141 1970 1168 36 474 144 90 104 1284 591 359 11 90 301 436 148 1654 0
6550 616 716 1118 633 43 1165 2970 1483 74 47 61 1021 48 1349 1969 564 106 46 124 27 1 39 142 989 101 34 136 945 87 683 1151 775 38 49 23 41 3 30 51 53 5 0 4 49 6 10 13 845 100 36 67 34 8 76 119 1083 95 8 43 821 47 311 471 549 29 42 29 82 4 96 143 98 3 5 4 71 6 135 90 43 2 4 1 6 1 9 9 25 3 3 7 61 5 40 52 991 37 23 43 125 5 72 98 90 1 0 0 130 5 49 70 2135 126 33 112 113 9 125 559 1736 97 23 92 1044 84 380 988 1505 932 53 1415 90 48 115 2153 66 66 3 29 60 28 24 541 67 78 1 91 1 1 0 103 31 45 0 50 47 51 5 440 31 29 2 23 0 3 3 24 0 0 0 0 5 7 0 8 80 134 6 64 10 2 1 83 18 36 0 20 14 26 6 76 936 1001 37 808 112 54 163 1160 47 17 0 8 42 56 39 356 41 58 6 40 4 13 6 68 43 38 0 45 47 145 36 501 1173 656 7 336 91 47 61 451 29 8 2 2 51 41 3 96 1418 987 27 440 93 53 58 990 506 322 5 92 276 471 72 1259 0
8015 544 495 742 662 34 780 2045 919 22 12 32 754 26 931 1569 998 64 39 69 47 2 44 97 1232 55 27 83 1475 54 783 804 724 32 21 23 31 0 20 22 15 1 3 2 25 0 5 3 1606 63 28 26 55 4 50 79 2013 35 4 21 1093 20 293 215 899 38 44 28 55 4 57 79 42 0 1 2 63 2 28 32 64 4 2 5 2 0 3 9 40 0 1 5 82 1 20 28 1401 50 21 41 61 5 14 49 56 1 0 6 93 1 8 29 5551 103 28 70 129 12 90 324 4827 37 17 34 1432 38 314 440 752 649 17 950 14 28 21 1183 23 18 3 5 19 25 17 285 54 42 0 29 1 2 4 13 20 14 0 12 20 35 7 142 46 20 0 3 1 0 0 7 3 2 0 0 0 4 0 4 69 70 1 14 1 0 4 19 11 16 0 1 8 10 5 19 911 1404 22 785 43 39 66 746 17 23 0 6 17 42 14 130 47 67 0 22 1 12 1 33 54 40 4 11 42 93 20 211 1357 811 4 201 41 18 17 195 19 7 0 3 9 11 3 26 2900 1163 26 215 56 40 51 367 690 296 5 40 300 317 52 490 0
5928 457 891 874 482 30 885 1341 1408 83 47 119 944 26 1044 1190 485 132 76 123 9 1 47 100 973 115 56 170 1052 66 906 1063 1125 86 55 54 73 7 57 83 66 0 0 4 72 8 18 24 1013 125 30 35 43 7 67 147 1422 138 24 67 943 90 388 456 525 21 95 49 117 3 145 129 82 4 0 7 135 5 124 82 27 3 14 4 3 1 5 10 50 10 7 4 92 12 71 74 1124 22 47 61 134 5 87 106 94 12 0 4 146 2 66 72 1741 127 52 120 107 12 88 346 1360 96 30 59 1327 83 453 1026 1526 921 70 1157 94 36 87 1377 126 49 5 24 55 67 36 489 105 149 3 109 2 6 5 113 59 48 3 62 34 84 17 435 83 59 4 12 0 7 4 15 9 3 0 0 4 6 0 8 86 154 11 57 12 4 5 94 38 75 0 15 18 49 6 120 1005 871 87 830 127 66 128 1053 42 56 3 13 78 76 46 389 39 96 7 85 3 3 5 94 72 81 13 63 86 196 57 686 1424 1089 21 387 166 74 67 508 36 14 3 9 52 77 13 91 1512 1171 24 496 122 70 55 992 509 501 13 108 456 749 138 1821 0
9501 864 963 1110 1249 73 1479 3300 1119 73 53 82 1493 64 1806 2286 810 72 63 112 65 10 42 135 922 87 77 143 1795 93 1605 1333 621 100 51 33 65 10 38 49 27 1 3 7 42 14 18 20 791 82 54 58 61 7 63 133 771 80 10 36 701 58 332 429 572 30 48 26 70 8 109 121 56 14 0 4 76 2 109 74 20 5 3 1 8 0 14 14 20 0 6 7 73 12 82 76 604 31 30 36 106 12 38 116 52 6 3 14 102 15 53 60 1424 82 25 60 97 21 85 398 865 53 18 39 716 44 322 793 1099 903 36 956 86 91 107 1496 103 36 0 35 65 46 21 643 44 71 0 84 16 7 6 105 44 34 4 41 19 67 21 344 53 58 3 17 2 11 9 20 3 4 1 0 1 10 1 15 46 115 3 33 3 3 8 77 20 38 0 13 17 66 5 118 696 1082 50 771 83 108 96 896 40 29 0 18 60 59 68 369 25 41 3 56 6 15 2 79 21 29 10 43 54 228 44 600 809 901 13 247 61 88 30 350 17 10 0 8 41 58 26 95 667 612 16 261 39 50 19 753 216 180 5 71 202 415 71 1265 0
12277 788 519 1075 753 43 995 3169 785 32 6 21 759 19 880 1245 811 65 30 72 41 4 30 99 846 58 25 84 1248 68 479 723 570 25 14 19 27 1 20 19 19 0 0 0 13 1 7 6 1130 111 15 26 32 3 36 75 951 38 7 21 723 22 166 216 1138 58 10 33 90 2 76 96 29 0 0 0 53 1 23 27 54 5 4 4 6 2 1 9 50 3 0 1 56 8 14 21 1312 30 20 50 58 1 25 49 63 1 0 1 90 1 23 24 4578 151 15 83 94 7 71 444 1837 38 10 30 926 42 217 485 990 914 24 1241 28 52 48 2060 46 15 0 10 19 23 12 356 39 64 0 39 0 0 0 30 12 28 1 36 13 45 3 172 19 25 1 6 1 4 0 14 0 2 0 0 0 2 0 1 43 111 0 20 0 0 2 11 8 22 1 5 2 20 0 35 1130 1627 26 1015 49 71 76 1079 30 21 0 6 18 41 20 184 32 41 8 29 2 7 1 39 38 41 2 20 46 129 12 267 1340 720 7 271 46 7 25 261 19 5 1 4 22 24 0 30 2015 1105 16 319 30 32 29 523 381 217 2 27 184 282 31 535 0
9558 802 711 962 968 60 1136 2829 1088 17 24 67 972 25 1266 1893 864 95 26 76 40 6 27 119 949 56 40 92 1662 60 900 924 667 34 27 19 21 5 24 11 24 1 0 1 19 0 7 11 1128 94 21 38 52 8 45 84 1285 48 5 14 1116 15 283 237 773 49 32 35 67 2 78 96 24 0 1 0 67 1 57 43 75 4 0 1 1 0 2 4 39 3 2 1 53 4 20 52 1059 36 18 34 84 0 24 67 40 1 0 7 90 4 25 22 3405 142 21 88 150 10 121 314 2050 53 11 42 936 30 303 554 885 890 20 1096 28 56 36 1417 49 24 1 2 18 46 13 349 42 57 0 64 1 0 0 29 25 22 1 14 13 54 2 210 25 24 1 13 0 2 1 7 1 0 0 0 0 3 0 3 90 64 1 24 2 1 0 33 19 20 0 2 8 17 5 42 946 1429 27 1280 73 46 85 839 20 25 0 2 18 47 7 201 45 53 0 19 3 9 3 31 48 34 0 12 49 115 17 339 1473 816 3 277 60 31 7 286 5 3 0 1 20 12 1 31 2555 1095 21 293 49 20 28 511 532 220 11 30 249 331 37 617 0
19160 907 360 928 925 43 924 3174 538 18 16 19 882 6 761 922 1121 48 10 56 6 2 17 76 975 37 35 65 1568 34 537 719 462 20 10 8 15 1 5 17 13 0 0 0 16 0 5 4 1236 52 7 11 35 0 26 34 821 26 8 5 603 8 98 138 1456 20 12 17 49 1 49 96 23 0 1 0 14 0 9 13 46 2 1 1 3 0 2 3 22 4 0 0 66 9 14 19 1352 18 9 17 44 1 11 46 24 1 0 0 67 0 10 11 5176 87 6 60 92 5 62 308 1450 15 2 12 867 23 144 264 525 858 8 903 21 19 33 1311 22 7 0 11 13 24 7 199 19 45 1 23 1 0 0 12 5 4 0 11 11 16 1 78 14 12 0 6 0 0 3 3 1 1 0 0 0 0 0 3 8 72 0 13 0 0 3 15 11 6 0 0 0 13 0 12 1168 2001 25 694 27 63 56 738 3 2 0 4 14 31 8 130 20 53 0 12 0 1 0 21 21 36 0 9 39 141 11 179 1040 632 0 127 12 8 10 155 7 0 0 1 5 15 1 18 1292 949 8 123 6 20 17 270 175 144 1 12 135 186 13 322 0
8203 492 767 626 360 57 526 2441 1405 75 56 103 516 32 743 1794 440 53 97 70 38 4 32 98 532 45 101 97 728 47 2055 674 742 99 52 24 58 3 32 37 27 10 1 4 57 10 14 28 640 64 48 40 18 1 38 94 794 76 29 35 812 51 319 312 349 41 67 38 45 1 61 90 92 9 10 8 39 6 53 96 56 2 17 4 1 2 3 5 51 4 17 9 67 1 113 54 551 39 35 52 53 1 35 104 94 8 1 13 61 12 41 88 2267 111 62 92 108 21 130 834 2533 82 18 86 670 82 348 1214 1413 601 55 844 125 60 106 2805 290 46 5 21 50 56 30 727 87 57 6 64 11 4 12 87 43 26 4 31 22 52 18 282 87 97 1 18 2 9 2 24 3 4 0 1 4 15 1 14 124 69 9 36 4 7 20 76 26 33 0 18 21 34 12 145 569 783 41 958 58 56 70 679 41 35 3 27 52 62 55 333 57 50 4 65 3 3 8 58 57 41 16 45 69 157 79 486 966 1561 30 456 73 81 22 351 44 30 0 12 57 69 29 124 2726 799 35 351 71 64 74 1331 647 303 15 147 300 582 150 1695 1
6559 676 1037 879 341 66 636 2708 733 49 24 40 583 36 842 1787 364 38 79 75 11 3 37 73 512 60 86 57 945 65 2049 662 1016 77 82 48 42 4 22 36 19 4 1 0 52 3 21 14 741 93 40 36 23 10 25 94 673 43 10 17 1192 76 388 242 440 26 70 24 39 5 85 90 45 2 0 9 62 4 61 69 48 7 4 1 13 1 3 12 35 1 7 5 60 1 107 41 840 32 31 62 103 2 33 104 69 1 0 6 41 6 14 41 3062 105 32 109 55 10 75 510 1833 64 16 32 697 42 171 605 1143 844 47 1272 55 30 61 3003 135 39 2 25 40 49 16 801 35 66 1 50 1 5 1 51 33 34 0 20 23 49 20 319 40 74 3 33 1 1 4 18 3 0 0 2 1 4 1 12 44 64 1 24 1 5 1 39 15 37 1 4 13 49 1 72 735 1368 41 1835 60 85 55 961 29 31 5 18 20 62 37 367 42 81 5 84 0 10 4 53 36 73 5 65 63 260 74 769 1047 1952 14 476 67 124 29 408 30 24 0 2 20 81 10 88 2728 987 10 313 54 65 45 809 652 313 8 91 261 731 60 1198 1
7348 471 1233 624 878 68 980 2216 1467 69 57 78 1082 56 1122 2041 633 36 107 50 71 8 65 129 779 67 138 105 2193 150 2093 1000 888 130 102 42 211 28 48 42 49 9 5 4 216 26 41 29 620 52 52 34 52 0 59 98 885 69 33 41 2208 236 511 465 369 22 156 26 46 11 78 75 96 11 9 12 93 6 83 72 45 5 31 3 2 0 3 18 37 2 17 10 77 6 107 54 467 21 34 48 77 4 38 76 107 13 4 17 107 7 32 84 1011 80 22 57 83 4 76 529 1293 93 17 68 756 93 299 1192 1100 482 61 792 116 35 115 1612 176 33 2 18 46 48 40 366 88 58 11 71 12 15 10 99 41 29 2 44 23 95 31 433 44 83 4 20 0 11 2 31 2 0 0 6 1 26 4 18 82 86 4 40 16 16 23 108 34 57 3 27 37 181 40 195 391 928 208 2005 69 63 108 713 39 36 1 27 30 73 52 226 48 53 20 168 3 17 15 72 21 53 35 158 68 316 104 997 406 968 31 304 48 78 38 249 10 18 2 7 39 96 16 117 877 481 26 257 72 52 77 821 256 267 11 145 234 791 145 1853 1
15362 515 577 689 428 70 535 2884 1121 94 32 61 559 40 445 1060 467 24 32 47 31 6 32 93 622 45 44 70 1067 56 670 545 613 36 34 30 27 8 35 43 56 3 0 4 43 4 19 17 583 48 27 34 16 6 27 109 596 55 22 55 583 37 214 275 1317 40 22 15 43 2 59 80 125 10 2 8 49 1 46 58 41 1 3 3 0 0 9 7 34 3 3 5 66 8 31 62 1076 39 31 51 53 2 35 82 137 25 1 13 63 7 34 94 2772 100 31 114 75 8 80 730 1680 116 21 137 710 26 261 1001 1321 602 71 720 161 47 152 2759 155 42 0 30 61 62 22 483 75 41 2 80 14 5 19 128 52 57 1 33 32 35 34 241 37 55 2 15 9 2 9 22 4 3 1 0 2 11 6 8 85 86 1 30 6 1 6 124 31 34 0 11 9 29 5 124 883 1793 37 526 38 33 83 679 38 18 3 12 40 46 21 218 38 55 6 19 3 3 7 48 48 44 10 30 41 218 43 361 948 746 26 226 65 49 31 237 21 15 0 12 28 31 18 76 1024 824 24 283 46 63 58 1039 335 228 12 123 264 420 84 1461 1
3859 416 542 773 440 43 767 3293 737 38 30 62 651 30 1035 2431 385 40 35 55 37 1 22 79 688 40 22 59 1178 53 1438 869 414 35 22 14 23 3 23 32 27 2 0 3 24 1 18 17 701 50 12 14 31 2 39 80 1372 41 10 19 1076 32 382 265 308 23 18 19 46 4 54 71 47 2 0 0 43 0 44 34 35 2 2 2 2 1 6 5 41 1 2 4 35 8 26 42 508 24 20 23 28 4 10 62 52 1 1 1 50 0 11 47 2216 59 26 61 75 6 50 252 3928 45 7 44 1040 43 332 496 546 668 33 1588 49 40 56 3271 52 31 1 11 23 36 14 778 37 45 0 39 0 0 0 36 23 14 0 18 16 35 8 233 14 32 1 6 2 5 4 23 1 0 0 3 2 3 0 12 54 51 0 23 1 0 2 38 17 20 0 4 4 25 5 43 557 906 30 1516 33 49 63 1198 33 20 0 11 22 49 13 257 32 47 4 34 3 3 2 40 30 40 6 24 39 86 30 293 758 772 5 327 39 27 12 243 12 5 2 8 22 22 4 44 1306 674 11 246 33 27 20 419 585 227 11 67 273 216 79 649 1
3547 496 722 1204 374 41 925 2102 504 40 25 38 733 34 2174 2479 447 43 48 68 27 2 40 47 832 47 52 88 1725 66 3008 1478 722 53 25 25 41 4 23 17 27 3 0 4 27 2 18 10 1023 79 31 27 28 0 33 40 1286 55 8 14 1449 30 528 226 345 25 33 37 21 2 52 74 38 1 1 3 64 3 111 67 24 0 1 1 1 3 3 6 24 3 6 3 84 5 84 49 903 39 28 39 64 5 30 55 24 0 0 2 60 1 14 28 2031 49 15 34 71 4 35 117 1510 31 8 32 1049 30 331 345 565 950 30 1558 18 24 35 1579 31 20 0 39 25 32 18 701 35 86 1 34 1 1 4 25 17 39 2 21 17 47 17 306 34 53 0 22 1 2 0 9 0 1 0 0 3 0 0 5 58 74 0 17 0 7 2 13 27 14 0 1 11 9 6 73 861 2033 34 1812 80 112 77 1220 17 17 2 18 53 59 24 496 30 97 3 39 3 4 3 17 21 44 1 25 56 116 30 448 2154 3149 16 600 92 79 31 423 16 11 0 8 55 42 8 116 2486 1545 12 273 49 42 34 360 623 345 3 67 423 418 82 698 1
10444 482 817 716 360 45 618 2307 993 67 51 88 493 42 895 2272 385 49 81 77 14 3 27 66 512 72 112 61 1027 50 2314 886 682 89 63 32 63 7 17 46 52 1 0 1 63 10 23 20 544 74 35 40 13 3 29 72 648 73 25 24 1343 69 475 282 397 19 73 29 30 1 75 107 56 6 0 6 50 10 82 99 42 0 5 3 3 1 3 7 40 7 9 1 40 1 75 75 632 49 24 31 64 4 37 114 60 5 0 2 60 1 33 69 1783 73 39 94 61 5 61 506 1546 91 21 42 698 62 281 774 1237 667 42 1000 74 38 72 2073 124 55 2 24 27 45 23 771 75 54 0 80 1 0 5 65 35 32 4 38 37 61 10 335 40 112 5 37 2 9 0 12 0 5 1 0 3 5 4 15 74 66 0 35 2 4 3 70 11 17 0 9 12 48 7 103 637 1043 56 1331 52 57 59 911 42 33 3 12 25 59 46 459 33 54 4 58 2 2 4 47 33 30 3 37 70 149 58 646 909 2069 21 424 59 141 42 388 37 10 0 9 51 52 15 141 2367 827 21 358 91 52 40 976 568 289 9 131 254 590 101 1372 1
4402 546 817 1073 386 53 1069 1725 635 28 43 95 809 26 1896 2362 543 44 49 73 30 2 37 83 867 80 77 66 1767 79 2483 1471 793 58 43 34 21 5 21 29 26 6 0 3 39 1 16 12 995 79 24 32 39 4 42 51 1408 59 13 30 1564 43 570 313 384 29 38 30 56 3 70 65 21 0 1 0 66 2 65 75 39 0 9 7 2 0 1 4 39 2 0 1 74 4 82 75 972 40 32 29 68 6 45 46 38 1 0 2 77 0 27 29 1867 43 12 34 94 3 44 88 1610 26 13 23 1192 49 331 375 576 983 36 1669 21 45 41 1540 15 34 1 21 26 54 15 669 37 62 0 70 0 2 0 30 23 34 0 27 27 58 13 363 36 56 0 14 0 4 4 25 2 0 0 0 1 3 0 8 69 75 0 18 0 1 0 21 19 21 2 2 18 19 1 65 820 2067 35 2037 59 96 90 1279 30 23 4 6 57 56 32 472 32 74 1 35 4 2 2 41 53 57 0 25 48 121 41 500 1899 2484 12 606 88 77 49 280 19 17 0 2 37 31 6 73 2183 1389 12 245 61 53 26 323 523 340 10 59 397 471 68 740 1
7149 471 917 767 752 61 1080 3636 889 61 35 41 764 54 1390 3291 485 43 60 47 42 3 48 98 607 52 86 48 1408 55 2143 957 745 79 64 28 44 0 32 40 33 4 3 0 55 6 26 24 788 52 44 25 46 4 33 84 957 38 17 20 1142 52 398 319 415 22 50 30 44 0 47 76 24 3 1 0 44 3 57 61 51 0 3 5 3 0 1 5 38 3 7 5 70 4 88 43 761 39 28 26 63 1 30 72 32 6 3 1 29 5 21 32 3003 74 29 82 84 10 54 468 2653 22 10 30 694 31 224 626 657 560 38 824 38 37 54 2045 90 28 3 20 35 55 28 926 47 47 2 34 1 3 4 52 23 16 1 31 25 57 17 366 36 103 9 17 0 0 1 10 0 1 0 0 2 6 2 7 28 79 1 23 2 10 6 30 18 26 0 13 7 52 8 109 552 1663 56 1371 43 56 58 701 25 19 1 7 32 79 37 294 37 62 4 47 7 4 1 41 43 51 5 46 50 224 62 711 960 1539 18 354 50 74 16 247 15 8 2 3 40 56 10 85 1936 685 5 234 31 39 31 646 623 244 6 65 262 587 92 994 1
4325 395 921 842 411 33 780 1814 724 84 29 72 720 38 1187 1718 360 43 60 63 36 4 37 65 730 57 75 56 1644 79 2518 928 959 75 105 37 57 5 49 15 52 8 0 2 61 3 13 8 798 71 46 44 55 8 63 71 1281 82 26 42 1826 93 598 336 431 41 66 47 52 11 70 62 55 2 1 2 80 7 56 55 25 4 9 2 3 0 2 9 23 2 4 9 75 2 84 48 906 52 43 64 41 3 47 90 50 3 1 3 76 4 29 48 1803 91 46 77 72 11 72 315 1814 55 15 40 967 53 311 515 860 754 49 1371 49 28 66 1792 67 51 4 19 36 55 34 691 48 72 1 81 1 4 1 85 33 41 2 53 17 91 18 347 59 65 2 37 0 1 1 16 4 2 0 0 3 7 0 13 45 90 2 48 0 1 2 42 19 36 0 10 22 52 7 111 896 2011 70 2186 88 87 69 1050 36 35 2 29 35 104 40 431 41 100 2 80 7 9 2 63 58 98 5 59 81 303 38 699 1399 2096 33 687 64 77 31 404 20 16 1 5 52 54 5 107 2159 1102 26 407 59 77 46 630 639 411 5 106 393 750 94 1224 1
5800 539 1346 750 493 54 636 1803 1122 106 95 155 583 62 936 1650 347 61 155 80 32 6 55 105 565 76 134 94 774 67 1315 803 1255 150 184 74 115 28 71 57 102 9 14 3 99 21 35 44 565 90 50 63 39 8 49 99 625 96 44 58 843 115 453 409 479 55 116 73 66 9 87 124 89 8 7 15 69 1 106 138 80 8 34 18 6 6 7 12 54 7 26 11 67 16 140 99 695 71 71 83 89 13 53 110 114 21 4 27 71 10 43 104 1332 80 73 89 75 23 98 496 1075 95 48 123 668 116 385 990 1347 618 102 976 114 80 115 2188 190 63 10 46 93 57 57 677 91 58 16 129 17 13 18 177 50 63 6 75 30 75 41 414 101 193 12 49 7 25 9 71 21 7 0 1 11 28 3 62 99 106 5 64 14 17 21 110 56 52 3 30 42 106 47 263 583 949 113 1031 75 101 109 796 52 59 9 43 64 108 89 489 69 59 23 130 7 11 17 115 67 90 28 118 78 323 155 1207 678 1230 50 492 88 167 32 450 33 41 3 28 81 181 51 313 1330 675 34 399 114 100 88 1195 465 409 41 250 389 1081 196 2768 1
5188 441 428 668 399 29 546 2171 620 30 27 30 603 38 1003 1948 565 49 24 30 36 6 19 55 891 39 27 52 1875 47 1357 719 487 22 23 19 21 4 18 27 29 0 0 1 22 1 8 7 1023 50 27 26 41 3 27 55 1839 27 11 8 2082 21 355 179 582 31 23 41 48 0 35 60 34 3 2 2 33 2 27 31 64 8 2 2 1 0 3 11 36 0 0 1 56 7 29 30 998 42 26 25 54 4 27 68 42 0 0 3 38 0 20 18 4814 82 48 56 119 17 81 347 4042 37 19 23 1302 43 297 443 795 725 23 1339 20 22 31 2650 75 41 4 20 18 32 9 607 27 26 0 28 2 1 0 39 23 11 0 21 22 58 2 180 32 39 0 11 0 5 0 9 0 0 0 0 1 0 0 5 32 39 0 20 0 0 0 17 14 21 1 0 9 17 7 43 828 1635 25 1774 40 61 42 993 32 15 1 5 10 40 12 233 60 44 1 29 1 3 7 42 56 47 0 23 42 137 24 272 1321 1516 18 412 21 22 21 298 16 13 1 4 16 17 4 44 3745 940 15 261 43 38 19 557 987 237 1 59 252 259 46 632 1
6016 466 929 794 450 34 863 3107 1009 61 21 79 828 28 1183 2380 452 47 68 56 28 7 47 83 797 74 61 63 1652 65 1934 1103 899 46 85 25 43 9 32 56 43 2 0 1 26 4 18 16 723 59 36 40 32 4 53 91 1036 48 16 23 1309 55 399 381 405 34 56 34 62 1 76 72 52 3 2 0 54 1 54 58 36 1 7 3 5 2 7 6 34 3 4 6 78 1 64 49 708 61 30 29 61 3 46 92 46 6 2 0 72 7 29 40 2012 63 38 69 79 11 70 493 1679 46 23 55 915 51 347 694 1017 752 54 1109 56 31 45 1976 84 46 3 35 50 57 14 717 56 63 0 62 7 1 2 62 40 30 2 33 24 59 13 360 39 46 1 7 0 3 1 18 0 2 0 2 2 1 0 4 61 78 0 29 5 2 1 37 23 39 0 4 15 33 8 68 799 1820 54 1641 64 72 78 938 31 26 1 9 19 89 35 384 26 63 5 34 5 1 1 52 40 47 4 41 82 336 40 707 1053 2177 23 556 61 86 25 327 23 6 1 8 36 57 13 84 1998 917 12 327 44 57 42 778 606 266 7 76 332 632 59 1140 1
6089 613 612 975 603 49 884 3275 878 43 31 54 815 33 1299 2500 631 49 22 53 25 0 31 120 955 50 41 63 1335 63 949 933 683 22 40 19 50 0 23 37 21 1 0 0 32 1 7 14 941 62 23 36 36 0 60 108 1402 62 6 20 1148 33 285 272 609 36 32 39 45 1 73 107 53 5 1 2 44 2 42 54 58 1 1 5 3 1 1 3 40 3 3 0 63 1 42 41 1061 26 32 50 67 5 39 92 43 1 2 0 79 2 27 45 4187 105 27 103 114 20 91 425 2529 49 13 31 951 54 318 557 885 792 22 1254 33 24 38 1908 91 23 0 17 23 41 16 536 40 40 0 66 1 1 3 42 26 33 1 20 15 47 15 270 34 39 3 17 0 5 0 15 1 1 0 0 3 1 0 4 58 78 1 28 2 0 3 27 26 24 1 6 11 19 0 57 888 1453 41 1098 41 72 86 865 21 30 1 8 25 57 24 249 47 91 0 46 4 7 0 48 71 61 0 26 59 169 34 364 1326 1104 18 287 70 18 25 219 14 12 0 4 12 26 7 58 3467 1036 19 294 52 52 38 574 851 292 10 49 254 454 35 781 1
4359 405 804 887 390 31 923 1779 555 64 19 45 877 25 1469 1830 378 29 34 57 25 1 43 49 844 64 40 70 1729 79 1671 1277 675 37 25 28 32 6 27 29 24 1 0 2 69 0 13 13 880 66 31 47 27 1 43 38 1894 90 19 51 2263 80 534 342 402 15 47 34 56 1 55 56 40 4 2 1 72 2 75 56 30 1 2 2 1 0 1 3 18 4 1 7 63 0 48 48 901 22 45 33 57 3 35 43 77 2 2 1 84 0 39 35 2158 74 31 64 49 4 39 125 2663 87 11 37 1337 62 291 393 572 754 32 1874 41 26 59 2204 39 27 0 19 25 30 15 770 38 89 0 73 5 1 0 78 25 58 1 39 30 72 8 418 26 41 0 26 0 2 2 9 1 0 0 1 1 5 0 5 34 78 0 51 0 5 0 44 10 36 0 17 22 30 4 91 859 1834 70 2238 75 78 106 1347 30 28 0 20 53 79 32 385 54 68 1 83 0 2 2 39 38 56 0 42 57 142 26 555 1622 1554 23 560 48 66 29 370 20 7 0 7 29 25 8 96 2045 1206 14 447 35 31 38 455 688 380 5 103 339 535 56 911 1
15362 326 733 486 482 48 677 1900 1490 96 47 75 606 47 615 1456 375 30 50 75 56 1 48 75 682 64 63 96 1180 60 589 566 531 40 44 18 73 7 31 49 68 5 4 4 71 9 26 8 446 56 22 36 52 2 35 87 976 118 25 43 1719 91 305 320 371 27 57 22 41 3 84 80 175 21 13 21 77 2 47 80 47 3 12 0 1 1 4 15 30 6 8 6 37 1 33 54 377 16 26 37 61 1 22 76 232 19 5 26 107 11 34 87 1048 79 39 74 89 8 71 664 1627 228 22 188 757 72 308 1392 1067 482 83 849 216 48 219 1893 207 48 8 16 49 43 31 453 105 51 4 95 21 9 23 255 55 19 0 55 20 59 28 338 33 34 7 29 8 11 11 26 1 1 0 2 5 14 14 12 82 43 1 61 22 6 29 198 57 47 1 40 38 84 23 174 449 565 58 889 46 50 95 637 25 24 7 25 43 26 31 286 20 59 9 80 1 7 4 67 46 48 10 62 45 141 44 677 466 302 6 213 54 38 42 271 18 15 1 21 41 27 8 149 781 378 27 253 81 24 99 1156 375 206 16 171 199 409 116 1707 1
7195 509 1292 756 414 93 652 1829 1264 157 98 122 682 75 842 2006 411 72 122 97 47 5 53 102 557 78 166 135 671 77 1131 814 1200 203 129 73 139 27 65 60 88 6 8 3 96 24 51 51 515 102 45 51 52 13 84 79 670 99 37 76 809 123 427 362 401 66 106 58 53 10 99 118 129 16 13 14 107 12 109 161 49 4 20 14 6 0 16 13 32 6 25 12 76 13 178 119 567 44 71 93 79 15 47 102 124 15 1 19 109 8 80 142 1176 56 49 93 75 16 80 501 1051 132 22 110 641 82 380 1225 1283 593 69 895 157 57 145 1852 238 69 10 41 57 61 62 819 93 75 8 107 26 9 15 144 68 66 4 49 52 74 31 409 89 123 11 50 6 30 11 49 15 12 4 8 5 31 7 30 153 150 8 42 23 11 20 145 34 41 1 34 31 104 37 278 580 864 102 1143 83 64 123 814 55 48 8 54 58 89 64 509 56 91 26 121 13 7 12 76 32 108 30 108 85 273 131 1172 646 1283 42 499 92 165 74 444 28 34 3 31 51 167 33 252 968 607 30 359 120 97 114 1047 470 355 40 210 356 957 232 2717 1
8448 462 791 550 454 64 640 2102 1322 76 57 75 516 27 924 1588 582 55 92 67 31 1 27 57 625 38 117 85 1041 57 2025 736 931 90 58 30 53 4 51 50 44 4 3 2 63 11 38 13 832 77 60 27 31 6 50 107 803 68 27 25 708 55 352 296 803 51 61 36 28 8 50 90 73 10 7 8 52 1 82 97 100 1 7 7 3 1 2 15 53 7 0 5 65 6 116 69 968 42 39 51 63 3 34 89 97 9 2 11 65 7 39 66 3001 85 41 111 72 23 92 816 1829 99 25 90 714 55 283 1100 1246 617 61 664 85 31 95 1604 245 48 8 32 58 53 29 565 92 77 5 45 7 14 6 96 57 41 0 33 27 36 20 230 52 103 0 31 2 8 5 18 3 4 2 0 6 6 1 7 83 105 0 21 2 3 3 80 25 30 1 6 19 59 8 87 813 1232 50 954 67 52 73 565 61 27 3 21 24 54 45 212 49 66 5 55 2 11 1 51 52 69 6 64 64 207 107 597 1227 1850 21 453 75 141 62 349 28 20 0 12 63 84 18 181 2054 888 27 315 88 73 80 1068 626 289 4 111 340 607 143 1705 1
4664 363 937 793 439 43 864 1812 714 61 61 52 780 63 1179 1590 370 44 49 72 60 5 43 94 708 49 70 79 1678 90 2428 946 914 68 68 47 65 5 50 40 50 3 0 4 76 6 36 13 781 77 44 59 35 5 41 83 1213 69 31 46 1737 83 541 315 455 41 64 47 45 6 58 82 49 2 2 2 87 4 54 44 20 10 2 2 6 1 1 11 39 6 3 7 76 5 92 60 868 54 38 59 62 4 51 96 50 6 0 1 74 3 36 53 1786 100 37 93 62 9 79 286 1781 59 19 56 881 89 348 594 877 815 58 1222 62 51 65 1772 79 44 1 19 43 46 30 639 48 53 3 78 6 4 3 78 43 53 1 39 44 79 22 424 58 78 1 27 1 8 2 25 4 1 0 0 0 4 2 9 62 69 3 36 7 7 1 50 27 32 0 20 9 58 5 125 855 1911 65 2243 53 85 86 964 51 43 2 25 48 97 32 403 49 88 4 62 3 10 5 80 52 83 6 41 78 282 48 822 1405 2150 38 643 65 70 40 388 22 24 3 12 30 64 14 112 1920 1063 31 414 86 81 60 646 709 401 13 126 400 707 105 1332 1
4498 404 625 692 348 25 605 2558 728 32 16 29 558 30 983 2219 405 40 30 59 25 6 22 75 696 56 61 65 1159 49 1563 848 718 27 50 24 45 5 14 37 30 1 1 2 42 1 24 8 883 85 29 30 31 1 44 70 1204 51 18 17 1465 42 407 287 608 38 35 31 38 5 65 70 61 4 1 0 35 3 39 42 38 4 1 4 1 0 6 7 38 0 3 2 71 1 40 31 996 48 27 47 50 4 32 64 49 1 1 3 60 2 16 29 4293 96 37 131 108 13 93 443 3138 66 24 49 956 52 268 583 1073 707 32 1229 27 31 37 2249 87 30 2 17 27 45 19 586 51 57 1 55 2 0 0 37 40 22 1 34 18 28 11 296 40 51 5 23 0 1 0 14 2 0 0 0 2 2 0 5 50 63 1 24 2 1 1 40 16 28 1 7 8 26 2 64 962 1380 49 1864 51 55 53 993 27 22 0 11 25 50 22 314 43 54 2 53 1 9 7 48 65 62 1 37 41 152 30 413 1564 1781 26 528 58 43 22 288 16 8 1 2 40 34 2 63 3833 1170 17 396 55 35 31 651 1036 287 5 73 345 493 65 807 1
8292 496 541 623 396 17 747 2231 1281 115 95 150 690 47 1721 3886 403 81 73 99 27 3 26 96 478 66 75 125 625 74 1541 1503 536 75 39 27 61 8 24 35 41 8 7 10 71 12 19 22 553 67 18 36 27 4 37 125 644 74 20 46 952 81 365 359 509 15 61 44 69 4 75 72 90 20 5 8 81 4 96 121 38 0 8 4 3 3 3 10 22 3 9 3 18 0 61 76 641 26 25 11 69 3 42 95 97 13 6 12 104 4 62 109 2361 104 38 93 68 7 96 945 1582 85 16 84 713 57 293 1071 1302 516 51 706 65 29 105 1704 116 46 4 26 45 26 21 582 125 94 6 99 12 11 6 99 27 18 2 39 21 32 12 306 79 82 0 5 8 4 2 11 4 1 0 1 2 5 1 5 148 117 2 32 11 11 16 89 20 45 1 30 9 58 7 162 537 619 62 970 74 32 114 832 51 20 4 13 35 32 71 285 29 39 3 58 1 5 11 65 18 44 7 47 22 100 65 362 1093 1212 25 278 107 84 38 351 23 21 0 8 46 40 32 131 3707 1005 19 234 124 80 131 1160 546 192 10 111 194 363 131 1467 1
5031 499 487 733 383 37 594 2036 1370 64 42 58 601 35 803 2015 667 53 45 69 50 2 30 79 920 56 43 56 931 60 1207 701 642 47 32 20 32 5 12 41 55 9 1 0 38 5 22 20 1074 72 31 28 54 3 44 90 1939 91 23 18 1459 46 371 352 481 38 48 42 59 1 72 81 85 4 3 3 58 6 74 74 46 1 4 7 4 2 6 14 68 1 3 1 60 1 40 49 774 38 27 43 89 6 29 64 143 4 1 10 69 11 30 66 3717 117 43 90 104 8 102 702 4249 83 35 96 1494 58 450 986 1134 726 60 1443 85 54 107 2551 127 36 3 23 45 49 29 563 81 51 3 95 9 2 2 88 33 31 1 30 28 54 19 224 54 42 1 11 1 3 3 27 0 4 0 0 0 2 0 10 103 61 5 44 8 4 11 54 26 28 1 25 17 20 9 83 702 845 50 1419 67 44 75 1058 40 13 3 14 31 41 29 242 35 39 4 57 2 1 1 62 50 26 8 33 39 79 29 277 904 1260 11 352 48 34 32 319 15 6 0 1 42 31 7 99 2230 856 25 296 89 58 53 939 843 278 12 118 300 325 89 1167 1
4663 414 529 967 426 45 741 3111 705 45 28 50 582 29 1320 2596 429 51 34 65 32 2 43 97 773 48 40 59 1441 69 1422 948 529 35 27 35 30 6 41 41 23 0 3 2 28 1 9 15 1019 54 30 23 35 5 39 59 1455 13 13 22 1155 27 403 254 439 43 34 38 33 6 41 97 42 0 2 1 44 1 56 61 44 6 6 4 3 1 2 15 47 1 3 0 64 6 39 49 978 30 24 40 37 8 31 68 37 0 0 1 51 2 13 33 4756 87 43 76 98 9 69 216 3318 41 11 21 1072 51 286 389 705 838 29 1432 43 47 39 2721 57 32 0 25 21 48 12 680 48 37 1 21 1 3 2 33 19 26 1 18 23 49 12 289 39 36 2 18 0 4 1 20 1 0 0 0 1 2 0 4 40 58 0 19 2 2 3 15 15 14 0 5 9 9 4 55 785 1322 25 1114 47 48 30 1118 27 28 0 11 26 38 28 313 27 83 2 23 2 4 1 31 55 37 0 17 55 115 19 353 1558 1547 13 461 46 45 14 361 16 14 0 9 19 25 5 61 3544 1079 19 335 50 52 22 446 1000 306 2 49 318 350 52 653 1
4622 450 577 852 420 47 745 2400 857 56 36 48 726 32 1295 2546 508 67 30 52 55 3 37 74 873 52 36 62 1393 50 1486 1026 568 39 23 26 34 6 28 40 28 1 3 1 27 3 22 8 892 73 32 37 27 7 32 56 1607 34 11 27 1468 27 398 307 447 36 54 56 36 3 70 75 48 2 4 3 58 3 46 77 37 3 3 2 7 0 3 4 58 5 1 2 67 9 31 45 735 29 24 50 73 8 35 86 62 2 0 10 71 2 19 50 3199 85 50 67 88 15 74 301 2934 54 13 37 1172 47 314 548 883 869 27 1680 49 53 60 2758 86 42 0 28 33 50 29 732 44 65 1 45 6 2 0 62 20 23 1 27 19 42 10 257 39 44 2 12 0 2 1 25 7 1 0 1 2 1 1 7 56 74 3 36 4 0 4 33 20 12 0 4 17 21 5 68 790 1643 47 1953 56 71 75 1270 40 25 0 19 39 59 18 289 48 64 1 44 4 3 1 46 31 41 1 30 44 99 23 313 1101 1656 23 557 48 23 21 358 12 6 1 8 29 25 5 84 2832 896 20 339 57 42 47 603 899 267 10 84 274 340 67 924 1
5783 456 961 799 401 58 782 3181 1086 52 49 78 634 42 948 2157 462 39 45 83 37 7 28 55 714 74 33 65 1030 77 979 857 909 53 87 34 70 11 46 62 34 4 1 1 67 9 20 21 912 73 27 27 38 9 44 104 1030 72 26 29 1413 85 421 315 511 47 60 40 49 6 61 101 51 11 1 9 62 2 53 73 58 11 7 7 6 2 4 7 47 8 2 3 59 10 60 60 1006 40 63 59 46 3 43 94 83 10 4 8 63 7 27 57 2880 84 61 99 87 10 101 542 2212 82 24 51 870 54 326 794 1010 692 47 1002 53 57 77 2027 161 57 2 24 47 54 30 822 70 56 4 78 16 8 4 53 54 48 4 38 35 64 12 301 53 67 7 20 5 7 1 26 2 5 2 0 3 4 0 8 92 76 0 36 5 1 4 50 26 28 0 12 14 63 10 100 696 1298 79 1441 58 66 76 862 48 32 7 21 36 59 37 370 77 88 3 85 6 12 6 65 70 82 1 50 69 377 41 692 1099 1098 36 465 65 72 27 340 24 9 2 13 25 57 6 113 2539 903 29 350 63 63 64 856 843 371 14 135 315 670 109 1401 1
5773 547 796 851 525 69 842 3317 1237 111 39 112 640 41 849 2365 418 41 55 71 29 8 28 109 603 70 62 70 914 59 1148 809 725 72 57 16 85 2 29 32 49 1 1 3 104 12 17 26 744 63 36 31 28 2 41 125 1177 78 25 46 2257 75 369 371 355 20 78 38 62 5 62 82 98 11 2 6 57 7 52 103 45 1 10 5 2 1 7 13 39 3 7 1 68 6 67 69 682 21 16 49 64 3 49 95 80 7 3 19 77 1 40 82 2399 81 15 59 87 7 71 637 2629 85 22 73 1064 54 318 1061 1177 727 38 950 91 49 107 2615 150 37 4 38 34 54 32 851 77 58 1 75 4 3 4 96 37 38 1 39 16 53 21 276 48 58 2 27 1 10 2 21 1 2 0 1 1 10 1 10 105 101 3 53 8 9 7 79 25 52 1 21 13 65 12 121 537 829 98 2121 58 44 77 887 37 33 3 17 40 38 36 289 32 45 2 97 3 4 7 66 36 52 8 57 59 174 67 523 866 934 30 412 63 70 33 334 33 15 0 17 18 54 18 125 2129 752 16 276 81 63 81 1059 572 235 16 102 262 504 113 1383 1
4982 487 710 827 448 39 963 3246 1142 81 62 71 817 53 1760 3296 395 51 34 83 26 2 31 109 701 75 36 100 1035 51 1728 1342 535 36 45 36 35 5 29 51 50 4 1 3 39 4 37 15 622 76 42 39 29 6 49 103 1049 85 11 34 1152 54 493 392 381 37 41 38 47 3 90 85 62 4 0 1 67 3 85 104 39 4 2 2 3 4 1 5 27 7 3 4 55 3 60 49 703 25 23 45 70 2 44 72 63 4 0 5 105 5 46 64 1959 104 30 65 100 6 94 433 2079 91 19 87 781 56 303 894 1093 732 55 1312 88 46 96 2744 138 57 2 24 30 32 38 794 44 71 4 69 5 1 3 94 24 31 0 27 34 48 13 350 38 59 0 19 1 5 2 25 2 4 1 1 0 2 0 8 85 98 0 44 2 2 3 66 17 33 0 18 14 26 11 123 714 937 35 1061 57 71 71 1055 34 22 5 15 33 45 33 374 22 44 8 69 6 7 7 61 44 47 0 29 40 77 27 423 1351 1674 15 441 69 72 41 375 32 11 0 9 33 55 17 106 2504 1062 28 395 95 61 83 914 567 288 14 114 295 371 77 1217 1
6965 450 679 771 549 46 811 2117 1237 79 65 85 825 54 1410 2784 624 61 57 76 59 2 47 98 845 69 61 69 1121 60 1385 1188 671 56 36 37 51 17 40 44 57 2 0 0 48 14 18 26 854 69 40 37 44 3 62 109 1449 104 25 45 1469 88 459 366 506 33 77 32 70 1 78 81 70 6 3 4 58 3 94 83 59 3 5 5 4 1 4 15 47 18 6 4 56 3 64 77 651 19 7 32 64 4 40 71 93 3 0 11 84 7 61 72 2262 90 34 74 86 10 82 715 2696 92 14 65 1156 56 361 999 1077 592 50 1035 61 41 96 2139 91 32 5 28 44 35 36 608 58 69 2 76 5 4 4 106 32 53 9 47 33 63 27 333 46 59 1 15 3 7 4 38 1 2 0 0 5 4 3 10 99 75 7 32 4 3 11 59 28 39 2 26 13 66 21 151 592 943 73 1635 61 39 85 888 31 20 1 9 37 41 30 354 39 48 5 63 7 1 8 44 34 54 5 51 42 128 58 530 902 1246 12 332 71 68 38 326 23 17 0 11 27 56 22 155 1496 722 16 272 60 51 77 855 488 251 6 138 293 469 119 1334 1
6048 872 738 1216 513 46 868 3203 826 39 39 63 665 35 1014 1966 464 55 35 75 18 8 25 79 796 64 44 98 1447 66 1621 842 633 39 27 21 38 0 24 40 42 2 0 1 38 2 19 11 747 56 17 31 29 2 33 85 1159 55 20 21 1242 58 404 262 446 44 35 51 43 5 85 103 50 2 1 3 44 3 78 72 33 2 1 0 1 0 1 11 28 4 8 3 40 8 67 57 755 40 29 30 64 6 26 105 44 1 0 0 62 3 28 52 2574 119 25 103 102 8 71 409 2249 52 19 28 908 31 276 591 1056 952 23 1834 65 44 37 2600 82 26 3 27 33 42 17 629 47 55 0 54 5 5 2 40 21 41 0 20 27 52 11 296 32 47 3 13 1 4 4 13 1 0 0 0 0 1 0 9 66 81 1 35 3 7 6 33 25 41 0 6 7 37 8 49 724 1622 46 1969 47 78 62 1280 31 31 0 18 42 55 23 383 31 46 0 63 6 1 3 64 27 39 4 45 40 87 43 417 1171 1405 8 387 58 74 32 371 21 13 0 9 42 42 8 98 2618 913 19 343 73 56 55 624 654 249 7 73 256 388 82 964 1
4590 464 697 767 371 48 628 3177 902 41 40 50 704 36 1060 2638 451 26 43 52 35 5 30 110 834 47 49 52 1616 58 1115 827 734 31 46 40 54 10 38 42 32 2 1 2 51 4 18 18 818 46 55 51 23 5 53 79 1299 55 17 33 1456 86 462 373 404 41 61 36 33 4 64 109 59 2 1 8 46 2 39 70 47 4 5 4 2 0 3 16 52 1 8 9 54 11 51 47 920 43 41 48 55 6 43 107 75 7 1 2 48 3 26 56 3368 115 44 95 104 13 74 455 2646 81 23 55 935 78 340 726 1142 708 44 1081 59 40 73 2553 113 46 2 29 45 60 20 955 64 46 2 44 4 4 2 59 38 46 0 20 23 56 16 307 46 46 1 26 1 9 1 34 1 0 0 0 2 7 0 16 67 76 3 18 6 1 7 44 35 35 1 15 19 49 8 101 806 1132 58 1342 45 54 45 827 56 41 0 23 42 50 40 370 41 69 3 66 5 7 0 75 62 71 6 40 47 130 40 521 1164 1045 26 406 60 63 26 381 28 15 0 6 27 22 11 110 3183 929 30 390 74 55 55 774 830 372 10 99 314 490 84 1212 1
5163 725 733 1049 416 38 818 2633 882 66 41 76 763 51 1261 1959 443 53 45 62 17 5 21 63 812 57 52 100 1133 59 1558 966 609 34 50 30 47 2 29 29 23 0 1 0 40 7 20 16 793 80 31 43 31 7 31 74 1250 71 19 23 1162 55 462 332 388 31 44 30 51 1 75 105 70 2 1 4 55 1 59 68 21 4 1 7 5 1 5 9 31 4 2 7 68 3 60 48 718 27 27 36 45 5 53 101 72 5 1 2 70 7 53 36 2474 108 40 68 94 12 76 316 2587 75 31 70 1010 58 370 717 1021 939 43 1566 47 42 46 2127 88 38 0 30 30 43 19 632 63 52 2 70 1 2 4 67 46 20 4 28 19 60 9 308 43 60 3 34 2 3 7 20 4 0 0 2 1 5 0 3 97 87 1 42 2 0 2 43 27 40 0 6 8 50 9 86 730 1255 54 1922 50 90 70 1183 62 34 4 12 54 60 33 414 36 43 4 79 1 1 4 41 50 58 5 39 66 119 31 470 1304 1458 15 458 79 52 56 434 36 21 0 5 30 34 18 118 2848 1073 30 438 70 81 61 761 884 307 4 104 350 499 117 1186 1
3831 426 494 816 370 39 863 2903 743 49 18 50 654 36 1087 2249 361 48 19 43 26 1 23 85 652 33 30 52 871 51 1109 861 362 26 21 18 27 0 16 20 26 2 0 1 26 1 10 19 650 34 10 37 36 0 37 62 1533 36 11 24 968 33 320 290 264 12 27 26 36 7 57 70 45 5 2 1 39 2 39 49 28 0 7 3 1 1 3 5 21 3 2 3 54 1 39 41 525 24 16 29 51 4 30 74 28 1 0 3 49 10 18 34 2312 54 16 52 64 0 58 227 4084 39 11 28 1146 34 308 517 592 673 26 1941 48 45 46 3635 61 28 1 21 20 29 9 797 31 44 5 48 1 1 0 59 31 21 2 27 13 36 14 284 33 35 1 12 0 1 0 21 1 0 0 0 3 2 0 4 23 57 3 16 1 4 2 42 9 26 0 3 15 23 4 54 504 1001 25 1844 45 47 60 1272 24 11 0 9 27 49 16 221 25 31 1 42 3 2 1 37 21 30 1 10 34 97 26 240 648 793 9 354 27 30 19 287 9 3 0 9 18 20 5 58 1420 610 6 227 39 26 28 459 557 206 0 60 248 209 50 630 1
4905 458 616 874 520 56 1006 3047 1195 79 82 102 815 40 1709 3375 346 69 50 78 27 10 20 118 581 73 55 114 1028 49 1670 1338 504 55 26 46 25 1 24 62 62 3 0 0 56 3 19 28 622 69 22 34 27 4 57 68 1082 69 20 46 1065 69 429 446 340 30 46 22 47 1 56 97 80 8 1 6 72 6 81 119 25 0 4 7 5 0 3 10 29 5 2 2 55 2 74 48 671 38 19 48 64 3 61 77 66 6 0 3 92 2 44 74 1853 96 41 88 86 11 94 445 2025 102 25 65 854 61 319 936 1248 725 60 1241 54 51 106 2604 102 48 3 38 33 61 25 723 67 78 0 67 4 6 5 98 39 45 2 46 15 50 19 363 72 60 0 23 2 3 0 17 0 2 0 2 1 6 0 11 129 101 2 45 0 5 1 86 27 47 1 6 20 52 9 113 686 934 47 1073 72 64 112 1015 46 36 0 15 49 45 37 378 36 51 2 35 1 1 4 52 33 39 6 26 46 113 45 421 1377 1538 15 432 69 92 32 388 26 26 0 10 56 51 28 158 2481 1023 26 374 87 55 67 1085 585 301 7 129 277 389 103 1428 1
5124 369 562 677 415 32 622 2976 778 25 25 37 582 33 901 2138 575 37 29 44 39 4 30 53 838 60 33 53 1550 42 1502 827 765 39 61 23 48 4 12 34 26 1 3 2 41 0 9 3 1007 69 43 23 38 1 47 54 1239 33 13 16 2134 24 448 257 481 52 32 25 37 1 42 88 45 4 0 0 55 2 44 26 56 9 4 5 5 0 5 14 60 0 1 2 85 4 40 45 1010 53 31 42 56 6 21 67 53 2 0 2 45 3 15 23 4453 114 41 100 84 17 87 404 3217 34 13 30 1064 37 259 525 1032 582 20 886 31 23 32 2568 118 29 1 20 42 34 5 653 33 36 0 44 1 1 2 30 39 22 4 23 24 51 17 200 23 37 1 18 2 2 1 13 2 1 0 0 0 1 0 3 48 35 0 12 1 1 0 30 18 9 0 6 7 24 10 29 721 1293 35 1198 50 43 44 754 36 17 0 5 31 51 21 259 44 42 3 39 4 5 7 36 49 48 1 24 65 109 22 336 1264 1664 14 509 46 32 13 274 13 12 0 1 22 18 2 53 3962 987 16 293 41 43 23 687 1238 340 5 54 365 424 60 794 1
9533 437 933 822 456 48 968 3412 1028 36 28 54 722 40 1038 2673 507 49 56 80 28 0 29 104 604 31 54 79 1374 46 2009 889 736 74 61 32 64 5 30 36 38 4 0 0 34 1 20 23 686 67 47 41 25 1 54 104 782 70 13 15 1195 63 434 261 559 29 41 32 38 1 61 106 61 3 2 2 37 3 36 49 41 2 4 4 5 0 0 4 35 2 5 3 45 0 58 43 641 28 32 45 60 2 24 69 65 12 1 9 43 0 20 42 2474 57 26 60 73 6 88 591 2089 45 16 59 655 26 235 813 945 662 44 924 62 42 61 2103 91 32 1 20 40 39 16 786 67 36 1 46 1 3 1 67 31 30 0 27 19 57 18 318 36 78 0 11 0 1 4 11 1 4 0 1 0 7 0 12 47 50 2 26 3 7 7 65 21 27 0 1 8 39 11 72 699 1286 60 1534 42 59 85 771 35 17 1 6 22 65 33 296 36 63 0 82 2 5 4 45 36 58 4 34 56 215 59 691 872 1679 13 419 39 76 27 253 20 25 0 8 35 83 5 79 1587 757 18 303 46 53 40 703 435 255 9 88 226 562 85 1061 1
5437 567 580 938 545 41 857 2599 834 51 13 60 784 24 1231 1981 622 46 35 91 31 2 25 93 943 45 39 77 1555 48 1191 870 570 48 24 21 18 2 11 15 22 0 3 3 30 4 3 6 1069 80 19 29 35 4 37 81 1655 51 13 19 1264 35 327 290 591 60 16 18 68 2 79 82 49 10 0 3 71 7 53 43 54 1 4 3 3 0 2 6 47 0 4 1 60 7 41 49 1008 14 38 54 59 0 17 76 48 3 0 5 111 2 27 35 4175 115 34 79 121 11 92 257 3779 42 15 21 1186 46 316 465 820 928 22 1253 31 34 36 2044 40 15 0 7 22 30 12 499 49 45 0 57 4 3 0 45 21 25 0 40 17 27 3 202 35 38 1 8 2 5 2 8 0 0 0 2 0 1 1 3 60 73 2 21 3 3 0 14 20 26 0 3 7 22 4 55 983 1659 40 1058 66 50 79 916 25 14 1 3 13 58 35 240 35 59 2 29 2 8 4 27 27 36 2 19 32 110 21 328 1531 1520 14 347 78 38 15 288 8 4 0 4 24 19 6 43 3336 1126 13 271 57 33 57 461 847 274 3 62 298 319 66 683 1
13433 659 1247 788 450 46 547 2943 995 126 65 143 449 59 635 1244 409 79 162 85 51 9 45 95 412 60 157 106 609 45 1787 554 1074 174 134 51 100 16 34 49 33 4 14 2 64 33 32 45 428 89 43 50 21 12 48 79 380 76 17 37 712 76 205 187 589 62 109 37 61 7 64 107 111 27 14 23 95 5 84 129 25 2 27 5 1 0 12 19 28 1 15 15 37 12 137 81 597 47 36 49 51 10 24 98 87 16 3 23 79 24 57 136 1277 85 16 104 51 11 59 677 924 102 22 128 424 53 219 795 1182 615 64 615 153 40 101 1311 173 34 4 37 43 46 35 352 109 90 16 92 28 5 21 109 36 37 10 37 36 52 31 224 51 193 15 37 12 32 3 28 4 10 0 5 11 25 6 34 106 100 2 47 19 7 31 130 29 26 0 37 17 112 14 218 673 1365 96 1104 80 84 90 606 18 37 13 25 44 69 56 288 33 52 15 91 0 1 11 39 32 52 26 117 45 333 137 1030 637 1936 25 307 105 227 35 319 34 13 6 17 61 188 44 238 993 658 23 237 107 83 141 1039 212 174 14 145 185 959 179 2164 1
6632 716 585 1117 615 52 1040 3469 737 46 36 45 804 35 1302 2200 609 60 36 55 37 8 37 93 705 54 32 70 1249 68 1329 964 597 19 33 22 26 0 25 28 17 2 0 0 27 0 12 6 1005 82 14 29 26 2 39 72 1169 41 18 26 977 31 306 203 650 37 30 33 67 3 61 94 54 3 1 1 51 1 63 69 47 3 4 5 3 1 0 8 36 3 2 2 67 2 26 39 1164 57 18 54 64 6 30 65 36 0 4 2 74 4 19 44 4035 105 34 84 103 5 73 268 2208 39 7 30 889 31 224 465 814 1026 25 1619 46 51 41 2553 40 24 0 17 14 45 17 656 28 63 1 47 0 5 0 52 22 17 1 17 25 34 6 296 28 27 1 11 0 1 0 8 0 0 0 0 0 1 0 9 51 80 1 32 4 3 1 39 12 22 0 4 7 22 2 48 908 1524 30 1500 69 68 68 1184 23 18 2 8 28 59 16 315 33 59 0 25 0 8 6 45 43 46 0 21 39 91 28 340 1454 1448 10 325 47 42 15 335 13 3 0 6 14 23 7 79 2490 1013 13 262 47 43 19 525 543 253 4 38 264 295 40 616 1
5106 518 613 875 505 38 881 2875 1015 79 34 89 870 40 1568 2850 435 46 59 103 33 5 34 105 708 93 58 87 978 50 1276 1122 643 61 37 30 70 3 26 33 72 3 1 2 70 17 25 16 675 87 39 33 34 3 39 101 1126 87 18 58 1183 48 344 425 548 28 45 35 56 3 103 81 70 2 0 6 61 1 97 115 41 7 6 7 5 1 2 7 35 1 2 6 35 4 61 63 874 37 18 50 109 2 49 88 111 11 5 4 88 9 34 73 1936 86 34 74 75 12 73 399 1723 122 11 99 756 74 348 966 1108 787 76 1185 100 39 84 2561 101 29 1 24 43 35 44 695 99 88 1 104 14 2 7 124 50 31 2 42 26 43 11 355 37 71 3 9 0 6 3 31 0 0 0 2 3 1 0 18 69 95 4 49 4 4 4 83 30 38 6 11 10 39 12 155 925 1358 86 1420 87 84 112 947 44 33 10 21 46 59 52 303 31 63 3 61 8 7 8 74 52 49 5 34 30 101 44 436 1647 1662 11 418 86 76 36 402 37 21 0 9 41 48 25 100 2040 1218 28 415 74 44 59 890 516 356 6 156 279 378 110 1374 1
6368 441 598 734 606 36 762 3001 697 30 26 27 788 19 974 1781 682 47 40 40 53 4 28 86 920 35 28 33 2291 49 2006 769 674 36 32 26 33 3 15 23 22 3 1 0 29 3 12 16 1041 31 22 18 27 2 38 46 1092 10 10 8 1803 36 525 213 526 26 20 26 54 5 35 74 43 5 1 1 34 1 27 23 60 5 0 6 1 2 8 6 43 3 4 0 64 8 32 22 897 30 15 46 45 1 18 77 43 0 0 2 38 1 13 21 4846 100 45 75 75 17 73 409 3424 28 7 30 961 41 228 435 749 652 24 824 30 31 27 2019 65 26 2 13 21 24 18 758 21 27 1 25 4 2 0 21 20 21 0 15 17 43 10 189 24 23 0 7 2 0 0 14 0 0 0 0 1 1 0 1 45 53 1 17 0 2 4 30 2 14 0 3 5 14 3 41 725 1497 12 1134 36 53 40 662 25 19 1 4 19 50 17 241 26 48 2 15 1 8 0 42 44 30 1 27 51 204 24 341 1034 1926 7 366 28 37 13 198 14 7 0 6 18 14 3 46 3844 904 19 212 42 39 23 525 980 271 0 36 239 389 49 555 1
2969 251 753 794 282 15 754 1690 566 41 29 40 687 33 1432 1809 262 26 40 57 17 3 27 59 630 60 46 64 1425 58 2648 1115 698 51 61 36 43 8 46 32 45 3 5 2 82 4 25 18 723 52 23 39 26 5 32 43 1723 85 29 36 2186 75 636 325 280 18 65 33 59 6 71 51 33 0 1 1 59 1 67 63 12 2 4 6 2 0 1 1 32 1 0 2 56 6 60 38 816 19 42 35 60 1 34 60 51 1 1 4 70 4 31 25 1883 64 36 43 46 0 50 125 2634 60 18 27 1231 54 315 417 657 644 40 2026 43 34 49 2377 47 38 3 25 24 39 26 785 25 55 3 81 1 2 0 55 41 47 0 44 43 66 24 442 21 62 2 32 3 4 4 18 1 3 0 1 0 2 0 4 40 43 2 37 1 0 3 18 34 45 2 21 17 48 7 108 703 1789 69 2888 70 61 77 1413 22 31 2 18 32 53 33 439 32 76 3 87 1 5 3 73 45 74 4 35 56 151 27 650 1706 2297 15 723 73 80 27 406 28 10 0 7 40 38 9 93 2467 1283 19 402 48 46 35 430 834 491 14 82 397 618 73 955 1
9925 446 575 695 613 58 732 2287 1221 80 50 85 686 37 1373 3006 505 42 51 87 51 4 31 92 743 75 55 88 895 41 1120 1088 453 59 49 19 39 9 30 36 50 11 1 0 49 3 23 28 749 59 28 27 32 7 36 109 1224 59 20 44 1359 61 427 375 465 34 50 32 64 1 77 84 59 7 5 2 65 5 75 72 63 6 6 5 6 0 5 4 28 4 6 5 41 7 55 53 630 32 15 44 72 7 35 74 78 1 3 1 86 3 40 73 2451 91 42 77 99 14 89 695 2961 60 22 59 1085 57 325 874 968 638 55 1111 84 35 97 2079 112 26 5 19 39 44 32 655 59 49 7 91 8 6 6 116 24 30 2 37 21 33 16 311 46 59 9 32 8 4 1 26 2 4 0 0 1 6 3 13 60 72 3 28 7 7 2 74 26 26 5 19 13 36 9 130 604 1066 42 1637 46 48 80 899 16 26 4 16 23 32 36 308 11 48 8 71 2 3 1 74 26 55 4 43 34 81 31 399 712 1130 32 415 63 48 37 320 17 11 0 13 28 50 19 121 1521 602 17 271 75 45 59 832 389 247 6 96 251 347 116 1196 1
7115 511 707 640 333 59 517 2202 864 62 40 75 458 27 714 2655 480 34 48 47 24 4 20 63 665 54 60 44 1240 60 1575 720 821 54 59 30 41 6 29 31 39 1 0 0 44 3 18 16 784 49 33 25 29 3 27 92 997 38 13 32 1985 27 415 233 515 37 44 37 43 2 38 64 49 5 1 6 41 2 52 75 45 1 1 3 0 0 4 11 40 1 0 2 64 4 43 43 716 59 35 37 42 4 29 64 49 1 0 1 45 5 22 45 3247 67 56 70 84 15 68 389 3051 46 17 42 972 41 316 620 926 544 47 788 39 30 48 2715 97 24 0 17 25 26 16 650 55 52 0 26 6 1 3 26 40 18 1 17 16 57 17 224 46 56 2 13 1 4 0 18 5 2 0 2 0 3 1 5 95 64 1 20 2 4 1 29 19 17 0 2 15 27 5 34 606 1192 41 1502 52 52 47 802 45 18 2 10 17 59 22 264 38 48 5 22 5 7 5 34 60 54 4 30 55 189 30 465 1100 2137 14 457 42 39 20 281 30 12 1 4 22 40 3 60 4103 1039 17 279 78 35 59 619 1040 292 5 72 380 545 79 955 1
5575 469 1385 774 619 68 779 1422 1116 141 108 127 779 90 1044 1555 476 64 164 78 40 4 65 96 616 94 159 94 1429 106 1468 851 1351 182 204 69 113 28 55 57 69 2 4 14 96 14 48 46 651 79 54 33 55 12 58 99 701 96 56 41 1034 133 422 439 535 53 140 66 55 9 93 112 101 12 10 13 68 5 108 148 47 5 22 15 7 0 4 11 59 10 28 20 76 17 154 100 763 45 66 69 103 14 50 113 114 11 7 16 104 11 83 104 1187 66 63 97 64 13 96 385 1022 105 38 120 708 86 381 888 1158 692 76 808 122 60 111 1323 181 82 11 52 64 59 54 640 89 84 9 118 19 3 8 116 57 57 4 50 33 84 30 431 109 171 5 55 13 30 4 55 7 15 1 1 7 45 2 39 125 111 5 46 20 16 10 92 52 59 4 36 29 114 35 275 578 949 133 1061 75 92 92 747 72 52 7 33 79 93 50 499 61 80 24 159 6 13 7 100 67 88 26 127 101 330 154 1248 853 1425 47 414 90 176 76 413 45 38 3 37 64 209 44 267 1173 703 42 346 104 114 107 1039 502 402 24 210 416 1177 240 2763 1
6447 550 570 858 659 27 991 2790 852 45 16 28 1015 29 1436 2674 641 104 31 72 32 4 28 107 941 56 48 85 1541 73 1161 951 635 22 25 19 27 2 20 33 31 4 2 0 40 0 12 12 1072 72 9 30 47 2 47 64 1578 60 13 30 1271 49 332 290 688 40 34 26 79 2 65 70 33 3 1 3 36 0 51 45 54 6 10 2 6 1 1 3 20 1 2 1 67 4 27 45 1139 21 17 33 65 2 40 63 84 1 1 3 90 1 21 22 3995 94 25 86 97 7 71 312 2765 77 21 52 1068 48 298 614 851 729 18 1284 29 19 62 1805 43 27 1 12 23 35 12 488 37 61 2 54 0 2 0 65 35 28 0 25 24 48 6 256 21 42 1 7 2 0 1 12 1 0 0 0 0 0 0 2 57 64 2 22 0 8 0 28 10 45 0 9 5 27 3 91 876 1312 31 1234 34 68 88 870 17 8 2 4 21 59 13 227 43 63 1 43 2 9 0 51 39 72 4 16 42 140 27 338 1491 1048 19 259 46 17 23 229 12 3 0 3 21 20 0 44 3149 1039 10 286 55 38 37 507 632 282 9 66 244 347 45 657 1
14642 645 1261 692 595 84 655 2734 1044 116 108 138 427 32 673 1130 445 64 166 78 52 19 22 79 428 57 181 114 685 64 1750 575 1067 208 115 38 133 39 50 31 45 8 8 13 107 24 17 25 391 71 42 34 28 26 28 65 356 60 20 41 672 70 257 243 660 70 156 43 53 4 88 92 82 16 18 41 58 14 90 142 55 3 26 6 8 2 5 16 24 6 23 14 57 17 121 76 551 29 36 49 78 12 16 79 97 24 8 17 67 13 50 128 1481 84 29 74 64 4 53 603 814 105 10 104 413 61 224 804 1016 527 58 516 112 55 99 1302 127 20 13 23 35 35 34 345 101 68 6 68 33 7 20 71 39 34 8 31 31 72 28 237 103 183 9 35 16 17 10 35 14 7 2 2 8 37 11 37 148 76 13 30 11 18 21 96 25 36 7 27 20 102 20 158 499 1090 116 1177 56 77 85 546 43 19 5 33 38 71 37 279 29 44 19 98 5 22 12 65 36 66 15 152 74 340 165 1114 753 1823 19 272 63 171 50 323 26 36 6 37 58 223 47 200 938 559 35 220 84 87 141 834 172 193 26 189 183 944 159 2147 1
9624 569 1063 742 807 59 871 2897 1413 150 60 162 815 39 1406 3114 494 60 139 88 45 9 63 140 528 65 180 131 938 80 2393 962 865 187 91 27 137 33 39 35 43 9 7 9 109 23 24 52 437 82 16 31 39 10 50 108 418 76 20 38 741 108 316 348 491 37 106 41 56 9 80 64 79 23 18 9 73 7 99 145 30 3 14 6 7 0 11 23 27 6 26 10 55 11 148 103 475 36 21 47 82 0 14 97 82 33 1 15 96 4 73 132 990 60 21 58 86 8 78 637 940 75 21 76 415 55 265 1135 873 624 67 584 122 42 126 1300 124 38 3 26 54 51 41 512 100 44 11 42 50 7 19 101 28 25 1 39 42 61 32 265 79 128 10 22 15 30 9 27 0 4 2 7 12 32 4 38 103 102 1 34 32 13 29 121 36 28 6 37 26 104 17 211 606 2204 81 1002 68 62 93 555 12 30 4 7 27 91 67 276 19 42 18 86 0 9 5 51 24 39 41 64 37 382 161 1029 624 1782 25 255 95 184 37 221 17 10 0 12 54 137 65 190 875 434 16 144 83 42 129 726 178 136 11 158 144 828 185 1963 1
4914 427 580 869 559 48 955 3545 941 77 25 88 761 44 1285 3240 488 58 40 53 34 3 48 105 828 57 28 66 1417 56 1450 948 499 23 37 15 45 2 22 44 26 4 1 5 51 4 13 23 826 66 28 38 31 5 60 96 1498 54 4 27 1653 45 420 358 399 28 66 44 60 2 59 96 52 3 1 4 44 8 50 82 38 1 3 5 4 3 3 13 29 4 3 2 60 7 35 48 629 25 20 36 63 3 35 97 60 2 0 4 60 7 33 65 2676 60 33 82 95 14 69 355 2344 64 13 47 1097 61 311 648 779 786 28 1594 55 26 67 2585 75 37 3 28 26 55 23 968 48 47 0 56 8 3 3 84 38 29 4 27 35 45 8 331 19 30 1 20 2 3 0 16 3 1 0 0 1 4 0 11 66 62 4 41 0 0 6 44 22 16 0 11 11 18 11 88 666 1378 42 2293 65 55 81 1093 33 25 0 13 16 55 13 323 37 59 2 34 1 8 2 52 49 38 4 20 38 106 27 382 995 1506 19 544 38 53 26 337 10 13 0 8 27 12 5 101 2297 717 13 255 68 43 62 656 627 227 1 53 294 379 106 966 1
4031 417 443 822 364 35 781 2883 689 33 17 47 663 28 1180 1948 412 55 24 57 26 8 16 59 747 57 20 68 1437 45 1656 924 499 32 23 17 19 3 22 26 14 2 0 5 21 2 7 16 763 67 11 19 25 4 37 45 1428 35 15 15 1489 22 405 264 456 29 22 39 47 5 55 95 54 1 0 2 34 5 34 41 42 0 2 9 4 0 4 3 43 0 1 2 54 6 20 42 738 24 16 42 63 4 17 72 43 0 1 3 53 0 25 25 4084 96 20 53 77 12 43 184 4203 38 18 16 1087 33 273 391 934 883 23 1668 38 45 35 3831 58 38 1 20 38 43 10 696 29 26 0 68 0 2 1 40 11 11 2 12 23 37 3 230 26 23 0 4 0 2 1 17 1 0 0 0 0 0 2 5 29 61 0 23 0 0 1 27 13 6 0 2 7 15 12 42 808 1587 34 1606 37 42 54 1208 25 18 1 11 25 43 13 215 43 49 3 24 3 2 7 29 43 31 2 13 49 116 17 266 1561 1610 5 517 62 29 34 320 21 1 0 1 17 14 9 55 3898 1077 14 266 30 48 41 465 924 252 3 34 257 256 56 579 1
4934 441 509 795 412 29 763 2512 888 39 28 41 738 37 1306 2458 463 80 33 72 42 3 41 78 816 54 46 85 1341 52 1285 925 677 32 42 26 19 1 30 40 28 0 0 0 44 2 9 3 939 57 42 44 28 1 42 79 1604 77 5 22 1187 37 417 316 589 54 37 30 57 8 80 72 50 2 0 2 73 2 58 31 48 1 0 2 4 1 2 6 39 2 3 3 50 5 26 49 1125 50 25 39 80 6 52 68 51 2 0 1 67 6 27 16 3728 124 48 103 122 14 102 226 3631 63 16 39 1160 46 320 540 855 728 32 1279 47 29 36 2133 61 40 1 30 25 36 13 607 46 49 0 82 2 5 2 53 33 48 0 27 19 27 6 269 35 28 1 21 3 0 0 4 2 1 0 1 0 0 0 1 59 68 2 17 4 2 0 20 11 37 0 5 12 39 7 45 888 1478 36 1323 63 58 76 964 36 24 2 7 33 33 24 259 74 58 1 48 5 3 1 63 45 47 0 19 41 93 18 360 1670 1243 13 414 56 42 28 257 23 6 0 6 20 18 6 56 3631 1172 16 354 59 52 30 526 896 360 9 59 298 385 53 842 1
10713 698 1115 683 766 94 732 2306 1416 196 61 146 700 36 1097 2840 423 82 176 94 54 1 45 112 509 61 138 90 857 63 2233 840 948 160 132 43 77 22 50 27 50 16 9 8 113 17 32 36 372 70 41 23 34 14 51 113 451 64 22 42 756 93 307 391 535 49 101 40 60 4 93 80 66 22 1 37 63 1 108 188 59 8 26 0 3 4 14 15 26 3 31 6 42 6 117 67 361 44 27 32 71 9 26 71 71 25 4 28 90 15 49 165 1081 49 19 56 66 19 51 573 1030 94 18 97 441 55 271 1231 995 649 57 727 102 50 135 1223 152 37 12 22 38 47 31 562 109 44 5 69 20 9 39 143 40 27 4 50 30 61 33 262 53 199 10 34 19 22 5 31 8 2 2 1 6 18 2 35 91 67 3 41 37 23 36 121 8 29 4 30 10 58 12 206 668 1833 75 1030 65 82 72 604 37 35 11 19 31 73 58 251 33 66 6 70 5 12 11 46 37 38 22 86 42 311 135 1016 558 1695 25 291 87 181 45 247 29 25 5 25 34 182 35 217 926 546 22 192 133 75 145 837 197 207 16 167 244 771 201 1982 1
6367 558 605 914 483 43 837 3116 895 48 27 53 806 32 1327 2691 559 67 31 60 36 1 58 115 853 51 36 47 1229 33 834 929 583 18 27 18 22 3 15 35 17 2 0 1 36 2 6 14 989 61 27 25 41 3 47 103 1302 29 8 18 800 32 268 310 600 35 38 38 40 7 63 116 46 3 0 2 40 1 64 39 78 2 2 8 3 0 3 6 46 2 1 3 42 9 26 55 1103 49 29 53 78 6 25 94 46 1 3 1 61 5 12 43 5203 99 46 84 101 7 87 457 3088 43 14 42 962 39 279 555 949 906 24 937 29 32 26 1668 63 31 0 6 33 39 23 539 52 57 1 35 0 2 1 37 35 17 0 15 15 45 6 248 30 38 0 18 0 1 1 12 0 0 0 0 1 0 0 8 47 67 0 19 0 3 4 21 17 11 0 2 6 22 2 38 857 1505 43 862 35 59 76 896 22 13 0 11 17 34 20 226 34 58 1 24 2 8 3 44 61 37 1 26 29 88 27 309 1489 1136 12 273 48 30 27 322 7 8 0 4 32 26 0 63 3821 1096 9 287 50 51 34 549 953 267 3 37 245 314 37 671 1
5500 360 721 806 440 44 852 2992 869 36 18 35 707 41 1002 2284 715 36 50 56 28 5 43 79 880 46 49 53 1550 58 1984 854 779 33 58 18 24 0 23 31 12 1 2 2 34 1 5 8 1004 35 25 20 49 6 53 86 1089 57 29 23 1411 42 437 269 549 28 24 20 37 7 47 88 57 4 0 1 70 2 55 22 76 5 2 1 1 3 2 12 61 3 3 4 53 5 49 48 949 26 22 48 62 2 29 74 30 2 2 2 47 1 22 28 5275 95 31 76 127 13 87 362 3307 28 15 28 949 30 319 496 657 601 18 847 34 31 29 1758 76 37 0 24 36 31 11 739 44 54 0 26 0 4 1 28 37 28 0 12 25 53 6 251 26 36 1 13 0 1 1 15 0 0 0 0 0 0 0 2 56 68 0 18 2 4 3 25 20 15 0 4 15 14 1 48 745 1434 23 1021 59 69 62 745 40 29 1 6 34 67 29 261 51 42 0 28 6 6 1 41 51 55 2 23 42 202 31 456 1138 1735 13 346 32 39 18 242 28 13 0 1 19 22 1 46 3494 983 13 259 46 44 34 431 1166 245 8 59 277 423 55 744 1
4746 414 507 631 370 25 657 2113 1472 127 85 122 614 31 1580 3109 416 104 57 85 26 1 41 106 666 82 62 124 612 33 1068 1194 552 37 37 32 44 7 35 48 63 3 0 0 43 3 16 26 755 101 22 35 28 3 34 110 883 69 13 63 786 59 319 377 526 34 48 31 49 5 72 121 127 12 3 20 63 0 102 102 53 6 8 5 0 2 10 9 50 2 1 16 40 7 72 105 790 31 35 34 63 4 61 119 98 14 3 10 85 3 51 107 2812 125 59 115 110 17 132 639 2123 123 31 78 854 63 425 1242 1674 636 58 820 62 30 103 2017 161 26 5 37 68 27 46 651 152 99 2 76 15 5 7 83 83 56 0 40 38 41 9 271 71 46 1 19 3 5 3 18 3 1 0 1 0 4 4 10 169 125 3 32 8 7 7 96 43 26 0 11 20 36 15 144 837 683 49 877 68 43 107 738 66 26 6 15 37 30 47 270 58 55 3 41 4 6 9 43 43 36 4 45 32 58 31 302 1557 968 16 379 133 45 66 435 51 27 1 15 53 27 53 130 4025 1350 34 481 145 69 112 1272 824 321 12 139 374 379 157 1616 1
5347 533 616 1029 496 72 984 3298 887 40 27 31 909 43 1425 2263 533 46 28 87 44 3 29 99 936 38 33 49 1578 71 1122 1068 580 44 32 23 28 1 25 49 26 1 1 0 24 0 11 19 986 72 21 44 40 5 43 84 1424 47 5 21 1338 33 424 300 513 53 39 47 48 5 57 117 48 5 0 1 41 8 72 49 59 6 1 2 12 0 4 5 39 4 1 5 67 12 28 50 938 38 21 54 72 4 37 84 51 4 1 0 77 1 23 33 3641 92 40 79 108 28 75 271 3343 44 21 24 1075 37 289 542 910 867 14 1390 52 45 48 2499 67 32 0 13 36 50 24 663 47 57 0 42 0 3 1 34 29 26 3 17 22 33 15 306 32 18 0 18 1 6 1 15 1 1 0 0 2 1 1 8 38 51 0 21 3 0 3 26 15 16 0 6 8 33 4 36 802 1308 23 923 42 57 77 1013 26 25 1 11 19 49 16 317 50 58 2 32 7 6 1 45 40 43 2 18 47 115 26 336 1322 1128 12 397 48 36 20 356 20 9 2 4 23 18 7 58 2939 1117 14 277 48 41 36 524 889 262 3 42 302 319 60 664 1
4959 520 612 891 456 55 905 3072 820 74 56 77 766 50 1416 2915 467 52 35 59 36 8 36 100 707 50 43 57 1392 79 1610 1049 555 30 43 20 16 2 21 44 27 3 1 1 18 2 9 17 838 58 30 32 39 1 59 75 1536 67 16 19 1697 40 468 329 367 29 41 32 61 2 62 121 55 8 1 2 46 1 65 83 45 4 6 1 5 0 4 12 33 2 0 2 64 4 44 48 640 43 14 32 80 2 34 108 53 6 0 1 61 5 26 50 2335 83 25 57 80 10 69 329 2546 69 13 51 1094 32 336 615 897 934 19 1535 64 51 48 2580 62 38 1 27 38 43 29 958 67 55 0 64 4 8 0 84 37 36 1 31 39 59 14 308 34 62 3 23 2 1 3 22 2 0 0 2 0 7 0 8 82 75 4 23 0 3 2 42 11 17 1 6 9 21 8 80 695 1597 44 2136 51 78 75 1275 24 19 2 10 29 40 27 376 27 34 1 53 6 7 3 51 32 38 4 28 52 113 21 415 991 1685 18 536 44 53 33 363 12 20 0 6 19 24 20 103 2154 867 18 288 84 66 52 625 608 233 7 64 232 313 93 940 1
7327 457 679 643 444 64 651 2429 893 26 27 23 602 35 675 1622 617 49 55 48 32 4 30 75 733 49 51 67 1159 49 1234 709 754 52 50 22 56 6 27 28 30 2 0 2 28 4 15 7 1046 50 25 23 26 7 43 102 1258 52 12 19 1848 54 416 236 531 42 57 27 35 4 53 89 49 2 2 1 43 1 47 14 50 3 2 7 0 1 5 9 43 3 2 2 67 14 31 23 988 28 37 65 44 3 16 80 53 3 0 3 55 2 16 36 4567 118 42 87 110 16 120 551 3562 39 25 40 1115 38 293 551 879 610 28 752 29 40 37 2102 119 20 2 18 27 28 21 596 44 26 3 30 3 5 0 24 41 24 0 28 14 54 3 199 28 37 8 15 0 3 0 8 3 1 0 0 3 3 0 6 63 54 2 28 0 1 3 27 12 21 0 0 17 26 3 50 740 1217 41 1522 34 56 44 676 31 25 0 12 26 50 18 208 52 71 1 50 2 6 3 40 53 52 8 38 57 144 37 436 1113 1688 15 445 36 30 31 214 14 5 0 3 18 24 6 44 3494 1112 12 274 53 55 28 671 1015 354 2 44 336 487 70 813 1
4547 396 532 701 397 25 830 2819 898 42 31 43 753 32 1224 2417 518 32 26 86 27 4 21 94 813 50 27 39 1092 60 1281 971 553 27 34 23 22 3 21 29 28 1 5 1 26 3 14 20 986 70 25 31 19 3 32 88 1515 56 21 37 1270 46 336 271 538 25 33 31 46 5 77 108 60 1 0 0 44 1 33 46 42 2 3 4 2 0 0 10 33 3 0 1 48 2 37 33 1015 32 23 58 60 4 23 72 55 1 0 0 66 2 29 45 4511 117 53 97 108 11 119 348 3627 81 19 45 1076 46 335 599 919 738 34 1296 46 37 50 2189 67 40 2 22 27 43 11 724 50 46 2 54 0 3 0 66 32 50 4 24 23 46 4 240 22 28 1 13 0 1 0 11 1 1 0 0 0 1 0 6 37 54 0 25 0 2 1 43 19 42 0 10 9 35 2 60 922 1274 24 1349 39 47 58 899 40 23 1 5 24 30 19 258 50 58 0 66 3 5 0 44 35 53 0 36 39 95 30 309 1639 1118 18 339 47 43 36 323 27 13 0 2 21 22 4 43 3860 1157 26 385 65 39 30 601 958 322 12 90 305 358 54 810 1
5082 446 581 708 410 32 694 3046 763 35 24 39 665 18 927 2023 557 39 41 53 31 1 35 86 776 45 26 43 1603 51 1688 817 753 40 80 22 44 2 28 48 37 0 2 0 43 1 8 12 935 50 37 34 33 5 40 62 1343 27 18 18 2012 35 464 298 442 31 25 47 23 2 30 82 39 1 1 2 38 2 50 45 43 8 2 0 7 1 4 10 30 4 0 7 64 8 49 48 878 40 33 51 49 3 22 83 44 3 1 3 45 0 20 20 4417 120 60 105 109 28 78 391 3198 45 26 27 1085 47 251 479 864 718 22 967 30 28 39 2383 84 31 1 10 24 40 12 807 49 29 3 33 2 4 3 28 24 13 1 17 26 34 9 265 31 26 1 13 0 0 1 23 0 0 0 0 1 1 1 7 42 48 1 6 1 1 0 31 19 14 0 2 7 17 3 47 799 1395 32 1278 41 52 61 747 32 24 0 9 26 40 21 255 60 67 2 31 1 8 2 33 50 59 1 27 60 139 28 383 1195 1811 13 451 47 40 29 339 11 4 0 1 21 28 7 46 3586 1028 19 271 52 43 37 571 1054 330 7 58 355 498 58 765 1
6647 751 756 1031 704 35 999 2758 773 29 27 49 941 35 1092 1732 659 73 28 78 42 5 30 98 1005 76 38 77 1459 84 1265 918 715 33 20 21 36 4 17 26 33 2 0 0 25 3 13 15 1132 92 22 39 33 8 40 69 1112 46 15 28 1161 25 293 246 710 34 44 36 68 6 72 115 41 2 2 0 70 4 43 31 54 1 1 3 5 1 3 6 41 1 2 3 63 6 31 22 1062 25 17 43 69 5 23 77 52 3 0 0 100 2 23 45 4053 141 32 69 121 5 98 379 2000 56 7 28 953 51 275 510 924 1030 20 1426 35 45 38 2102 51 17 3 12 18 49 16 466 58 60 0 58 1 0 5 55 23 20 0 15 26 58 8 256 32 46 0 15 1 1 0 5 0 0 0 0 0 0 0 3 39 90 0 24 1 2 1 35 18 30 0 2 4 18 2 36 1096 1753 34 1345 86 50 83 1079 26 23 2 10 28 43 23 198 21 53 0 40 1 5 4 33 41 33 3 22 48 113 31 393 1669 1477 12 333 67 40 32 290 10 8 0 5 18 32 9 55 2439 1169 18 327 35 37 45 513 566 259 5 42 263 371 52 623 1
4594 484 490 784 449 41 876 2985 1052 54 33 59 873 46 1393 2984 461 58 37 56 36 4 16 92 857 55 24 69 1001 41 871 1060 562 34 23 23 35 2 29 40 37 2 1 4 20 4 8 23 831 72 33 29 42 2 40 103 1285 56 10 19 1079 30 373 483 495 33 32 37 59 1 76 123 53 2 1 2 54 3 53 62 56 2 0 3 1 0 5 8 50 6 3 3 45 5 22 38 875 51 19 58 62 5 49 106 71 1 0 2 62 2 29 60 3281 109 34 115 112 16 124 396 2860 68 8 59 1003 54 356 817 1169 858 39 1384 63 32 72 2558 100 42 1 23 45 41 19 768 56 64 0 55 5 1 0 60 49 31 0 31 37 36 8 288 37 27 0 5 0 2 1 16 3 0 0 1 2 3 2 4 71 59 0 33 1 5 4 42 16 29 0 8 9 18 9 63 990 1155 29 1029 58 40 56 1037 36 24 0 8 25 35 20 238 49 57 3 36 1 11 6 51 59 49 1 20 25 77 16 287 1407 946 12 387 59 26 23 380 25 6 0 5 14 23 2 60 4344 1088 18 385 49 44 49 821 848 286 5 73 324 294 66 836 1
5909 500 1269 738 417 88 683 1818 1285 140 78 169 594 57 884 1711 384 69 147 93 45 3 68 102 473 77 121 127 692 80 1281 773 1259 161 197 76 124 22 48 60 80 9 2 13 95 44 33 42 603 97 67 47 44 13 60 133 645 124 48 56 842 118 472 413 401 44 136 63 55 7 87 107 121 10 16 18 68 3 98 165 55 4 26 15 5 9 15 23 42 9 12 17 62 13 151 98 641 42 68 75 97 9 57 83 108 21 7 17 106 8 60 162 1252 77 43 64 56 10 99 493 1103 107 24 137 743 103 333 1116 1409 656 111 906 152 63 149 2335 195 66 22 41 71 76 52 704 92 61 11 109 36 4 13 156 52 60 5 52 57 68 42 467 90 164 4 62 10 26 9 50 15 13 0 1 11 20 4 41 100 103 3 74 20 20 19 129 31 51 8 38 24 94 31 283 522 853 105 1051 68 102 127 872 56 70 8 64 60 97 98 461 43 83 14 129 9 12 22 100 61 96 13 134 101 319 149 1093 736 1227 26 477 92 172 65 418 55 39 11 23 62 140 33 280 1280 700 45 366 116 80 97 1210 494 355 39 183 351 1113 212 2776 1
5744 527 647 892 719 45 1107 4161 949 34 43 59 967 36 1538 3025 456 43 48 66 50 0 37 111 906 56 72 50 1751 72 1512 1124 514 35 40 23 48 4 31 29 26 0 0 0 55 4 20 18 796 78 18 24 26 8 49 90 1168 46 12 22 1587 56 453 364 405 31 57 15 29 2 66 92 55 3 1 3 57 3 52 50 36 0 6 3 0 0 7 7 27 2 1 9 78 3 43 52 577 22 25 42 65 0 37 86 37 0 1 2 83 0 29 49 2944 68 25 85 88 11 67 381 2722 43 18 45 931 35 364 615 833 724 29 1291 43 53 44 2622 70 34 2 20 33 30 15 714 30 34 0 60 6 3 6 53 25 23 0 20 34 54 18 330 18 48 2 15 0 1 2 16 4 3 0 0 0 2 0 14 55 63 0 15 3 2 5 49 19 34 1 11 18 43 7 71 645 1146 40 1871 47 56 60 941 28 27 2 16 42 36 29 347 23 59 2 42 0 7 2 38 25 42 5 26 46 143 35 405 826 910 14 378 55 38 18 261 11 5 0 2 25 39 7 54 2309 668 12 251 42 54 46 577 652 191 11 55 259 359 76 909 1
7214 565 979 812 434 87 705 3119 838 47 38 69 550 37 971 1876 410 48 81 66 19 5 26 59 492 54 76 75 1131 59 2151 700 890 114 67 40 54 3 32 41 38 8 3 0 47 9 28 16 773 74 20 34 30 4 34 61 714 53 16 17 1166 66 422 226 497 38 40 36 46 8 79 108 50 1 1 2 60 1 64 77 76 5 6 6 1 2 1 14 23 4 9 1 55 1 98 63 871 41 32 54 48 1 32 71 59 4 1 7 59 3 28 47 3051 108 37 110 56 12 67 529 1685 48 12 34 589 38 262 621 1070 850 41 1155 39 20 47 2945 91 23 6 16 29 43 25 797 44 44 1 53 8 0 6 56 30 25 2 23 23 54 7 334 50 90 0 24 2 4 0 13 1 2 0 0 2 5 0 6 56 65 1 18 4 5 8 34 16 19 4 8 9 38 3 78 602 1238 58 1599 59 56 88 922 44 26 2 10 31 71 39 362 29 71 5 55 2 10 5 51 36 59 10 53 40 264 76 734 1043 1969 27 430 90 137 18 344 23 28 0 4 35 62 5 110 2297 879 24 296 49 65 53 857 675 287 15 91 269 721 80 1159 1
5331 559 480 970 470 40 855 2961 766 20 10 36 798 21 1225 2104 596 88 45 53 37 3 49 104 981 39 32 58 1569 62 1075 851 586 51 22 17 32 4 10 28 15 1 1 0 27 1 12 16 1076 63 13 24 45 2 40 56 1585 44 11 18 1203 27 369 298 466 57 28 35 41 1 45 97 48 1 0 1 41 3 57 43 36 0 2 5 3 0 1 10 46 1 1 4 63 3 24 36 1000 35 21 51 68 6 23 83 54 0 0 3 49 2 22 37 4392 108 36 85 113 14 67 241 4223 45 15 25 1111 33 308 413 860 785 10 1237 35 38 54 2181 42 12 1 17 43 22 11 541 36 41 2 36 4 1 5 41 14 22 1 18 23 26 10 223 16 32 0 17 0 0 2 10 2 1 0 0 0 0 0 0 53 78 1 19 0 3 3 34 13 28 1 3 7 9 1 43 820 1533 21 843 44 55 79 907 26 20 0 4 26 48 24 253 38 53 0 30 2 7 6 37 48 35 0 15 39 113 13 241 1775 1450 14 339 51 41 14 319 19 9 0 2 15 29 8 53 3598 1139 16 251 62 28 29 460 955 272 6 63 274 292 64 642 1
4558 469 784 820 367 64 672 3409 779 45 30 49 580 34 950 2584 493 26 46 47 36 3 28 84 652 38 41 66 1449 57 1509 796 890 45 59 41 65 5 24 53 39 1 4 1 53 5 27 17 835 75 22 49 43 4 42 73 1144 54 16 22 1837 78 490 266 433 35 54 54 32 7 61 96 43 3 0 2 40 1 51 62 44 4 3 3 2 3 5 14 28 1 4 2 53 1 57 54 874 32 38 60 43 5 49 105 84 5 0 1 75 2 24 36 3583 81 36 94 85 8 74 521 2530 63 10 45 842 51 267 639 936 708 55 1249 43 39 69 2673 104 52 3 26 36 55 13 905 44 29 2 66 0 0 0 50 30 38 0 32 18 70 7 324 42 43 2 27 7 2 1 19 5 3 0 0 2 0 0 6 38 63 3 25 3 2 3 43 18 27 0 13 9 33 4 75 643 1243 63 1608 63 58 68 935 25 33 0 19 28 62 22 350 52 73 2 50 1 4 8 51 57 84 2 43 55 236 37 610 969 1127 17 483 37 58 17 321 29 16 2 5 32 33 15 98 3044 839 28 299 44 60 55 644 948 339 12 114 344 658 80 1200 1
4856 541 575 958 446 37 842 2474 710 27 22 35 757 26 1462 2381 592 51 29 69 44 0 25 88 911 72 36 49 1463 37 1318 921 589 20 16 15 38 4 20 20 17 0 1 1 28 1 9 5 1113 82 18 28 35 3 50 66 1581 54 13 19 1245 31 295 203 582 39 36 22 93 3 61 81 38 0 0 0 55 4 71 41 34 2 5 2 1 0 2 12 43 2 1 3 54 2 33 40 1056 27 16 42 48 3 27 56 43 0 1 2 64 5 22 24 4390 110 27 68 110 3 78 241 4045 35 11 44 1080 31 291 458 649 979 10 1265 26 42 20 2260 39 21 0 14 32 34 4 530 38 91 1 48 5 9 0 30 16 30 0 20 9 47 4 219 26 26 0 15 3 0 0 8 0 2 0 3 1 0 0 3 59 61 0 19 0 1 2 22 18 16 0 4 14 18 0 36 965 1600 29 1122 51 79 68 977 31 19 0 5 19 45 23 270 46 60 4 58 3 10 0 23 42 38 2 16 46 71 23 317 1705 1461 12 245 73 46 25 254 9 3 0 6 15 22 5 46 3608 1126 21 311 41 36 33 453 894 315 7 60 300 318 55 594 1
4308 403 906 784 300 41 603 3114 839 52 39 48 616 35 916 2530 471 41 40 59 33 1 36 69 765 53 50 51 1522 65 1427 795 1021 59 74 49 66 3 53 58 42 3 7 3 63 4 22 27 812 47 51 37 47 3 28 77 1116 66 31 34 1734 69 467 303 468 24 53 45 29 3 49 84 66 1 1 6 51 4 53 67 45 7 5 2 5 1 4 4 32 2 1 15 71 11 72 58 865 49 39 54 42 6 50 88 68 1 0 3 72 8 26 34 3066 86 43 69 66 5 88 398 2231 51 19 39 933 60 294 632 1035 728 43 1270 55 57 58 2509 137 54 2 31 37 45 25 910 59 47 1 55 3 3 6 79 43 36 1 38 30 76 17 310 42 47 2 26 2 4 2 21 1 0 0 0 1 4 0 6 54 66 7 38 1 2 4 36 22 38 0 9 23 52 11 103 765 1224 74 1583 71 68 56 934 47 35 1 11 36 68 28 361 39 78 7 80 3 7 2 61 47 83 3 56 74 350 34 737 1083 1263 21 446 47 75 34 351 25 18 1 6 18 66 7 118 2986 839 19 345 66 62 51 718 930 376 13 91 304 772 88 1306 1
7209 564 535 873 607 26 871 2543 781 36 23 69 796 32 1156 2577 906 63 23 49 38 7 35 96 1045 68 32 38 1424 51 910 910 683 31 25 23 19 1 16 18 25 1 0 1 27 1 8 13 1365 57 15 24 34 4 46 59 1525 32 11 26 1203 30 308 272 1009 41 32 38 32 1 63 104 45 0 2 1 48 7 40 46 72 7 3 1 5 0 1 8 67 0 0 5 64 10 39 32 1240 23 17 47 60 2 31 63 50 0 0 1 91 3 9 35 5002 83 15 76 97 9 89 316 2818 42 12 43 1110 39 279 496 813 702 16 987 43 32 31 1456 49 21 2 10 19 23 14 488 28 70 0 40 1 9 1 30 21 16 1 13 13 51 6 260 29 40 0 4 0 1 0 5 1 1 0 0 2 3 0 2 60 59 0 8 0 1 0 35 15 14 0 6 11 19 0 50 964 1446 40 1106 50 65 75 810 26 19 4 13 24 50 21 231 52 82 3 29 1 4 3 32 45 46 2 14 59 147 17 263 1511 1171 8 308 77 24 35 277 14 9 0 2 32 16 2 43 2896 1081 19 232 40 41 44 462 610 289 8 46 302 313 53 647 1
2684 350 922 949 251 28 746 1533 456 44 51 46 585 24 2066 2007 332 60 43 59 18 3 26 61 791 56 73 77 1819 52 3533 1469 803 69 50 35 34 1 40 28 25 1 3 0 38 4 27 14 1005 61 46 24 40 0 27 36 1665 53 22 34 2179 53 791 271 253 16 49 38 38 3 51 41 30 0 1 1 74 0 89 41 12 0 3 2 2 0 2 1 18 2 1 1 91 4 74 69 721 26 35 37 70 1 33 32 45 0 0 3 54 2 39 15 1573 49 21 37 58 4 40 67 1853 30 18 10 1359 34 373 304 405 737 30 1580 28 30 23 1690 31 19 0 21 27 25 24 711 29 43 2 67 1 2 0 46 23 26 4 27 19 43 16 443 41 100 1 26 3 5 3 17 2 1 0 1 0 2 2 8 56 64 1 29 3 6 1 17 12 33 1 7 10 27 6 62 650 1945 46 2669 58 100 55 1301 21 24 0 16 44 67 32 553 42 62 0 52 2 3 3 42 30 61 3 41 64 172 47 691 1874 3203 33 776 71 86 27 372 14 10 0 2 44 41 14 91 2001 1432 11 292 51 64 19 288 739 402 2 41 542 577 86 841 1
3589 430 577 695 434 26 633 1958 573 16 9 19 657 31 1030 1472 389 52 21 59 42 4 35 67 647 44 16 45 1389 45 1156 772 497 34 14 24 20 5 12 33 12 0 0 0 21 0 6 11 801 55 15 21 27 5 31 61 1211 40 8 19 1092 37 317 182 359 21 17 20 52 4 56 47 31 1 0 1 43 0 35 25 36 0 0 2 2 0 3 14 34 3 0 2 67 3 26 26 784 20 19 29 49 8 21 41 22 0 2 2 47 1 20 11 2730 70 29 37 69 6 58 147 2747 23 11 34 851 30 210 387 591 638 11 1092 29 30 25 1980 42 25 1 8 12 45 12 537 24 33 0 49 2 1 0 37 26 16 1 12 22 38 11 196 24 32 0 10 1 1 0 5 0 1 0 0 1 3 0 1 49 38 4 11 0 6 0 18 5 10 0 5 8 26 5 33 709 1097 28 899 50 64 36 735 26 32 0 9 16 52 11 189 36 55 2 17 4 3 2 27 44 38 1 29 47 81 16 284 1105 1050 18 275 27 29 10 229 22 3 0 1 23 27 4 45 2179 791 15 215 24 30 25 352 576 213 4 52 205 250 41 566 1
6068 467 655 705 402 34 613 1960 1562 94 62 104 578 41 947 1920 528 87 92 61 25 5 30 75 622 78 108 96 828 47 1877 888 712 88 58 28 58 7 33 39 53 3 1 0 60 3 22 18 660 112 34 24 38 2 46 85 766 56 26 62 926 79 362 334 527 39 74 47 42 4 75 89 119 13 7 5 61 2 95 102 60 6 18 4 3 0 8 17 41 11 10 6 70 3 134 64 848 33 33 58 66 8 59 102 132 3 3 12 75 5 62 108 2720 116 36 90 69 11 93 699 2065 112 21 106 737 55 370 1301 1651 607 54 647 77 38 112 1955 224 62 3 27 60 46 42 605 125 70 7 90 7 3 5 77 43 31 5 43 36 53 24 310 95 108 1 13 11 5 6 17 0 0 0 0 2 6 4 16 155 122 5 50 10 11 10 98 22 38 3 16 14 52 15 131 796 762 76 942 74 37 81 625 55 35 9 11 45 56 41 276 58 53 3 62 9 13 6 61 42 66 16 64 73 102 87 545 1265 1508 22 321 117 143 57 346 64 25 4 15 60 88 51 139 2885 1013 34 369 119 74 118 1483 747 327 8 161 389 585 126 1867 1
3745 376 437 726 315 27 552 2455 679 42 21 47 603 32 1300 2170 389 32 23 55 24 0 32 68 775 36 32 41 1606 37 2106 983 430 14 24 17 16 3 16 17 23 1 0 0 23 3 8 8 879 50 16 23 32 2 30 65 1550 42 16 12 1945 22 532 263 384 23 34 41 43 1 54 60 60 1 0 4 31 0 46 45 40 0 1 4 2 0 6 1 26 3 2 4 37 5 39 41 828 40 20 31 44 1 31 52 45 2 2 0 60 0 23 36 3747 80 25 70 74 4 81 260 3952 56 13 30 1170 36 302 464 776 760 24 1463 47 25 64 3029 63 30 2 15 14 17 17 665 50 33 3 33 3 1 1 38 19 24 4 18 20 22 7 215 31 35 0 11 1 2 1 10 2 0 0 0 1 0 0 1 43 60 0 27 0 3 1 30 10 13 0 7 8 10 8 26 734 1795 27 1702 30 55 32 1177 28 26 0 10 21 29 27 218 26 48 4 21 0 2 4 32 29 34 1 7 43 91 12 252 1601 2177 14 578 61 40 26 336 16 10 0 5 21 16 6 50 3797 1237 9 291 53 48 50 543 1016 260 10 43 285 257 64 559 1
9006 320 792 414 378 59 574 1351 1130 111 44 72 490 47 426 1061 388 41 63 63 39 7 35 70 507 69 30 79 468 38 359 471 766 56 64 46 76 11 41 45 93 12 1 7 117 8 25 22 615 78 46 35 47 8 29 87 867 127 23 50 1048 122 216 355 1948 67 88 60 84 6 89 103 172 28 1 20 82 6 56 90 76 12 10 5 4 0 5 6 69 17 12 12 55 12 45 49 1381 43 49 40 86 3 31 92 173 35 3 26 124 10 28 87 3003 84 55 114 96 9 72 679 1944 176 30 196 849 106 296 1045 1372 410 80 871 163 46 179 1942 207 49 7 33 56 52 28 345 109 75 9 125 22 5 26 223 32 29 10 64 36 70 26 328 47 41 3 36 9 7 24 22 6 3 1 5 0 9 4 16 100 72 7 81 16 6 14 167 30 51 4 41 37 87 31 300 854 807 101 858 50 44 100 733 37 23 8 25 33 31 40 285 52 42 7 82 9 10 15 120 40 81 15 94 47 192 57 565 1347 487 17 293 48 45 37 263 45 18 9 29 37 62 17 108 1719 705 12 321 108 56 94 1160 551 330 11 246 260 556 133 1882 1
8780 384 783 582 443 73 640 1526 981 91 38 90 498 34 418 1177 421 30 55 57 28 4 32 78 522 64 50 72 542 50 429 578 657 48 71 16 93 10 19 42 101 9 8 4 129 10 17 25 679 65 48 33 39 8 41 64 904 136 43 94 1097 121 255 322 1840 48 95 44 97 8 71 99 137 17 8 12 71 3 66 92 70 3 14 4 5 1 5 6 69 6 10 5 72 4 54 27 1184 33 24 44 72 9 40 69 189 41 6 19 102 6 42 88 3280 74 36 90 62 9 96 580 1926 174 25 155 989 88 324 849 1258 480 79 830 155 41 226 2123 180 33 1 25 34 42 36 503 108 47 4 126 29 10 14 201 40 29 6 47 27 43 14 303 40 36 0 30 1 6 6 16 4 6 0 9 3 11 7 19 72 95 1 88 15 6 20 137 36 50 4 48 26 78 20 197 891 850 112 934 75 43 118 828 39 22 1 22 40 44 21 300 45 62 14 87 2 11 9 84 53 50 15 65 67 140 47 589 1285 639 27 272 47 44 64 252 32 17 2 14 36 26 17 94 1797 726 21 350 67 39 94 997 522 327 21 225 316 505 149 1737 1
4469 579 813 1103 559 42 1005 2103 638 35 32 44 902 55 2145 2310 528 60 35 54 48 3 20 64 803 59 76 99 2040 70 2866 1516 681 46 39 21 47 1 22 20 14 0 1 1 36 0 16 12 936 48 21 30 31 3 35 36 1294 47 17 32 1503 20 536 255 471 36 37 42 52 5 75 73 34 1 2 1 60 3 68 47 41 2 3 2 0 0 4 15 39 1 0 0 70 7 75 56 924 32 23 36 57 2 31 39 36 1 0 4 65 2 24 25 1945 69 21 35 58 0 44 129 1474 22 8 17 1045 32 295 321 561 974 18 1555 35 38 41 1759 28 19 0 18 21 24 16 585 37 61 1 51 7 2 0 27 36 33 0 18 28 46 13 331 37 71 4 19 0 1 1 8 2 2 0 0 2 2 2 6 55 75 1 20 2 4 0 25 9 18 0 7 16 25 3 45 869 2114 31 1805 41 80 74 1241 19 20 0 12 33 52 30 419 37 75 2 40 1 1 0 30 46 50 1 14 56 129 40 443 2033 2716 17 457 84 87 21 354 10 13 1 4 37 39 3 85 2165 1353 15 243 38 64 23 288 472 336 3 57 333 420 73 696 1
5233 367 429 565 350 26 589 2177 834 40 28 20 539 25 868 2011 700 33 31 47 35 1 26 78 832 37 23 58 1184 38 1125 663 642 36 40 10 21 0 24 26 34 0 0 0 35 0 12 7 1161 55 17 28 27 2 23 66 1624 46 9 22 1786 41 361 299 560 41 32 24 43 0 56 81 69 2 1 0 54 1 27 28 55 2 3 2 5 0 7 10 43 3 8 1 51 4 24 44 1070 26 19 33 60 0 25 61 66 1 0 1 49 0 25 41 5241 92 34 89 83 7 69 386 4485 62 12 51 1141 38 285 575 960 612 23 896 41 28 33 2624 90 26 1 14 17 29 20 536 65 41 1 43 2 2 0 40 32 31 0 14 13 32 14 163 21 30 1 13 1 0 0 13 2 1 0 0 0 2 0 1 42 49 1 14 0 1 0 31 15 19 0 0 11 23 2 53 850 1247 35 1153 54 41 62 684 48 15 1 12 26 21 8 212 61 68 7 42 4 2 7 42 56 47 4 25 48 112 16 301 1434 1390 14 358 50 32 14 290 18 4 0 9 11 20 0 47 4419 1081 25 298 66 42 46 713 1058 310 6 78 321 385 70 721 1
7674 467 824 575 409 57 564 2360 1343 91 69 108 597 48 820 1673 483 72 83 66 42 2 52 93 616 62 143 90 775 48 1907 744 705 79 59 34 84 25 47 48 56 5 4 1 78 4 15 22 664 82 35 46 39 6 56 99 708 57 26 56 941 78 397 332 385 42 72 35 36 5 59 73 96 7 6 5 76 4 94 122 61 3 11 8 1 1 1 9 44 2 10 4 51 7 145 80 698 44 25 45 52 4 31 93 115 6 5 7 82 5 45 96 3017 96 45 112 73 8 77 766 2454 85 33 74 609 65 337 1177 1452 576 45 759 120 38 88 1941 209 50 1 38 51 39 33 620 86 52 13 82 4 1 14 84 57 39 3 46 36 52 28 274 70 119 8 18 12 13 7 25 8 1 2 3 9 16 3 18 135 82 5 24 15 10 3 84 34 31 2 11 15 41 13 166 485 733 51 924 61 61 85 682 49 32 9 22 47 43 53 258 36 58 11 57 13 13 5 67 45 49 18 62 55 153 96 658 935 1679 25 432 114 117 39 383 43 14 2 12 65 90 32 127 2868 854 22 335 96 64 88 1121 761 268 17 127 314 555 197 1802 1
5695 615 524 924 448 36 827 2874 664 41 14 47 799 27 1157 1942 545 77 26 36 37 1 33 74 871 51 36 42 1390 44 1170 851 632 17 36 23 30 4 16 21 16 0 0 1 24 2 8 8 1165 51 31 36 21 2 41 53 1710 40 9 19 1277 35 301 217 597 40 35 22 46 6 61 99 52 2 2 0 48 1 49 59 60 2 4 1 1 0 3 3 61 1 7 2 42 1 38 40 1123 38 22 56 72 1 32 76 40 4 1 0 62 7 15 22 4199 111 35 85 101 1 59 268 4093 42 10 31 1170 53 291 438 846 906 11 1429 34 37 29 2175 32 19 0 12 28 26 11 467 47 66 0 43 6 2 0 28 26 27 0 38 29 35 7 216 22 20 2 4 0 0 0 5 1 0 0 0 2 1 0 3 48 65 0 25 3 1 0 18 12 19 0 7 5 10 2 35 1014 1516 27 950 54 59 44 848 30 36 0 6 32 29 15 245 42 104 1 22 3 9 2 26 25 32 1 20 35 116 18 303 1687 1247 23 333 31 41 22 280 15 4 0 0 20 17 2 32 3539 1160 8 306 40 42 32 539 915 284 1 38 332 304 51 646 1
5966 447 575 751 583 53 836 3306 861 28 34 32 814 33 1151 3259 558 34 26 60 36 5 36 89 899 38 32 46 1550 45 1384 980 659 40 38 28 34 0 13 31 35 2 0 1 41 2 16 7 981 86 32 20 26 4 30 78 1482 26 9 12 1582 26 407 277 625 29 26 25 56 6 61 77 51 1 0 1 43 1 45 33 52 4 2 1 4 0 0 14 74 1 0 5 58 6 35 47 941 34 12 31 50 3 31 64 44 0 0 0 52 2 14 20 4307 93 26 63 100 3 84 308 4246 50 15 53 1172 28 295 582 712 588 28 826 38 38 30 2304 61 37 3 10 27 22 13 696 31 33 1 37 0 0 0 42 20 11 0 23 13 43 10 230 17 49 1 10 0 1 2 13 1 1 0 0 0 1 0 5 49 49 1 14 5 0 4 21 13 14 1 2 7 21 0 48 759 1323 51 1057 41 42 45 731 26 23 1 7 35 37 23 211 46 56 3 36 2 8 0 30 49 38 3 15 46 93 35 261 1079 1223 11 291 26 38 16 242 23 7 0 0 16 19 1 46 2884 943 13 219 52 38 38 502 872 292 8 46 309 309 53 600 1
11069 275 794 492 752 50 772 1979 1654 98 36 99 962 39 651 1531 458 28 49 77 62 5 33 92 697 48 52 92 3468 56 798 749 519 45 62 25 69 8 31 41 72 9 7 4 79 7 14 30 524 59 26 47 44 4 69 115 845 94 20 75 1259 94 262 373 341 28 69 33 71 5 66 46 182 24 3 18 67 3 38 112 33 0 10 4 5 0 5 6 42 4 7 1 43 7 41 43 427 27 40 55 65 7 48 93 190 17 12 24 83 7 34 122 981 52 39 66 85 22 89 767 1882 231 27 162 796 64 307 1393 1239 367 51 737 183 32 215 1939 201 39 9 20 53 54 35 489 107 76 6 106 28 11 13 195 38 41 8 42 40 55 22 342 56 30 0 15 0 3 0 18 13 0 2 3 1 8 1 19 69 55 6 63 25 13 21 206 23 40 1 28 17 84 26 198 358 567 80 720 79 50 123 691 42 33 4 17 54 64 25 212 24 31 10 69 12 6 6 74 57 45 9 51 49 330 66 646 456 352 13 209 72 23 31 230 22 18 3 15 27 26 17 111 886 460 26 301 56 55 71 1177 394 228 8 179 221 495 139 1886 1
4725 472 496 936 401 46 850 3537 783 61 24 33 621 40 1084 2556 497 40 29 45 25 1 30 77 707 37 30 72 1035 43 1288 913 497 35 21 31 25 1 20 38 29 2 1 5 23 3 7 9 863 57 16 22 35 2 48 60 1287 53 12 22 1159 26 296 270 490 32 30 45 54 2 52 113 46 4 2 0 38 1 52 56 64 5 5 4 7 1 3 9 20 2 0 4 43 3 41 50 959 30 23 37 57 3 28 92 51 2 0 1 39 2 29 39 4409 108 24 72 72 3 74 242 2939 56 12 35 926 29 210 494 864 873 24 1455 38 42 40 2887 93 34 0 21 20 28 13 768 41 76 0 43 1 5 2 57 22 20 0 22 15 40 6 253 27 40 0 15 4 0 2 16 0 1 0 2 0 3 0 6 44 57 2 22 5 6 3 32 11 12 0 5 4 14 1 47 806 1561 37 1222 40 47 50 1104 33 10 0 10 20 43 13 301 29 43 0 37 2 0 3 34 28 31 3 18 41 102 15 311 1389 1931 11 476 50 46 35 357 17 14 0 1 18 19 10 96 4038 1122 12 306 53 41 46 549 958 253 5 52 287 307 44 699 1
4537 621 545 1027 434 61 839 2816 996 87 67 128 807 45 1585 2824 375 55 37 128 23 4 31 101 739 72 62 109 857 52 1289 1212 608 51 33 41 48 3 26 42 46 1 4 1 59 2 33 34 627 101 30 45 32 7 42 92 917 66 11 38 876 73 452 424 514 50 39 47 36 9 98 127 71 10 0 10 74 5 96 122 29 1 1 1 1 0 1 6 14 2 4 16 53 8 63 84 851 37 28 60 64 2 49 93 96 5 1 6 90 1 31 92 2121 127 31 136 77 5 89 425 1714 64 9 61 766 63 346 967 1413 885 55 1404 123 37 121 2950 97 54 5 38 32 63 36 797 76 79 5 87 3 5 3 96 49 37 3 40 25 42 17 361 58 54 5 15 4 3 5 30 3 7 0 0 3 6 1 22 59 97 2 51 3 7 6 74 17 30 0 23 9 32 9 154 936 1070 66 988 77 51 102 1061 41 33 3 11 44 56 45 336 41 42 1 55 1 6 6 80 37 69 2 24 48 91 28 470 1629 1264 33 443 102 58 41 439 40 12 0 6 28 57 25 140 2660 1149 19 431 88 85 72 1028 570 316 7 100 264 357 134 1430 1
4117 384 465 598 403 35 626 1727 617 33 19 15 611 22 894 1081 514 57 24 74 37 1 15 62 722 53 29 44 1577 33 1308 711 542 26 13 14 40 2 11 21 17 2 1 0 27 0 5 0 924 58 24 7 27 0 29 52 1177 33 6 9 1337 24 314 235 482 29 16 16 37 0 58 78 34 1 2 0 47 1 31 16 44 1 2 4 3 4 3 6 39 2 0 4 67 6 23 36 813 38 11 32 44 0 13 52 27 1 1 0 53 0 10 24 3351 60 21 66 70 6 68 208 2758 28 7 25 832 26 208 362 599 698 13 935 24 18 18 1584 35 16 0 9 25 31 9 279 47 40 2 20 0 0 1 22 27 18 0 10 11 19 5 149 24 22 3 7 2 1 0 6 0 0 0 0 0 1 2 9 37 29 0 15 0 3 1 15 9 14 2 1 9 12 3 20 729 1175 15 679 40 46 52 672 34 18 0 2 16 28 15 174 43 47 1 23 3 7 0 30 50 32 1 14 37 96 12 204 1148 1156 16 288 29 29 29 220 17 8 0 8 20 14 2 34 2061 786 12 240 25 29 40 377 636 218 3 48 234 247 34 470 1
5853 709 613 990 589 47 888 3356 736 32 32 36 707 42 1269 2341 567 61 32 62 41 3 40 102 821 54 28 60 1449 57 1483 1033 565 43 23 23 25 2 21 28 19 1 0 2 22 2 2 7 1086 66 17 29 23 1 24 66 1340 38 9 12 1166 18 408 230 600 59 27 25 35 2 57 83 31 0 2 0 36 0 54 48 36 7 2 6 2 0 2 6 43 0 2 0 61 3 39 29 909 34 21 38 59 2 22 62 38 0 0 0 67 3 20 15 4105 71 25 71 86 2 54 231 2832 30 9 23 1020 28 286 369 784 795 31 1573 34 41 41 2760 40 28 0 11 11 24 8 646 35 44 1 33 1 6 0 27 18 22 1 21 18 40 4 249 39 41 0 21 0 3 1 12 2 0 0 1 1 1 0 2 40 46 0 9 0 0 0 22 13 22 0 1 4 16 2 53 705 1537 31 1389 47 67 53 1164 22 19 2 14 31 39 22 298 41 48 0 31 1 1 4 28 20 40 1 16 45 112 16 333 1415 1772 6 440 47 46 6 252 19 13 0 3 26 26 3 46 3019 1033 9 198 38 30 17 463 723 207 2 42 273 316 37 621 1
4620 383 460 775 416 33 704 2285 643 37 17 53 586 20 940 1394 429 49 19 37 37 1 27 70 598 41 25 51 972 50 729 669 461 22 30 29 30 2 19 37 20 1 1 1 20 2 7 7 792 75 13 12 31 9 36 66 926 25 3 20 605 14 197 189 401 23 33 36 44 0 54 93 43 2 1 0 39 1 52 45 35 1 0 1 3 0 2 10 31 2 1 2 26 2 23 34 727 20 16 46 64 1 35 54 32 4 2 2 41 1 18 28 2781 66 18 62 81 6 66 251 2566 48 12 28 794 29 210 384 682 762 16 1174 36 44 53 2144 30 17 1 11 26 26 9 467 44 31 0 53 0 2 1 43 16 21 0 19 19 42 2 179 33 34 1 6 1 3 0 20 0 0 0 1 0 0 0 2 46 63 0 30 0 2 1 39 10 20 0 3 4 12 3 31 646 1123 28 1076 57 53 43 877 23 30 2 5 19 29 16 235 26 39 3 28 2 8 4 29 20 38 6 34 51 95 21 256 1072 890 8 280 32 35 19 322 8 8 0 3 14 34 3 53 2026 721 9 227 37 35 26 385 600 194 7 46 196 304 48 572 1
5275 455 479 881 571 28 922 2864 825 28 10 41 896 31 1451 2437 657 62 26 51 51 9 36 109 1076 36 26 56 1641 42 1225 983 530 17 19 11 31 2 17 11 21 1 0 1 27 2 8 15 1256 58 27 43 50 0 67 66 2295 36 19 19 1556 29 413 328 444 34 11 28 63 5 59 97 31 0 0 1 48 1 33 30 51 3 2 1 2 0 3 3 49 9 4 4 87 7 31 45 943 19 26 72 50 1 32 71 57 1 0 0 59 1 20 28 3807 98 20 64 100 9 100 267 4341 42 8 27 1480 36 290 458 673 792 16 1390 37 41 50 2171 47 16 1 4 21 44 17 666 35 46 3 22 2 5 0 45 23 17 1 16 11 55 7 231 21 16 0 9 1 0 0 6 0 0 0 0 1 3 0 8 54 41 1 25 0 0 4 27 14 29 0 1 13 21 6 32 831 1220 25 1313 43 57 42 974 21 20 0 7 29 32 26 222 48 64 1 29 3 8 4 30 47 45 1 16 54 91 20 263 1324 1095 3 361 40 20 25 190 15 3 0 0 24 19 4 52 2720 852 17 249 51 32 25 425 853 254 8 53 277 287 50 584 1
17184 537 681 610 522 65 601 3708 933 68 50 79 584 25 524 1047 395 34 75 36 15 5 26 65 470 48 52 59 925 48 665 556 687 64 58 42 63 5 26 34 44 6 2 7 69 9 20 17 473 54 32 38 25 18 42 104 561 85 8 25 643 56 188 245 799 40 85 32 34 3 51 78 135 15 5 8 57 8 28 43 44 6 1 9 0 0 4 12 33 9 10 9 50 12 46 62 619 37 32 46 65 2 19 73 78 13 0 14 90 0 26 78 2712 88 48 83 86 19 90 764 1697 89 34 119 562 94 233 914 1233 671 39 676 128 46 152 2442 125 33 2 24 46 67 28 446 73 37 8 95 7 4 11 98 39 33 6 39 38 60 15 235 42 69 5 26 2 14 1 30 5 10 0 1 5 19 4 12 78 71 3 38 7 12 23 94 18 52 2 6 24 72 17 133 612 1584 82 644 57 37 89 680 71 23 0 9 44 47 26 222 25 52 4 57 3 8 7 76 54 63 11 60 46 356 42 505 655 664 15 190 34 43 37 199 48 22 0 13 32 75 10 96 771 546 20 263 59 41 72 920 321 256 14 125 222 504 103 1493 1
8239 454 602 670 539 43 792 2388 1196 57 53 83 798 45 1398 2848 501 54 35 64 46 3 45 120 674 60 56 70 1043 52 1320 1042 568 49 46 26 50 4 30 37 55 7 0 8 54 7 20 13 743 50 24 35 48 2 50 109 1324 90 14 40 1454 72 383 416 465 17 41 51 70 4 81 81 48 8 5 5 53 2 60 108 31 2 4 3 4 1 5 7 44 0 4 6 50 0 74 75 573 33 19 39 79 0 33 90 65 5 1 6 91 2 32 80 2745 82 34 67 95 4 85 824 2772 94 21 68 1077 71 322 943 970 598 44 1122 80 38 100 2296 124 48 0 11 42 29 23 564 60 58 2 92 1 4 8 152 37 31 0 32 23 45 23 290 32 75 3 24 4 4 1 14 2 0 0 0 4 3 0 4 76 71 0 34 5 5 12 93 25 32 0 36 10 66 6 134 595 1117 54 1943 64 57 77 987 37 26 0 16 25 45 29 364 30 35 6 66 8 3 3 80 31 43 4 36 36 96 32 372 751 1143 25 365 69 56 39 358 12 6 0 7 46 42 19 152 1394 663 17 305 74 38 40 815 490 235 5 118 295 328 82 1197 1
8884 427 525 585 443 45 629 1921 1350 108 101 147 715 46 1596 3593 493 87 58 114 31 0 47 82 545 85 92 129 718 30 1583 1387 512 72 39 22 47 2 16 45 40 8 2 1 80 12 32 28 526 87 20 45 25 3 35 81 649 90 12 34 920 63 379 387 440 23 45 15 48 6 78 84 95 12 5 8 82 4 108 145 32 2 15 1 3 0 1 9 27 6 13 12 31 5 103 59 591 28 22 34 71 4 25 83 91 9 3 13 80 8 57 115 2114 82 25 111 102 6 119 777 1876 85 10 75 664 79 294 1151 1284 503 50 625 64 30 129 1777 185 41 4 30 57 42 44 691 112 53 2 74 7 1 16 115 47 36 9 39 30 35 11 343 73 91 7 12 4 11 4 16 8 3 0 0 4 10 5 12 149 105 1 33 7 3 12 77 18 35 0 16 20 53 8 152 582 770 40 909 59 27 108 709 52 29 3 25 30 34 36 277 37 31 4 46 3 0 9 40 30 26 6 68 27 84 30 388 945 1236 13 311 108 63 70 355 30 15 2 9 54 50 26 136 3636 1044 13 308 151 66 122 1172 562 215 9 81 263 351 155 1548 1
4162 365 523 703 418 33 818 2281 960 53 30 61 874 41 1187 3401 383 63 25 64 26 4 33 76 710 70 36 84 821 59 719 1161 562 44 43 24 44 2 29 26 49 2 2 3 54 0 29 14 836 92 23 42 31 4 37 103 1165 70 8 29 1447 56 429 405 506 35 40 34 56 5 75 104 44 5 5 1 70 1 55 80 23 4 1 7 1 1 7 7 35 2 1 2 30 2 29 42 919 37 35 49 77 2 62 92 76 3 1 2 73 1 33 68 3156 121 62 108 105 7 112 326 2220 67 8 56 975 59 335 726 1116 813 34 1527 62 33 73 2601 62 24 2 28 20 35 12 752 49 75 2 77 4 1 1 73 52 29 3 47 23 37 12 352 38 44 0 12 2 5 1 13 0 0 0 0 1 5 0 5 62 87 2 33 7 4 3 46 15 41 1 12 17 31 8 92 1036 1321 63 1792 65 48 83 1094 47 33 0 9 29 38 27 270 38 71 2 61 3 5 3 54 39 48 5 19 26 95 26 363 1591 1338 38 554 50 26 42 389 20 14 0 6 28 25 16 76 3920 1216 20 485 62 45 60 739 753 379 7 96 258 349 79 961 1
4864 625 661 993 451 41 787 2998 825 51 25 77 737 54 1286 2674 477 48 36 55 30 3 21 109 764 55 48 72 1484 62 1446 961 540 43 35 29 31 4 20 55 26 3 3 1 17 3 18 11 858 80 30 28 31 0 50 89 1364 60 17 16 1071 35 385 300 431 28 29 40 63 0 87 143 55 6 0 2 66 3 56 82 29 4 0 3 1 0 4 13 27 5 1 4 57 6 38 39 716 35 34 58 70 5 43 99 40 3 1 7 80 6 24 63 2362 85 46 71 85 16 68 378 2422 42 26 43 1036 35 306 715 1079 996 28 1785 50 65 58 2872 67 39 4 27 25 34 16 883 64 44 1 61 7 2 3 48 43 28 3 32 40 60 5 306 48 43 1 19 3 2 3 16 3 1 0 1 2 3 0 7 71 64 1 30 7 7 3 52 17 22 0 6 8 24 4 72 783 1512 46 1863 33 67 102 1364 43 30 0 16 26 52 30 336 33 43 1 29 3 3 3 33 51 33 1 34 50 145 29 383 1092 1593 11 539 66 44 40 436 19 22 2 10 23 40 18 110 2460 916 16 329 76 47 56 790 628 255 4 55 255 329 75 1041 1
5883 445 1009 727 525 46 740 2512 997 70 48 74 763 40 1034 2071 396 45 55 50 37 3 44 90 736 54 90 69 1962 86 1692 930 896 60 132 47 49 3 35 60 53 4 1 3 60 4 29 29 623 61 35 32 36 4 42 86 855 76 25 28 1364 81 490 380 334 31 62 31 50 3 52 96 53 5 2 1 37 0 72 85 28 0 5 6 9 0 1 19 43 0 2 11 81 8 84 65 684 49 24 64 63 5 35 110 71 4 0 4 68 7 30 66 1879 60 44 89 73 27 109 536 1573 93 27 74 753 60 334 906 1148 840 54 1121 62 54 66 1945 128 55 0 27 51 74 38 673 61 59 4 53 3 4 5 91 41 33 1 44 45 78 22 331 45 94 2 21 2 4 1 25 0 0 0 0 2 1 0 9 55 54 2 45 2 2 2 60 21 35 0 21 20 62 6 118 779 1865 75 1578 66 103 76 874 47 38 1 16 49 86 34 329 41 60 10 77 3 7 5 71 53 65 3 64 93 337 57 669 924 2114 28 548 61 88 27 365 28 12 0 6 25 47 9 122 2045 937 19 291 95 53 75 1003 552 296 9 136 377 675 118 1463 1
5446 497 430 720 436 25 606 2394 1272 54 25 68 645 22 912 2156 539 48 27 69 31 5 50 93 906 43 44 65 1065 40 1199 794 503 27 16 22 30 3 22 25 48 4 3 3 27 1 6 18 1046 76 21 26 36 3 45 115 2110 61 19 34 1602 50 406 343 531 41 22 26 77 6 50 95 77 6 2 0 49 5 44 68 48 1 3 8 0 0 11 16 48 3 2 4 49 7 42 33 894 22 24 50 50 8 37 94 110 6 2 10 81 3 12 60 3598 99 54 88 118 12 117 575 4335 89 21 63 1522 57 393 891 1020 679 46 1360 55 27 108 2930 137 27 3 27 31 38 22 547 79 26 1 48 7 6 1 79 43 26 0 30 21 34 7 214 25 49 2 13 0 5 1 16 2 0 0 0 0 0 0 11 67 70 2 42 5 3 4 70 25 28 0 9 10 23 10 62 617 977 50 1241 44 54 64 1042 40 19 0 8 27 42 36 286 44 55 3 48 4 4 2 51 44 32 4 32 50 83 27 240 983 1164 9 292 39 42 29 308 28 10 0 10 14 15 7 69 2523 755 7 270 76 48 65 812 749 349 6 91 240 332 98 1015 1
3093 345 649 848 353 18 925 1999 628 43 25 47 736 31 1648 1848 311 37 32 47 17 4 32 67 681 72 46 70 1457 62 2185 1264 621 28 43 26 56 3 41 39 64 0 0 1 57 1 27 10 838 63 26 57 32 2 56 56 1819 101 21 47 2009 99 534 427 378 16 68 31 61 2 84 66 42 3 0 4 67 2 70 57 22 1 3 1 3 0 6 4 27 0 4 3 45 4 52 44 1010 23 34 55 74 2 48 51 56 1 1 0 104 3 36 29 2172 83 38 86 71 11 49 135 2892 105 16 30 1279 78 339 500 653 750 54 1769 57 33 86 2451 48 30 1 19 24 38 33 756 54 66 5 95 2 1 3 72 39 53 3 65 33 65 18 515 40 49 3 21 2 0 0 16 2 0 0 0 1 0 0 7 55 60 3 56 2 0 2 40 24 30 0 15 21 34 3 109 751 1503 62 2247 62 56 98 1432 33 26 2 14 43 35 32 391 33 65 3 89 0 6 3 112 41 64 2 29 32 98 32 505 1650 1549 28 603 71 50 30 375 27 8 1 11 46 25 8 61 2299 1139 17 448 58 46 24 522 836 500 8 99 364 474 77 1058 1
5303 508 638 603 379 19 525 1523 1284 64 66 87 604 37 967 2095 436 79 85 62 26 3 40 82 605 69 103 84 880 56 2110 877 584 61 35 31 65 11 24 29 50 4 5 0 81 7 21 31 732 55 41 34 33 4 38 81 819 87 22 26 1093 73 356 357 646 34 43 36 39 2 69 99 98 12 3 8 61 2 85 64 36 8 4 6 0 0 4 11 62 2 1 10 48 9 115 64 830 34 24 30 69 3 47 110 105 4 5 12 83 6 35 93 2888 158 35 134 94 7 100 734 2482 115 27 123 733 63 370 1197 1827 673 50 868 98 25 108 2158 157 51 2 41 65 42 20 600 97 82 5 81 13 3 7 98 43 29 4 50 30 39 13 311 65 101 1 19 3 3 5 16 5 1 0 0 1 6 1 9 102 108 0 56 10 5 3 100 21 33 4 9 18 43 13 121 819 954 73 1194 79 52 84 756 54 34 0 9 39 39 43 300 51 39 2 64 4 4 7 67 41 37 10 51 50 102 69 404 1394 1707 15 356 101 95 42 424 40 7 0 12 60 60 24 124 3148 1158 29 420 98 68 75 1430 854 299 14 103 379 434 139 1472 1
6941 609 566 869 487 35 845 2795 736 38 12 40 649 25 1247 1783 605 77 23 84 43 6 24 81 840 47 32 65 1493 52 1641 884 596 38 29 19 15 1 24 19 19 0 1 0 21 1 19 13 1010 103 27 18 37 6 37 49 1167 33 8 23 1162 23 408 186 615 52 32 33 53 5 57 104 33 7 0 0 49 2 38 19 40 4 1 5 6 0 1 8 33 6 1 2 66 4 38 44 1125 42 34 38 58 2 17 69 39 1 0 6 51 0 24 29 4408 114 35 87 115 8 97 315 2125 29 8 31 848 22 267 414 823 826 9 1181 21 29 52 1868 39 25 3 9 30 31 15 453 34 59 0 37 1 0 4 20 25 8 5 10 17 42 9 229 27 29 1 7 0 4 2 9 0 0 0 0 4 3 0 5 48 65 0 14 4 1 3 36 4 17 0 3 9 14 4 31 1010 2034 32 1525 56 46 75 874 14 14 1 8 26 35 22 185 32 88 1 33 0 9 0 22 36 52 3 24 61 172 27 331 1745 2032 12 407 55 39 18 255 18 7 0 4 20 21 9 31 3531 1300 12 271 34 39 17 490 647 239 2 41 290 351 39 620 1
6231 629 767 935 536 51 860 2767 1060 65 49 86 780 48 1326 2112 532 51 77 101 28 1 29 108 760 62 65 111 1151 38 1696 1089 614 61 51 31 39 7 30 33 36 4 5 2 52 3 26 22 758 78 29 65 41 6 30 72 1011 59 15 36 1067 47 317 323 551 57 52 55 52 6 93 114 38 5 4 2 66 3 68 57 36 7 3 4 2 3 1 15 40 3 3 7 58 7 74 62 879 41 37 44 70 7 38 133 59 3 7 10 104 7 57 72 2090 99 25 85 88 7 79 590 1528 91 22 52 786 67 285 832 1322 874 34 1291 67 32 112 2419 72 44 2 20 29 31 13 557 58 80 1 98 4 1 6 77 40 51 1 26 25 55 21 327 78 89 1 31 3 3 3 13 5 3 0 0 3 8 0 10 62 104 2 56 0 7 4 60 22 36 0 14 18 25 5 102 945 1526 56 1459 64 56 99 887 29 24 4 15 42 54 30 373 47 61 2 79 0 2 3 58 45 71 2 44 58 141 49 516 1274 1763 30 431 69 78 49 395 26 17 0 16 49 44 22 136 1893 999 31 394 58 92 42 965 490 308 8 123 262 448 91 1290 1
11015 495 983 579 362 65 538 2125 954 82 71 79 466 10 698 1964 443 55 105 61 18 1 36 76 490 34 112 71 883 59 2064 684 732 90 82 44 69 11 41 36 51 3 0 4 76 11 19 17 536 57 45 42 20 7 36 93 680 47 17 39 1182 99 399 205 492 32 87 21 30 6 55 103 67 7 3 3 65 3 51 80 46 6 7 3 7 1 0 17 27 4 7 8 63 7 72 77 638 37 30 50 55 5 34 82 72 9 2 3 36 6 39 50 2381 83 48 64 46 7 65 640 1715 60 21 32 639 50 284 933 1103 587 40 899 64 44 85 1749 197 31 1 32 34 37 18 716 73 56 4 68 7 2 6 60 34 22 3 40 21 57 23 305 72 108 3 33 1 9 0 20 2 1 0 0 1 8 0 22 69 84 1 29 0 5 2 44 34 24 1 18 23 62 15 98 626 1104 81 1579 74 65 44 811 45 18 5 18 57 43 34 357 29 54 4 76 2 3 10 67 34 56 18 77 59 253 63 639 946 2035 31 454 59 90 37 308 31 21 2 9 33 57 13 151 2476 789 22 302 77 53 49 1009 608 306 9 101 294 607 110 1462 1
6604 562 1035 770 437 26 676 2756 735 43 39 28 566 41 762 1811 410 45 59 33 26 0 37 74 580 43 62 53 1145 58 2276 689 977 76 74 43 52 3 32 19 38 7 2 5 64 2 13 12 705 46 25 28 31 0 41 75 810 33 16 29 1355 66 365 235 620 44 53 27 32 2 36 83 40 3 3 1 43 1 51 47 39 7 4 4 2 0 2 7 17 3 2 2 56 9 76 38 896 53 30 48 43 3 22 82 30 0 1 4 39 4 20 35 2599 87 27 96 77 13 79 532 1679 57 11 24 669 30 196 592 1131 815 41 986 45 32 42 3119 107 26 3 17 26 36 16 754 54 43 1 45 2 2 3 35 25 32 0 30 26 76 6 315 37 68 2 19 6 4 1 7 2 0 0 1 1 1 0 2 38 40 2 20 4 8 1 39 17 20 3 10 15 41 4 64 813 2019 72 1938 38 96 59 889 40 32 1 20 21 92 25 331 29 68 4 72 5 2 3 55 50 52 3 40 55 276 49 742 1236 1950 20 585 33 92 33 296 22 12 1 7 37 66 8 101 2797 946 10 368 38 46 51 747 662 310 7 126 313 662 66 1105 1
