553 46 44 85 57 3 96 267 84 4 6 4 76 4 195 302 47 2 1 6 4 0 1 16 87 5 4 4 173 3 200 128 39 2 1 2 3 0 3 1 0 0 0 0 3 0 2 0 90 4 1 8 2 1 2 10 146 4 1 3 116 3 43 27 28 1 0 1 9 0 7 7 0 1 0 0 6 0 10 3 3 0 0 0 0 0 1 1 1 0 0 0 6 0 7 1 49 4 0 3 14 0 1 10 2 0 0 0 3 1 1 4 180 11 2 6 9 0 6 28 173 3 1 3 109 1 43 54 79 55 0 70 3 2 4 144 1 2 0 0 2 1 2 38 4 3 0 3 1 0 0 1 2 2 0 2 0 2 0 22 3 2 0 0 0 1 1 0 0 0 0 0 0 0 0 0 5 8 0 3 0 0 0 3 3 0 0 0 0 1 0 4 46 110 1 62 2 7 3 73 3 0 0 1 1 7 6 20 2 4 0 2 0 1 0 2 3 5 0 2 4 18 3 23 125 67 1 20 12 5 1 21 2 0 0 0 1 4 0 0 176 68 0 16 8 6 2 36 38 13 0 2 33 24 5 62 914 95 49 149 117 6 150 434 81 8 1 4 111 7 116 179 72 6 5 13 4 0 1 10 69 7 1 12 78 7 67 79 33 5 2 2 1 1 0 1 3 0 0 0 3 0 0 0 93 9 1 1 2 0 5 8 73 0 1 0 31 2 22 12 48 2 0 2 5 0 11 7 3 0 0 0 4 0 3 4 1 0 0 0 1 0 0 0 2 0 0 1 2 0 0 4 71 2 1 3 8 1 2 6 5 0 0 0 12 1 1 6 266 15 3 13 12 0 10 46 140 4 1 7 59 3 25 49 82 96 1 116 4 5 5 188 1 1 0 1 2 6 1 29 3 1 0 3 0 1 0 6 0 0 0 1 0 4 1 30 2 3 0 0 0 0 0 0 0 0 0 0 0 0 0 0 7 11 0 3 0 3 0 4 0 3 0 0 0 2 0 4 50 61 4 57 5 8 16 77 1 0 0 1 1 3 2 25 0 1 0 0 0 0 0 4 2 1 0 3 1 8 0 32 43 35 0 14 2 2 4 14 0 0 0 0 3 4 1 1 85 46 0 22 3 3 0 60 22 8 0 1 11 21 3 40 662 74 68 109 66 4 86 252 79 4 2 6 76 1 93 108 59 14 2 8 3 0 1 13 78 4 5 5 145 9 279 72 62 5 3 2 4 0 0 1 2 0 0 0 3 0 1 0 83 5 1 3 5 1 4 3 103 3 2 2 68 3 32 25 56 4 4 4 9 0 4 8 3 0 0 0 6 0 4 4 4 0 0 0 0 0 0 0 4 0 0 1 5 1 5 5 78 3 3 4 7 0 4 8 1 0 0 0 8 0 4 3 181 4 0 5 5 0 1 17 90 1 0 4 68 1 20 29 70 81 1 104 6 2 5 130 0 1 0 2 4 7 0 21 3 6 0 2 0 0 0 1 0 2 0 3 0 2 2 18 1 4 0 1 0 1 0 1 0 0 0 0 0 1 0 0 2 7 0 0 0 1 0 4 2 0 0 0 1 3 1 3 79 187 3 117 5 3 7 88 4 1 0 0 3 0 2 28 0 3 0 2 0 2 2 3 6 1 0 4 4 10 3 51 123 194 0 46 3 7 2 26 2 0 0 0 4 3 1 4 99 90 1 26 3 4 3 37 25 19 1 3 23 42 5 63 1166 91 59 114 95 2 86 331 65 0 1 6 85 4 76 102 106 12 0 10 2 0 0 4 80 3 3 6 179 8 59 67 43 3 1 2 2 0 0 1 2 0 0 0 0 0 0 0 103 7 0 0 4 0 2 5 80 3 0 0 38 0 12 12 79 4 2 2 10 1 5 10 5 0 0 0 6 0 6 3 4 0 0 0 0 1 0 1 0 0 0 0 2 0 2 5 94 2 0 3 6 0 2 3 7 0 0 0 3 0 2 0 209 7 0 6 5 2 5 37 82 3 0 3 55 3 14 30 69 117 0 90 1 1 3 113 1 0 0 0 0 5 1 17 3 2 0 4 0 0 0 2 1 2 0 0 1 7 0 7 1 2 0 1 0 0 0 0 0 1 0 0 0 0 0 0 0 7 0 4 0 0 0 3 0 0 0 0 0 2 0 1 79 223 3 101 8 14 10 102 0 1 0 0 0 11 0 17 3 5 0 2 2 0 0 0 1 3 0 4 5 22 2 30 54 105 0 18 4 3 0 19 0 0 0 0 1 3 1 1 56 56 1 15 2 2 2 41 16 17 0 3 6 19 3 38 0
437 33 43 56 32 1 54 127 137 7 1 14 93 2 101 188 35 6 3 10 3 1 2 8 81 11 1 6 73 7 67 84 46 2 2 2 2 1 4 3 3 0 0 0 6 0 1 2 68 14 1 5 2 0 2 7 144 12 1 4 95 7 40 53 39 0 1 4 6 0 8 5 4 0 0 0 6 0 13 12 2 0 0 0 0 0 2 0 1 0 1 1 3 0 2 3 55 0 2 4 11 0 3 6 9 0 0 0 7 0 3 8 274 11 1 7 9 0 12 52 249 10 4 4 140 6 49 102 118 76 4 108 7 1 9 178 8 1 0 1 3 5 1 55 7 4 1 16 2 0 0 7 4 6 0 5 1 4 2 22 1 1 0 1 0 1 0 2 0 0 0 0 0 0 0 0 3 9 1 3 2 1 1 6 1 6 0 0 0 4 0 8 80 71 5 90 7 3 8 88 3 2 0 0 2 2 1 19 2 5 0 2 0 0 0 3 4 4 0 2 4 2 2 29 94 41 0 20 6 2 4 49 4 0 0 0 2 4 0 9 207 85 0 30 17 2 11 97 48 21 2 10 24 22 10 104 660 44 40 90 46 2 65 179 112 10 2 10 75 1 119 173 61 6 6 7 3 0 0 4 93 6 4 7 97 4 81 72 57 3 4 4 2 3 8 3 1 0 0 0 4 0 0 1 98 7 3 5 2 0 3 5 80 5 2 1 83 2 31 36 60 0 3 3 7 0 2 6 5 1 0 1 5 0 8 8 2 0 0 0 1 0 0 1 2 0 0 0 6 0 3 4 70 1 2 5 3 0 1 3 3 1 0 1 13 0 1 5 295 8 2 6 11 0 11 87 147 4 1 4 84 1 41 93 127 71 4 78 6 3 4 141 7 3 0 2 2 5 3 32 6 7 0 2 0 1 0 6 1 4 0 3 3 0 1 23 4 1 0 0 0 1 1 1 0 0 0 0 0 0 0 0 4 7 0 2 1 0 0 4 6 3 0 0 0 2 1 3 74 102 1 42 5 4 6 78 5 0 0 0 2 6 2 22 6 2 0 2 0 0 0 2 10 4 1 0 5 12 8 39 96 81 0 27 13 3 6 40 2 0 0 0 3 4 0 7 142 89 1 31 8 7 7 84 40 26 0 2 28 44 8 87 1139 66 62 48 67 1 62 92 68 1 0 1 79 1 66 63 123 7 3 4 7 0 1 4 123 10 4 11 210 5 70 65 60 2 2 2 3 0 1 0 1 0 0 0 3 0 0 2 130 8 2 0 1 0 6 3 106 6 1 3 95 1 19 21 133 4 7 0 13 0 6 3 5 0 0 0 8 0 4 2 3 0 0 0 0 0 0 2 2 1 0 1 8 2 1 4 121 1 1 2 8 0 5 1 8 0 0 0 8 1 3 0 237 4 1 9 9 0 2 18 126 5 0 0 97 4 31 42 64 62 2 56 1 1 2 52 0 1 0 0 0 1 0 6 6 5 0 6 0 0 1 2 4 2 0 3 0 2 0 17 2 2 0 0 0 0 0 0 0 1 0 0 0 0 0 0 3 10 0 1 0 1 0 1 1 7 0 0 1 1 1 1 101 179 4 60 7 2 6 65 0 2 0 1 4 2 2 10 3 7 0 2 1 1 0 3 3 2 0 3 4 13 2 28 139 53 1 19 5 1 5 27 0 1 0 0 4 1 0 1 149 97 1 21 2 9 4 31 23 28 0 4 29 37 3 41 1111 94 43 87 71 2 84 178 79 0 1 4 75 2 73 76 131 11 1 12 2 0 3 9 114 4 2 16 105 6 52 63 51 2 1 0 1 0 1 0 1 0 0 0 2 0 0 0 165 10 1 1 3 0 4 5 123 4 0 1 74 3 21 22 108 2 3 1 19 0 9 10 6 0 0 1 5 0 5 0 7 0 0 0 0 0 1 1 2 0 0 0 9 0 0 3 148 3 0 1 10 0 1 6 1 0 0 0 14 0 3 1 349 8 1 6 13 1 7 23 132 2 0 1 96 4 19 48 74 76 0 59 4 1 2 49 1 1 0 0 1 3 1 7 3 3 0 3 0 0 0 2 1 4 0 0 2 5 0 10 1 4 0 0 0 1 0 0 0 0 0 0 0 0 0 0 2 12 0 0 0 0 0 0 2 0 0 0 0 1 0 2 104 99 2 32 7 7 7 53 2 0 0 0 0 1 1 20 3 7 1 3 0 1 0 3 3 3 0 0 2 7 2 27 115 50 0 11 7 0 1 16 0 0 0 0 3 0 0 4 129 86 0 19 4 1 4 42 23 22 0 2 24 37 4 41 0
867 97 74 119 192 7 182 420 144 5 3 12 147 6 165 221 58 1 3 8 5 1 5 9 48 11 1 10 135 5 111 108 42 5 0 5 2 1 3 0 3 0 0 0 4 1 1 1 48 7 2 3 4 0 3 11 36 3 0 1 34 6 20 22 51 4 2 5 7 0 5 6 2 0 0 1 6 1 4 8 0 1 0 1 2 0 0 3 2 0 0 1 6 1 2 4 42 6 0 3 3 0 0 10 3 0 0 1 13 0 8 4 111 6 0 6 13 0 10 74 61 2 0 5 48 5 26 73 110 71 1 94 6 5 6 122 6 1 0 0 2 4 0 26 5 11 0 5 2 0 1 5 3 0 1 2 0 4 3 32 5 4 0 1 0 1 0 0 1 1 0 0 0 0 0 1 7 9 0 1 0 1 0 6 1 2 0 0 1 6 0 5 34 83 0 38 5 10 14 75 2 0 0 0 1 10 3 36 1 0 0 0 0 1 0 2 2 0 0 2 4 10 7 32 34 41 0 11 6 2 5 13 1 0 0 1 2 3 0 3 47 26 0 15 3 5 3 66 11 10 0 2 7 15 4 81 976 83 42 109 104 6 122 399 96 3 11 6 102 4 175 230 44 9 6 13 4 0 4 17 75 6 8 11 90 3 118 111 35 2 1 0 3 2 0 3 2 0 0 0 4 0 0 2 55 10 2 2 0 0 3 11 101 2 1 4 77 3 16 29 31 2 1 2 6 0 8 12 5 0 0 0 4 0 12 8 3 0 0 0 0 0 1 0 2 1 0 0 4 1 4 5 35 2 1 2 8 1 3 14 5 0 1 0 10 1 3 6 113 6 2 5 6 1 6 42 182 1 0 6 90 2 28 56 74 79 2 61 7 4 8 126 3 3 0 1 3 2 2 39 4 7 0 5 0 0 0 1 0 0 0 2 2 1 0 23 4 6 0 0 0 0 0 1 0 0 0 0 0 0 0 0 4 12 0 8 0 2 0 6 2 4 1 0 0 0 0 7 53 75 1 23 6 3 14 79 2 0 0 0 0 2 7 22 1 1 0 0 0 0 0 5 3 1 0 0 1 6 1 26 56 51 0 13 5 7 3 24 0 1 0 0 2 2 2 7 61 47 0 19 5 2 2 67 11 7 0 2 23 22 5 75 957 76 82 95 113 8 119 188 61 0 3 0 134 2 143 86 98 5 3 6 4 0 5 8 83 9 6 8 269 7 158 110 63 7 6 1 8 1 0 1 4 0 0 0 6 0 0 1 102 8 0 5 5 2 3 7 94 4 1 1 81 8 20 21 73 6 10 0 9 0 6 4 2 0 0 1 6 0 7 3 6 0 0 0 0 0 1 0 6 0 0 0 5 0 7 3 72 1 3 0 7 1 2 3 4 0 0 1 14 0 2 0 190 2 1 5 7 2 3 20 89 4 0 2 72 4 24 34 41 56 2 56 5 3 4 52 0 3 0 0 0 4 1 23 1 3 0 8 0 0 0 6 2 1 0 3 0 3 1 12 2 7 0 1 0 2 0 2 0 0 0 2 0 0 0 1 1 9 0 2 0 1 0 3 1 4 0 2 4 3 1 12 58 141 12 128 11 4 8 51 1 0 0 1 1 3 2 19 1 7 0 4 0 1 0 3 1 5 0 5 6 22 6 75 48 124 0 20 2 8 1 9 0 2 0 2 2 4 0 5 55 52 0 7 1 2 1 26 9 6 0 6 17 46 5 60 998 108 57 107 117 7 131 284 81 3 4 2 136 3 140 164 63 6 2 10 6 0 3 11 86 3 2 9 127 8 96 103 48 0 2 3 0 0 1 0 1 0 0 0 5 1 2 0 99 9 1 4 2 1 5 6 73 6 0 2 56 0 22 23 93 7 1 4 9 0 8 12 3 0 0 0 9 0 5 3 5 0 0 0 1 0 0 0 5 0 0 0 3 3 2 5 104 3 2 8 8 1 1 10 3 0 0 0 6 0 0 3 188 9 3 3 7 0 8 37 76 1 1 2 68 3 13 52 82 88 1 79 6 0 5 118 3 2 0 0 2 2 2 15 5 5 0 0 0 0 0 1 0 2 0 1 1 4 0 17 1 1 0 1 1 0 0 0 0 0 0 0 0 1 0 0 1 10 0 1 0 0 0 3 0 3 0 0 1 0 0 3 91 122 2 51 4 4 9 60 0 0 0 0 0 2 1 12 2 4 0 3 0 1 0 3 0 3 0 5 2 5 1 14 90 58 0 15 6 1 2 31 1 0 0 0 6 0 0 3 96 61 0 17 2 2 2 48 12 20 0 1 14 14 3 55 0
539 54 79 83 75 2 107 230 142 12 5 6 105 3 136 178 44 8 7 11 4 0 4 13 74 8 4 16 97 8 79 111 61 5 4 3 8 0 2 5 6 0 0 0 6 0 3 0 71 12 2 3 6 0 5 13 86 10 1 9 80 6 33 38 33 2 3 3 4 0 15 14 4 1 0 1 10 0 10 6 5 0 1 0 0 0 0 1 9 0 0 0 5 0 2 2 64 1 2 4 9 0 6 16 5 1 2 1 9 0 1 16 112 4 3 11 8 0 14 47 109 6 1 6 81 4 30 106 140 79 2 102 8 3 14 143 10 4 0 2 7 7 3 36 11 11 0 12 0 0 1 9 2 5 0 4 2 7 1 28 5 5 0 2 0 1 0 1 1 0 0 0 0 0 0 1 4 10 0 4 0 2 0 8 3 7 0 0 0 3 2 12 81 44 7 49 10 2 11 87 7 4 1 1 7 3 3 18 3 7 1 4 1 1 1 7 8 3 1 4 5 13 2 52 70 36 1 19 10 2 5 25 2 0 0 1 2 2 0 12 119 63 2 36 3 6 10 99 26 12 1 12 18 54 5 119 578 42 82 78 55 1 84 195 140 7 3 7 89 7 106 131 44 5 7 20 3 1 2 9 89 9 1 16 98 3 58 92 45 7 3 3 7 0 3 6 5 1 0 0 4 0 3 3 70 17 1 5 2 1 7 7 89 11 2 5 56 7 27 41 45 2 5 5 13 1 10 18 7 1 1 1 6 0 4 10 2 0 2 1 2 0 0 1 7 0 0 0 9 0 0 5 69 2 4 7 9 0 5 10 11 0 0 1 10 0 6 10 121 10 2 10 14 0 18 45 120 12 1 10 82 10 45 90 137 96 5 104 8 4 11 170 8 6 0 3 5 5 3 45 12 8 0 13 0 1 0 11 6 4 0 5 1 5 1 34 3 3 0 2 0 0 0 3 0 0 0 0 0 1 0 0 13 10 0 1 0 1 3 9 3 3 0 0 1 2 0 11 84 72 4 66 5 6 16 97 6 4 0 1 5 7 7 18 3 4 2 6 1 0 0 3 3 9 0 5 5 9 2 50 63 42 1 21 7 5 4 43 2 1 0 0 5 2 1 9 88 63 1 42 4 7 12 98 41 25 0 21 21 42 3 130 676 66 77 85 79 4 117 138 79 6 2 5 112 6 134 115 88 8 6 8 7 0 2 11 128 12 6 15 193 11 76 79 57 5 1 2 5 0 3 1 1 1 0 0 13 2 1 1 80 12 1 4 4 1 8 7 101 5 1 4 185 10 32 33 57 6 5 3 14 1 11 7 7 0 0 0 14 0 12 3 4 0 2 0 0 0 0 0 1 0 0 0 7 0 6 5 71 3 6 6 9 0 3 6 7 0 0 0 18 2 1 4 80 9 3 4 7 0 5 13 85 8 2 3 80 5 27 59 77 127 4 129 5 1 4 118 5 2 0 4 2 1 2 17 4 11 1 9 0 1 0 7 2 3 1 4 2 6 2 29 2 6 0 0 0 0 0 0 0 0 0 0 0 0 0 0 4 10 1 9 0 1 0 9 0 7 1 1 1 7 1 7 94 156 8 101 11 9 19 68 0 0 0 0 5 6 6 28 1 1 1 11 0 1 0 1 2 2 1 5 4 8 3 42 97 53 0 26 9 2 2 19 1 1 0 1 6 2 2 6 53 58 1 23 1 3 2 46 9 17 0 6 16 39 8 103 615 67 57 113 85 2 127 313 145 15 3 7 99 5 127 163 42 12 7 11 5 1 5 16 84 8 5 16 98 6 89 96 58 8 2 0 10 1 2 4 3 0 0 0 6 1 0 2 68 9 2 4 4 0 2 13 83 6 1 1 37 8 39 32 60 3 6 3 9 0 15 13 5 3 0 0 5 0 14 8 2 0 1 1 0 0 1 2 2 0 0 0 8 0 5 6 61 1 4 6 13 1 7 9 3 0 1 0 14 0 7 6 124 5 0 7 11 0 9 64 171 12 1 17 87 5 24 85 92 84 3 121 9 8 9 212 6 0 0 6 1 2 2 34 12 5 0 6 2 1 0 14 1 2 1 2 3 4 0 20 3 0 0 2 0 0 0 1 1 0 0 0 0 0 1 0 4 19 1 3 0 1 1 17 1 0 0 1 0 5 0 8 70 64 5 51 6 6 11 77 4 3 0 1 1 7 3 48 4 0 0 3 0 0 0 3 3 3 0 2 5 12 1 32 46 49 0 16 6 6 5 31 2 0 0 1 4 1 1 3 33 52 1 17 8 2 5 71 13 13 0 3 18 24 5 107 0
811 68 54 96 59 8 111 385 81 5 0 5 103 3 107 160 73 10 0 6 3 0 4 12 85 7 0 10 147 4 58 93 54 2 3 3 4 0 1 2 2 0 0 0 4 0 0 1 98 6 2 1 4 1 3 12 94 5 0 1 56 1 18 16 58 4 3 3 8 0 9 12 3 0 0 0 4 0 5 2 4 0 0 0 1 0 0 1 0 0 0 0 7 1 0 5 94 1 2 5 9 0 1 9 5 0 0 0 7 1 2 4 275 11 0 8 4 2 8 69 105 2 0 5 62 2 25 55 90 104 3 103 6 5 5 181 3 2 0 0 1 8 1 33 3 6 0 3 0 0 0 4 0 1 0 0 2 3 0 24 0 2 0 1 0 0 0 2 0 0 0 0 0 0 0 1 5 8 0 0 0 1 0 4 0 1 0 0 1 0 0 2 63 111 2 56 5 6 10 82 2 1 0 0 2 8 2 20 5 3 0 0 0 0 0 2 1 4 0 3 5 16 1 37 77 47 0 17 2 1 3 20 1 0 0 0 3 4 0 0 100 59 0 17 3 4 3 43 23 18 1 4 17 30 2 46 787 85 59 97 79 5 110 398 114 8 1 6 83 3 103 185 68 9 2 6 4 0 2 15 63 7 3 14 65 6 54 100 44 5 0 3 2 0 1 4 1 0 0 0 3 0 0 2 99 9 1 2 1 0 6 8 85 2 0 2 29 0 13 22 59 0 5 4 5 0 8 12 4 0 0 0 7 0 4 6 1 0 0 1 0 0 0 0 4 0 0 0 4 0 0 1 91 2 3 2 8 0 4 4 5 0 0 0 8 0 2 4 215 9 1 7 3 1 6 33 113 3 1 4 81 3 27 52 100 104 0 98 8 5 3 211 4 2 0 0 1 5 1 40 8 9 0 2 0 0 0 3 2 0 0 2 2 2 0 23 3 1 0 0 0 0 0 4 0 0 0 0 1 0 0 0 5 3 0 3 0 0 0 4 1 1 0 0 0 1 0 2 65 94 3 67 5 2 8 84 3 0 0 0 4 4 2 20 3 1 0 1 0 0 0 1 0 2 0 1 2 5 3 24 111 43 0 15 1 1 1 35 0 1 0 0 0 0 0 3 167 82 3 29 4 7 5 56 31 12 1 0 22 21 0 55 1182 156 54 138 129 5 99 213 62 4 1 2 109 4 90 110 75 8 2 6 6 1 2 8 83 3 1 12 134 6 90 67 36 3 4 1 1 0 3 1 0 0 0 0 1 0 1 0 87 5 0 1 1 0 4 3 56 5 1 1 36 0 15 14 77 7 3 2 12 0 5 8 4 0 0 0 3 0 2 3 3 0 0 0 0 0 0 0 1 0 0 0 3 0 1 5 101 3 1 0 9 0 0 7 4 0 0 0 9 0 1 0 252 9 1 8 7 0 5 21 95 1 0 2 53 2 15 45 80 87 0 109 5 1 3 136 1 0 0 0 0 3 0 17 4 5 0 3 0 0 0 1 0 0 0 3 1 1 0 16 0 1 0 0 0 0 0 0 0 0 0 0 0 0 0 0 2 12 0 3 0 0 0 1 1 0 0 1 0 1 0 0 75 196 3 79 4 7 12 83 0 0 0 0 1 2 2 11 0 5 0 2 0 0 0 2 1 2 0 0 1 13 0 18 83 64 0 22 1 0 0 13 0 0 0 0 1 2 0 1 111 64 0 17 1 2 0 42 21 14 0 1 18 20 1 28 1036 78 89 86 106 2 88 192 66 1 2 4 97 1 87 96 69 10 4 5 4 1 1 5 78 7 2 9 218 9 63 68 50 4 3 1 0 1 2 1 4 0 0 0 5 0 0 0 73 5 3 2 3 0 1 2 60 1 0 2 75 3 17 19 67 4 3 2 7 0 5 7 3 0 0 0 3 0 6 2 1 0 0 0 0 0 0 0 3 0 0 0 4 0 1 4 86 2 2 3 6 0 2 3 5 0 0 0 5 0 3 0 251 5 0 1 5 1 6 23 125 5 0 0 54 3 10 32 66 103 3 96 2 2 2 100 1 1 0 0 2 3 0 16 2 8 0 5 0 0 0 2 0 4 0 1 0 12 0 12 4 1 0 1 0 0 0 0 0 1 0 0 0 0 0 1 2 5 0 4 0 1 0 1 0 1 0 0 0 3 0 1 67 255 3 141 3 10 5 94 1 1 0 1 2 5 0 18 1 5 0 3 0 1 0 6 3 7 1 3 5 36 0 41 95 129 0 28 4 1 1 23 0 0 0 0 1 0 0 0 90 73 0 16 3 3 2 23 10 16 0 3 12 38 1 36 0
357 26 25 46 26 2 44 154 192 9 6 9 71 4 76 221 43 4 4 7 2 1 2 13 83 8 1 8 36 3 38 64 31 2 1 1 4 0 1 3 6 1 0 1 3 1 2 7 69 10 1 7 2 0 3 14 97 10 0 5 26 3 17 45 34 1 4 2 3 0 9 11 9 3 0 0 9 0 8 14 1 0 0 0 0 0 1 0 5 1 1 0 1 0 3 6 64 0 0 3 7 1 6 13 9 1 1 4 8 0 6 9 229 13 2 13 13 2 11 75 249 15 3 13 79 4 50 174 206 67 5 71 8 3 9 178 32 5 0 4 4 3 3 72 12 8 2 5 0 1 2 18 6 1 0 11 2 2 0 19 7 3 0 1 0 1 0 2 0 0 0 0 0 0 0 2 10 8 0 5 0 0 3 8 9 6 0 3 1 1 1 13 88 21 2 21 7 2 8 69 5 2 0 0 3 2 3 25 3 2 0 4 0 0 1 2 3 2 0 0 0 3 3 22 77 25 1 21 6 3 5 38 5 0 0 0 4 3 2 8 305 88 2 39 14 9 13 183 79 29 0 7 22 16 11 154 325 26 42 37 26 1 42 148 166 20 11 22 67 2 91 206 26 5 4 2 4 0 4 6 78 8 4 10 45 2 41 95 54 3 1 4 3 0 1 5 9 0 0 0 4 0 3 1 61 7 1 10 4 0 5 13 87 7 0 6 36 3 19 35 37 0 2 2 3 0 5 8 13 0 0 1 7 0 10 16 3 0 1 0 0 0 0 0 4 0 0 0 6 0 2 5 51 3 4 3 11 0 3 11 10 0 0 0 12 0 8 12 212 13 6 11 9 1 16 58 212 9 2 12 73 4 46 156 181 60 8 72 9 2 8 173 18 10 0 5 6 4 5 66 14 14 0 6 0 0 0 11 7 3 0 2 5 5 1 25 6 5 0 0 2 1 0 1 0 0 0 0 0 0 0 2 21 8 0 1 0 1 0 9 4 1 1 1 1 5 0 8 80 42 4 34 10 4 8 66 5 2 1 1 4 3 4 22 5 6 0 4 0 1 1 2 5 4 0 0 3 6 3 27 124 45 0 21 9 4 10 35 8 0 0 0 4 4 4 15 280 94 6 44 20 6 15 151 88 22 2 12 32 24 25 176 615 60 57 79 50 1 74 181 144 5 2 8 75 1 91 159 56 13 7 13 4 0 2 21 97 3 5 11 66 5 33 75 52 5 3 2 5 0 1 5 2 0 0 0 8 1 3 3 92 15 4 8 2 0 6 10 73 17 0 5 47 6 22 47 64 4 6 2 14 0 15 9 6 2 0 0 14 0 10 6 4 2 0 0 0 0 0 0 7 0 0 1 5 1 3 7 105 3 2 4 10 1 3 12 10 1 2 0 9 1 5 10 170 9 3 9 15 1 9 44 155 12 0 5 74 2 35 98 145 64 7 97 5 1 10 142 6 5 0 1 3 1 1 27 6 6 0 9 1 0 0 11 5 0 0 4 2 6 0 32 4 4 0 2 0 1 0 2 0 0 0 0 0 0 0 1 5 11 0 7 0 0 0 6 4 2 1 1 3 4 0 5 87 85 4 28 9 3 15 75 7 5 0 0 1 1 8 22 2 6 0 4 1 0 1 9 4 4 0 4 5 7 5 28 134 55 2 27 11 3 2 24 3 0 0 0 6 4 0 6 136 106 2 45 5 5 9 112 25 21 1 2 30 35 8 109 712 63 55 78 55 3 87 191 138 8 8 14 63 2 89 159 82 11 3 8 4 1 1 13 73 12 3 17 92 5 47 92 72 5 4 0 3 1 1 4 3 0 0 0 7 0 1 0 98 9 3 1 5 1 5 16 82 6 1 5 51 4 17 29 73 2 4 4 6 1 8 13 6 1 0 0 5 1 11 6 2 1 0 0 0 0 1 2 4 0 0 0 9 0 1 5 79 2 2 8 14 1 2 19 7 0 0 1 15 1 5 6 208 11 3 7 9 3 9 42 124 4 1 7 75 3 39 75 117 81 3 73 7 5 11 99 8 1 0 1 4 3 1 29 14 10 0 5 1 0 1 1 1 1 0 1 4 6 1 23 9 9 0 2 0 1 0 1 0 1 0 0 0 0 0 0 10 8 0 3 0 0 3 3 3 2 0 1 1 4 1 5 83 81 2 52 5 4 10 67 1 3 0 1 4 2 4 21 2 6 1 1 0 0 0 0 4 4 1 0 5 12 5 39 120 63 2 27 11 4 6 26 1 0 0 1 5 4 3 15 165 102 1 27 8 8 7 79 27 15 0 8 21 41 14 95 0
329 30 56 66 28 1 64 150 141 11 3 5 68 1 132 188 43 5 4 9 3 0 2 10 91 4 5 8 99 2 103 114 52 3 3 2 5 0 2 4 6 0 0 2 5 0 1 3 62 6 1 9 2 0 3 6 145 13 2 6 127 6 48 41 30 3 4 3 2 1 7 4 10 1 0 0 7 0 6 9 1 0 0 1 0 0 0 0 1 0 0 0 4 0 6 11 48 2 3 2 10 0 6 11 7 0 0 1 8 0 4 6 197 9 3 7 7 1 9 52 197 6 2 8 124 5 55 99 118 75 3 118 9 4 10 203 7 2 0 2 7 6 4 53 9 7 0 11 0 2 0 5 0 5 1 2 0 2 0 23 5 6 1 3 0 0 0 1 0 0 0 0 0 0 0 2 7 10 0 2 2 0 0 5 10 5 0 3 0 0 0 6 59 58 3 74 4 7 9 99 2 3 0 0 6 3 5 35 6 2 0 5 0 0 1 3 3 2 0 2 4 10 2 42 105 70 1 30 11 4 3 33 2 1 0 0 3 3 0 12 147 74 1 37 18 10 11 86 57 21 0 5 26 31 16 113 561 48 45 88 33 3 76 179 94 7 1 7 87 0 121 178 55 3 3 12 2 0 3 11 99 8 0 11 84 7 84 88 35 4 3 2 1 0 1 4 3 0 0 0 3 1 1 0 122 7 1 6 5 0 3 10 112 7 2 5 84 1 28 28 53 3 1 3 7 0 9 6 3 0 0 0 4 1 10 10 4 0 0 0 1 0 0 1 4 0 1 0 1 1 5 7 93 3 2 4 8 1 4 9 8 1 0 0 11 0 3 6 263 11 3 9 11 0 10 55 144 4 2 3 99 3 38 80 123 71 1 101 5 0 6 157 10 2 0 1 2 1 2 38 3 6 0 6 0 0 0 7 6 1 0 7 2 2 1 15 2 2 0 6 0 0 0 1 0 0 0 0 0 0 0 0 8 7 0 6 0 0 0 7 1 0 0 0 2 2 0 4 78 73 2 42 11 6 12 85 5 2 0 1 1 5 5 29 4 0 0 0 0 0 0 4 4 6 0 0 2 11 2 27 122 49 1 23 9 3 6 30 1 0 1 0 5 4 0 9 214 102 5 32 4 6 8 79 39 25 0 8 26 30 8 86 1086 63 44 57 51 2 67 134 80 1 0 2 74 2 56 78 101 9 5 4 3 0 2 4 129 7 2 9 145 5 59 76 53 2 2 2 6 0 4 0 2 0 0 0 2 0 0 0 126 6 2 1 4 0 1 3 112 3 1 2 124 4 35 21 110 3 4 1 10 0 7 3 1 0 0 0 6 1 2 2 9 0 1 1 0 0 1 0 10 0 0 0 11 1 3 4 129 2 2 1 6 1 1 3 3 1 0 0 11 0 2 3 337 4 1 6 7 0 6 23 174 2 1 1 137 2 24 33 57 65 2 44 0 1 1 36 4 0 0 1 0 2 0 8 3 7 0 2 0 0 0 1 3 2 0 1 4 4 0 14 2 0 0 1 0 0 0 0 0 0 0 0 0 0 0 0 5 11 0 0 1 0 0 0 2 0 0 1 1 2 0 0 99 165 1 46 4 3 9 54 1 0 0 1 0 4 3 14 2 5 0 1 0 0 0 2 7 7 0 0 8 11 2 22 106 93 1 12 4 3 0 11 0 0 0 0 2 0 0 2 130 98 1 21 0 2 7 36 33 28 0 2 36 34 2 64 1202 63 41 63 88 1 87 190 81 2 0 3 79 2 82 53 131 8 1 10 2 0 2 4 112 6 1 14 185 9 52 55 46 0 3 0 0 0 0 0 2 0 0 0 0 1 0 0 155 5 0 0 2 0 6 6 93 6 0 2 65 0 18 25 106 6 1 2 7 0 9 4 4 0 0 0 5 0 7 1 1 0 0 0 0 0 0 0 4 1 0 0 6 1 4 3 129 3 1 2 15 1 1 5 2 1 0 0 11 0 1 4 402 4 0 10 9 0 9 71 127 2 1 5 80 2 17 50 56 75 0 42 5 2 1 33 3 0 0 0 0 1 1 3 2 12 0 2 0 0 0 3 0 4 0 3 0 2 0 10 2 1 0 0 0 0 0 0 0 0 0 0 0 0 0 0 5 9 0 2 0 1 1 3 0 4 0 1 0 1 0 2 107 125 1 32 2 4 5 55 2 2 0 0 1 5 4 13 3 6 0 1 1 1 0 6 1 1 0 0 6 12 1 17 102 55 0 9 8 1 2 15 0 0 0 0 0 1 0 0 113 82 0 10 1 4 2 40 11 18 0 3 31 20 1 40 0
557 41 61 82 45 3 96 161 209 15 8 10 79 3 71 134 32 11 4 11 2 0 5 10 60 11 2 9 39 2 42 85 50 3 4 6 3 0 6 5 5 0 3 0 4 0 1 6 59 12 5 3 3 0 6 22 63 12 0 5 31 7 21 52 42 6 7 3 13 0 15 15 12 0 1 2 8 2 6 9 3 0 0 2 0 0 1 2 2 1 0 1 2 0 0 7 59 5 2 9 13 0 8 16 17 2 1 2 13 0 5 10 135 14 6 15 15 4 12 70 133 9 2 6 72 10 43 161 192 91 7 95 15 5 8 159 21 6 1 1 5 8 3 49 13 10 1 15 2 0 0 16 5 3 1 3 4 8 2 19 6 1 1 0 0 0 2 5 0 0 0 0 0 0 1 1 11 7 0 3 3 1 2 12 3 8 0 1 1 3 1 7 69 39 5 46 3 6 10 82 6 4 0 1 2 5 2 24 2 3 0 3 0 0 0 10 6 4 0 3 6 8 4 42 71 37 1 19 12 2 7 41 2 2 0 1 1 3 2 9 105 66 5 41 6 10 4 161 30 22 0 12 17 25 12 179 442 51 57 70 44 4 76 164 160 10 9 14 74 5 140 174 55 7 4 14 4 1 4 18 81 11 6 21 45 1 83 109 53 6 3 5 8 1 6 2 2 0 0 0 2 2 0 2 81 20 3 11 2 0 4 13 73 8 1 6 30 3 20 38 37 5 3 4 6 1 8 11 10 0 1 1 6 2 15 14 7 0 1 0 0 0 0 0 2 1 3 1 0 0 8 9 71 3 2 2 7 1 6 12 8 0 0 1 9 0 8 16 152 18 4 11 17 3 14 52 113 6 2 3 64 4 40 135 173 72 3 91 16 5 10 127 12 3 0 2 8 7 3 50 9 9 0 10 1 0 1 6 6 4 1 7 4 2 2 16 10 4 0 2 0 0 0 2 1 0 0 1 0 0 0 0 15 14 2 10 1 0 0 10 6 2 0 2 1 4 0 9 73 48 5 38 9 3 14 88 2 3 0 0 4 1 6 32 5 1 0 7 0 0 1 4 3 5 1 4 5 7 9 35 108 63 2 14 17 11 9 43 4 1 0 1 4 2 2 11 169 96 0 38 12 4 7 117 27 19 0 10 27 37 11 138 482 48 116 76 48 6 94 106 122 13 6 11 95 4 115 111 25 4 11 12 6 1 1 7 67 10 5 16 80 10 126 105 69 7 4 3 7 2 4 5 6 2 0 0 6 4 2 6 61 12 3 8 5 1 6 6 64 14 1 6 52 9 30 59 26 4 11 1 9 1 11 10 12 4 0 2 9 1 18 6 5 0 2 0 2 0 1 0 3 1 2 0 7 1 7 8 57 6 5 2 15 0 9 7 7 0 0 3 4 2 7 13 58 4 1 13 5 0 7 35 74 7 1 11 70 10 28 83 108 83 3 87 12 4 14 111 10 3 0 4 6 5 3 27 8 14 1 19 2 1 1 18 3 4 0 3 1 5 1 48 8 15 1 3 0 2 1 3 0 0 0 0 0 2 0 2 9 13 1 5 0 3 0 10 3 2 0 0 1 9 1 27 65 100 11 129 9 10 16 92 5 1 0 2 9 4 3 41 3 2 0 6 0 0 0 9 3 3 3 8 6 29 9 76 82 117 4 36 17 11 5 37 1 2 0 2 12 10 0 17 78 73 1 30 7 10 11 77 25 29 0 6 21 60 11 189 466 36 69 78 38 2 75 115 157 9 5 19 103 1 154 142 43 13 9 19 5 1 4 16 88 17 10 27 67 3 87 120 73 3 3 5 5 2 8 5 7 0 1 0 3 1 0 0 76 9 2 7 3 0 4 10 68 14 3 7 59 11 34 41 39 2 4 4 9 1 15 15 9 0 0 4 12 1 22 14 3 0 0 0 0 0 1 0 1 1 0 0 4 0 6 10 69 5 4 5 25 1 11 9 7 2 1 2 20 0 4 8 118 9 1 8 10 0 13 43 74 9 1 5 82 11 46 116 130 84 8 89 17 2 7 99 6 4 0 5 5 6 4 30 11 11 0 20 1 0 2 9 5 6 0 2 5 3 1 36 4 4 0 1 1 0 0 0 0 0 0 0 0 0 0 0 7 19 1 10 3 0 4 12 2 5 0 1 2 6 0 11 91 57 7 44 10 4 23 92 5 2 0 2 5 4 4 27 10 4 1 5 0 0 1 5 3 3 1 5 6 6 5 40 109 57 2 16 15 5 4 42 1 1 0 1 6 5 2 15 118 84 4 42 15 5 7 101 23 18 0 15 25 39 10 158 0
592 56 57 117 54 1 83 282 80 3 3 7 85 0 102 137 37 5 1 12 2 0 3 11 61 5 3 12 100 10 50 74 44 3 7 1 8 1 0 1 1 0 0 0 4 0 1 1 63 4 0 4 3 0 2 11 108 8 2 5 55 3 24 27 46 4 5 4 5 0 18 9 3 0 0 0 5 0 6 3 2 0 2 0 0 0 0 0 2 2 0 0 5 0 0 5 107 1 3 6 14 0 5 8 3 0 0 0 5 0 6 3 306 15 1 8 17 1 4 34 217 4 1 4 73 5 25 60 87 87 2 96 4 2 4 155 4 2 0 1 4 2 0 38 5 9 0 11 0 0 0 4 1 0 0 2 0 7 0 18 1 4 0 0 0 0 0 2 0 0 0 0 0 0 0 1 4 6 0 6 0 0 0 2 4 3 0 0 1 4 0 5 86 100 1 114 7 6 11 74 1 2 1 0 2 5 2 16 1 5 0 1 1 0 0 8 4 6 0 3 6 14 1 36 95 66 0 29 6 0 1 22 0 0 0 0 2 3 0 3 278 88 0 20 6 3 5 60 27 22 0 5 26 42 4 63 500 49 65 65 50 5 98 262 114 6 2 4 75 2 131 205 43 8 1 18 2 0 2 9 76 7 4 9 189 4 119 78 62 3 1 3 3 1 2 5 4 0 0 0 6 0 5 2 85 7 1 3 4 0 7 7 125 4 1 1 156 4 49 24 46 4 4 2 11 0 9 14 8 0 0 0 8 0 6 2 2 0 1 0 2 0 0 1 5 0 0 0 4 1 1 1 66 1 2 2 5 0 4 7 6 0 0 0 14 1 3 0 193 10 1 6 15 1 7 35 276 8 1 6 99 1 45 68 96 53 4 93 8 2 6 150 7 1 0 2 2 8 1 26 5 6 0 8 0 0 0 5 2 3 1 1 1 8 2 14 3 2 0 0 0 0 0 0 0 0 0 0 0 0 0 0 4 13 0 3 1 0 1 2 1 2 0 1 2 2 0 4 51 76 4 62 3 5 6 71 1 1 0 1 2 6 3 21 0 6 0 3 0 1 0 3 4 3 1 1 6 31 2 42 73 51 2 17 3 4 3 20 0 0 0 0 1 0 1 0 151 69 1 23 6 6 4 65 50 27 2 8 18 32 3 72 903 88 72 114 86 3 101 343 75 1 1 3 82 4 80 111 55 3 6 6 1 0 5 8 49 5 1 7 124 5 70 64 59 2 3 3 1 1 0 1 1 1 0 0 3 0 1 0 95 4 0 3 3 0 7 8 80 4 0 0 47 3 15 20 60 1 3 5 9 0 6 7 3 0 0 0 4 1 3 4 2 1 0 0 0 0 0 1 0 0 0 0 5 0 0 2 106 3 1 7 7 0 4 7 3 0 0 0 5 0 1 2 239 4 1 7 10 0 5 29 95 2 1 3 57 4 20 42 79 85 2 97 2 3 1 137 2 3 0 0 2 3 0 17 2 2 0 1 1 0 0 3 2 2 0 1 0 6 0 24 1 4 0 0 0 0 0 1 0 0 0 0 0 0 0 0 1 7 0 3 0 0 0 2 0 1 0 0 2 4 0 3 64 200 0 195 4 7 4 83 2 3 0 0 0 10 3 14 1 7 0 4 0 1 0 2 6 3 1 1 4 31 4 58 83 76 1 37 2 1 2 14 2 0 0 0 0 2 0 1 98 83 0 14 1 3 4 47 24 26 0 1 11 61 2 39 983 93 70 109 77 5 113 286 64 3 1 3 100 2 109 130 73 5 2 3 10 0 2 10 70 6 1 7 231 8 127 63 73 3 6 0 2 0 2 0 2 0 0 0 5 0 2 1 78 4 3 1 2 0 3 8 58 2 1 0 159 0 32 17 73 3 2 3 6 0 3 12 4 0 0 0 6 0 4 3 7 1 0 0 1 0 0 0 1 0 0 0 5 0 0 2 94 6 0 4 4 0 0 10 2 0 0 0 2 0 3 3 230 4 1 4 5 0 7 27 72 3 0 2 51 2 20 31 68 74 0 107 2 1 3 108 5 2 0 0 3 1 2 31 0 8 0 3 0 0 0 1 3 0 0 1 0 7 0 16 3 1 0 0 0 0 0 0 0 0 0 0 0 0 0 0 2 2 0 0 0 0 0 5 1 1 0 0 0 1 0 1 66 135 3 65 5 6 5 88 0 1 0 0 1 1 1 18 3 4 0 2 0 0 0 2 4 2 0 1 1 46 3 52 80 66 0 12 2 1 0 27 0 1 0 0 0 1 1 0 97 68 0 16 4 3 2 30 10 14 0 0 10 53 0 47 0
733 36 46 83 52 2 88 277 133 9 0 10 80 7 104 162 49 3 4 11 3 0 3 16 84 7 1 12 68 3 35 90 49 4 1 2 3 1 1 0 3 0 2 0 2 0 0 2 85 11 3 6 10 1 4 14 93 8 0 5 39 3 29 37 47 1 2 3 9 0 6 13 4 1 0 1 5 0 9 5 2 0 1 0 0 0 0 1 7 0 0 0 5 0 3 5 87 3 3 5 9 0 8 16 6 0 0 0 18 1 2 7 324 10 3 8 12 0 6 81 150 5 0 6 90 4 41 100 107 86 5 85 10 4 6 130 5 3 0 2 3 3 1 57 4 14 0 7 0 1 0 4 5 1 0 3 2 3 2 19 0 1 0 0 0 0 0 0 0 0 0 0 0 0 0 0 9 14 1 4 0 0 0 3 2 2 0 0 1 3 1 6 74 55 5 34 3 5 15 90 4 1 1 0 3 3 1 15 3 3 1 1 0 0 0 5 3 2 3 1 5 7 0 26 84 43 2 17 4 1 2 27 1 1 0 0 3 4 0 5 127 72 1 42 2 3 4 94 25 14 0 7 18 30 4 87 581 59 42 86 56 5 108 236 104 7 1 11 91 7 90 174 50 13 2 10 2 0 1 4 80 9 3 8 93 4 79 91 56 3 2 3 3 1 5 4 5 0 0 0 2 0 2 2 90 11 9 4 6 0 6 8 91 7 0 6 106 3 28 26 73 2 6 2 9 0 12 9 6 0 0 0 9 0 3 5 4 0 1 0 0 0 0 0 6 0 0 0 9 0 2 2 99 6 3 5 15 0 6 10 8 0 0 1 14 1 3 4 213 5 5 7 11 1 8 33 118 5 0 4 91 9 41 71 141 84 5 94 5 5 10 141 5 2 0 3 5 4 0 40 6 4 0 9 0 1 0 2 5 3 0 4 2 3 1 23 2 2 0 0 0 1 0 1 1 0 0 0 0 1 0 0 4 12 0 2 0 1 0 7 1 4 0 2 1 1 0 5 81 99 4 78 9 3 6 92 3 1 2 1 1 6 3 27 3 2 0 8 0 0 0 3 7 3 0 2 7 10 2 42 74 73 0 42 1 3 2 33 3 0 0 0 4 1 1 3 121 74 1 35 10 3 2 77 29 21 0 4 12 37 4 93 781 63 51 81 81 4 103 285 105 3 4 4 100 3 122 156 62 5 3 12 7 0 1 7 87 12 6 9 136 7 91 107 75 2 2 1 5 0 3 1 2 0 0 0 3 0 3 0 88 14 3 2 4 0 2 6 130 10 0 2 105 3 45 44 53 4 7 1 8 0 10 8 4 0 0 0 10 0 8 4 5 0 0 0 1 0 0 0 0 0 0 0 3 0 5 1 81 1 1 2 14 0 3 5 0 1 0 0 8 0 3 5 192 11 1 10 4 0 4 30 114 4 1 5 121 1 41 63 78 71 5 74 4 5 3 111 3 3 0 2 2 1 0 22 5 8 0 11 0 0 0 6 4 5 1 2 2 5 0 25 1 5 1 0 0 0 0 1 0 0 0 0 0 0 0 0 8 8 0 4 0 0 0 4 2 1 1 1 1 4 0 5 76 90 5 46 8 3 12 69 2 2 0 0 3 2 2 29 3 6 0 2 0 0 0 7 2 6 0 3 5 5 1 31 89 41 2 14 7 2 2 20 1 0 0 0 1 1 0 3 102 76 0 11 6 4 3 52 32 31 1 4 18 44 5 68 672 62 68 92 69 7 98 263 84 4 1 8 88 8 127 150 88 11 2 8 0 0 0 11 91 6 2 17 119 5 104 92 71 4 4 0 3 0 0 1 1 0 0 0 3 0 0 1 101 5 1 8 1 0 1 8 97 8 1 2 60 1 17 28 59 1 0 3 8 1 7 5 6 0 0 1 7 0 9 10 5 0 1 0 0 0 0 1 3 0 0 0 9 1 3 7 92 0 2 3 5 0 5 8 9 0 0 0 6 0 1 4 180 7 2 4 4 0 6 23 91 5 1 2 77 5 20 38 92 89 3 79 4 1 1 104 4 3 0 4 2 6 1 18 7 6 1 14 0 0 0 3 0 3 1 2 0 4 0 20 4 1 0 1 0 0 0 0 0 0 0 0 1 0 0 0 8 15 0 0 1 0 0 3 2 1 0 0 1 2 0 3 70 118 4 60 6 7 10 100 0 1 1 0 2 6 4 27 2 6 0 1 0 0 0 5 3 5 0 2 6 13 7 39 134 124 0 26 8 3 5 32 0 0 0 1 5 6 1 7 186 105 1 18 9 8 2 53 25 30 0 3 23 34 6 70 0
705 60 53 101 60 4 97 285 88 5 5 5 72 0 137 161 45 5 3 10 8 0 3 7 71 8 7 5 102 2 156 105 61 1 2 0 2 0 2 3 0 0 0 0 2 1 0 0 84 11 3 1 2 0 4 11 128 7 2 5 83 1 32 24 61 1 2 5 12 0 4 11 4 0 0 0 5 0 8 2 4 0 0 1 0 0 0 2 9 1 0 0 6 0 4 0 86 3 2 4 4 0 6 12 3 0 0 0 7 0 3 3 184 8 4 10 10 2 9 49 133 2 1 4 114 3 32 55 100 73 2 84 4 3 4 132 3 0 0 1 1 1 2 38 2 9 0 8 0 0 0 3 5 0 0 3 3 2 2 21 3 6 0 0 0 0 0 2 0 0 0 0 0 0 0 0 13 6 0 3 0 0 1 7 1 1 0 0 1 2 0 4 63 95 1 46 6 3 6 63 0 1 0 0 0 3 5 18 2 4 1 2 0 0 0 3 4 2 0 1 2 10 1 29 109 101 1 19 8 5 2 29 1 3 0 1 0 5 1 4 145 85 0 23 5 2 6 68 35 14 0 5 27 32 5 66 1217 110 57 125 97 4 99 422 81 2 1 5 90 3 75 111 90 7 1 6 2 0 6 7 82 5 3 6 88 10 51 72 46 2 2 1 0 0 1 0 1 0 0 0 1 0 0 1 88 8 1 1 2 0 3 9 97 3 1 0 31 1 9 13 72 5 6 0 7 0 5 3 2 0 0 0 6 0 2 4 3 0 1 0 0 0 0 0 1 1 0 0 7 0 5 4 73 1 3 1 7 0 0 4 3 0 0 0 11 0 2 6 335 7 2 5 5 1 1 38 143 2 0 4 71 2 22 37 58 94 1 88 4 3 7 118 4 0 1 1 0 2 0 11 3 5 0 6 1 0 0 1 2 1 0 2 1 5 0 14 0 4 0 1 0 0 0 1 0 0 0 0 0 1 0 0 1 10 0 1 0 0 0 0 0 1 0 0 0 2 0 2 66 102 0 45 4 5 13 92 2 1 0 0 2 2 1 17 2 4 0 3 0 0 0 2 3 6 0 0 5 6 2 18 51 43 0 10 3 4 0 13 0 0 0 0 1 3 0 1 81 65 1 15 0 1 3 42 22 13 0 3 14 19 3 28 588 79 43 90 31 2 59 244 71 2 2 5 76 2 103 130 41 4 3 5 2 0 4 4 61 7 5 10 105 6 166 82 53 3 3 0 2 0 1 2 0 0 0 0 1 0 2 2 80 12 1 1 2 0 5 8 101 4 1 4 75 0 34 29 45 2 4 6 3 0 5 6 7 1 0 0 9 0 3 6 0 0 0 0 0 0 0 3 3 1 0 0 2 0 11 3 82 2 2 7 11 0 5 5 7 0 0 1 8 1 1 9 257 13 0 13 13 2 8 35 141 2 1 6 55 6 25 41 89 110 3 115 8 2 5 108 1 3 0 2 3 0 0 28 3 6 0 6 0 1 0 1 4 1 0 1 2 5 0 20 5 5 0 1 0 0 0 0 0 0 0 0 0 0 0 1 9 4 0 4 0 1 1 1 0 2 0 0 0 2 0 5 88 168 0 103 5 4 8 87 1 2 0 0 3 6 0 25 1 6 0 2 0 1 0 3 6 4 0 2 4 9 3 29 134 146 1 48 8 7 5 38 0 0 0 0 3 4 3 5 186 103 2 33 10 6 8 52 33 25 0 3 31 24 5 78 829 180 52 142 54 8 88 362 52 4 2 5 46 2 65 109 37 3 1 6 1 1 0 5 45 7 0 7 51 5 24 61 33 3 1 0 1 0 1 1 0 0 0 0 0 0 0 0 71 6 1 2 0 0 2 6 41 3 0 0 15 0 11 19 69 3 3 4 6 1 3 10 2 0 0 0 5 0 3 6 1 0 0 1 1 0 0 1 2 0 0 1 3 0 2 1 90 5 1 3 4 2 2 13 4 0 0 0 5 0 3 5 284 7 1 7 9 0 6 15 103 1 1 3 41 1 18 26 76 138 0 229 5 4 2 213 3 4 0 1 2 1 0 37 2 8 0 5 0 0 0 1 1 2 0 1 0 2 0 15 0 1 0 0 0 0 0 1 0 0 0 0 0 1 0 0 2 9 0 5 0 0 0 1 0 2 0 0 0 0 0 1 93 208 3 148 3 6 13 100 1 0 0 0 1 4 1 16 5 5 0 3 0 1 0 3 1 5 0 4 2 10 0 27 124 73 2 25 6 0 1 29 1 0 0 0 2 4 0 4 234 95 0 14 3 1 3 48 22 13 0 2 15 14 1 43 0
497 47 60 78 59 3 75 278 80 5 2 3 101 5 176 363 42 5 3 3 4 0 2 5 84 8 9 13 113 5 178 121 43 3 2 0 3 0 2 3 1 0 0 0 5 0 2 1 82 6 2 4 0 0 1 12 139 1 1 1 105 3 48 25 33 2 1 2 4 0 6 7 4 0 0 0 7 0 8 7 3 0 0 0 0 0 0 0 3 0 0 0 6 0 5 3 48 0 0 1 7 1 1 14 2 0 0 0 9 0 4 3 190 5 2 4 9 0 4 42 190 1 0 2 112 3 34 58 67 66 4 112 6 3 2 186 5 2 0 1 2 8 0 54 3 4 0 6 0 0 1 4 2 2 0 2 2 2 0 17 1 0 0 0 0 1 0 2 0 0 0 0 0 0 0 0 5 5 0 5 0 1 0 4 2 1 0 1 0 3 0 6 48 64 1 92 6 5 12 72 3 1 0 0 1 5 7 28 0 4 0 3 0 0 0 3 4 5 0 2 4 8 1 31 101 54 2 23 10 2 0 24 1 0 0 1 0 1 3 5 181 64 0 16 5 1 1 42 28 11 0 0 25 34 10 52 676 85 50 125 79 6 131 398 119 9 4 11 90 7 125 206 47 4 1 11 2 0 2 15 77 6 7 10 94 5 67 96 31 2 2 3 4 0 1 4 1 0 0 0 5 0 0 0 76 6 3 0 2 0 2 17 92 2 2 0 49 4 21 35 35 4 3 1 19 1 6 13 3 0 0 0 13 0 3 10 0 0 0 0 0 0 1 0 0 0 0 0 2 0 2 8 68 1 1 6 8 0 2 9 4 0 0 0 6 0 4 6 227 6 0 4 9 0 4 49 175 3 0 4 65 2 28 69 111 103 2 120 9 8 6 175 2 1 0 1 1 5 3 29 4 7 0 3 1 0 0 5 1 4 0 1 0 5 0 33 5 1 1 1 0 1 0 0 0 0 0 0 1 0 0 1 5 6 0 3 0 0 1 6 0 3 0 1 1 1 0 5 56 76 4 62 11 1 14 89 0 0 0 1 1 4 3 20 1 2 0 3 1 1 0 7 2 3 1 3 4 4 3 27 72 40 0 21 3 2 3 37 1 0 0 1 3 3 0 2 103 53 1 24 6 3 0 60 18 19 0 1 22 19 0 59 628 44 52 78 62 1 98 250 79 2 1 3 76 2 96 153 69 5 2 6 6 0 5 10 90 4 4 11 150 4 199 94 43 2 2 2 4 0 3 1 4 0 0 0 5 0 1 2 94 7 1 1 0 0 11 5 184 7 1 0 154 4 39 36 42 1 0 2 10 0 5 4 2 0 0 0 10 1 2 2 3 0 0 0 0 0 1 0 2 0 0 0 8 1 5 2 65 0 0 4 4 0 0 3 2 0 0 1 5 0 1 1 200 10 3 11 15 1 7 31 205 3 0 3 157 3 25 55 69 58 0 78 2 2 3 145 2 1 0 0 3 2 4 32 4 3 0 2 0 0 1 4 1 4 0 0 4 1 1 21 4 4 0 1 0 0 0 0 0 0 0 0 0 0 0 0 4 7 0 0 0 0 0 1 1 0 0 0 0 3 0 3 71 111 3 56 7 7 5 75 1 2 0 1 3 2 2 17 1 8 0 4 0 0 0 1 1 4 0 0 3 11 4 30 103 148 0 23 4 2 1 15 1 1 0 0 1 1 0 6 132 69 0 34 3 2 1 44 31 12 1 2 25 37 4 53 1031 97 72 92 116 5 116 317 93 2 1 5 96 3 126 153 90 6 3 6 4 0 3 10 92 4 4 12 122 3 72 91 48 4 1 3 2 0 1 2 0 0 0 0 4 0 0 1 102 7 2 1 4 1 5 8 75 3 0 1 47 1 15 16 71 5 4 4 5 0 6 8 3 0 0 0 2 0 6 7 7 0 0 0 0 0 0 1 2 0 0 0 3 0 1 6 85 1 2 3 10 0 3 7 1 0 0 0 8 1 2 2 195 7 0 4 13 2 9 11 79 2 0 2 68 3 29 47 56 106 2 97 2 1 3 105 3 0 0 0 0 4 2 19 2 3 0 3 1 0 0 3 0 2 0 2 0 3 0 18 0 2 0 0 1 0 0 0 0 0 0 0 0 0 0 0 7 9 0 3 0 0 0 1 0 0 0 0 1 2 0 3 73 106 1 82 6 14 7 84 2 0 0 0 1 4 1 30 2 7 0 1 0 0 1 4 7 3 0 1 2 17 2 33 79 104 0 28 3 1 3 22 1 0 0 0 1 2 0 4 100 58 0 20 3 3 2 36 22 13 0 0 14 26 3 33 0
597 53 65 76 43 0 67 139 54 3 2 2 59 4 93 100 57 6 8 8 4 0 1 7 86 8 3 8 150 5 160 64 63 4 5 2 3 0 1 2 1 0 0 0 2 0 1 0 88 10 2 4 2 0 0 6 128 5 4 3 150 1 35 16 45 4 8 2 5 0 6 3 3 0 0 0 9 1 2 1 2 0 0 0 0 0 0 1 4 0 1 0 7 1 6 4 98 2 1 1 7 1 0 3 2 0 1 0 6 0 1 3 271 11 0 9 4 0 5 15 159 1 1 1 110 4 14 28 59 82 0 112 4 2 2 130 3 1 0 0 4 1 0 22 1 4 0 4 0 0 0 2 3 4 0 3 1 3 0 17 4 3 0 1 1 0 0 0 0 0 0 0 0 0 0 0 7 8 0 0 0 0 0 1 1 1 0 0 1 6 1 1 92 166 3 142 3 6 9 81 2 3 0 0 2 4 3 27 2 2 0 4 1 0 0 1 1 5 1 0 3 26 0 35 136 170 1 57 4 6 1 21 2 1 0 1 3 4 0 2 189 104 1 29 2 3 1 40 40 25 0 5 44 57 5 54 625 68 87 87 56 4 103 288 63 4 1 4 85 3 87 176 43 8 3 9 2 0 0 10 70 8 5 8 116 7 88 99 60 3 2 1 6 0 2 2 2 0 0 0 3 0 0 0 89 8 6 2 2 0 3 14 121 2 2 0 129 6 32 20 45 3 7 2 10 1 5 9 3 0 0 0 4 0 9 4 0 0 0 0 0 0 0 0 0 1 0 0 6 0 5 4 78 3 3 5 5 0 2 5 2 1 0 0 11 1 1 3 182 6 1 5 7 2 3 33 130 4 1 1 107 3 28 45 77 93 3 107 4 4 4 106 2 0 0 1 0 2 0 45 5 3 0 6 0 1 1 3 4 0 0 3 1 3 1 21 1 5 0 1 0 0 0 1 0 0 0 0 0 0 0 0 6 5 0 3 0 0 0 0 1 5 0 0 0 6 0 3 68 129 2 109 5 6 9 92 0 2 0 1 8 5 7 26 1 6 0 3 0 1 0 2 2 6 0 3 2 10 1 53 106 208 2 40 5 6 2 24 2 0 0 0 1 6 0 6 96 70 0 21 0 4 6 35 33 25 1 1 26 50 7 67 928 81 63 75 95 4 75 293 79 1 3 4 93 2 80 118 67 12 6 10 4 0 3 5 63 4 4 8 98 4 107 72 73 4 0 1 5 0 0 1 1 0 0 1 2 0 0 0 88 7 1 1 0 1 2 5 78 3 0 1 35 1 19 9 87 8 5 2 13 2 8 9 3 0 0 0 5 0 5 1 5 0 1 0 0 0 1 0 3 0 0 0 4 0 3 3 79 0 1 1 11 1 3 8 4 0 0 0 10 1 3 1 250 6 1 6 11 0 10 46 112 4 2 6 72 4 21 56 80 102 2 83 4 0 4 78 2 0 0 0 1 2 1 15 4 3 0 5 0 0 0 1 3 2 0 2 2 2 0 13 1 6 0 0 0 0 0 0 0 0 0 1 0 0 0 0 5 5 0 1 0 0 0 4 2 2 0 1 1 1 1 2 83 111 4 73 5 5 6 93 1 3 0 0 0 5 2 16 0 2 1 3 0 1 0 2 2 2 0 2 4 18 1 40 132 195 2 28 2 2 3 16 1 1 0 0 2 2 1 2 140 80 0 23 2 3 3 55 33 11 2 4 22 26 4 52 823 77 77 79 90 2 84 200 67 3 1 2 81 2 112 112 81 5 5 6 6 0 2 3 100 7 10 8 176 5 184 89 72 7 4 2 2 0 0 2 3 0 0 0 6 1 1 0 79 5 2 3 4 1 7 3 100 2 0 2 101 3 22 20 54 2 3 0 6 0 6 5 3 1 0 0 9 0 3 1 1 0 0 0 0 0 1 0 1 1 0 0 9 1 9 4 86 2 3 1 6 0 3 6 6 1 0 0 14 0 4 2 153 2 2 6 7 0 4 17 99 4 0 4 72 3 21 38 58 83 1 107 1 1 2 95 0 1 0 3 1 4 0 27 3 12 0 4 0 0 0 2 0 2 1 1 1 6 1 21 3 5 0 2 0 0 0 0 0 0 0 0 0 0 0 0 4 6 0 1 0 1 0 3 3 3 1 0 1 0 1 6 74 173 6 115 5 4 10 84 1 3 0 1 3 5 3 15 2 6 0 2 1 0 0 3 3 3 0 2 6 24 4 54 84 141 2 26 1 5 2 20 0 2 0 0 0 6 0 7 99 78 0 18 3 3 6 38 30 26 0 4 26 42 3 75 0
528 53 49 83 59 5 88 360 143 10 3 9 95 4 136 351 40 2 5 11 2 0 6 24 68 7 1 8 85 3 79 93 36 3 1 4 3 1 4 6 5 0 0 0 1 0 0 1 64 10 1 4 5 0 2 12 82 7 1 6 55 3 32 53 39 1 3 1 5 0 11 15 6 0 0 0 5 2 6 4 2 0 2 1 0 0 1 2 0 0 0 0 3 0 0 3 53 2 2 2 8 0 5 11 4 0 1 0 6 0 2 7 194 9 2 7 10 1 9 64 176 6 2 3 91 2 34 112 120 61 6 76 11 1 12 251 7 2 0 1 5 9 0 61 7 7 0 5 2 1 2 10 5 5 0 5 0 2 1 22 1 2 0 0 0 1 0 0 0 0 0 0 0 0 0 2 4 6 0 2 0 0 0 8 0 2 0 2 2 3 1 9 58 52 2 46 3 5 9 75 3 1 0 2 3 5 1 23 3 2 0 1 0 0 0 3 4 1 0 1 3 3 3 21 51 28 0 20 12 2 4 34 1 1 0 0 0 0 0 2 119 66 1 28 8 3 7 82 33 12 0 5 21 17 4 91 625 60 59 133 55 1 124 299 108 8 5 14 89 4 122 205 54 9 3 7 8 0 5 13 79 10 4 8 69 1 63 80 51 7 4 2 5 0 2 3 2 0 0 0 7 0 3 0 87 8 3 3 3 0 7 14 75 5 1 5 42 5 25 35 41 2 6 1 9 0 14 14 8 0 0 1 6 0 9 12 2 0 1 1 0 0 0 0 1 0 1 0 3 3 2 4 73 2 2 2 11 1 7 13 4 0 0 0 14 0 1 7 134 9 4 10 10 1 8 35 107 5 0 8 61 6 22 90 122 92 4 103 12 2 12 191 4 3 0 0 3 6 0 54 10 12 0 6 0 0 0 6 2 3 0 10 1 8 1 26 1 6 0 0 0 1 0 1 0 1 0 0 1 0 0 1 12 9 0 5 0 0 2 8 0 2 0 1 1 2 0 10 67 74 2 54 3 7 14 95 2 2 0 0 4 8 1 38 5 3 1 5 0 0 0 3 5 3 0 2 4 13 0 52 88 43 0 19 15 2 4 29 1 2 0 0 2 3 0 3 114 66 2 30 3 7 3 102 29 16 0 4 17 37 6 89 537 42 46 71 57 4 70 216 129 9 2 8 96 4 103 142 43 8 2 3 4 0 1 10 69 11 5 8 102 5 63 91 38 3 2 2 3 0 4 4 3 0 0 0 2 0 0 2 96 5 3 5 1 0 4 9 126 6 0 6 60 0 39 60 32 1 0 4 9 0 8 11 7 0 0 0 8 1 10 5 3 0 0 0 0 0 0 2 3 0 1 0 5 2 3 1 83 2 1 4 6 0 3 7 10 0 1 0 7 1 3 9 209 11 3 12 13 1 17 52 281 14 0 10 113 11 35 95 102 76 4 95 6 2 12 168 10 7 0 3 1 4 3 43 7 10 0 12 0 1 0 12 2 4 0 4 1 8 0 29 4 4 1 0 0 0 0 0 0 0 0 0 1 1 0 0 13 8 0 3 0 0 0 7 3 6 0 0 1 2 0 8 58 65 1 58 6 7 14 82 7 0 0 0 1 1 2 25 3 4 0 5 1 1 0 5 1 4 0 1 4 7 2 34 87 37 0 19 9 3 6 38 6 0 0 0 0 1 0 6 162 56 2 29 9 2 7 75 67 33 0 6 30 26 4 95 584 63 54 83 74 2 102 193 118 8 8 11 96 3 127 162 55 6 4 5 2 0 3 7 93 12 2 4 84 11 58 94 60 4 0 1 2 0 4 4 6 0 0 0 2 0 3 1 88 8 3 5 4 0 3 4 111 9 0 3 63 2 25 28 68 6 5 2 5 0 11 9 6 1 0 1 6 0 10 9 4 0 0 1 1 0 0 0 1 0 0 1 9 0 1 0 75 3 7 3 13 2 2 6 10 0 0 0 13 0 0 5 212 9 3 6 15 0 6 44 146 7 1 4 86 3 40 112 114 83 1 83 4 3 3 131 8 4 0 1 5 6 1 37 8 9 0 9 0 2 0 5 5 4 0 3 1 3 0 30 5 3 0 1 0 1 0 3 0 0 0 0 0 0 0 0 8 7 1 6 1 0 0 6 0 5 0 0 2 3 0 6 73 87 4 63 9 5 7 93 4 1 0 0 1 7 0 33 1 10 0 7 0 2 0 8 8 4 0 3 3 8 4 24 98 56 1 18 7 1 2 31 4 0 0 0 4 2 1 4 148 97 2 35 2 5 10 85 42 31 0 1 26 31 5 76 0
541 45 67 89 60 4 78 248 58 0 6 2 53 3 81 132 34 3 5 5 3 1 6 4 55 8 2 12 136 4 190 99 52 5 5 3 2 1 3 0 3 0 0 0 4 0 0 3 82 9 3 6 0 0 2 2 110 5 3 1 113 2 35 17 27 2 4 6 5 0 4 7 2 1 0 0 6 1 6 0 0 0 0 0 0 0 1 0 4 0 0 0 7 0 3 2 68 2 1 0 8 0 3 2 2 0 0 0 6 0 3 3 160 6 1 3 5 1 5 16 134 2 0 1 83 2 19 43 61 75 2 129 2 2 4 138 1 0 0 1 0 3 0 44 6 7 0 6 0 0 0 2 3 3 0 1 1 2 1 16 1 5 1 1 0 0 0 0 0 0 0 0 0 1 0 0 7 6 0 2 0 1 0 2 1 2 0 0 0 4 1 2 47 193 4 153 9 6 6 91 1 2 0 1 1 3 3 29 2 7 0 3 0 0 0 3 1 3 0 1 4 18 3 48 148 259 3 63 6 4 3 22 0 1 0 0 7 1 0 5 184 112 0 24 6 1 1 27 42 30 0 2 44 42 8 70 542 58 95 103 60 6 108 250 47 6 6 6 62 6 131 152 35 9 4 10 0 0 2 3 53 7 7 5 121 4 191 85 70 4 2 3 5 0 1 0 0 0 0 0 5 1 0 1 72 6 3 4 3 0 2 3 118 7 1 1 144 1 39 13 50 3 5 2 7 0 10 4 2 0 0 0 6 0 6 2 5 0 0 0 0 0 0 0 2 0 0 0 7 0 6 10 71 2 3 3 4 1 1 7 5 0 0 1 4 2 3 3 160 4 2 4 4 0 2 32 124 1 0 3 92 3 17 29 72 60 6 107 1 4 3 113 0 3 0 2 0 9 0 38 2 6 0 3 0 0 0 7 3 2 1 4 3 2 0 24 4 4 0 3 0 0 0 2 0 0 0 0 0 0 0 1 5 7 0 2 0 0 0 1 0 3 0 0 2 3 0 3 61 148 2 91 5 7 12 61 1 2 1 1 4 8 4 31 3 2 0 0 0 0 0 2 4 1 0 2 4 19 4 47 122 299 0 36 9 7 2 26 1 0 0 0 3 4 0 1 134 85 0 15 3 1 4 50 42 14 0 2 41 60 5 71 1008 79 36 90 118 2 105 235 63 3 2 5 89 3 97 97 72 5 3 6 2 0 1 9 73 6 5 6 190 3 147 90 45 4 0 2 2 0 0 2 0 0 0 0 3 1 2 0 92 5 1 2 1 0 3 4 78 3 0 1 143 1 26 15 87 2 1 3 6 0 5 6 3 0 0 0 6 1 8 2 0 0 0 0 0 0 0 1 0 0 0 0 9 1 3 4 101 5 2 5 5 0 3 8 5 0 0 0 8 0 2 3 224 12 1 9 9 0 8 17 78 1 0 3 75 3 20 35 59 68 1 63 3 5 3 77 0 1 0 0 0 1 1 10 2 7 0 2 0 0 1 2 1 0 0 0 1 2 0 12 1 2 0 0 0 0 1 0 0 0 0 0 0 0 0 0 7 6 0 2 0 0 0 3 0 1 0 0 0 0 0 1 74 179 1 78 4 10 7 49 2 1 0 2 3 9 0 14 2 5 0 5 0 0 0 0 1 11 0 4 5 16 2 29 105 216 1 30 4 4 1 9 1 0 0 0 4 1 0 3 110 68 2 17 2 2 2 36 15 14 0 4 20 29 2 39 1112 83 62 97 83 5 103 290 58 3 0 1 72 1 73 117 58 4 4 8 3 0 2 6 66 10 3 4 169 3 216 72 51 4 1 0 2 0 2 0 2 0 0 0 4 0 0 0 81 7 2 3 3 0 4 12 76 4 1 2 82 1 30 19 63 3 2 4 4 0 8 6 0 0 0 0 5 0 2 4 3 0 1 0 0 0 0 2 3 0 0 0 1 0 3 3 89 3 2 3 3 1 2 10 1 0 0 0 8 0 1 0 169 6 0 8 8 1 5 49 68 1 1 2 58 3 15 39 57 74 1 105 2 3 0 92 2 1 0 1 2 2 0 22 2 6 0 6 0 0 0 4 0 2 0 0 2 3 1 12 0 5 0 1 0 0 1 0 0 0 0 0 0 1 0 0 0 7 0 1 0 0 1 4 0 1 0 0 0 1 0 1 55 150 4 129 3 12 5 106 1 1 0 1 2 10 0 17 4 5 0 1 0 0 0 6 5 7 0 1 4 27 1 43 78 109 0 30 11 1 0 29 0 0 0 0 1 2 0 5 80 66 0 17 2 3 2 41 10 16 0 1 15 38 3 36 0
569 75 80 110 56 2 98 273 95 6 2 9 77 4 110 155 36 4 2 14 2 0 2 17 58 7 6 7 100 4 72 102 61 5 8 3 6 1 3 3 5 0 0 0 12 0 4 2 78 4 3 8 4 1 5 10 78 8 0 12 85 6 30 42 40 1 2 1 9 0 6 12 4 0 0 0 8 0 8 5 2 0 0 0 0 0 1 2 3 0 1 1 5 1 6 7 75 6 4 2 5 0 3 12 5 0 0 0 15 0 1 7 122 9 2 9 8 0 9 33 114 6 1 3 89 4 23 54 86 86 7 137 6 3 6 167 5 3 0 1 6 6 0 35 2 6 1 4 0 1 0 7 1 3 0 5 2 4 1 38 1 4 0 1 0 1 0 1 0 0 0 0 0 0 0 1 0 9 0 2 1 0 1 2 2 3 0 1 1 3 0 5 78 86 12 124 9 5 12 109 2 0 0 0 4 6 1 30 1 2 0 3 0 1 1 4 5 7 0 2 1 15 3 57 84 92 0 40 6 6 1 32 2 0 0 0 1 0 0 2 102 109 1 42 3 2 3 56 45 21 0 7 29 55 4 96 652 49 103 97 61 1 107 267 111 9 0 5 87 4 110 166 26 8 6 6 2 0 2 15 74 7 2 5 126 5 95 91 69 2 6 3 4 0 2 4 4 0 0 0 4 1 0 1 60 8 2 5 4 1 3 8 60 4 0 3 150 5 38 32 36 3 6 1 12 0 9 14 4 0 0 0 5 1 8 10 3 1 0 0 0 0 0 1 1 0 0 0 6 0 6 4 51 0 3 8 9 0 7 7 6 0 0 0 6 1 1 3 135 4 4 7 7 2 5 43 116 8 0 6 66 5 36 54 103 62 1 87 3 7 12 154 9 2 1 2 5 6 2 45 6 3 0 10 2 1 0 5 2 7 0 5 3 6 1 30 3 1 0 2 0 0 0 0 0 0 0 0 0 1 0 0 5 8 0 5 0 1 0 2 0 3 0 1 1 5 0 3 61 123 5 111 6 5 8 88 4 4 0 1 0 6 3 26 5 9 0 4 0 0 2 7 5 7 0 4 7 40 2 73 64 74 3 32 4 4 3 28 0 1 0 0 2 2 0 6 92 73 1 28 6 2 4 59 33 20 0 4 35 47 8 89 569 71 65 105 65 2 117 196 87 3 3 7 83 6 102 127 61 12 1 9 0 1 0 5 82 7 1 11 147 9 76 109 81 2 2 1 4 0 1 0 1 0 1 1 5 0 1 1 94 8 2 4 4 0 4 6 101 9 0 3 185 1 34 23 69 1 5 4 10 0 8 7 3 0 0 0 11 0 4 3 3 1 0 0 0 0 0 0 3 1 0 2 4 0 3 3 105 5 0 4 6 1 6 5 5 0 0 0 10 0 4 5 140 6 1 5 6 0 3 21 112 3 2 1 98 6 30 51 81 99 2 113 7 1 2 136 5 3 0 1 3 4 1 18 6 8 0 11 0 0 0 5 4 3 0 1 2 7 0 23 3 5 0 2 0 0 0 0 0 0 0 0 0 0 0 0 4 5 0 7 0 0 0 5 1 2 0 2 0 2 0 6 107 105 7 127 6 3 14 91 3 2 0 0 2 2 6 25 3 4 0 2 0 1 0 3 2 3 0 1 5 12 1 49 115 93 0 25 8 1 0 24 1 0 0 0 4 1 0 7 116 101 0 32 1 3 3 64 32 24 0 3 24 44 3 67 475 44 55 91 51 1 98 217 122 5 5 9 67 3 87 179 54 9 4 10 1 0 1 9 71 8 5 9 84 6 60 71 67 3 2 1 6 1 4 1 2 0 0 1 4 0 0 0 66 14 3 3 3 0 2 8 102 1 0 3 92 6 27 28 51 1 5 2 10 0 14 10 8 0 0 0 5 0 4 7 4 2 0 0 0 0 0 0 3 0 0 0 5 0 5 2 75 1 2 3 11 0 1 11 9 0 0 0 8 0 5 5 185 13 7 12 11 2 9 44 160 13 3 9 69 2 33 63 136 54 3 111 5 1 4 242 3 2 0 0 2 1 2 46 8 5 0 8 1 0 0 8 1 3 0 5 1 5 1 17 4 3 0 2 0 1 0 2 0 0 0 0 0 0 0 1 4 9 1 6 0 0 0 6 2 1 0 1 2 5 1 8 77 108 3 154 8 6 7 96 3 3 0 0 3 3 4 28 4 7 2 2 1 0 1 4 6 1 0 7 1 12 1 46 92 97 0 39 4 3 1 28 1 2 0 0 2 2 0 2 150 93 0 43 8 4 3 76 40 17 0 5 29 42 3 93 0
633 65 39 105 75 3 113 392 117 11 4 12 75 3 91 294 38 2 3 13 1 0 2 13 53 7 0 3 62 4 29 78 28 0 0 3 0 0 0 2 2 0 0 0 0 0 1 0 60 12 1 4 1 1 4 12 93 12 1 4 62 7 24 26 45 1 4 5 5 1 3 7 6 1 0 1 6 0 4 3 3 0 0 0 0 0 0 0 2 0 1 1 5 0 1 6 74 1 0 4 8 1 2 8 5 0 0 0 4 0 7 3 150 8 2 9 12 2 7 60 162 7 1 6 72 6 28 100 109 77 3 102 9 2 8 442 5 5 0 1 5 2 0 58 6 8 0 12 0 0 0 12 2 3 0 1 4 1 1 17 2 3 0 0 0 0 0 1 0 0 0 0 0 0 0 0 4 9 0 3 0 0 0 7 0 1 0 0 0 1 0 6 52 67 4 42 6 4 10 91 2 2 0 0 2 2 5 25 4 1 1 5 0 0 2 4 1 0 0 1 3 4 4 21 56 41 1 18 4 2 4 33 2 1 0 0 1 1 0 2 95 67 0 21 5 4 1 100 22 17 0 3 18 22 2 76 477 37 34 72 46 3 75 328 119 4 0 3 91 3 94 263 34 4 3 4 2 0 4 15 60 8 2 7 112 2 58 80 32 0 2 2 3 1 2 3 3 0 0 0 1 0 1 2 50 5 3 7 2 0 2 12 91 5 0 2 49 3 21 38 42 2 3 7 4 0 3 6 8 0 0 0 2 1 10 9 2 0 1 0 0 0 0 1 6 1 0 0 3 0 1 2 56 3 2 2 5 1 4 10 12 0 0 0 2 0 6 3 185 10 1 15 11 0 10 38 314 12 4 10 75 5 33 92 104 73 5 94 8 3 13 507 2 3 0 1 4 2 4 65 4 6 0 8 0 0 0 14 2 1 0 6 0 1 0 25 0 1 0 2 0 0 0 2 0 0 0 0 0 0 0 1 7 5 1 6 0 0 0 17 2 1 0 0 1 2 0 6 73 67 2 34 7 0 9 91 5 2 0 0 3 2 4 13 2 2 0 0 0 1 1 6 0 4 0 0 3 9 1 22 64 47 0 12 3 3 4 24 2 1 0 0 2 6 0 6 136 63 2 29 6 5 4 83 38 19 0 7 16 22 3 76 648 46 50 59 67 4 67 152 82 1 1 2 90 3 101 105 74 5 2 4 1 0 5 7 116 10 4 4 146 3 106 75 64 4 3 0 5 0 1 1 0 0 0 0 3 1 2 1 105 2 1 3 5 0 2 9 175 4 1 3 104 4 41 37 43 1 4 3 5 0 6 5 3 0 0 0 12 2 15 6 6 1 0 2 0 0 0 0 2 0 0 0 2 0 3 4 77 1 4 5 3 0 2 7 5 0 0 0 10 0 4 3 268 6 2 8 9 0 7 19 280 6 2 8 126 5 23 55 77 64 1 84 4 1 2 81 3 4 1 0 0 5 0 30 7 9 0 5 1 0 0 2 0 4 0 6 1 0 1 24 1 3 0 2 0 1 0 1 0 0 0 0 0 0 0 0 4 11 0 2 1 0 0 4 1 4 0 1 3 5 0 6 66 103 1 65 6 7 7 67 5 2 0 2 4 5 4 32 7 2 0 4 0 1 1 5 9 5 0 4 2 12 1 30 103 80 4 27 9 7 2 25 2 0 0 0 1 2 0 4 206 70 1 30 8 2 6 40 50 33 3 7 14 39 3 81 385 44 62 68 46 1 72 171 90 7 4 3 105 5 111 167 49 5 5 5 4 0 2 14 105 2 6 10 117 6 87 77 51 1 2 0 1 0 4 5 4 0 0 0 5 0 1 0 74 9 1 4 4 0 5 5 164 6 0 3 112 4 36 51 49 3 5 2 7 0 7 12 7 0 1 1 6 0 4 5 3 0 1 1 0 0 0 0 3 0 1 0 7 0 3 4 95 0 2 8 9 0 2 6 4 0 0 0 9 2 4 3 233 11 2 13 13 2 7 14 324 7 2 5 111 4 39 50 84 79 5 108 9 3 4 145 5 3 0 3 6 3 2 40 6 2 0 4 1 0 0 5 4 1 0 1 2 8 0 30 4 6 1 2 0 2 0 3 0 0 0 0 0 0 0 0 9 8 0 4 0 1 0 6 1 1 0 0 1 6 0 3 86 73 2 67 7 5 7 81 4 1 2 2 1 5 2 20 3 3 0 2 0 0 0 6 3 4 0 5 5 14 4 42 122 61 0 26 9 2 4 29 3 1 0 0 4 2 1 5 205 95 0 35 5 3 5 44 53 16 1 8 21 47 5 87 0
996 77 38 95 69 5 60 261 56 10 0 4 38 1 46 74 56 4 1 7 0 1 2 7 47 6 2 7 78 0 14 39 24 3 1 0 1 0 0 0 0 0 0 0 1 0 0 1 76 10 0 0 0 0 2 5 43 5 0 2 17 1 2 8 86 3 2 1 8 1 7 11 2 0 0 1 3 0 4 2 1 0 1 0 0 0 0 1 4 0 0 0 3 0 0 4 104 1 0 2 3 0 0 7 5 0 0 0 7 1 0 1 249 11 1 13 9 0 3 27 130 7 1 4 54 1 16 38 82 89 1 121 2 3 2 177 0 1 0 1 1 1 0 23 7 7 0 8 0 0 0 4 0 0 0 0 0 2 0 7 2 3 0 1 0 0 0 1 0 0 0 0 1 0 0 0 1 8 0 0 0 0 0 1 0 1 0 0 1 1 0 0 86 149 2 51 5 2 6 81 0 0 0 0 0 3 1 10 0 5 0 3 0 0 0 0 5 1 0 0 1 11 1 18 71 40 0 11 6 2 1 22 0 1 0 0 2 0 0 1 123 65 0 15 3 1 4 56 22 7 0 3 6 25 1 30 439 57 26 87 39 1 63 164 59 3 2 3 74 0 94 103 36 3 3 6 2 0 2 4 98 5 1 12 61 4 73 72 42 3 1 0 0 0 1 0 4 0 0 0 1 0 0 1 68 7 0 2 3 0 5 5 109 2 1 0 45 3 29 16 36 2 0 1 3 1 5 6 2 0 0 0 7 0 6 5 1 1 1 1 0 0 0 1 4 0 0 0 4 0 1 3 68 3 0 1 3 0 1 4 2 0 0 0 12 0 3 6 271 13 3 5 6 0 5 24 233 3 1 4 81 5 30 38 68 65 4 125 7 1 4 169 3 2 0 0 3 2 0 28 1 3 0 5 0 0 0 2 1 0 0 0 1 2 0 10 1 3 0 1 0 1 0 1 0 0 0 0 0 0 0 0 5 11 0 2 2 0 0 1 0 0 0 0 0 0 0 4 71 91 2 94 2 1 9 75 2 2 1 1 1 0 0 19 0 0 0 2 0 0 0 1 3 3 0 2 3 7 3 12 120 78 1 32 1 3 1 33 0 0 0 0 0 0 0 1 209 66 0 31 5 5 3 40 48 22 1 4 18 18 3 40 1059 67 62 73 97 4 87 255 80 2 0 7 64 2 109 90 69 6 3 8 4 0 1 12 55 3 2 7 97 5 50 49 46 4 2 0 1 0 2 1 3 0 0 0 3 0 2 0 90 5 1 0 1 0 4 11 62 2 0 2 41 0 12 19 56 4 0 5 8 0 5 6 1 0 0 0 5 0 2 0 2 0 0 0 1 0 0 1 4 0 0 0 4 0 0 2 84 1 0 3 5 0 1 7 5 0 0 0 5 0 2 4 239 4 4 5 6 1 4 28 140 1 1 2 52 3 18 41 65 55 0 60 1 4 1 65 1 1 0 1 1 1 0 15 1 3 0 3 0 0 0 1 1 2 0 0 4 1 1 18 1 2 0 0 0 0 0 0 0 0 0 0 0 0 0 0 5 3 0 2 0 0 0 3 0 0 0 0 0 4 0 3 43 122 2 33 6 7 5 59 3 2 0 0 3 6 1 20 2 4 0 0 0 0 0 2 3 2 0 1 1 7 1 26 66 42 0 12 2 2 4 15 0 1 0 1 0 0 0 2 106 53 0 6 1 2 0 32 19 9 0 1 14 22 3 42 816 93 34 102 57 2 78 244 60 1 1 4 69 3 71 75 66 6 2 9 2 0 5 11 104 3 3 7 142 2 34 47 42 3 1 4 4 0 0 1 1 0 0 0 4 0 0 1 79 7 1 2 1 1 0 6 78 2 0 1 64 3 6 18 79 3 0 1 7 0 5 9 4 0 0 0 8 0 3 3 7 0 0 0 0 0 0 1 2 0 0 0 5 1 1 1 85 2 2 3 4 1 1 8 4 0 0 0 7 0 1 3 227 11 1 1 10 0 4 39 133 2 0 6 72 1 22 38 75 81 1 82 5 1 5 89 1 0 0 1 0 4 1 14 3 3 0 5 0 0 0 1 3 1 0 3 0 1 0 13 2 3 0 1 0 0 0 1 0 0 0 0 0 0 0 0 4 11 0 1 0 0 0 1 0 3 0 0 0 1 1 3 72 82 4 41 8 4 5 70 1 3 0 0 0 2 0 9 1 7 0 2 0 1 0 2 7 4 0 1 4 15 2 13 61 51 0 5 4 0 1 16 1 2 0 0 1 1 0 1 110 55 0 20 1 4 5 44 18 15 0 2 14 26 2 32 0
966 84 58 108 97 5 117 350 112 3 1 3 97 2 87 152 82 6 1 13 1 0 1 12 78 7 1 7 90 5 35 92 41 2 1 1 1 0 3 1 1 0 0 0 1 0 0 2 95 6 3 3 3 0 7 13 88 4 0 1 47 6 15 23 72 2 2 2 6 1 8 11 0 0 0 0 12 0 3 2 3 0 0 2 0 0 1 1 2 0 0 0 4 0 0 0 95 2 1 3 8 0 2 8 3 0 0 0 5 0 2 3 274 10 2 5 10 0 7 58 157 3 1 1 55 2 18 58 91 82 0 102 3 3 7 145 1 0 0 0 3 2 1 34 2 7 0 4 0 0 0 4 3 4 0 2 1 8 0 15 0 2 0 0 0 0 0 1 0 0 0 0 0 0 0 0 4 9 0 2 1 0 0 2 1 2 0 0 0 1 1 3 83 92 0 42 5 5 8 74 0 1 0 0 2 3 0 16 1 5 0 1 0 1 2 6 1 2 0 1 2 7 1 41 72 37 0 20 5 2 0 23 0 0 0 0 2 2 1 5 95 63 0 27 2 2 3 52 27 16 0 2 17 20 0 58 738 95 67 115 78 3 104 388 107 5 2 5 88 3 114 192 55 8 2 12 2 0 3 16 73 5 2 10 73 4 50 87 46 4 0 4 3 1 0 1 1 0 0 0 0 0 2 0 95 12 0 5 2 0 4 11 66 3 1 3 36 1 26 22 57 4 2 4 8 0 14 14 6 0 0 0 8 0 6 4 3 0 0 0 0 0 0 0 0 0 0 1 4 1 1 3 88 4 1 1 7 1 3 15 5 1 0 0 6 0 3 2 262 7 5 8 11 0 5 79 137 3 0 3 74 3 26 59 106 83 5 111 4 1 5 164 5 2 0 0 2 6 0 32 6 7 0 6 0 0 0 4 2 0 0 6 1 6 0 17 0 5 0 2 0 0 0 1 0 0 0 0 0 0 0 1 2 6 0 4 0 0 0 11 1 4 0 0 1 2 0 2 57 77 2 50 10 3 8 90 0 1 0 0 0 4 4 32 4 2 0 3 0 1 0 2 5 7 0 3 1 9 0 36 66 46 1 14 2 3 5 24 1 0 0 0 7 1 0 3 118 75 0 19 4 4 2 74 20 22 0 3 23 19 3 69 1144 101 55 137 132 7 131 306 62 2 2 3 111 3 116 111 65 11 2 6 4 1 2 5 83 6 1 6 168 11 80 92 65 1 1 0 4 0 1 2 1 0 0 0 2 0 0 0 89 8 0 2 5 0 3 2 65 5 1 2 53 1 14 15 88 5 1 4 14 0 11 5 3 0 0 0 6 0 4 1 4 1 0 0 0 0 0 0 1 0 0 0 6 1 1 2 89 3 1 2 2 1 2 4 5 0 0 1 5 0 4 2 133 3 1 3 11 1 3 18 64 2 1 0 69 1 19 39 73 104 0 111 2 1 2 108 5 3 0 1 2 2 0 27 5 5 0 6 0 1 0 2 0 4 0 3 0 4 0 23 0 4 1 0 0 0 0 0 0 0 0 0 0 0 0 0 4 11 0 0 0 0 0 2 0 6 0 0 0 2 0 1 75 168 3 79 4 7 13 91 1 1 0 0 0 6 0 11 4 7 0 1 0 0 0 5 3 3 0 3 7 23 2 30 57 71 2 17 5 1 0 12 0 0 0 0 4 1 0 1 58 52 0 13 2 0 1 37 12 16 1 2 9 27 1 47 822 112 60 128 102 2 142 265 74 5 2 3 119 1 99 142 63 17 1 7 10 0 3 12 83 5 2 12 242 8 124 94 51 4 1 1 1 0 0 0 1 0 0 0 3 0 0 1 78 7 3 2 4 0 8 8 70 2 2 1 57 1 17 20 76 3 4 1 17 0 8 13 2 0 0 0 9 0 1 4 2 0 0 0 0 0 0 0 1 0 0 0 10 0 3 1 78 4 2 3 8 1 2 6 4 0 0 0 6 0 2 2 136 3 1 5 15 1 5 13 69 2 0 1 60 0 27 38 90 93 1 108 5 3 3 111 1 1 0 1 0 4 1 14 4 6 0 4 0 0 0 1 1 0 0 0 1 5 2 26 2 2 0 0 0 0 1 0 0 0 0 0 0 0 0 0 4 10 0 2 0 1 0 2 0 3 0 0 0 2 0 2 80 236 4 105 4 8 9 95 0 3 0 0 2 6 2 25 1 8 0 2 0 2 0 0 2 5 0 3 5 30 1 47 63 88 0 15 5 1 3 17 0 1 0 0 4 0 0 2 73 64 1 26 1 3 1 36 7 10 0 4 11 32 0 53 0
383 37 48 74 43 2 79 181 83 5 1 3 82 2 93 154 34 12 1 6 1 0 3 14 75 10 2 5 82 5 74 107 66 1 3 0 3 1 1 1 2 0 0 0 3 0 2 1 96 5 3 6 1 0 4 6 153 10 0 6 101 2 24 48 40 1 3 4 5 0 5 5 10 1 0 0 8 1 7 5 4 0 1 0 0 0 0 1 1 0 0 0 9 1 4 5 104 1 2 5 10 0 3 7 7 0 0 1 10 1 1 4 272 11 4 5 7 0 10 13 261 6 1 5 109 7 20 58 89 89 0 149 3 3 5 236 4 3 0 0 6 2 2 34 4 15 1 6 1 0 0 5 4 4 0 1 1 2 0 26 4 1 0 0 0 0 0 0 0 0 0 0 0 0 0 0 0 7 0 4 0 0 0 10 0 3 0 0 1 1 1 7 80 80 8 82 7 5 9 104 4 3 0 0 4 3 0 18 3 6 0 1 0 2 2 4 1 2 0 3 4 5 2 24 145 91 0 39 6 2 7 30 2 0 0 0 2 4 0 3 201 92 0 30 8 5 5 65 51 37 1 1 33 26 2 72 507 58 69 102 60 4 102 227 79 7 4 2 110 0 137 153 50 9 2 6 5 0 2 9 99 11 1 8 101 5 78 104 47 2 4 1 4 0 0 0 2 0 0 0 5 1 1 0 72 7 0 1 6 0 4 5 121 3 0 3 63 1 24 32 45 4 5 3 11 0 7 15 8 0 0 1 8 0 5 3 5 1 0 1 0 0 0 1 2 1 0 0 5 1 1 3 101 1 3 1 4 0 7 8 3 0 0 0 2 0 1 8 237 13 4 9 12 0 8 14 182 2 0 6 92 3 26 55 91 101 1 122 8 1 2 199 4 3 0 1 0 1 0 22 7 6 0 9 0 1 0 9 1 1 1 4 1 0 3 21 2 2 0 4 0 1 0 0 0 0 0 0 0 0 0 1 1 12 0 5 0 0 0 4 0 1 0 0 0 1 0 2 106 100 3 75 8 4 3 122 2 2 0 0 2 1 2 23 1 2 0 1 0 1 0 6 2 2 0 0 2 2 3 20 144 75 4 27 3 3 1 27 2 0 0 1 4 1 0 0 194 116 0 30 6 1 1 65 38 20 0 4 22 19 5 54 603 60 50 68 45 4 83 179 74 0 3 4 52 0 115 126 64 10 1 8 3 0 3 6 77 5 3 5 111 3 139 75 53 0 1 0 3 0 1 3 1 0 0 0 0 2 0 2 122 9 3 1 1 0 3 5 135 13 1 2 149 1 22 17 64 1 3 2 9 1 5 10 5 0 0 0 4 1 1 5 4 0 0 0 0 0 0 0 9 0 0 0 8 1 2 3 111 1 2 2 8 1 2 5 7 0 0 0 8 0 1 2 334 8 0 3 15 1 5 18 303 9 1 6 100 3 35 38 74 61 1 92 7 3 2 215 0 0 0 2 1 4 1 31 6 2 0 8 0 1 0 4 0 3 0 1 1 5 1 11 0 2 0 0 0 0 1 0 0 0 0 0 0 0 0 0 3 7 0 4 0 1 0 2 2 1 0 1 1 0 2 5 88 87 4 42 9 7 5 68 4 2 0 0 3 3 1 13 3 10 1 2 0 0 0 2 1 7 0 3 6 13 1 16 153 65 0 13 5 1 4 22 2 0 0 0 1 1 0 4 187 99 0 34 1 7 2 39 37 24 0 4 27 27 2 49 824 47 42 58 58 1 48 225 90 2 0 5 66 1 49 102 61 5 2 11 3 0 1 10 73 5 2 4 122 1 32 46 52 2 1 1 0 0 2 0 3 0 0 0 1 0 0 0 91 6 1 4 3 0 3 7 97 7 1 7 48 0 6 19 76 4 3 3 6 1 9 10 2 0 0 0 6 0 5 3 0 0 0 0 0 0 0 2 5 1 0 0 2 1 1 3 96 2 0 2 12 1 1 11 5 1 0 0 8 0 1 3 397 11 1 7 6 0 7 51 338 8 0 8 91 2 26 57 73 66 2 96 3 2 2 265 1 1 0 1 2 1 0 15 5 5 0 7 0 0 1 10 1 3 0 0 0 0 0 3 1 0 0 0 0 0 0 0 0 0 0 0 0 0 0 0 2 9 0 3 0 0 0 4 1 2 0 0 0 1 0 3 91 110 2 43 2 1 8 79 3 0 0 2 0 1 0 11 0 10 0 2 2 1 0 2 3 4 0 0 1 13 1 17 121 59 2 15 2 1 6 13 0 1 0 0 2 0 1 3 212 90 0 47 3 4 3 64 46 22 0 6 18 24 3 54 0
425 41 61 59 44 1 65 121 131 7 1 11 77 1 106 159 42 3 4 8 2 1 3 3 81 9 2 5 74 7 84 85 52 1 1 3 4 0 2 4 3 0 1 2 5 0 1 3 77 5 4 5 3 0 7 8 118 9 2 5 68 6 29 38 35 2 2 1 5 0 3 4 7 1 1 0 5 0 11 12 1 0 0 1 0 0 0 1 4 0 0 0 8 0 5 9 73 2 5 4 11 0 4 17 12 1 0 0 6 0 7 5 195 6 9 7 13 1 9 46 236 17 3 3 91 9 46 98 103 82 5 93 7 3 4 156 14 9 1 5 5 3 6 48 14 12 0 8 0 0 1 8 6 4 0 7 6 4 0 31 5 3 0 2 1 0 0 5 0 1 0 0 0 0 0 0 9 3 0 4 2 0 1 4 5 3 0 1 1 4 1 9 89 58 3 67 8 6 4 84 3 3 0 3 4 4 5 36 4 4 0 1 1 0 1 3 2 6 0 2 6 6 3 30 114 69 2 33 11 6 7 35 0 1 0 0 1 2 1 10 193 85 3 34 6 14 9 105 62 31 2 10 37 33 15 147 496 50 49 60 26 1 57 178 136 10 5 11 65 3 96 154 44 6 2 3 1 0 3 13 68 8 5 15 59 9 50 96 40 2 2 4 2 0 5 6 8 1 1 1 4 0 2 0 62 7 2 2 1 0 5 9 76 2 1 2 35 1 24 34 47 4 5 1 6 0 8 5 8 1 0 0 7 1 2 14 4 0 0 1 0 0 0 1 6 1 0 0 4 0 3 8 60 0 2 6 5 0 8 4 10 0 0 0 11 0 6 10 209 8 3 7 5 0 13 36 203 12 1 7 69 1 46 117 135 76 7 108 8 3 7 188 11 6 0 8 0 3 4 56 5 6 0 13 1 1 0 13 5 8 0 7 4 4 1 20 4 3 0 2 0 0 0 3 0 0 0 0 0 0 0 0 14 10 0 4 1 0 0 12 6 3 0 0 1 0 2 8 87 80 6 66 9 5 8 107 6 2 0 3 6 5 3 34 6 2 0 2 0 0 0 1 4 0 0 0 8 5 0 23 101 64 2 29 7 1 2 43 1 1 0 1 1 1 1 10 241 92 4 47 16 4 10 118 72 25 1 15 30 18 10 133 748 74 59 92 53 5 89 109 100 3 0 2 65 3 56 58 79 12 5 7 4 0 3 10 97 5 4 12 105 5 59 64 98 1 2 2 5 0 2 0 0 0 0 0 6 0 1 1 146 9 4 1 7 0 6 11 122 14 0 4 84 2 17 14 101 3 5 2 10 0 6 7 6 0 0 0 5 0 6 4 2 0 1 0 1 0 0 4 6 0 0 0 6 2 2 3 119 0 1 2 10 0 4 8 6 0 1 0 13 0 1 3 235 9 2 9 7 0 13 35 139 9 1 4 94 2 19 74 94 72 4 87 3 1 2 66 4 2 0 0 0 5 1 18 11 8 0 7 0 0 1 1 2 4 0 0 1 8 0 18 3 5 0 0 0 0 0 0 0 0 0 0 0 1 0 0 5 18 0 2 0 0 2 2 0 2 0 0 1 4 0 5 126 158 2 76 4 3 11 70 3 1 0 0 0 6 1 11 5 10 1 2 1 0 0 4 6 9 0 6 7 30 0 41 150 102 2 30 7 1 2 24 1 0 0 0 3 2 0 0 107 94 0 24 2 3 9 57 32 26 0 8 43 56 3 76 1231 74 63 65 57 4 49 115 84 1 4 4 38 1 38 33 80 5 5 5 2 1 0 8 70 7 1 9 109 5 29 32 70 4 3 0 1 0 2 1 1 0 0 0 4 0 0 1 93 7 0 4 1 2 3 2 64 6 0 1 38 0 13 15 172 10 1 3 3 0 6 9 5 1 1 1 8 0 3 3 4 0 0 1 1 0 0 2 1 0 1 1 12 2 2 0 137 2 0 1 10 0 2 6 4 1 0 0 10 0 2 0 254 11 0 8 8 0 6 30 70 7 0 2 79 2 16 42 84 62 1 56 3 3 1 57 4 2 0 0 0 3 0 15 4 6 0 4 1 0 1 4 3 3 0 3 2 6 0 3 2 7 0 0 0 0 0 0 0 0 0 0 0 1 0 0 6 8 0 1 0 0 0 1 0 3 0 0 0 6 0 2 132 227 7 140 3 3 6 71 3 2 0 1 2 4 0 14 3 9 0 2 0 2 1 0 2 5 0 6 7 18 0 45 165 187 0 29 2 5 2 18 2 0 0 0 0 4 2 3 119 91 0 23 5 3 5 36 20 23 0 4 19 47 2 49 0
323 32 73 69 39 1 80 153 59 1 2 3 97 4 165 148 28 7 3 9 1 0 3 11 83 4 1 8 157 11 141 124 72 5 1 1 3 0 3 0 3 0 0 0 3 0 3 1 92 10 1 6 3 0 5 4 136 8 2 4 153 4 47 43 31 1 6 0 5 0 6 5 6 0 0 0 6 0 13 7 2 1 0 0 0 0 0 0 4 0 0 0 5 0 5 3 85 2 2 4 10 1 3 5 4 0 0 0 10 0 4 4 151 6 1 7 3 1 8 11 190 3 1 3 115 6 32 42 58 93 6 149 4 2 3 160 2 3 0 2 1 4 1 49 2 5 0 10 0 0 0 4 1 4 0 0 1 9 1 43 2 3 0 1 0 0 0 1 0 0 0 0 1 0 0 0 3 4 0 1 0 0 0 3 1 4 0 1 0 4 0 6 79 124 7 140 9 5 4 115 6 2 0 1 4 6 2 29 4 10 0 7 1 2 0 7 5 7 0 5 3 18 1 37 123 106 3 42 12 3 4 17 2 0 0 0 4 0 0 7 158 96 1 39 3 2 3 33 58 37 1 6 35 37 7 72 171 6 99 54 22 2 84 103 31 4 4 3 61 6 113 156 15 2 1 7 0 0 3 2 39 5 3 8 130 3 182 126 69 3 7 6 3 0 2 1 2 0 0 0 8 1 3 1 54 3 1 4 0 0 4 3 175 8 5 2 269 13 63 38 15 0 2 1 4 0 7 1 2 0 0 0 4 0 6 2 1 0 0 0 0 0 0 1 0 0 1 1 2 0 2 7 72 2 3 2 9 0 4 5 1 0 0 0 8 0 2 2 109 2 2 1 5 0 2 3 148 3 0 0 142 3 25 18 23 46 5 183 3 1 2 157 2 4 0 1 3 3 2 90 2 7 0 7 0 0 0 4 2 4 0 5 2 4 0 65 5 3 0 1 0 0 0 0 0 0 0 0 0 1 0 0 4 2 0 5 0 0 0 1 3 5 0 0 1 4 0 11 45 140 12 369 2 5 5 161 5 2 0 1 2 2 2 42 1 6 0 12 1 0 0 5 2 5 0 5 8 10 1 56 116 158 1 64 3 7 3 34 1 0 0 0 2 3 1 7 170 131 0 36 1 3 1 22 75 46 1 12 45 50 3 75 512 23 87 66 47 1 73 116 59 2 1 1 73 0 77 76 56 3 2 4 3 0 1 5 96 5 4 7 195 5 249 74 83 2 10 0 9 1 0 2 2 0 0 0 5 0 3 2 98 10 8 4 3 0 3 7 157 5 1 5 174 6 51 20 64 3 7 4 7 0 1 2 5 1 0 0 7 0 5 4 2 0 0 0 0 0 0 0 3 0 0 0 6 0 8 8 122 5 2 2 4 2 2 4 2 0 0 0 6 0 1 2 147 7 1 5 8 0 6 16 152 2 0 0 111 4 21 39 61 59 2 83 3 6 0 91 2 0 0 0 0 4 0 19 2 5 0 4 1 2 0 3 2 3 1 7 0 5 1 31 2 1 0 0 0 0 0 1 0 1 0 0 0 0 0 0 1 4 0 2 0 0 0 5 1 3 0 0 0 2 3 5 76 162 7 161 7 6 10 87 3 6 0 2 6 10 1 28 3 9 0 4 0 1 0 6 5 6 0 1 10 18 4 49 112 259 1 44 5 6 4 22 0 1 0 0 1 7 0 8 84 94 0 25 3 3 1 22 33 40 0 5 47 58 9 62 167 22 67 72 31 1 76 96 39 1 2 1 60 4 128 121 11 1 2 2 1 0 2 7 41 4 2 6 134 4 150 100 69 2 7 4 3 0 2 4 5 0 0 0 6 0 3 1 54 4 4 4 3 0 5 5 162 8 1 8 253 6 52 32 23 1 4 2 1 0 2 7 4 0 0 0 9 0 6 0 1 1 1 0 0 0 0 0 1 0 0 0 4 0 3 2 81 3 3 3 4 1 3 3 6 0 0 0 6 0 2 4 133 3 2 5 3 0 2 3 147 3 1 1 103 2 23 26 28 51 11 176 0 4 3 140 2 2 0 1 2 2 3 60 2 7 1 6 0 0 0 4 2 6 0 4 0 6 2 52 6 4 0 0 0 0 0 1 0 1 0 0 0 1 0 1 1 6 0 4 0 0 0 2 1 4 0 1 1 5 0 9 77 204 4 314 7 10 8 162 2 2 0 3 5 7 5 31 0 9 0 7 1 0 0 7 0 8 1 6 3 14 3 65 151 230 4 88 7 7 3 27 3 1 0 0 3 3 1 6 122 131 0 48 4 1 2 27 61 60 0 6 28 60 6 86 0
692 81 56 106 74 0 94 341 115 4 2 10 86 2 113 221 71 7 7 10 3 2 5 13 70 4 1 15 93 9 49 102 47 1 0 3 2 1 1 1 3 0 0 0 2 0 0 1 90 16 3 3 1 0 6 10 87 8 3 3 42 1 19 29 72 1 2 2 11 1 18 16 1 0 0 0 6 0 4 6 1 0 0 0 0 1 0 2 1 1 0 1 5 0 2 6 107 2 2 6 14 0 6 6 1 0 0 0 6 0 2 6 294 10 0 9 12 0 12 63 146 6 0 6 63 5 27 72 97 69 2 93 2 2 4 210 3 1 0 2 2 4 0 40 3 7 1 7 0 0 0 7 3 0 0 1 1 4 0 24 0 2 0 0 1 0 0 1 0 0 0 0 0 1 0 0 6 8 0 3 0 0 0 6 1 2 0 0 0 1 0 2 71 66 2 44 5 4 13 78 0 1 0 0 3 7 0 14 2 6 0 0 0 0 1 0 2 3 0 1 3 7 0 34 70 41 0 18 6 2 1 28 0 0 0 0 2 4 0 3 137 66 0 23 7 7 1 51 24 15 1 0 23 20 3 49 774 67 67 105 53 4 91 314 103 6 1 3 88 2 86 203 66 8 2 5 4 0 3 12 70 10 4 16 98 4 43 89 58 2 1 3 4 1 0 2 1 0 0 0 5 1 0 1 74 6 0 2 4 0 2 7 71 4 0 1 56 1 13 21 71 3 3 2 7 1 8 15 2 0 0 1 7 0 5 9 2 0 1 0 0 0 0 0 1 0 0 1 5 0 1 1 72 2 2 1 9 0 5 9 4 0 0 0 9 0 5 8 262 9 2 7 10 0 6 61 116 0 0 4 71 2 18 76 120 87 2 103 3 3 4 217 8 2 0 1 2 5 0 36 6 6 0 4 0 0 0 5 0 2 0 3 2 4 0 20 2 4 0 0 1 0 0 1 1 0 0 0 0 0 0 0 2 11 0 3 1 0 0 6 0 2 0 1 0 2 0 2 67 91 4 44 9 7 8 93 0 4 0 1 0 4 2 25 3 8 0 1 0 0 0 2 3 4 0 3 5 9 3 28 108 35 0 14 4 3 6 26 0 0 0 0 1 3 0 3 168 70 1 21 3 4 4 84 28 14 2 0 16 23 4 61 1103 91 81 99 96 8 117 304 61 2 4 6 84 3 85 114 80 5 2 3 2 0 3 5 62 7 1 9 190 9 178 74 61 3 1 1 5 0 1 2 1 0 0 0 1 0 1 1 88 5 1 3 2 0 5 4 45 2 0 1 47 1 16 11 86 1 5 1 8 0 8 6 1 0 0 0 7 0 5 2 1 0 0 0 0 0 0 0 3 1 0 1 5 0 1 2 95 3 0 3 8 0 2 3 3 0 0 0 5 0 0 5 153 7 0 5 3 0 4 30 66 1 0 2 58 3 14 38 72 90 0 117 0 3 2 118 0 2 0 1 2 5 0 17 3 6 0 6 0 1 0 2 2 2 0 3 2 8 0 31 3 2 0 0 0 0 0 0 0 0 0 0 0 1 0 1 6 10 0 0 0 2 0 1 0 1 0 0 0 6 0 0 65 168 3 94 7 9 8 70 2 1 0 0 2 8 2 25 2 9 0 3 0 0 0 1 3 8 0 2 6 61 4 50 71 57 1 10 6 5 3 12 0 0 0 0 1 7 0 2 72 57 1 22 0 3 1 42 5 10 0 4 11 32 2 46 995 109 65 122 138 4 129 332 84 3 1 5 117 5 136 158 83 14 2 9 7 1 1 9 80 3 1 9 138 6 74 88 62 2 1 2 2 0 2 2 1 0 0 0 4 0 1 1 79 10 2 0 5 0 3 3 89 3 1 4 62 1 17 26 71 5 1 3 6 0 7 9 2 0 0 0 4 0 3 0 2 0 0 0 0 0 0 1 1 0 0 1 6 2 0 3 77 2 3 5 3 0 3 9 0 0 0 0 6 0 3 1 175 8 2 6 8 0 5 15 97 3 0 3 54 3 14 31 71 105 0 106 1 2 6 146 2 1 0 1 2 3 0 21 3 3 0 2 0 0 0 1 0 1 0 2 2 3 0 23 0 3 0 1 0 0 0 0 0 0 0 0 0 0 0 0 0 7 0 2 0 0 0 5 0 0 0 0 0 2 0 0 65 127 1 75 6 3 6 90 1 0 0 1 3 4 4 20 1 4 0 3 0 3 0 1 1 5 0 0 3 21 1 33 93 48 0 23 2 1 0 18 0 1 0 0 0 4 0 1 78 50 0 15 1 5 1 36 12 20 0 0 14 24 0 44 0
394 31 60 58 35 4 71 118 152 12 7 15 80 3 93 156 36 3 4 6 2 0 4 8 77 13 4 10 45 4 41 82 63 1 7 5 6 0 1 5 6 0 0 0 6 0 1 1 57 11 3 9 1 0 6 12 113 11 3 10 51 4 21 64 41 4 1 7 6 0 8 15 6 3 1 0 10 0 8 16 2 1 0 3 0 0 1 3 4 0 1 0 3 0 4 8 73 4 5 5 9 0 6 14 15 0 0 1 10 0 6 8 143 8 6 10 6 2 11 44 167 18 2 9 88 13 45 131 163 72 5 98 10 9 12 145 29 2 0 3 10 3 4 49 7 9 0 16 1 0 0 20 6 7 0 6 2 3 1 37 4 4 0 2 1 0 2 1 0 1 0 0 0 0 0 1 14 10 0 7 1 1 1 10 4 7 0 6 1 5 1 19 79 58 5 45 11 3 13 88 6 3 1 3 5 5 5 30 5 5 0 5 0 2 0 8 4 6 0 2 8 9 3 44 92 40 2 33 11 6 6 49 2 1 1 0 3 3 1 16 138 70 3 54 12 6 11 134 51 24 1 12 37 39 17 187 415 38 53 54 47 3 63 138 127 13 6 13 97 7 128 162 30 11 5 11 8 0 3 9 79 10 7 11 50 4 76 102 47 5 1 6 6 0 2 4 5 2 0 0 3 2 1 1 72 12 2 9 2 3 7 11 96 11 0 6 46 8 28 49 35 4 3 2 7 0 12 8 11 0 0 1 10 0 5 10 3 0 1 2 0 0 2 2 8 0 0 0 4 0 5 3 85 1 3 6 10 0 8 11 8 2 0 2 10 0 7 7 140 9 7 7 6 4 15 32 137 14 0 10 75 8 42 128 130 71 5 85 14 3 13 156 7 4 1 1 4 7 4 44 11 11 1 21 0 1 0 11 5 4 1 4 3 3 1 41 8 6 0 1 0 0 0 2 1 1 0 0 0 1 1 1 10 17 0 6 2 0 0 6 2 10 0 2 0 3 0 14 81 41 4 33 10 0 12 94 6 2 1 2 7 1 4 30 5 2 1 4 0 0 0 3 4 5 0 0 6 8 0 38 138 99 3 25 12 3 7 56 5 0 1 0 6 3 1 9 147 104 4 49 11 9 5 110 54 33 2 14 23 36 17 166 567 44 65 73 55 1 71 119 158 15 5 9 84 3 101 81 49 9 6 19 1 0 3 11 90 10 8 12 68 6 66 88 68 4 6 2 9 0 3 1 7 2 1 0 4 2 0 3 87 22 3 6 3 1 3 10 109 15 2 3 51 3 23 63 49 1 9 3 11 0 10 5 10 0 0 0 9 1 17 8 5 0 0 1 0 0 1 2 1 1 0 0 6 0 6 4 112 6 3 4 14 1 4 8 8 0 0 1 21 1 7 7 186 11 2 13 16 2 5 41 134 9 2 10 107 4 33 110 143 72 2 89 7 4 14 105 4 5 0 0 2 5 1 33 7 14 0 14 0 0 0 10 6 3 0 8 4 3 0 13 3 7 2 3 0 0 0 0 0 0 0 0 0 0 0 0 6 15 0 5 2 0 1 7 0 3 0 0 3 4 0 3 92 75 3 46 10 3 17 89 4 1 0 1 1 4 4 28 5 5 0 2 2 0 1 8 9 3 2 6 5 7 8 49 109 62 2 17 12 8 6 25 2 1 0 1 3 2 0 7 88 111 2 29 9 3 8 92 39 37 0 3 19 59 8 135 565 40 59 66 44 2 66 122 146 13 4 13 90 2 102 100 55 8 6 11 1 1 4 10 100 8 11 20 77 5 76 103 93 4 5 1 6 0 3 1 2 0 0 0 8 0 2 2 83 17 4 9 3 1 10 12 103 1 2 5 52 6 22 30 44 3 7 2 11 0 11 19 6 0 1 0 6 0 14 11 3 0 1 0 0 0 0 1 7 1 1 1 6 0 3 14 80 5 4 4 13 0 5 12 10 1 0 0 11 0 5 10 165 8 2 12 17 2 24 42 97 9 1 5 111 4 40 97 134 79 3 50 3 1 4 68 8 2 0 5 3 5 5 17 11 6 0 12 1 1 1 2 4 3 0 4 4 4 0 19 6 4 0 2 0 0 0 1 0 0 0 0 0 2 0 1 15 15 0 4 1 1 2 4 1 5 0 0 3 5 0 5 92 84 10 48 10 4 8 68 8 0 1 2 6 11 4 21 3 5 0 7 1 0 0 2 6 8 0 6 2 16 3 53 111 97 2 32 11 4 5 52 3 2 0 0 8 2 1 6 152 102 4 29 8 6 11 97 38 28 2 7 42 46 9 148 0
665 76 45 124 80 2 104 282 151 6 2 7 108 2 133 175 49 9 2 12 2 1 4 13 75 13 2 10 93 5 68 107 51 1 3 2 2 0 1 4 2 0 0 0 4 0 1 1 92 13 2 5 3 1 9 11 67 8 0 1 49 2 27 33 44 3 3 2 13 1 8 10 12 0 0 0 8 1 9 5 2 1 0 0 0 0 0 0 3 0 0 0 2 2 0 1 76 8 2 5 6 0 2 14 6 0 0 1 10 0 0 9 205 15 4 14 17 0 16 52 99 4 1 4 98 1 38 91 134 100 2 95 11 1 7 156 11 4 1 2 1 4 1 38 2 8 0 6 1 1 0 11 0 2 0 2 0 8 0 12 0 1 0 1 0 1 0 1 0 0 0 0 0 0 0 0 6 8 0 3 0 0 1 6 0 2 0 0 0 2 1 3 78 80 2 37 10 3 15 91 2 1 0 1 1 4 2 26 2 5 0 2 1 1 0 4 4 3 0 4 3 15 0 36 74 44 0 24 8 2 1 33 0 0 0 1 1 1 0 3 99 64 0 26 5 5 4 92 18 15 0 3 9 32 2 70 550 77 87 96 51 4 74 226 98 3 5 7 88 6 100 152 43 11 7 5 2 1 4 9 53 6 3 10 96 11 143 94 50 4 9 3 10 0 4 2 6 0 0 0 8 2 1 1 66 8 1 4 3 1 4 8 69 8 3 4 87 9 35 26 37 1 9 6 7 0 11 11 5 0 0 0 2 0 4 9 4 0 1 1 0 0 0 0 4 1 0 2 5 0 5 4 77 0 3 1 8 0 5 11 7 0 0 0 10 1 2 4 176 13 4 9 16 0 8 47 91 5 2 9 60 3 33 44 95 98 3 107 0 3 10 141 1 3 0 3 5 3 1 39 3 6 1 10 0 2 1 4 3 5 0 4 2 5 1 35 1 7 1 2 0 1 0 1 0 0 0 0 0 0 0 2 4 8 0 2 0 0 0 5 3 6 0 0 2 5 0 7 66 88 3 211 6 7 10 84 0 4 0 1 4 7 3 24 2 8 0 5 1 1 1 4 1 9 0 4 6 15 6 70 71 134 2 34 2 5 4 40 2 1 0 0 2 3 1 8 119 61 0 32 2 7 2 54 23 27 0 6 20 60 6 110 510 51 55 73 53 2 87 172 153 6 3 5 81 2 114 148 59 12 2 9 2 0 2 13 83 7 0 13 63 3 53 100 68 5 5 2 5 0 2 3 6 1 0 0 0 0 2 0 82 9 0 4 1 0 7 16 132 8 1 5 60 2 20 31 44 1 5 3 6 0 9 13 5 1 0 0 11 0 7 7 2 0 0 0 1 0 1 1 3 0 0 0 0 0 4 3 86 3 1 3 6 0 4 12 6 0 0 0 15 0 4 9 184 6 3 9 10 1 7 32 170 8 1 6 93 9 42 90 140 76 2 89 2 4 8 171 12 3 0 1 2 4 1 42 10 11 2 10 0 1 0 10 2 5 0 0 2 2 1 27 4 4 0 1 0 1 0 0 1 0 0 0 0 0 0 0 7 9 0 4 0 1 1 7 1 1 0 1 1 2 1 4 61 59 3 47 8 4 9 88 1 3 0 1 4 0 4 28 1 1 0 4 2 0 0 5 6 5 0 5 2 7 3 33 135 55 0 22 11 8 9 32 1 0 0 1 8 2 1 11 221 92 3 42 6 9 8 104 45 27 0 6 13 44 9 106 523 40 44 80 39 3 93 215 138 8 5 11 76 3 109 155 45 8 1 10 0 1 2 10 87 7 3 14 51 6 48 85 49 4 5 1 3 0 2 0 3 0 0 0 2 1 0 2 81 9 1 3 3 0 5 12 93 6 1 6 37 1 28 39 40 2 3 3 7 1 12 11 9 1 0 0 3 0 8 7 2 0 1 2 1 0 0 1 5 0 0 0 2 1 4 2 96 3 2 3 14 1 6 8 13 1 0 0 6 0 4 6 174 10 4 11 16 0 9 59 195 6 0 8 84 4 35 112 147 66 0 95 10 1 8 191 13 1 0 4 3 5 1 51 10 8 0 8 0 0 0 4 9 4 0 3 1 4 0 21 2 1 0 0 0 0 0 1 0 0 0 0 0 0 0 0 8 10 1 5 0 0 1 8 2 1 0 0 2 2 0 9 99 87 1 38 6 4 10 79 2 2 0 0 6 6 0 27 4 6 0 2 1 0 0 5 6 2 0 4 4 7 4 33 92 54 2 21 3 4 5 30 0 1 0 0 2 2 0 8 227 97 2 37 9 6 5 118 55 27 0 5 29 35 7 92 0
358 37 90 58 28 3 74 120 89 14 7 9 65 3 59 103 41 8 4 10 6 1 1 14 60 11 9 13 66 3 58 60 84 5 14 3 13 0 6 7 9 2 0 0 12 1 2 5 82 7 3 10 6 0 5 7 85 16 3 7 85 15 39 40 45 4 9 4 9 1 7 8 9 1 3 1 14 0 10 11 9 1 1 3 1 0 1 0 4 2 2 0 6 0 9 13 63 6 5 7 13 2 7 10 9 1 0 2 16 1 3 16 89 11 10 6 7 1 7 17 103 14 6 7 77 15 39 63 107 67 4 126 7 6 15 181 12 6 2 6 8 6 3 39 11 13 1 11 0 0 0 9 3 5 0 7 3 4 6 55 8 11 1 1 1 2 0 8 1 1 0 0 1 1 0 2 8 15 0 11 0 1 0 9 7 8 0 5 0 8 2 19 65 58 13 114 9 7 17 111 4 3 1 4 13 5 7 48 3 9 1 10 1 0 1 10 9 5 1 11 2 14 4 54 90 61 4 36 4 10 7 43 4 7 0 1 10 6 6 20 93 71 2 61 9 6 5 74 56 48 3 33 48 65 20 229 350 43 82 75 40 3 68 84 72 19 9 20 85 2 93 120 31 5 11 12 3 0 3 5 61 6 8 15 53 7 52 87 83 8 8 5 6 6 9 6 8 0 1 0 11 0 5 3 53 12 6 9 8 1 1 9 97 12 7 8 69 15 33 67 30 4 11 5 9 0 13 14 8 0 1 1 5 2 20 14 1 0 1 0 0 1 0 0 3 1 0 1 3 0 12 10 48 7 5 4 10 2 8 10 7 0 0 2 18 2 7 10 54 5 6 8 3 1 9 10 97 11 6 8 78 17 34 78 87 79 20 114 18 3 18 130 6 5 0 7 8 8 8 75 3 7 4 23 3 0 0 11 1 9 0 7 6 9 2 63 7 8 0 5 0 4 0 3 1 2 0 0 2 1 0 3 4 10 0 13 0 1 0 14 1 9 0 8 0 10 5 24 63 45 12 96 14 10 22 110 4 6 2 10 10 6 4 57 6 6 1 14 1 1 0 15 10 8 0 5 8 5 8 72 76 47 4 39 8 9 11 63 4 3 0 2 15 13 2 31 85 68 4 58 14 11 9 71 37 47 2 30 42 58 22 266 543 54 97 108 59 5 91 132 81 12 1 6 98 3 117 108 44 11 2 6 4 0 1 7 83 13 3 13 83 7 60 90 93 2 6 2 12 1 3 3 2 0 0 0 6 1 2 1 82 9 5 12 3 1 4 10 100 6 4 3 71 5 30 28 50 3 4 10 10 0 9 13 6 0 0 2 10 0 8 10 4 2 1 0 0 0 1 0 2 1 0 0 9 0 7 2 85 9 0 8 7 0 8 10 9 0 0 0 13 2 5 9 108 6 4 3 11 0 10 16 108 13 1 3 86 7 24 73 98 94 3 133 5 8 15 116 7 5 0 5 4 5 1 33 11 15 1 10 1 0 1 8 3 4 0 8 0 4 0 34 1 7 0 4 0 1 0 2 0 1 0 0 1 1 0 1 5 12 0 11 0 0 1 6 0 5 0 0 2 1 1 7 74 107 14 78 19 10 13 111 4 6 1 1 4 6 2 33 5 8 0 11 0 2 0 11 6 8 0 5 5 18 3 63 95 81 1 32 13 7 7 34 2 1 0 0 4 11 1 3 73 106 2 41 7 5 6 58 28 35 0 9 23 74 6 130 498 44 152 71 44 2 69 78 79 8 4 2 71 3 86 61 47 7 7 9 4 0 2 3 69 16 8 13 123 9 112 85 134 5 23 3 12 3 8 4 8 0 2 2 12 0 1 4 89 8 5 2 4 0 3 11 110 11 5 5 99 6 26 30 47 3 14 2 6 0 5 7 6 2 0 2 12 0 14 6 3 1 1 0 0 1 0 1 4 3 1 0 4 1 9 4 81 4 7 5 7 1 7 4 8 0 0 1 13 0 5 3 74 4 4 6 7 1 7 10 94 11 3 6 91 5 27 66 68 68 4 95 10 8 6 72 4 4 0 2 1 5 2 20 5 8 0 12 3 2 2 12 2 5 0 5 5 9 1 24 6 12 1 2 2 0 0 3 1 1 0 1 0 0 0 4 9 11 0 6 1 1 0 6 3 6 0 2 0 9 1 15 67 103 9 92 7 5 13 74 7 4 0 3 6 16 9 43 4 7 0 8 0 0 2 14 5 11 2 8 6 59 10 118 82 124 3 44 7 14 5 28 2 1 0 1 6 8 3 10 69 79 4 36 8 3 4 58 41 36 4 13 37 132 10 183 0
571 38 54 78 43 2 51 147 90 8 8 4 70 2 105 127 58 8 5 4 1 0 3 9 87 9 3 9 109 5 77 82 75 3 5 2 8 1 1 2 4 0 0 0 4 0 3 1 87 7 2 4 1 1 2 3 83 4 1 3 90 8 34 24 50 7 2 3 5 1 8 7 2 0 1 0 10 0 6 6 2 0 0 0 0 0 1 0 1 0 2 0 4 0 5 9 69 3 5 6 10 0 2 5 5 0 0 0 6 0 4 6 281 11 3 9 5 1 10 69 154 8 1 2 99 4 26 68 133 65 3 82 5 7 2 134 6 3 0 0 2 3 2 36 5 10 0 5 1 0 0 10 8 3 0 3 0 5 2 19 5 7 0 0 0 1 0 0 0 0 0 0 0 1 0 0 6 14 0 6 0 0 1 6 2 2 0 1 0 3 0 4 76 146 6 52 7 8 9 79 3 2 0 1 3 10 2 34 4 4 2 3 0 0 0 5 6 4 0 4 3 16 2 36 127 75 2 31 11 3 7 34 0 1 0 0 8 5 1 7 199 99 4 37 4 4 3 79 48 29 0 10 26 37 4 107 624 47 54 86 43 4 79 226 129 2 1 8 84 2 108 144 53 9 6 14 6 0 5 7 87 3 4 9 72 2 69 91 51 3 2 3 4 0 2 2 0 0 0 0 6 1 2 1 89 11 4 4 1 0 4 8 107 7 0 3 46 2 24 31 41 5 1 4 3 1 13 9 4 1 0 0 8 0 8 9 5 1 0 0 0 0 0 0 4 0 0 0 8 3 4 3 80 6 3 5 13 0 4 6 3 0 0 0 12 0 5 6 265 9 3 7 6 3 12 67 170 4 2 8 87 3 34 102 113 101 1 89 5 2 5 120 6 2 0 0 4 4 0 49 2 6 0 4 0 0 0 6 3 4 0 4 1 2 0 27 0 5 0 1 0 0 0 4 0 0 0 0 0 0 0 0 5 9 0 6 0 1 1 2 1 5 0 1 1 2 0 4 77 96 2 62 13 6 11 76 4 1 0 0 3 6 5 37 5 5 0 9 1 0 2 2 4 3 0 5 4 7 5 36 104 64 1 24 8 13 5 27 1 1 0 0 3 5 1 15 144 83 0 27 2 3 5 88 34 20 0 9 24 22 4 88 1121 78 55 75 56 4 79 133 63 1 0 1 80 4 59 74 110 10 3 6 5 0 1 10 134 8 4 3 125 5 39 61 73 5 2 1 2 0 0 1 1 0 0 0 2 0 1 1 127 5 2 0 2 1 6 7 108 4 0 3 113 0 18 19 134 3 1 5 4 0 8 9 2 0 0 0 11 0 6 4 7 0 0 0 1 0 0 0 5 1 0 0 10 0 0 2 115 5 0 2 8 0 2 9 3 0 0 0 12 0 3 5 264 10 3 5 7 0 10 27 104 2 0 3 78 4 19 52 70 87 2 65 3 3 1 41 2 1 0 1 3 2 0 8 2 7 0 3 1 0 0 1 1 0 0 3 1 3 0 17 1 5 0 1 0 1 0 0 0 0 0 0 0 0 0 0 4 4 0 4 0 0 0 0 0 1 0 0 0 1 0 1 111 173 3 59 7 5 13 56 1 3 0 0 1 2 4 12 2 7 0 1 1 0 0 4 8 6 0 1 5 12 1 19 155 88 1 17 5 1 0 16 0 0 0 0 2 5 1 3 130 89 0 15 7 2 5 43 23 21 1 0 28 24 5 45 771 53 81 83 50 7 66 141 72 6 1 2 66 3 53 32 74 7 3 7 5 0 5 5 90 6 5 11 107 4 50 60 114 3 3 0 2 0 1 4 3 0 1 0 2 0 0 0 107 11 1 3 2 0 5 7 108 4 0 6 82 3 12 17 80 5 3 6 11 0 4 14 8 0 0 1 9 0 2 3 4 2 0 0 0 0 0 2 6 1 0 1 4 0 2 5 128 4 3 5 6 0 7 10 6 0 0 1 12 1 2 6 262 13 0 10 7 2 4 29 112 4 1 4 61 1 25 40 87 70 0 103 10 1 5 96 2 1 0 1 2 5 1 15 3 10 0 3 1 0 0 3 1 4 0 3 1 3 0 21 3 6 0 1 0 0 0 1 0 0 0 0 0 0 0 1 1 11 0 6 0 0 1 4 0 0 0 1 0 4 0 1 114 186 9 141 2 6 3 71 2 3 0 0 3 7 1 16 4 10 0 8 2 1 0 3 4 10 0 4 13 39 3 46 142 111 0 33 5 0 4 37 1 1 0 0 5 2 0 3 133 99 2 26 6 7 5 43 28 39 0 6 23 76 11 58 0
707 39 36 63 33 3 65 156 118 11 5 4 72 6 82 186 96 4 3 5 3 0 3 6 82 4 1 10 71 2 57 69 49 0 2 1 4 0 4 2 1 0 0 0 3 0 0 0 104 12 4 3 3 0 2 3 123 7 2 3 62 3 27 24 37 2 1 6 4 0 3 7 6 1 0 0 4 1 9 5 5 0 0 0 0 0 0 1 5 1 0 0 2 0 2 4 70 4 0 3 3 0 2 4 2 2 0 0 9 0 4 4 351 9 2 10 13 1 13 71 157 5 0 7 102 1 40 81 95 81 2 111 5 1 3 166 5 2 0 3 4 6 4 44 7 8 0 5 0 0 0 6 6 2 0 0 1 4 0 15 2 1 0 0 0 0 0 1 0 0 0 0 0 0 0 0 11 9 0 6 1 0 1 2 4 2 0 0 0 3 2 3 76 118 1 68 11 8 8 66 3 0 1 1 5 4 5 18 3 4 0 3 0 0 0 1 3 4 0 3 3 11 0 25 88 40 0 26 6 1 6 38 1 2 0 1 2 4 2 7 201 92 3 41 9 5 10 68 54 13 0 5 26 22 4 86 728 61 54 92 50 2 65 208 92 5 5 8 57 0 100 167 69 8 1 6 2 0 3 7 88 6 3 10 123 2 91 88 62 2 0 1 3 0 1 2 4 0 0 2 2 0 2 1 101 11 2 6 3 0 4 4 93 3 3 2 56 1 25 21 83 2 1 1 3 0 6 5 5 0 0 0 7 1 10 5 6 0 1 0 0 0 0 0 1 0 0 0 4 0 6 8 78 1 1 2 8 0 2 5 4 0 0 1 15 1 4 3 283 13 3 6 10 0 11 54 145 9 1 4 89 2 28 68 101 78 1 81 7 2 4 105 4 1 0 1 1 5 4 43 6 8 0 6 0 2 0 5 1 3 0 5 1 3 1 16 3 2 0 2 0 0 0 2 0 0 0 0 0 0 0 1 6 14 0 1 1 0 1 2 3 0 0 0 1 2 1 2 84 104 3 50 10 2 13 79 2 0 0 1 6 5 3 24 1 4 0 1 1 0 0 2 6 3 0 1 4 12 6 25 143 63 1 22 7 6 6 33 1 0 0 0 3 2 3 9 165 85 3 24 2 5 5 58 35 18 0 4 17 40 4 97 1328 98 51 88 81 1 73 202 69 1 3 0 61 3 59 73 137 6 1 9 5 0 3 4 84 3 9 9 129 3 44 42 63 4 1 2 1 0 0 1 1 0 0 0 1 0 0 1 124 6 2 2 2 1 2 2 83 2 0 1 55 1 16 11 148 3 3 3 4 0 8 12 2 0 0 0 5 0 2 2 1 0 0 0 1 0 0 0 1 0 0 1 10 1 2 5 123 3 1 1 8 0 2 6 1 0 0 0 12 0 1 1 329 3 0 5 4 1 3 40 99 3 0 4 57 1 12 37 86 80 1 50 0 2 2 52 1 2 0 0 1 1 0 11 2 1 0 5 0 0 0 2 0 0 0 4 2 1 0 7 2 5 0 0 0 1 0 0 0 0 0 0 0 0 0 0 7 10 0 0 0 0 0 3 1 1 0 0 0 1 0 1 108 168 3 35 6 4 7 60 2 0 0 0 0 4 1 13 5 6 0 1 0 0 0 1 2 3 0 1 5 9 0 22 120 78 0 19 5 1 2 25 0 0 0 0 0 1 0 2 120 73 0 13 3 0 6 38 18 16 0 2 21 33 0 34 1434 58 42 81 78 3 67 197 65 1 1 2 76 4 51 54 151 6 1 6 2 0 0 8 104 4 3 7 107 2 48 47 50 1 0 1 4 1 3 0 0 0 0 0 2 0 0 0 117 9 1 2 1 0 3 3 96 3 1 2 67 1 9 9 120 2 2 0 7 0 6 7 3 0 0 0 5 0 5 0 7 3 0 0 1 0 0 0 4 0 1 2 5 1 3 2 138 2 0 3 9 1 0 2 7 0 0 0 5 0 2 1 464 4 0 10 9 1 8 55 82 2 0 5 72 3 19 36 66 69 0 52 2 1 0 50 0 1 0 0 0 3 0 9 1 5 0 2 0 1 0 0 2 1 0 0 2 5 1 10 0 2 0 0 0 0 0 0 0 0 0 0 0 0 0 0 5 11 0 1 0 0 0 5 2 0 0 0 1 4 0 2 88 123 1 38 7 1 9 55 0 3 0 0 0 1 2 11 4 8 1 1 0 0 0 2 2 5 1 3 13 13 1 21 87 55 0 10 2 2 2 18 0 0 0 0 1 1 0 2 87 84 1 11 1 0 2 32 18 13 1 3 21 31 2 37 0
599 67 63 100 53 3 87 250 82 3 2 3 70 4 123 212 63 7 5 9 1 0 2 7 75 0 1 7 144 1 72 79 52 3 2 2 1 1 3 1 0 0 0 0 2 1 0 0 97 11 0 3 2 0 3 7 94 4 0 1 52 3 18 25 60 3 3 3 5 1 7 9 2 1 0 0 5 0 7 1 5 0 0 0 0 0 0 0 5 0 0 0 7 0 2 2 82 0 1 5 8 0 3 6 1 0 0 0 9 0 2 2 286 9 0 5 8 2 4 16 205 2 2 2 77 5 20 47 73 92 0 114 4 4 3 188 0 2 0 0 1 5 0 27 5 2 0 5 0 0 0 0 3 3 0 0 1 3 0 20 0 2 0 2 0 2 0 1 0 0 0 0 0 0 0 0 4 9 0 1 0 0 0 0 0 1 0 0 0 1 0 1 81 176 1 96 8 4 7 91 0 2 0 0 2 5 1 12 2 3 0 5 0 0 0 8 1 2 0 1 4 5 1 30 124 116 1 24 5 2 2 19 1 0 0 0 1 0 0 4 218 76 1 24 4 1 3 40 39 15 0 2 25 37 4 42 585 69 61 77 62 3 89 294 84 4 2 3 87 2 125 188 64 10 3 11 2 0 1 10 79 4 1 3 112 3 104 85 56 2 1 3 6 0 2 0 1 0 0 0 1 1 0 0 80 7 1 2 2 1 1 9 107 8 1 2 75 1 23 22 56 3 2 0 5 0 13 10 0 0 0 0 6 0 6 3 1 1 2 1 1 0 0 0 1 0 0 0 2 0 1 4 69 2 0 3 11 0 3 4 4 0 0 0 9 0 2 5 313 9 2 10 11 1 11 55 179 0 2 4 75 5 29 42 91 81 0 113 3 5 5 197 4 5 0 1 1 4 0 28 1 5 0 5 0 0 0 3 1 2 0 3 0 5 0 25 3 4 0 0 0 0 0 0 0 0 0 0 0 0 0 0 2 10 0 3 1 0 0 0 0 0 0 0 0 1 0 4 91 109 2 78 3 2 8 77 0 2 0 0 1 3 1 23 2 3 0 1 0 0 0 3 4 4 0 0 4 12 2 23 121 87 3 23 3 3 0 29 2 1 0 0 4 2 0 3 172 94 1 24 4 4 6 43 36 9 1 2 15 28 6 56 983 64 46 81 86 4 82 269 73 3 1 3 83 6 90 81 94 3 3 6 2 0 5 8 98 7 2 7 185 2 55 58 53 2 2 2 3 0 1 3 1 0 0 0 1 0 0 1 111 6 0 0 2 0 0 10 90 4 0 2 56 1 11 16 82 2 3 2 7 0 12 7 4 0 0 0 6 0 1 3 5 0 0 0 0 0 0 1 2 0 0 0 7 0 2 1 101 3 2 1 9 1 0 2 1 0 0 2 6 0 1 2 431 12 1 10 6 3 9 32 181 2 0 0 84 1 15 64 79 67 1 62 5 3 2 99 4 3 0 0 1 1 1 11 5 3 0 3 0 0 0 2 4 2 0 0 1 1 0 6 1 4 0 0 0 0 0 0 0 0 0 0 0 0 0 0 2 6 0 1 0 0 0 0 0 1 0 0 0 1 0 1 92 153 0 32 4 6 7 55 2 1 0 0 2 5 1 16 1 5 0 1 0 3 0 2 1 3 0 1 2 14 4 16 103 53 0 8 6 2 2 20 0 0 0 0 1 1 0 2 216 75 1 21 1 3 2 55 22 11 0 2 15 17 1 27 913 83 42 86 60 3 74 157 44 3 1 3 69 2 84 75 78 9 4 5 0 0 2 5 116 10 2 10 183 4 83 61 67 2 1 0 2 0 0 1 0 0 0 0 3 0 0 0 131 6 2 3 3 0 3 4 95 2 1 1 67 1 14 15 92 4 1 2 6 0 3 8 1 0 0 0 7 1 4 2 3 0 0 0 0 0 0 0 1 0 0 0 8 0 2 2 128 4 3 1 6 0 2 5 0 0 0 0 5 0 2 1 360 13 2 8 8 0 6 26 150 2 0 1 91 3 21 38 69 76 0 84 2 3 0 83 1 0 0 0 0 2 2 24 4 2 0 3 1 0 0 2 1 1 0 0 1 2 0 15 0 2 0 0 0 0 0 1 0 0 0 0 0 0 0 1 1 9 0 4 0 0 0 5 0 0 0 0 0 1 0 2 105 133 0 61 8 4 6 57 1 1 0 1 2 3 3 22 4 5 0 0 1 0 1 2 5 4 0 2 6 29 2 23 125 93 0 27 5 1 0 21 0 0 0 0 0 1 1 3 230 95 1 22 4 4 0 37 41 25 0 2 31 42 6 36 0
515 28 79 73 45 3 66 147 158 11 6 8 78 2 96 109 54 3 4 8 4 0 2 9 97 10 6 16 62 2 53 71 70 8 4 2 6 2 5 4 9 0 0 0 7 1 0 0 70 11 4 8 7 0 9 11 108 13 3 6 52 6 23 40 44 3 4 4 8 0 21 14 11 0 0 0 9 1 11 9 3 2 1 1 1 0 1 2 2 1 1 1 7 0 5 5 67 6 4 9 14 0 7 17 9 0 1 2 12 0 12 13 136 9 1 14 10 1 15 51 108 8 4 10 86 9 50 114 141 80 4 125 8 3 9 126 15 2 1 4 4 7 4 44 6 11 1 11 0 0 0 12 9 7 0 8 1 5 4 31 6 9 0 0 0 0 0 2 0 0 0 0 0 1 0 0 12 9 0 6 1 0 0 12 0 9 0 2 1 5 0 15 81 66 2 51 12 5 14 97 5 8 0 2 6 2 3 31 5 5 0 9 1 0 0 9 3 5 0 5 2 6 5 50 73 40 2 23 15 6 9 31 1 3 0 0 2 4 1 9 111 77 1 30 12 5 12 122 42 31 1 14 34 36 11 170 502 32 81 76 49 3 78 146 147 12 5 13 93 7 105 121 36 6 3 15 3 0 5 11 68 14 7 9 65 8 62 94 69 7 3 4 8 1 5 4 5 0 0 1 4 1 3 5 83 7 1 11 2 1 6 12 80 11 0 8 44 3 23 47 37 3 5 4 8 0 11 4 12 1 0 1 16 1 12 14 2 0 2 0 0 0 1 1 3 0 0 0 4 0 5 2 68 3 4 4 11 0 3 7 14 1 0 1 10 0 3 9 111 14 2 10 5 1 14 33 113 11 4 8 76 7 51 119 134 84 8 97 25 2 7 159 13 9 1 2 6 4 2 53 7 7 0 7 3 0 0 19 5 5 0 9 1 3 1 42 6 5 0 2 0 0 0 1 1 1 0 1 0 0 0 3 8 22 0 4 1 2 2 12 2 7 0 0 4 5 0 10 85 75 4 69 10 7 19 91 7 2 1 0 4 8 6 24 6 3 1 3 2 0 1 9 6 4 0 5 5 11 2 36 80 52 1 21 8 6 0 43 2 2 0 0 4 3 1 14 114 74 1 44 16 9 17 127 38 27 3 11 27 40 9 161 542 66 97 102 47 3 100 147 133 12 4 8 88 5 122 112 51 18 6 11 5 1 3 9 88 11 5 14 74 5 68 96 70 4 5 3 8 0 2 3 6 0 0 0 8 0 2 2 84 10 3 6 3 0 4 11 90 9 2 4 58 5 36 40 46 3 3 2 15 0 16 9 6 0 0 1 9 0 8 11 0 0 0 0 0 0 0 0 2 0 1 0 4 0 5 5 67 3 4 3 12 0 5 12 6 0 0 0 19 0 12 7 87 8 2 9 8 0 6 33 67 7 0 6 85 11 30 77 137 108 8 111 6 3 6 111 9 4 1 1 6 8 2 27 6 11 0 16 0 1 0 8 6 2 0 3 1 5 3 29 2 6 1 0 0 1 0 0 0 1 0 0 0 1 0 1 6 15 0 8 1 0 0 12 1 4 0 0 1 5 1 7 85 157 4 87 13 10 14 115 3 1 0 1 9 4 7 36 4 5 1 6 0 0 0 6 3 9 0 7 3 14 1 62 85 73 2 22 10 5 9 35 3 0 0 0 2 4 0 9 82 87 6 36 6 6 5 82 18 30 0 7 19 52 8 130 667 54 70 92 60 4 101 227 114 8 5 12 100 1 123 123 42 8 8 16 5 0 2 15 91 12 9 14 131 9 74 106 65 6 1 4 4 0 4 4 2 1 1 0 4 1 0 3 78 9 5 3 1 0 6 15 93 12 1 5 71 5 30 29 40 2 4 2 11 0 13 14 11 1 0 0 7 1 10 8 1 0 1 1 1 1 1 0 0 0 0 0 5 0 8 8 69 2 0 3 18 0 4 16 7 0 0 1 14 1 3 8 104 11 2 8 11 1 8 47 89 10 1 4 89 4 20 112 129 94 1 105 11 4 9 153 6 7 0 1 4 4 0 28 5 12 0 7 2 0 1 11 6 1 0 7 6 5 1 42 3 5 1 3 0 0 0 1 0 1 0 0 0 0 0 0 10 12 0 8 0 1 3 7 0 5 0 1 1 4 2 10 74 82 3 71 6 6 20 102 8 3 0 0 4 7 2 23 2 4 1 2 1 0 0 7 3 2 1 2 3 5 3 38 61 43 0 30 8 7 7 27 0 0 0 0 5 3 3 9 58 59 0 32 5 5 8 85 18 17 2 7 22 32 7 107 0
355 34 70 60 45 2 80 133 99 9 2 14 60 7 92 118 30 10 5 13 1 0 4 7 50 13 4 13 67 7 60 87 80 9 10 5 10 1 3 4 8 1 0 1 7 0 8 3 80 9 4 7 7 0 2 8 105 15 5 9 78 5 42 39 36 4 7 5 11 0 11 13 6 1 0 0 10 0 10 17 2 0 0 1 0 0 0 2 7 0 0 0 9 3 4 6 86 6 2 5 13 2 6 12 15 0 0 1 13 0 5 9 111 6 2 5 8 0 6 17 122 7 2 8 90 7 38 64 110 70 13 108 11 5 14 219 11 5 2 6 9 4 7 59 4 14 1 9 1 0 0 10 2 9 0 10 2 3 2 40 6 13 2 3 0 0 0 5 2 0 0 0 0 0 1 2 11 6 2 8 1 1 1 8 2 6 0 3 2 5 1 18 75 63 10 89 6 9 10 117 5 7 1 2 10 5 7 43 5 5 0 12 1 0 1 14 8 6 0 6 1 11 6 66 67 79 3 36 9 5 5 58 8 2 0 1 2 2 1 14 91 82 3 51 9 6 8 77 61 52 1 21 25 62 17 199 319 32 79 77 43 7 84 124 90 12 11 14 78 10 116 140 15 5 8 13 2 0 8 6 54 9 6 14 53 3 70 108 57 8 5 8 5 1 6 12 7 1 1 0 5 1 4 4 66 10 2 9 4 1 6 10 73 16 3 9 74 10 41 69 22 8 10 3 6 0 10 5 8 1 2 0 8 0 9 9 4 1 1 0 0 0 1 1 4 3 2 1 4 0 11 9 58 4 3 4 2 0 8 7 5 1 0 1 14 1 8 11 83 4 1 6 8 2 6 15 112 11 2 8 91 9 42 78 104 63 10 119 18 7 22 162 10 8 0 12 12 7 10 74 6 5 1 21 0 1 0 22 6 6 1 8 8 4 3 61 3 7 0 4 0 3 0 7 1 1 0 0 0 1 0 7 12 10 0 12 0 0 2 11 3 7 1 6 1 10 1 32 43 51 3 75 14 6 15 100 3 6 1 6 9 6 9 60 7 6 1 9 0 1 1 18 2 6 1 6 7 5 3 75 88 53 6 45 11 7 7 56 4 3 1 4 10 4 1 27 97 68 4 42 7 14 4 64 56 40 1 27 45 62 19 225 634 60 67 87 53 2 93 159 106 13 5 6 70 2 82 87 57 10 8 6 6 0 2 6 73 12 4 15 131 7 54 81 85 4 2 6 6 1 8 4 2 0 0 0 7 0 0 1 82 9 2 4 3 0 6 14 92 10 2 6 81 6 23 33 67 2 4 2 7 0 10 11 9 2 0 0 4 1 9 11 5 0 0 2 0 0 1 1 6 0 0 0 9 1 6 6 91 2 3 9 9 0 3 13 6 1 0 1 12 0 2 4 135 17 2 18 11 0 10 43 108 7 0 8 74 10 24 62 125 93 8 130 6 3 11 133 3 1 0 0 2 3 0 28 5 12 0 14 0 1 1 7 5 3 0 4 1 9 0 25 1 7 0 2 0 0 0 1 0 0 0 0 0 0 0 0 5 6 0 4 0 0 3 7 2 6 0 1 1 6 0 6 97 120 6 97 13 6 7 103 2 2 0 0 1 5 4 29 2 10 0 5 2 1 0 6 5 12 0 2 11 10 4 44 84 75 3 26 8 6 2 28 1 0 0 1 5 6 1 8 102 79 1 35 6 3 9 71 33 36 0 4 31 52 4 101 502 40 144 77 33 7 69 118 68 8 5 5 66 2 94 68 33 10 9 2 2 1 2 8 58 2 8 14 121 11 117 72 138 6 11 10 15 2 8 4 0 0 0 1 6 0 3 3 72 8 3 1 4 1 5 4 94 9 5 6 116 10 30 18 45 3 9 7 14 0 9 10 5 1 0 0 6 1 7 7 5 0 2 0 0 0 0 1 4 1 1 1 10 2 12 10 75 5 5 3 5 0 5 6 5 0 1 0 9 0 3 5 88 9 8 6 5 2 4 23 78 5 0 1 88 8 31 55 69 81 5 90 9 7 3 84 5 4 0 2 2 4 1 32 8 6 0 11 0 2 0 7 5 3 1 1 3 10 2 33 3 11 0 2 0 1 0 3 0 0 0 0 0 1 0 1 3 8 0 6 1 0 0 1 1 2 0 2 0 7 1 18 86 147 12 116 9 7 13 78 2 4 2 2 5 10 8 36 1 11 0 5 0 0 2 3 7 5 0 10 12 60 4 124 120 139 1 49 7 6 5 27 3 3 0 1 2 6 2 13 88 85 5 36 2 6 1 58 34 36 2 13 50 116 9 128 0
427 48 63 77 51 2 80 191 59 4 2 4 63 2 94 105 40 7 4 8 4 0 5 5 79 6 2 6 117 7 156 78 72 3 6 3 2 0 1 0 2 0 0 0 2 1 3 0 91 3 4 4 3 0 2 5 142 8 1 2 119 6 32 21 43 4 2 0 5 0 3 17 1 0 0 1 8 0 7 1 1 0 0 0 0 0 0 1 2 1 1 0 6 0 4 2 91 4 1 4 7 1 3 4 4 0 0 0 9 1 2 5 181 8 3 6 8 0 4 9 167 1 1 4 123 3 21 29 60 72 0 136 3 3 3 132 4 0 0 0 2 2 1 28 6 8 0 9 0 0 0 2 1 3 0 1 0 7 1 23 1 6 0 1 0 0 0 2 0 1 0 0 0 0 0 0 4 5 0 2 0 0 2 2 1 4 0 1 2 1 0 1 77 162 12 176 12 6 8 79 2 0 0 0 3 2 2 22 2 9 1 2 0 0 0 6 4 5 1 6 3 21 4 55 134 234 1 45 4 2 3 24 1 0 0 0 1 5 1 10 146 157 1 21 4 2 1 36 82 34 0 3 35 47 8 61 468 66 96 92 52 3 86 152 55 8 5 7 54 3 129 116 35 10 4 7 1 0 2 6 50 3 3 9 140 4 196 117 85 6 5 4 8 0 1 0 2 0 0 0 1 0 0 1 90 6 1 6 4 0 4 2 104 4 5 0 130 3 57 21 36 1 9 2 4 0 7 4 6 0 0 0 9 1 6 9 1 0 0 0 0 0 0 1 1 0 0 0 7 0 10 1 64 4 2 5 8 0 3 5 4 0 0 0 5 1 0 3 143 8 3 4 5 2 4 6 121 6 1 2 119 3 28 34 64 89 5 123 9 1 7 151 0 4 0 2 3 1 1 55 4 3 0 4 0 0 0 4 1 4 0 2 2 6 1 22 3 8 0 2 0 0 0 1 0 0 0 0 0 0 0 0 9 10 0 2 0 0 1 4 1 1 0 0 1 4 0 6 49 135 6 95 2 17 7 89 3 2 0 0 2 8 2 45 4 3 0 5 0 0 1 7 2 7 0 6 3 33 1 64 110 261 2 41 5 3 3 19 3 2 0 0 2 3 0 4 124 96 0 27 4 4 5 39 47 31 0 5 44 56 4 76 1056 67 77 118 120 4 108 243 72 3 2 4 97 3 124 121 72 8 4 5 4 0 0 12 74 11 5 5 156 3 126 86 57 1 3 1 1 0 0 3 0 0 0 0 0 0 1 0 72 6 0 7 3 0 3 2 72 4 1 2 49 0 20 20 54 3 4 2 9 1 3 6 3 0 0 0 7 0 3 3 1 0 1 0 0 0 1 2 0 0 1 0 1 1 0 3 73 1 3 5 8 0 1 6 2 0 0 0 5 1 2 3 167 7 1 5 6 0 0 38 71 2 1 3 61 5 19 31 52 81 0 72 6 8 1 121 2 0 0 1 1 1 0 17 1 6 0 5 1 0 0 2 3 1 0 2 1 3 0 20 1 4 0 2 0 0 0 2 0 0 0 0 0 0 0 0 3 8 0 1 0 0 0 3 0 1 0 0 0 1 0 0 75 184 0 79 7 8 9 86 2 1 0 0 4 8 3 21 2 2 0 1 0 1 0 1 2 7 0 0 2 37 4 40 63 263 1 14 2 2 1 11 0 1 0 0 1 2 0 5 80 49 0 18 3 6 1 44 21 15 0 0 12 41 3 43 995 126 88 115 109 3 117 211 64 4 0 1 86 2 76 79 88 5 6 3 0 0 3 10 87 5 6 6 204 9 259 80 55 2 3 1 3 0 0 0 0 0 0 0 6 0 2 1 78 7 4 1 1 0 2 7 69 2 0 1 83 2 22 17 68 4 3 3 4 0 6 9 3 0 0 0 6 1 3 0 1 0 0 0 0 0 0 1 0 0 0 1 6 1 5 5 79 2 3 6 5 0 0 5 1 0 0 0 6 0 2 0 197 11 0 6 6 1 7 15 72 1 0 1 79 2 10 26 55 114 2 123 2 2 1 115 1 0 0 0 2 1 0 20 1 4 0 6 0 2 0 0 1 0 0 1 1 9 0 21 0 1 0 0 0 0 0 0 0 0 0 0 0 0 0 0 4 6 0 0 0 0 0 1 0 1 0 0 0 3 1 2 54 157 6 135 6 7 5 93 1 1 0 0 2 8 2 20 0 1 0 2 0 0 0 1 1 0 0 4 7 27 5 39 60 73 0 23 2 3 1 20 0 0 0 1 2 5 0 4 87 63 1 15 0 3 1 25 13 13 0 1 11 26 1 46 0
503 57 46 88 58 4 96 236 67 3 1 3 97 4 149 181 75 9 1 1 4 1 6 8 101 8 4 13 186 3 160 111 44 0 1 1 4 0 3 3 0 0 0 0 2 0 0 1 116 2 3 1 3 0 1 4 131 2 0 0 111 7 44 20 69 1 0 4 8 0 8 5 3 0 0 0 6 0 12 9 3 0 0 0 1 0 0 0 4 0 0 1 9 0 2 4 109 1 1 1 10 0 1 8 2 0 0 0 6 1 1 0 266 8 0 3 10 2 8 18 158 2 1 2 83 2 29 33 57 89 0 100 4 4 2 124 1 0 0 1 4 3 2 29 3 4 0 1 0 1 0 1 0 2 0 1 2 2 0 17 0 1 0 1 0 0 0 0 0 0 0 1 0 0 0 0 5 6 0 1 0 0 0 2 2 2 0 0 0 0 0 7 105 93 1 70 7 5 8 69 2 0 0 0 2 4 4 22 3 3 1 3 0 0 1 0 2 5 0 1 3 7 2 16 173 113 0 17 13 3 3 27 1 0 0 0 2 0 0 3 179 105 0 16 5 4 4 40 33 17 0 3 26 18 3 44 507 69 43 85 49 6 88 313 57 9 1 4 89 3 144 268 54 6 4 9 2 0 3 7 89 3 4 3 113 5 104 83 53 6 2 2 4 0 1 1 2 0 0 0 3 0 1 0 99 8 2 4 3 1 5 4 79 4 1 1 46 2 24 15 60 2 4 1 7 1 5 7 4 2 0 0 6 0 6 3 5 0 0 0 0 0 1 0 1 2 1 0 3 1 2 4 86 3 2 4 4 0 3 4 3 0 0 0 10 0 1 1 239 8 0 3 16 1 9 33 136 1 0 7 81 6 33 49 86 114 3 124 6 5 2 190 2 2 0 0 1 2 2 48 5 10 0 6 0 0 0 2 0 2 0 0 2 1 0 21 1 7 0 1 0 0 0 0 0 0 0 0 0 0 0 0 9 5 0 1 0 1 0 2 0 3 0 0 0 2 0 1 101 85 0 72 4 4 10 106 0 0 0 0 2 4 2 27 3 1 1 3 0 0 0 3 4 2 0 0 5 8 1 16 158 87 0 27 7 3 1 33 2 1 0 0 2 1 0 5 226 91 0 27 6 4 5 53 30 10 0 3 21 23 5 44 1456 56 37 82 56 2 67 259 38 2 0 1 70 0 72 86 119 5 0 6 4 0 1 3 110 8 1 12 224 3 62 67 61 1 1 0 0 0 1 0 0 0 0 0 0 0 1 0 111 4 1 0 0 0 0 4 86 2 0 3 83 4 13 10 122 3 0 0 6 0 4 7 1 0 0 0 7 0 0 3 3 1 0 0 0 0 0 0 6 0 0 0 8 0 1 4 104 2 0 0 5 0 1 5 0 0 0 0 11 0 2 0 318 4 0 3 4 1 6 20 86 0 0 2 93 2 8 24 35 56 0 88 1 5 2 151 0 0 0 0 2 0 0 14 3 5 0 3 0 0 0 1 1 3 0 1 0 2 0 8 0 1 0 0 0 0 0 0 0 0 0 0 0 0 0 0 3 9 0 1 0 0 0 3 0 0 0 0 0 1 0 2 102 159 2 53 6 1 8 73 2 0 0 0 0 1 2 7 1 8 0 2 0 1 1 0 0 4 0 1 3 17 3 16 60 73 0 8 1 1 3 16 0 0 0 0 3 2 0 1 86 64 0 11 3 0 1 20 6 8 0 2 20 14 1 26 2020 53 26 60 84 2 50 231 44 1 2 0 53 0 52 47 122 5 2 7 3 0 2 7 97 2 1 6 116 2 24 35 15 1 0 1 0 0 1 1 0 0 0 0 3 0 0 0 116 6 0 1 2 0 1 4 76 3 0 2 51 2 8 5 124 3 0 3 3 1 8 11 0 0 0 0 5 0 3 1 5 0 0 0 0 0 0 0 0 2 0 0 6 0 0 2 100 0 0 3 7 0 0 3 2 0 0 0 5 0 3 3 380 9 0 10 9 1 6 71 88 3 1 1 64 1 9 30 41 60 0 32 0 0 0 72 1 0 0 0 0 0 1 6 2 4 0 7 0 0 0 0 0 0 0 1 0 0 1 4 0 2 0 0 0 0 0 0 0 0 0 0 0 0 0 0 1 5 0 2 0 0 0 3 0 1 0 0 1 0 0 0 101 162 3 20 2 8 7 42 1 0 0 0 0 2 1 7 6 9 0 1 0 1 0 0 1 8 0 1 2 22 1 13 59 38 0 4 1 0 4 10 1 0 0 0 2 1 0 0 61 63 0 7 3 1 4 33 11 16 0 0 11 22 0 15 0
412 28 66 72 36 4 68 96 108 12 8 12 70 7 73 102 27 5 9 14 2 1 2 9 66 8 6 14 69 5 58 52 88 8 9 4 7 0 6 9 10 3 1 0 6 1 7 3 73 10 10 7 3 0 6 10 91 12 5 5 63 10 32 43 43 3 6 5 5 1 8 14 9 7 2 1 10 0 6 14 2 0 1 2 0 0 1 0 5 2 1 1 4 0 10 6 76 6 6 3 12 2 3 13 13 3 2 2 12 3 8 15 69 9 1 11 2 0 12 23 113 12 3 8 86 8 45 104 108 62 7 107 15 7 8 133 13 5 1 5 8 5 7 64 10 7 0 19 4 1 3 15 6 9 2 7 7 7 1 37 10 6 2 4 2 1 1 6 0 0 0 0 0 4 0 4 10 13 0 11 0 2 0 8 5 13 0 8 2 5 0 27 69 49 12 61 9 6 16 114 7 3 0 2 3 11 7 42 2 5 2 15 3 1 0 10 1 14 0 7 5 13 7 56 73 54 2 39 9 10 7 37 7 3 0 2 7 12 2 20 93 77 5 53 8 10 14 103 67 55 5 22 46 63 15 253 397 29 108 70 50 10 73 68 78 11 10 11 59 6 75 90 24 13 7 8 3 0 9 6 50 8 15 12 38 6 61 85 106 6 20 8 9 3 6 15 11 3 0 1 12 3 5 3 55 12 5 12 3 0 5 8 53 15 7 10 54 12 29 59 42 4 11 7 4 0 11 10 14 1 2 2 16 0 12 17 3 2 0 1 1 0 0 4 3 0 1 1 7 2 10 15 36 11 5 7 11 4 8 10 11 5 1 2 18 2 11 7 56 6 4 8 11 4 7 14 75 10 4 8 76 18 43 60 70 66 15 89 10 9 10 107 16 11 2 2 7 10 7 65 14 8 1 14 1 0 5 18 11 11 0 8 5 12 8 51 16 6 0 11 2 2 0 11 1 1 0 1 0 4 0 7 7 17 2 11 1 3 3 10 3 2 0 5 5 12 4 35 58 47 16 77 15 12 12 82 10 8 0 7 15 7 11 52 4 8 1 16 0 1 4 11 5 8 3 9 10 6 9 94 68 51 4 47 13 9 8 44 4 12 0 2 8 10 7 37 58 61 9 51 10 11 8 72 52 65 2 45 40 74 34 301 553 51 81 99 67 4 82 148 136 11 8 9 87 2 95 127 55 6 5 10 6 1 4 10 55 15 5 16 78 9 66 71 69 5 4 3 9 1 7 6 4 0 0 0 7 0 0 1 68 11 4 6 6 0 5 10 62 9 0 9 51 7 19 35 57 1 8 5 10 1 7 16 6 0 0 0 9 1 10 5 3 0 1 1 1 0 0 1 2 0 0 1 5 1 5 7 77 5 4 5 17 1 5 8 11 1 0 0 12 0 8 13 90 8 5 6 12 0 6 28 196 19 6 25 68 8 30 90 131 76 6 111 8 3 8 196 3 2 1 2 3 3 5 27 9 11 0 14 1 0 2 20 3 4 0 9 3 2 0 33 4 4 0 3 1 2 0 2 1 0 0 0 0 0 0 2 11 16 0 8 2 1 1 17 3 9 0 1 3 5 2 14 77 80 7 67 14 12 22 87 2 3 0 2 6 6 5 33 3 6 0 6 0 0 2 5 1 4 2 4 2 7 2 46 97 60 2 19 8 5 3 40 1 2 0 0 7 6 1 17 67 80 3 35 7 7 11 67 19 30 1 13 23 42 7 157 442 36 165 77 43 5 69 64 67 6 6 7 73 4 78 83 36 7 10 12 2 0 3 7 78 10 8 10 111 1 126 77 176 11 26 7 9 2 6 4 3 2 0 0 10 0 3 2 66 8 4 3 2 0 8 9 108 11 0 1 107 14 52 24 35 3 11 6 5 0 9 7 5 0 0 1 12 0 9 7 3 0 2 1 0 0 1 1 2 2 3 1 6 1 10 9 81 6 11 5 11 0 3 7 2 1 1 1 11 3 5 7 73 5 2 6 4 0 4 5 64 11 3 2 79 7 32 43 50 61 7 85 7 3 4 53 2 5 1 4 5 5 2 24 4 7 0 10 2 0 2 5 3 3 1 3 2 9 4 43 9 11 1 4 1 3 0 3 0 0 0 0 0 2 0 3 3 8 0 2 0 0 1 7 1 7 0 2 3 7 1 16 75 111 9 139 6 14 7 80 2 6 0 0 2 11 6 37 3 7 2 8 1 2 1 6 5 13 2 16 12 51 7 151 88 159 9 53 7 13 6 39 1 6 0 2 6 13 0 10 65 81 0 40 7 11 8 42 22 46 1 14 43 149 8 176 0
437 31 42 41 41 1 59 141 190 13 0 10 89 2 98 199 50 3 1 11 1 0 0 11 76 7 3 7 53 3 33 72 36 2 0 1 3 0 2 3 2 0 0 0 5 0 1 1 70 8 2 2 4 0 4 8 104 16 1 6 47 5 14 52 32 3 2 0 5 0 4 8 7 0 0 0 8 0 14 9 2 0 1 1 0 0 0 0 4 0 1 0 1 1 1 5 68 0 2 2 9 0 7 10 12 1 0 2 10 0 3 11 241 16 3 16 11 1 14 92 256 9 1 8 77 5 49 154 180 70 3 95 12 5 14 174 13 4 0 2 5 5 2 48 14 9 0 9 2 0 3 11 3 2 0 3 1 2 1 26 0 0 0 0 0 0 0 2 0 0 0 0 0 0 0 0 9 9 0 4 0 0 0 17 2 3 0 1 0 2 0 7 76 28 4 47 6 1 13 79 6 2 0 1 1 4 1 17 1 2 0 5 0 0 0 7 7 1 0 1 2 1 2 15 97 32 0 20 9 2 2 44 1 2 0 0 5 2 0 7 253 95 2 46 10 6 9 144 49 20 1 10 27 20 6 128 401 34 33 53 40 3 63 170 183 12 2 12 89 5 109 229 35 5 2 9 2 0 2 8 63 6 4 5 78 1 42 109 33 0 3 1 3 0 6 4 3 0 0 0 3 0 2 2 56 6 2 6 1 0 5 13 103 11 1 5 38 1 30 51 34 1 0 2 3 0 5 12 7 0 0 1 6 1 7 15 1 0 0 0 0 0 0 1 3 1 0 0 4 0 4 5 66 3 3 5 3 0 9 12 12 0 1 1 10 0 3 10 232 11 3 10 13 1 19 58 213 18 1 6 79 2 49 132 169 76 4 91 14 2 16 183 11 5 0 4 5 2 5 50 12 5 0 8 0 0 2 10 2 7 0 5 5 5 0 21 2 4 0 1 0 1 0 1 0 0 0 0 0 0 0 1 13 12 0 6 0 0 0 7 3 4 0 1 0 1 0 15 82 57 1 26 8 2 5 83 7 1 0 0 1 5 7 24 3 4 0 1 1 2 0 3 4 4 0 1 3 3 2 21 101 39 1 27 9 5 3 34 3 2 0 1 3 0 1 11 237 89 0 49 10 5 9 140 59 17 0 7 16 20 7 123 827 64 56 90 78 1 95 132 85 7 2 3 96 2 79 80 84 21 4 9 4 0 2 14 91 10 2 11 147 2 65 68 82 4 2 2 5 0 2 1 3 0 0 0 4 1 0 0 108 10 5 5 1 0 2 7 107 3 0 2 57 3 23 29 105 4 3 3 16 0 13 9 4 1 0 0 5 0 15 3 1 0 1 2 0 0 0 1 2 0 1 0 9 1 0 4 119 4 0 2 10 0 6 9 6 0 1 0 4 0 1 2 224 8 1 6 8 2 8 44 132 5 3 4 82 5 23 71 114 88 3 75 3 6 4 63 2 0 0 3 1 3 0 17 3 7 0 8 1 0 0 2 0 2 0 2 2 3 0 19 4 3 0 0 0 0 0 0 0 0 0 0 1 0 0 0 1 22 0 4 0 2 0 3 1 2 0 0 0 2 0 5 118 121 0 46 9 4 13 67 2 3 1 0 3 4 1 26 3 5 0 3 0 1 0 5 6 4 0 4 6 19 2 30 114 66 1 28 10 1 1 23 0 0 0 1 3 2 0 7 151 87 0 26 5 4 3 67 19 30 0 4 26 36 5 77 946 65 42 80 75 3 79 234 102 8 1 3 74 4 109 116 78 8 0 11 3 0 2 11 91 4 1 8 92 6 55 78 61 0 1 1 0 0 2 3 0 0 0 0 1 0 0 0 90 5 1 3 2 1 1 6 81 5 0 5 51 1 15 22 80 2 2 5 12 0 11 15 5 1 0 0 8 0 8 1 1 0 0 1 1 0 0 1 1 0 0 0 4 0 4 4 104 3 0 3 14 1 5 12 5 0 0 1 12 0 0 4 356 13 1 8 20 2 13 58 125 6 0 9 65 6 27 51 115 81 1 61 6 3 1 77 4 1 0 1 1 1 0 14 6 9 0 4 0 0 0 4 3 1 0 1 0 6 0 12 3 5 0 0 0 0 0 0 0 0 0 0 0 1 0 0 7 6 0 7 1 0 0 4 0 3 0 1 0 2 1 0 80 136 3 36 8 1 6 52 3 0 0 0 3 1 1 18 4 4 0 1 1 0 0 5 3 1 0 1 6 7 1 22 131 54 0 13 5 5 4 29 1 0 0 0 4 1 1 5 165 91 0 23 5 8 7 60 23 23 0 5 20 25 6 66 0
953 89 56 106 82 3 99 438 85 3 2 10 99 2 94 168 63 16 2 10 5 0 3 12 92 2 3 4 117 6 49 88 43 2 0 0 0 0 1 1 0 0 0 0 1 0 1 0 87 9 0 1 4 1 6 8 61 5 0 1 46 0 15 25 72 1 0 2 7 0 10 11 4 0 0 0 6 1 6 4 4 1 0 0 0 0 0 2 2 0 0 0 3 1 3 4 72 3 1 7 11 0 4 4 1 0 0 0 10 1 2 5 242 7 2 4 16 0 7 40 127 2 0 4 62 0 24 58 94 90 1 113 2 2 4 175 1 1 0 0 1 1 1 37 2 6 0 1 0 0 0 2 1 0 0 1 0 3 1 18 2 3 0 0 0 0 0 0 0 0 0 0 0 0 0 0 4 11 0 5 0 0 0 6 1 1 0 1 0 1 0 2 64 120 2 43 8 4 13 84 1 1 0 0 0 3 3 6 0 0 0 1 1 1 0 5 2 0 0 0 2 8 3 15 77 33 0 13 6 0 0 23 1 0 0 0 1 3 0 6 152 48 1 15 6 1 2 52 19 14 0 3 16 13 3 44 782 82 43 114 71 6 112 359 125 4 2 10 88 3 88 201 59 6 5 5 3 1 1 13 65 7 1 12 81 3 40 97 50 5 3 3 2 0 2 3 1 0 0 0 1 0 1 2 90 2 3 4 2 1 8 12 84 4 0 0 47 3 13 25 75 2 4 4 6 0 7 18 3 1 0 0 7 0 6 5 3 1 0 0 0 0 0 1 0 0 0 0 3 0 1 5 83 2 1 3 10 1 1 16 4 0 0 0 7 0 3 6 245 16 2 8 12 0 14 59 107 4 1 4 57 4 19 75 114 92 1 92 10 2 6 204 4 0 0 1 1 5 1 27 3 9 0 5 1 0 0 6 2 1 0 2 1 1 0 14 4 3 0 0 0 0 0 1 0 0 0 0 0 3 0 0 5 4 0 1 0 0 1 5 2 1 0 0 0 3 0 4 66 86 3 43 5 1 5 92 1 1 0 0 1 2 1 17 4 3 0 2 0 0 0 8 3 4 0 1 3 13 2 24 93 50 0 15 5 1 6 29 0 1 0 0 2 0 0 0 148 57 0 24 6 3 5 77 27 21 0 6 17 20 1 53 1274 125 53 126 93 6 109 270 48 2 0 6 96 3 88 114 70 4 2 3 2 0 4 5 81 5 3 6 168 3 71 70 36 1 2 0 0 0 0 0 0 0 0 0 2 0 2 0 87 5 0 2 2 0 5 4 54 2 0 0 45 0 9 15 77 3 1 5 5 0 3 8 2 0 0 0 2 0 4 1 7 0 0 0 0 0 0 0 0 0 0 1 3 3 3 1 97 3 1 3 8 0 1 3 2 1 0 0 4 0 2 4 231 7 1 5 7 0 2 34 96 6 0 2 58 0 15 43 76 107 0 105 2 1 3 116 1 1 0 1 0 2 0 22 4 7 0 3 0 0 0 3 3 2 0 1 0 2 0 11 0 3 0 2 0 0 0 0 0 0 0 0 0 0 0 0 2 8 0 0 0 0 0 2 0 1 0 0 0 0 1 0 83 183 1 70 5 7 7 84 1 1 0 0 0 2 1 11 1 8 0 0 0 0 0 1 3 3 0 1 3 11 2 20 74 59 1 17 0 2 6 18 0 0 0 0 2 1 0 4 115 58 0 20 5 1 0 40 20 9 0 2 14 25 0 34 1075 102 47 103 87 7 92 348 60 0 0 4 85 2 94 99 77 7 2 4 5 2 2 7 67 2 2 7 173 14 55 72 45 2 2 1 2 0 2 0 1 0 0 0 0 1 0 0 99 5 1 0 2 0 1 5 98 4 0 1 74 0 19 19 66 9 1 2 9 0 8 8 1 0 0 0 4 0 2 4 1 0 0 0 0 0 0 1 2 0 0 0 7 1 3 1 90 6 1 3 9 0 1 6 4 0 0 0 5 0 1 0 267 7 2 3 9 0 1 17 107 1 0 4 63 1 17 25 61 122 1 95 0 2 2 88 0 0 0 0 0 2 2 17 1 5 0 5 0 0 0 2 0 1 0 1 0 6 0 20 1 3 0 1 0 0 0 1 0 0 0 0 0 0 0 0 1 9 0 0 0 1 1 0 0 0 0 0 0 2 0 0 90 210 2 97 8 3 6 80 0 0 0 0 0 4 0 14 0 7 0 2 1 0 0 1 0 5 0 1 5 26 1 22 108 89 0 19 2 0 0 16 0 1 0 0 2 4 0 2 100 57 0 21 1 4 3 34 11 11 0 2 16 25 1 42 0
384 29 63 86 33 4 62 156 113 11 11 11 81 7 101 124 40 6 8 6 2 1 4 7 71 11 6 12 71 2 53 90 78 5 4 3 8 2 5 7 7 0 0 0 8 0 5 5 69 6 6 3 4 0 6 12 99 11 3 7 70 9 24 57 29 0 5 4 6 0 8 9 7 2 0 2 8 1 14 14 8 0 0 0 0 0 0 1 1 1 0 1 1 1 4 8 60 3 6 6 9 0 6 17 11 2 0 1 14 0 7 7 108 8 6 6 8 1 10 20 121 8 4 2 97 8 41 63 112 77 5 124 13 6 17 180 5 3 0 7 3 5 1 58 4 4 1 10 0 0 2 13 5 6 0 5 4 9 4 44 5 4 1 3 0 2 0 6 1 0 0 0 0 0 0 1 11 8 0 6 0 0 1 12 7 4 0 6 2 4 1 22 71 57 12 97 10 8 13 144 6 3 0 3 2 10 2 36 4 6 1 6 0 0 0 8 3 6 0 5 6 18 5 59 81 65 3 45 15 1 5 62 6 1 0 1 6 4 2 24 107 85 5 51 9 8 6 66 51 43 4 17 32 60 14 178 293 26 107 84 29 10 104 102 101 11 10 12 76 7 126 150 27 7 7 4 0 0 6 15 55 14 7 9 51 10 80 114 68 5 4 8 10 1 6 8 14 3 1 0 6 2 5 4 42 6 4 9 5 2 3 11 83 12 1 10 73 11 44 53 29 2 10 4 6 0 10 5 7 1 0 1 6 0 9 11 1 0 2 1 0 0 0 1 8 1 3 3 6 0 11 12 56 1 4 4 6 1 9 10 8 1 0 2 11 0 8 9 79 3 6 9 6 0 13 13 102 9 1 11 88 14 40 76 72 60 11 121 9 4 8 131 10 10 0 6 13 11 8 81 3 8 1 18 2 1 0 19 4 10 0 6 2 8 1 61 6 5 1 3 0 2 0 5 0 1 0 0 0 1 1 4 10 10 0 13 1 0 2 6 4 9 0 3 3 5 2 26 50 67 6 96 14 4 9 103 4 3 2 5 13 9 8 58 5 4 5 8 0 1 0 13 2 6 0 5 9 17 6 72 87 54 7 35 13 8 7 56 4 4 1 4 6 6 3 10 84 80 1 46 15 9 6 75 61 62 1 23 45 64 15 240 654 90 64 112 63 3 113 216 89 5 4 7 85 3 93 117 65 5 5 14 4 0 2 7 84 9 1 12 91 5 72 79 69 3 5 3 3 0 3 2 1 0 0 1 6 0 1 3 86 12 1 6 6 1 2 6 82 8 2 2 57 3 23 17 70 4 4 4 11 0 11 19 3 0 0 0 13 0 5 6 1 1 0 1 0 0 0 2 4 2 0 0 4 1 6 2 97 2 3 5 5 0 6 13 7 0 0 0 18 0 3 6 189 4 2 4 10 1 9 29 79 5 1 6 67 6 45 58 80 111 4 131 8 4 10 127 5 0 0 2 2 3 1 29 6 6 0 13 0 1 0 5 2 3 0 3 1 6 1 21 2 5 0 0 0 0 0 2 0 0 0 0 0 0 0 0 8 15 0 4 0 1 0 3 0 3 0 1 0 8 0 8 117 162 6 62 10 9 5 89 1 1 0 0 4 5 6 31 4 3 0 3 2 0 1 2 2 5 0 8 4 7 7 38 107 80 1 23 7 2 8 24 0 3 0 1 3 3 0 6 103 91 0 33 6 7 1 72 25 25 0 5 25 40 3 92 570 53 91 84 49 4 78 123 75 5 5 6 68 3 87 72 58 10 6 7 3 0 3 8 62 8 6 9 89 7 95 71 104 7 6 4 5 2 7 4 0 0 0 0 7 0 2 1 70 6 2 5 2 0 5 10 110 7 3 6 95 4 34 25 63 3 4 1 7 1 7 9 6 1 0 0 10 0 8 11 2 0 5 0 0 0 1 1 2 1 1 0 5 1 8 6 98 4 3 9 5 0 1 7 6 0 0 1 5 0 6 4 89 8 2 6 6 0 6 18 117 2 2 4 82 2 25 51 78 76 1 104 6 6 10 107 5 9 0 6 2 6 2 21 5 11 0 8 0 0 0 6 2 7 0 4 2 8 0 29 4 6 0 2 1 0 0 0 0 0 0 0 1 0 0 2 9 14 0 1 2 0 0 5 2 3 0 0 1 4 1 13 82 240 6 95 9 12 6 99 3 2 0 2 8 10 5 29 0 10 0 4 0 1 1 9 5 12 0 5 6 43 5 81 107 160 3 35 15 5 5 37 2 1 0 1 1 3 1 9 110 95 3 21 5 4 4 43 39 30 1 14 35 74 10 140 0
409 39 33 52 29 1 50 133 166 6 7 14 88 5 78 168 32 8 3 10 2 1 4 14 78 12 1 4 51 2 32 81 30 2 3 2 3 0 2 3 4 1 0 1 6 0 2 3 67 14 3 4 5 2 3 14 117 14 1 1 43 4 22 58 48 2 2 2 5 1 10 15 10 2 0 1 6 0 11 9 2 0 0 1 0 0 0 1 5 0 0 1 3 0 0 5 61 2 1 2 16 0 7 14 11 4 1 0 14 1 3 8 225 16 4 10 11 0 12 60 207 13 3 8 103 5 44 176 166 82 5 93 4 5 14 147 18 12 0 4 7 3 3 59 12 5 0 5 2 1 1 10 4 1 0 5 1 5 2 20 8 1 0 3 0 1 0 8 1 0 0 0 0 0 0 1 18 14 0 6 0 1 2 6 3 3 0 0 0 3 1 13 85 33 5 47 8 3 11 82 3 2 0 0 3 0 3 27 3 3 1 2 0 0 2 7 4 3 0 1 2 7 1 28 99 25 0 23 10 4 5 40 5 1 1 1 4 3 0 11 236 82 3 53 7 7 14 150 56 22 1 11 27 22 10 147 383 32 25 49 27 1 63 150 174 7 5 11 80 3 102 193 35 6 4 6 0 0 7 8 90 11 1 9 48 5 41 101 27 3 3 0 4 0 4 2 9 0 1 0 0 1 1 5 48 5 4 12 1 0 1 15 89 10 2 4 38 6 24 55 23 1 4 1 9 0 15 11 5 1 0 1 14 0 10 14 1 0 0 1 0 0 0 2 3 1 0 0 2 0 5 8 60 2 1 2 8 0 8 14 9 0 2 1 11 0 4 10 195 17 2 14 11 0 10 60 245 10 2 9 87 10 51 158 183 90 3 99 19 6 12 200 10 9 0 5 6 3 7 54 10 4 0 8 0 0 0 18 10 2 0 1 4 2 1 33 6 3 0 1 0 0 1 2 1 0 0 0 1 0 0 1 9 6 1 4 0 0 1 10 4 1 0 0 1 5 0 12 80 35 3 29 9 1 12 77 9 0 1 2 5 1 0 23 4 3 0 0 0 0 0 4 2 4 0 0 3 1 1 19 78 32 2 22 10 4 3 55 4 1 0 2 2 1 1 7 234 104 3 53 9 5 14 138 51 30 1 10 32 20 8 147 726 63 67 72 48 0 75 148 95 3 4 8 70 1 59 81 67 14 5 8 5 0 5 9 89 13 9 15 115 4 67 63 67 3 3 5 5 2 6 0 3 1 0 0 6 0 1 1 116 15 3 7 4 0 6 6 99 12 1 4 73 5 24 37 88 6 8 1 13 0 12 16 5 0 0 1 9 0 11 7 1 0 1 0 1 0 0 0 3 1 0 0 3 2 1 3 126 2 0 9 14 2 4 7 8 0 0 0 11 2 3 3 231 13 4 8 12 0 8 43 142 5 0 8 81 3 20 60 126 80 7 97 7 2 3 90 9 2 0 1 3 2 1 15 6 12 0 5 0 2 0 7 1 1 1 5 1 4 0 23 6 3 0 1 0 0 2 4 0 0 0 0 0 0 1 0 10 10 0 3 0 0 0 6 3 7 0 0 0 3 0 2 122 101 6 64 6 0 12 66 0 1 0 1 2 4 0 18 5 3 1 7 1 0 1 4 3 6 3 3 3 14 2 46 109 76 0 22 9 4 6 34 1 2 0 1 2 4 0 3 111 113 1 33 5 6 5 70 32 22 0 4 24 47 5 101 768 68 41 74 66 0 88 210 140 1 2 3 69 0 86 125 76 16 3 14 4 0 6 11 71 3 3 14 116 6 56 86 52 2 2 3 1 0 5 2 3 0 0 0 6 0 0 0 93 12 0 4 3 0 3 13 85 5 0 2 37 2 18 16 72 3 1 2 7 0 14 11 6 0 0 0 10 0 5 5 3 0 0 0 0 0 0 2 3 1 0 1 1 0 3 7 104 4 3 5 12 0 1 15 5 0 0 0 3 0 2 5 330 11 4 5 11 0 8 46 152 7 0 7 85 2 26 71 138 90 1 63 3 1 5 98 5 1 0 1 2 1 0 9 4 4 0 7 0 0 0 2 1 0 0 2 1 1 0 15 2 3 0 0 1 0 1 0 0 0 0 0 0 0 0 0 6 11 0 1 1 0 0 2 0 4 0 0 0 2 0 4 103 110 2 54 11 8 12 77 2 0 0 0 3 7 0 13 1 3 0 2 0 2 0 1 6 1 0 0 3 3 2 18 126 81 0 16 8 2 4 27 1 0 0 1 1 1 2 0 192 126 0 24 6 5 9 75 21 12 0 5 24 25 2 67 0
376 40 62 82 41 4 64 222 54 3 3 6 55 6 101 200 37 8 3 6 2 0 3 10 72 6 3 9 124 3 155 97 74 7 3 4 2 0 1 3 2 1 0 0 6 1 0 0 90 6 0 2 3 0 3 8 144 5 3 1 136 2 25 17 26 3 4 1 2 0 11 11 2 1 0 1 7 0 6 4 0 0 0 0 0 0 0 0 0 0 0 1 7 0 14 4 63 4 1 3 8 1 3 6 3 0 0 0 12 1 3 1 167 6 3 2 6 0 5 8 136 2 0 4 110 3 28 30 53 63 1 127 6 0 4 108 0 2 0 1 3 4 2 46 8 6 0 7 0 0 0 0 5 3 0 2 0 4 0 26 3 6 0 2 0 0 1 0 1 0 0 0 0 0 0 0 2 5 0 2 1 0 0 1 0 3 0 0 1 5 0 4 44 170 3 151 5 5 8 104 0 1 0 0 2 3 3 33 2 5 0 6 0 1 0 3 4 9 0 0 2 9 3 34 140 266 1 51 5 12 3 35 2 0 0 1 0 4 2 6 220 117 3 28 3 5 3 36 50 39 0 7 53 49 9 68 428 48 99 100 58 3 103 207 62 3 11 6 68 5 141 119 30 2 6 3 0 0 6 6 64 8 6 9 144 10 227 98 83 11 7 5 4 0 4 1 0 0 0 0 5 0 3 0 76 5 6 4 0 0 2 6 98 4 1 3 150 1 58 15 33 2 3 2 2 0 2 4 3 1 1 0 3 0 5 2 1 0 0 0 0 0 1 0 0 0 0 0 9 0 7 1 61 4 3 3 3 0 1 3 3 0 0 1 4 0 2 3 95 11 1 5 5 1 4 25 98 1 1 1 114 4 27 35 61 69 0 90 6 5 1 103 2 1 0 2 4 2 2 41 2 6 0 6 0 0 0 2 0 3 0 2 6 3 3 30 8 8 0 3 0 0 0 0 0 0 0 0 0 0 1 2 2 8 0 3 0 0 1 2 1 3 0 0 0 6 0 8 62 133 2 108 6 8 8 93 1 2 0 2 3 10 5 31 1 1 1 7 1 1 0 4 3 5 0 3 7 22 7 71 116 303 2 44 7 7 1 17 0 1 0 0 4 4 2 9 119 113 0 23 2 5 4 48 69 30 0 6 43 59 7 82 848 80 71 85 103 2 112 205 69 6 0 3 120 6 93 87 81 6 1 4 4 0 1 9 100 4 7 8 263 4 220 89 36 1 5 1 2 0 2 1 0 0 0 0 2 1 1 0 98 5 0 2 4 0 4 4 94 1 1 2 229 1 31 20 67 7 2 2 3 0 7 8 3 0 0 0 8 0 0 2 5 0 0 0 0 0 0 0 0 0 0 0 3 0 3 5 76 1 6 1 6 0 1 5 4 0 0 0 5 0 1 3 230 3 0 3 14 0 4 16 136 1 1 3 84 1 33 45 54 73 2 53 1 3 5 66 3 1 0 0 1 1 0 11 1 0 0 2 0 0 0 4 2 2 0 2 1 4 0 14 1 5 0 0 0 0 0 0 0 0 0 0 0 0 0 0 2 10 1 0 0 0 0 6 1 2 0 1 2 1 0 3 48 140 3 72 4 8 6 65 0 2 0 1 0 3 4 20 0 7 0 4 0 1 0 3 3 1 0 1 2 14 1 35 66 217 1 17 5 2 0 18 2 0 0 1 5 5 1 2 80 48 0 12 2 5 1 26 17 18 0 1 18 26 3 41 784 86 71 119 102 4 134 254 60 4 3 8 98 7 117 82 71 12 3 4 1 0 5 11 96 8 3 5 178 15 207 84 68 1 3 2 4 1 2 2 1 0 0 0 4 0 2 0 81 3 1 3 3 0 3 9 91 3 0 1 71 2 21 17 50 3 4 3 8 1 9 7 2 0 0 0 6 0 9 0 1 0 0 0 1 0 0 0 0 1 0 0 6 1 4 1 70 0 2 6 10 0 2 3 1 0 0 0 8 1 2 3 115 8 0 8 6 1 5 25 63 2 0 0 63 4 22 38 61 93 0 144 6 1 4 116 3 3 0 0 1 0 1 18 2 5 0 3 1 0 0 2 1 3 0 2 3 9 1 39 3 2 0 1 0 1 0 0 0 0 0 0 0 0 0 0 2 11 0 6 0 0 0 1 2 1 0 0 0 0 0 2 86 186 3 154 4 13 10 96 0 2 0 0 3 10 2 21 3 4 0 1 1 2 0 3 0 7 0 4 8 10 6 46 66 140 1 26 4 4 2 16 0 2 0 0 2 2 0 5 78 59 0 24 3 4 2 42 11 19 0 2 10 41 1 51 0
446 30 77 66 30 3 74 114 110 5 3 10 84 1 75 88 34 6 4 9 2 0 1 7 86 7 1 14 112 5 62 96 95 6 5 3 6 1 10 5 6 0 0 0 8 0 1 1 86 5 6 10 3 0 5 9 130 12 1 7 114 8 44 46 42 0 3 3 6 0 17 8 7 0 0 1 10 1 10 8 4 0 2 0 0 0 0 2 4 0 1 0 14 2 7 6 78 1 11 6 12 1 8 9 6 0 0 1 7 0 7 5 122 10 7 16 12 0 11 23 114 9 2 3 124 12 43 82 122 84 5 99 8 4 6 104 10 7 0 3 13 3 5 31 6 11 0 9 1 0 0 8 6 7 0 5 3 5 1 35 6 3 0 0 0 0 0 3 1 0 0 0 1 1 0 0 8 12 0 6 0 1 0 8 3 8 0 0 1 5 0 10 69 87 3 67 14 7 12 79 10 4 1 0 7 5 6 34 2 6 1 9 0 1 2 7 4 6 0 6 11 17 6 46 124 67 3 25 5 7 1 52 4 3 0 0 3 7 0 13 125 107 1 42 7 9 4 86 57 42 1 14 43 61 13 148 453 40 82 73 39 4 82 155 99 7 2 9 85 4 83 142 34 11 4 9 0 0 6 6 80 8 4 17 81 5 70 103 96 7 2 1 6 1 6 3 4 1 0 0 7 0 1 2 77 10 1 5 6 0 4 10 122 16 3 3 108 7 25 27 33 1 5 5 5 0 10 11 4 0 0 0 12 1 13 3 2 0 1 0 0 0 0 1 5 0 0 0 7 0 5 4 75 3 4 4 14 1 6 9 11 1 0 0 14 1 6 5 123 7 4 9 2 5 6 41 154 4 0 3 100 4 40 77 102 80 5 104 12 1 9 147 7 4 2 1 10 8 5 59 6 13 0 9 0 0 1 6 4 9 0 2 4 5 2 38 5 4 0 2 1 0 0 1 1 1 0 0 0 0 0 1 3 11 0 6 0 1 0 5 0 8 0 0 1 5 0 8 82 72 5 86 7 2 9 107 5 0 0 1 6 6 1 28 8 9 0 10 0 0 0 6 6 7 3 4 3 14 4 50 121 61 2 30 10 3 4 32 2 0 0 0 6 3 0 12 155 95 0 46 7 7 6 75 51 33 0 12 29 62 9 124 904 92 52 90 81 4 97 213 78 5 1 7 88 5 85 76 89 9 5 16 2 1 1 11 111 11 2 12 113 4 47 68 70 4 2 2 4 0 1 2 1 0 0 0 1 0 0 1 113 11 0 3 3 1 3 7 104 8 0 3 65 2 12 20 101 6 3 2 7 0 11 9 5 0 0 0 14 0 4 2 6 0 0 0 0 0 1 2 3 1 1 0 7 1 5 7 108 4 2 4 10 0 3 6 5 0 0 0 9 1 2 4 235 8 1 7 6 0 9 31 111 1 0 6 87 5 23 46 92 94 1 90 10 3 3 92 2 1 0 1 2 4 0 15 9 5 0 5 0 0 1 5 1 2 0 3 4 3 0 21 2 5 0 1 0 0 0 0 0 0 0 0 0 0 0 0 8 14 0 2 0 0 0 1 1 3 0 0 1 1 0 3 106 138 2 50 11 3 16 66 2 0 0 0 2 1 3 8 6 4 1 5 0 1 0 3 7 8 1 5 5 15 2 15 130 70 0 17 4 5 4 23 3 1 0 0 4 2 0 2 113 91 1 23 6 1 2 46 28 15 0 3 21 35 4 70 933 88 72 104 108 3 106 166 109 1 0 7 88 3 112 84 153 17 6 18 5 0 3 12 121 7 3 11 141 5 64 63 57 3 2 4 3 1 1 1 2 0 0 0 3 0 1 0 118 11 0 5 3 0 3 4 101 7 0 2 66 3 21 17 99 5 3 4 14 0 10 11 6 0 0 1 9 0 7 2 4 0 0 1 1 0 1 3 6 0 0 1 8 0 3 1 98 2 0 4 10 0 3 9 6 0 0 0 14 0 2 3 231 12 2 8 10 0 10 25 104 2 2 1 71 4 27 35 104 70 1 82 6 1 3 71 3 0 0 0 1 3 0 11 3 6 0 5 0 0 0 1 2 2 0 2 1 2 0 24 1 0 0 1 0 0 0 2 0 0 0 0 0 0 0 0 5 9 0 2 0 1 0 3 1 4 0 0 1 0 0 0 101 101 6 54 5 7 8 54 4 0 0 0 2 5 3 21 5 4 0 1 0 0 0 3 6 3 0 2 3 11 1 33 113 76 0 14 8 2 2 16 1 1 0 0 2 0 1 8 98 83 1 18 2 2 7 42 20 15 0 2 21 29 5 63 0
1128 111 53 124 108 7 122 389 63 2 0 3 102 7 103 164 85 5 0 13 2 1 1 8 75 4 1 10 114 9 44 78 34 5 1 0 0 0 0 2 0 0 0 0 1 0 0 0 87 7 1 3 2 0 5 3 62 1 1 0 42 3 16 12 97 5 0 1 6 0 3 13 5 0 0 0 4 0 2 4 2 0 0 0 1 0 0 0 2 0 0 0 6 1 1 2 109 4 0 5 4 0 2 6 3 0 0 0 7 0 0 3 230 5 0 3 4 0 4 28 76 1 0 3 48 1 12 27 60 100 1 114 3 2 3 189 0 0 0 0 2 6 0 40 2 2 0 4 0 0 0 2 1 1 0 2 0 7 0 23 0 5 0 0 0 0 0 0 0 0 0 0 0 0 0 0 3 8 0 2 0 0 0 0 0 2 0 0 1 1 0 1 75 131 2 101 7 7 8 82 2 0 0 0 0 4 0 16 0 4 0 1 1 1 0 3 1 4 0 2 3 22 1 31 76 59 0 10 2 0 0 17 0 0 0 0 3 1 0 0 72 49 0 6 2 2 0 33 11 11 0 1 13 17 1 30 781 79 48 99 91 7 124 395 67 6 2 7 112 5 182 306 38 7 3 9 7 1 3 9 54 9 1 7 161 6 90 120 45 3 1 1 2 0 2 0 0 0 0 0 7 0 0 0 52 10 1 1 1 2 3 5 92 8 0 7 93 1 27 21 67 1 1 3 13 0 5 4 1 1 0 0 1 0 4 8 0 0 1 0 1 0 0 0 1 0 0 0 3 0 4 2 85 2 0 0 5 0 1 6 3 0 0 0 6 0 3 3 155 2 2 5 8 0 3 13 100 5 0 2 59 5 15 42 79 73 2 136 4 2 8 216 4 2 0 0 0 2 0 48 6 5 0 11 0 0 0 7 0 1 0 1 0 6 0 23 0 1 0 0 0 0 0 2 0 0 0 0 0 0 0 0 2 7 0 2 1 0 0 7 1 0 0 1 0 2 0 4 75 146 1 87 1 2 9 84 1 1 0 0 0 1 0 18 2 1 0 6 0 0 0 2 3 3 0 2 6 4 1 26 64 62 0 17 5 1 2 12 0 2 0 0 2 1 0 6 74 53 1 16 3 3 5 37 15 7 0 2 6 24 1 35 1350 69 29 59 54 0 51 160 47 2 1 2 53 0 29 24 112 7 2 11 2 0 2 7 102 8 3 8 145 3 22 48 53 3 2 2 2 0 0 0 0 0 0 0 1 0 0 0 149 8 1 1 1 0 2 6 96 4 0 3 83 3 6 10 129 4 1 1 8 0 4 7 3 0 0 0 5 0 3 0 5 1 0 0 0 0 1 1 1 0 0 0 4 0 1 2 153 0 0 6 7 0 0 4 6 0 0 0 10 0 0 3 571 14 0 11 5 2 4 25 130 0 0 1 74 2 16 26 61 65 1 50 1 2 1 44 0 0 0 0 0 0 0 5 2 10 0 1 0 0 0 0 1 5 0 2 0 2 0 4 3 0 0 0 0 0 0 0 0 0 0 0 0 0 0 0 5 12 0 0 0 0 0 0 1 0 0 0 0 0 0 0 92 191 4 35 7 4 11 55 2 2 0 0 1 2 2 2 5 5 0 3 0 0 0 2 3 3 1 2 2 17 1 23 120 56 0 6 2 0 2 20 0 0 0 0 0 2 0 1 136 96 0 10 1 2 0 40 29 15 0 3 21 31 0 29 988 62 41 72 47 3 55 119 80 2 1 3 43 1 42 55 89 13 2 10 3 1 0 3 86 3 1 7 113 3 54 32 64 4 3 1 1 0 1 1 2 0 0 0 1 0 1 0 158 4 0 1 1 0 1 1 123 4 1 3 70 1 16 8 138 6 2 1 6 0 7 8 6 1 0 0 4 0 3 2 7 0 0 0 0 0 0 0 4 0 0 0 6 0 2 2 196 3 2 1 6 1 4 1 4 0 0 0 8 0 2 0 404 8 2 3 6 0 3 25 166 2 1 4 78 3 12 30 70 53 0 64 2 1 1 42 1 1 0 0 1 1 0 5 5 5 0 3 0 0 0 1 1 1 0 3 2 5 0 8 1 1 0 1 0 0 0 0 0 0 0 0 1 0 0 0 5 13 0 2 1 0 0 1 0 7 0 1 0 1 0 2 104 177 3 76 6 3 5 63 1 0 0 0 1 1 3 9 6 10 1 1 1 0 0 1 4 9 3 2 4 25 1 22 177 99 1 18 3 1 2 25 1 0 0 1 2 2 1 0 231 137 1 15 3 4 4 34 34 26 0 4 21 41 3 45 0
584 49 37 87 49 3 93 288 121 5 4 4 66 1 75 206 35 6 0 13 5 0 2 16 37 6 1 10 60 2 32 72 32 4 1 3 2 0 1 4 4 0 1 0 2 0 4 1 54 13 2 5 0 0 3 9 77 6 0 4 21 1 11 39 42 4 3 3 8 0 9 13 12 1 0 2 8 0 7 7 1 0 0 0 0 0 0 1 2 1 0 2 5 0 2 1 69 1 3 5 9 0 6 8 7 2 0 1 8 0 2 9 152 13 1 12 10 0 9 32 164 13 0 12 39 2 34 111 185 102 4 127 15 6 13 404 10 4 0 5 3 5 1 48 5 7 1 7 0 0 1 16 1 0 0 2 0 2 1 18 4 2 0 0 0 0 1 1 0 1 0 0 0 2 0 1 4 5 0 7 0 1 0 12 2 2 0 0 1 3 0 8 86 64 6 46 10 5 13 96 3 3 0 0 4 5 5 28 2 3 0 3 0 0 0 7 3 3 1 4 1 12 1 31 101 48 3 29 7 3 4 43 4 0 0 0 1 3 0 5 105 90 0 49 4 4 3 107 34 21 0 2 9 29 5 127 533 53 51 108 53 4 125 278 136 5 0 4 74 5 129 209 54 7 1 19 2 0 1 23 75 7 1 11 71 4 44 112 53 4 2 2 3 0 2 1 4 0 0 0 2 0 0 1 78 12 2 2 0 0 4 18 112 10 0 3 42 6 24 40 46 2 3 1 14 0 11 8 5 1 0 0 4 0 9 2 2 0 0 0 0 0 0 0 2 0 1 0 3 0 0 4 72 3 2 0 8 0 5 7 15 0 0 1 12 0 5 5 136 5 3 14 16 2 10 37 253 8 0 4 89 10 40 75 128 72 3 119 12 3 10 262 8 5 0 2 5 7 3 45 7 5 0 10 0 0 0 15 4 5 0 1 0 3 0 40 4 2 0 0 0 0 0 3 0 0 0 0 0 0 0 3 3 7 0 3 0 1 1 6 3 4 0 0 0 4 0 3 62 55 9 31 5 8 12 95 3 0 0 0 3 5 4 25 4 6 0 4 0 1 0 7 3 3 0 0 3 6 1 34 67 40 0 18 3 1 3 29 0 0 0 0 4 2 2 11 125 68 1 32 2 3 5 91 38 20 0 2 14 20 2 82 316 21 47 42 45 2 60 130 149 7 4 12 56 1 85 152 32 2 5 2 2 1 2 9 61 6 2 13 47 5 51 74 45 5 3 1 2 1 4 2 8 0 0 0 7 0 1 4 63 6 0 9 3 0 1 3 112 4 2 8 68 9 30 53 42 1 2 3 5 0 11 9 11 0 0 0 13 1 10 11 1 0 1 1 1 1 0 1 7 0 0 0 2 0 1 8 67 0 2 1 6 0 5 12 17 0 1 1 11 0 2 10 174 8 5 11 9 1 14 39 355 20 5 6 87 6 37 91 133 66 5 117 10 2 28 260 10 3 3 3 3 4 3 65 8 6 1 10 1 0 1 18 2 6 0 5 3 5 1 30 1 2 0 1 0 0 0 4 0 0 0 0 0 1 0 0 14 10 1 8 1 1 0 8 2 9 2 5 0 1 1 18 93 53 1 68 9 2 9 108 5 3 0 0 3 3 2 27 1 5 1 10 0 0 2 9 6 3 0 4 1 2 3 31 96 46 3 30 10 2 8 42 6 4 0 2 4 1 0 6 174 92 2 56 12 4 8 95 79 33 0 25 30 33 10 154 391 41 65 86 40 2 53 161 149 7 6 9 81 5 115 160 39 5 2 4 2 0 3 13 72 11 2 12 61 2 56 106 63 3 7 4 3 0 3 3 2 0 0 0 8 0 1 1 64 6 4 7 2 0 6 15 133 9 1 6 65 4 29 59 31 3 4 3 7 1 14 9 13 0 0 1 11 0 15 9 0 0 0 0 0 0 2 2 2 1 1 0 3 0 3 2 69 6 5 4 4 0 4 12 12 1 0 1 11 0 4 4 163 6 5 5 7 1 9 42 187 13 3 10 82 7 38 104 116 76 5 99 15 1 12 146 6 3 0 2 4 4 4 57 14 15 0 11 1 1 1 10 5 1 0 5 2 3 0 29 3 7 0 1 0 1 0 4 1 0 0 0 0 1 0 1 9 13 1 6 1 2 0 8 6 6 0 2 0 4 0 7 75 53 2 50 15 4 9 99 4 8 0 1 5 5 3 28 1 5 0 3 0 0 0 7 3 5 0 3 4 6 2 47 118 49 4 27 12 8 11 43 5 0 0 0 3 0 0 12 176 105 0 38 4 2 8 117 57 32 2 9 38 37 7 148 0
570 42 52 83 53 1 96 307 133 3 3 16 92 2 110 207 37 4 3 17 5 0 3 10 59 13 2 8 89 6 46 126 51 2 0 2 6 0 4 2 4 0 0 0 8 1 2 2 59 16 3 4 3 0 5 13 89 8 1 6 70 3 31 67 38 0 2 6 3 0 5 6 4 0 0 0 8 0 9 9 3 1 0 0 0 0 1 2 4 0 0 0 4 0 4 3 65 4 4 4 13 0 5 15 10 0 0 0 7 0 3 5 149 7 5 7 18 1 11 41 134 7 2 3 96 4 34 96 116 77 5 108 9 3 11 181 5 6 0 2 3 2 2 47 10 8 0 13 0 0 0 10 2 3 0 7 2 6 2 38 3 2 0 1 0 2 0 3 0 0 0 0 0 0 0 0 10 10 0 9 0 0 0 4 4 5 0 0 0 4 0 7 71 51 5 53 4 2 13 107 5 1 0 1 5 2 2 36 3 1 1 5 0 1 0 11 4 4 1 2 2 8 4 33 71 40 0 19 6 3 7 33 3 0 0 0 3 1 1 8 114 68 1 43 7 12 7 85 36 28 0 8 19 33 5 113 713 63 52 125 52 6 116 420 133 5 0 9 86 5 123 189 58 6 4 11 4 0 4 12 76 5 1 10 46 3 42 105 53 3 1 5 3 0 2 3 2 0 0 0 4 0 0 0 78 10 5 5 6 1 5 15 68 4 0 1 29 6 10 38 40 4 1 5 12 0 15 11 4 2 0 0 7 0 6 9 1 0 0 0 0 0 0 1 2 1 0 0 1 1 3 5 80 3 2 9 5 0 8 7 4 2 0 0 11 1 5 6 230 19 0 17 9 0 13 54 84 4 3 1 77 1 27 87 144 75 1 99 9 3 7 187 6 1 2 3 3 3 4 32 6 5 0 7 1 0 0 4 3 3 0 1 1 5 0 24 1 1 0 1 0 0 0 1 0 0 0 0 0 1 0 1 5 9 0 2 0 2 0 2 2 2 0 0 1 3 1 5 69 47 3 39 2 8 13 87 1 6 0 0 1 4 4 26 3 0 0 4 0 0 0 7 4 5 0 0 3 5 1 27 74 40 0 23 10 2 2 33 1 0 0 1 1 1 0 3 110 65 0 32 9 5 10 93 20 12 0 4 26 22 3 85 486 44 46 66 52 1 83 151 133 9 5 8 99 3 96 149 50 9 5 8 0 0 3 9 91 12 7 12 89 2 63 108 36 3 2 0 5 1 1 2 5 0 0 0 4 0 0 2 58 8 1 7 1 0 2 5 116 15 1 3 50 9 24 64 52 2 2 0 9 1 8 7 10 1 1 0 10 0 5 9 4 0 0 0 0 0 0 0 6 0 0 0 5 1 3 6 58 3 1 3 10 1 4 8 14 0 1 2 20 0 4 8 161 10 4 9 11 0 5 27 257 12 1 15 118 4 40 107 120 70 5 103 8 1 16 243 10 3 0 3 11 2 1 57 10 10 0 13 0 0 3 17 1 1 0 2 2 3 0 27 1 3 0 0 1 0 0 2 0 0 0 0 0 0 0 0 10 11 0 9 1 0 0 9 1 5 0 0 3 4 1 8 84 94 7 48 9 4 9 96 3 3 0 1 3 2 3 14 2 0 1 6 0 1 0 6 3 3 0 2 2 8 3 30 87 36 1 20 7 1 2 30 5 1 0 0 1 1 0 4 148 72 3 34 4 9 13 108 51 24 0 11 27 23 5 106 590 47 61 66 52 2 84 188 128 11 5 10 85 4 95 181 37 10 7 9 4 0 4 8 84 14 5 14 85 4 55 91 56 2 5 0 6 0 2 1 7 0 0 1 6 0 0 1 74 6 1 5 3 0 5 9 92 11 1 1 51 7 27 54 45 2 4 3 10 0 9 9 5 0 0 0 16 0 13 7 2 0 0 0 0 0 1 1 4 2 1 0 3 0 3 2 65 1 2 5 9 0 4 9 8 0 0 0 11 0 1 4 158 14 4 5 17 0 7 36 200 7 0 11 82 1 39 117 104 69 4 97 9 3 7 173 17 2 2 1 2 4 1 52 9 10 0 10 0 0 0 10 3 5 0 0 5 5 0 25 5 0 0 1 0 0 0 1 0 0 0 0 0 2 0 0 7 11 1 6 1 0 0 5 1 2 0 0 0 3 0 10 77 66 4 44 6 3 9 87 6 2 0 0 3 2 2 29 2 4 0 2 0 0 1 5 2 5 0 4 3 9 2 35 123 61 0 19 7 2 5 26 4 1 0 0 6 1 0 6 189 96 0 31 6 6 9 99 50 28 0 8 20 29 4 108 0
426 33 98 61 40 1 52 35 116 9 17 13 61 8 66 68 55 12 13 12 2 0 7 11 65 12 18 15 40 7 41 71 95 8 15 7 10 2 8 5 7 2 2 1 11 2 6 6 67 22 9 5 9 0 7 7 70 18 6 11 55 13 40 54 30 9 17 2 6 0 12 7 14 1 3 4 16 3 19 14 2 1 0 2 1 0 1 5 6 1 4 2 12 2 12 8 56 6 9 8 9 1 14 9 13 1 2 1 15 2 12 20 47 4 8 12 17 0 10 12 53 12 6 12 73 15 50 92 100 68 15 65 13 6 14 62 13 5 1 4 7 12 4 36 11 11 1 16 2 3 2 13 7 11 0 9 6 12 1 56 14 9 1 7 2 3 4 13 0 0 0 2 0 2 1 6 18 19 1 5 2 3 0 16 4 9 0 8 5 8 2 30 61 28 11 45 10 6 20 68 7 6 1 5 16 5 6 39 7 8 0 11 1 1 5 11 4 12 2 11 8 19 14 87 82 43 3 36 20 14 14 48 6 4 1 1 11 11 6 40 69 74 4 42 18 17 11 98 41 46 3 30 43 86 42 315 400 40 80 78 34 2 61 61 112 10 10 12 65 8 85 110 45 9 16 10 3 1 4 11 64 8 14 22 37 9 69 83 89 15 8 2 9 1 4 8 15 0 1 0 9 1 4 12 71 11 8 13 3 2 8 5 74 17 5 9 37 7 24 50 32 3 7 2 7 0 9 13 12 3 1 3 13 0 25 19 4 1 0 1 0 0 1 1 7 2 6 2 7 1 14 11 60 2 6 9 12 2 11 6 11 1 0 2 10 1 14 14 59 6 3 9 6 1 6 12 56 14 4 9 67 8 53 107 95 76 8 90 9 6 17 76 15 11 0 2 6 5 4 46 12 12 2 16 2 3 4 14 8 8 0 8 10 9 2 42 12 9 2 7 1 2 1 7 0 2 0 0 0 3 0 4 13 23 2 9 1 0 0 13 3 6 0 4 0 12 4 26 64 47 16 40 19 8 18 73 7 4 1 3 12 12 9 47 6 9 4 6 1 2 2 8 1 7 1 11 4 10 9 86 89 57 5 42 21 10 13 58 0 4 0 4 10 11 5 34 79 89 5 54 20 14 15 78 41 44 2 23 47 63 33 292 474 38 55 59 39 2 63 107 191 13 8 12 66 3 78 100 42 5 4 11 1 0 2 15 81 8 7 9 47 4 43 46 84 3 4 2 7 0 4 4 5 1 0 0 4 0 3 2 76 12 3 7 4 1 5 11 107 5 2 9 54 9 26 33 54 8 2 7 5 0 8 9 7 1 1 0 11 1 10 8 6 0 1 1 0 0 1 0 4 2 0 3 5 0 8 5 87 3 7 7 8 1 5 10 11 1 0 3 9 0 3 5 193 10 3 15 18 0 10 89 156 6 2 9 77 2 50 141 168 70 6 65 7 3 4 125 28 1 0 4 3 7 2 40 10 8 0 7 0 1 0 9 6 5 0 6 5 4 0 18 6 1 0 0 0 0 0 4 0 0 0 1 0 0 0 0 14 18 0 2 1 0 1 6 1 4 0 2 0 6 0 7 78 61 3 58 8 4 14 60 2 4 0 1 4 7 5 18 1 9 0 10 1 0 1 4 5 7 0 6 4 11 1 39 115 43 2 23 15 5 8 41 4 2 0 0 3 3 0 10 170 91 0 35 8 7 13 146 57 32 0 11 49 55 13 174 528 41 68 50 40 3 63 113 157 6 6 8 78 1 79 107 63 4 7 9 4 1 4 10 108 12 8 11 77 2 60 60 76 3 10 2 11 0 8 3 5 0 1 0 6 0 2 2 105 9 5 7 3 1 4 12 110 8 1 8 62 3 38 33 44 2 7 4 3 0 10 9 14 0 1 2 9 0 11 10 4 0 0 1 0 0 2 1 1 0 0 1 11 0 9 5 72 1 3 3 11 0 6 10 9 1 0 0 14 0 4 6 161 7 2 15 13 1 14 60 162 18 2 14 100 9 49 123 144 63 5 71 6 1 7 87 17 5 0 4 4 6 1 39 7 12 1 6 1 0 0 4 4 2 1 3 2 3 3 22 4 2 0 0 0 0 0 1 1 0 0 0 1 1 0 0 9 15 1 7 5 0 1 8 2 5 0 1 1 5 1 7 94 86 3 39 5 7 12 57 2 4 1 1 1 3 4 25 6 6 1 7 0 1 0 4 8 8 3 4 7 13 5 57 105 58 1 26 7 4 6 37 1 2 0 1 3 2 0 11 145 85 2 38 8 8 12 109 45 37 1 12 40 65 9 136 0
411 32 52 66 36 1 72 194 101 3 1 5 80 3 112 166 39 7 9 7 2 0 1 11 112 7 5 10 72 2 62 86 60 4 0 0 4 1 3 2 8 0 0 0 4 0 0 2 71 12 4 3 2 1 1 12 127 11 0 5 73 5 30 44 40 0 0 4 7 0 10 9 7 0 0 0 5 0 6 4 5 0 0 0 0 0 0 1 2 0 0 0 6 1 6 8 75 3 2 3 9 0 3 12 9 1 0 0 13 0 0 3 241 8 1 8 8 1 12 37 255 6 0 7 112 5 48 76 123 93 7 132 7 7 6 231 5 1 0 1 0 6 1 44 3 5 1 8 0 0 1 10 4 1 1 2 3 4 0 18 0 2 0 0 0 0 0 2 0 2 0 0 0 0 0 0 5 5 0 3 0 1 0 5 3 4 0 1 0 3 0 3 87 89 2 70 6 1 4 93 2 3 0 0 8 3 4 23 0 4 0 5 0 0 0 5 5 3 0 4 3 10 3 35 98 61 0 27 5 4 4 40 0 0 1 0 2 2 0 8 200 89 1 53 7 2 3 73 52 28 1 8 26 40 7 63 405 22 65 90 37 3 82 191 94 4 3 1 71 1 93 152 30 6 2 9 1 0 3 9 65 6 1 8 96 4 81 72 56 4 5 4 2 0 3 3 2 0 0 0 3 0 1 1 73 5 3 3 0 0 3 9 158 9 2 8 88 3 37 33 44 1 2 2 5 0 7 9 3 1 0 0 6 1 6 6 2 1 0 1 0 0 0 1 2 0 0 0 5 1 1 3 87 3 1 5 9 0 6 10 5 0 1 0 8 0 3 1 189 10 0 10 9 0 3 23 220 10 1 4 123 5 25 59 80 73 0 132 6 2 4 184 10 0 0 2 2 2 2 37 4 15 0 11 0 1 0 6 2 1 0 3 2 7 0 26 1 4 0 2 0 0 0 3 0 0 0 0 0 1 0 0 2 11 0 4 0 0 0 8 2 2 0 2 0 1 1 1 90 127 3 157 8 8 10 124 4 2 0 2 2 3 2 13 3 3 0 5 0 0 0 3 3 8 0 1 4 20 0 44 105 87 0 54 5 2 2 25 1 0 0 0 1 5 1 5 206 99 0 57 9 4 3 71 53 39 0 8 27 47 4 83 613 58 63 80 55 3 69 160 94 2 4 2 82 6 114 124 58 8 6 2 3 0 0 10 90 8 2 5 113 3 140 80 51 3 5 3 2 0 2 0 1 0 0 0 2 0 1 2 101 11 3 2 3 0 3 6 102 7 1 2 62 2 33 21 64 3 2 1 6 1 6 6 7 0 0 1 6 1 5 4 4 0 0 0 0 0 0 2 4 0 0 1 3 2 8 3 95 3 1 1 8 0 2 8 5 0 0 0 8 0 4 0 283 13 1 12 9 3 13 33 171 7 1 1 93 5 32 53 105 82 1 98 5 0 1 107 6 1 0 0 3 2 1 38 8 8 0 4 0 0 0 4 3 2 0 3 0 5 1 17 2 4 0 2 0 1 0 0 0 0 0 0 0 0 0 1 7 8 0 2 0 0 0 3 1 2 0 0 0 2 0 6 100 99 2 63 7 6 8 79 1 2 0 0 1 4 2 30 2 4 0 4 1 2 0 5 3 2 0 3 6 13 4 38 138 129 2 27 10 5 1 24 0 0 0 0 2 4 0 3 194 110 0 50 4 3 3 46 32 20 1 4 30 34 4 66 738 51 46 64 60 2 60 158 95 4 1 8 72 0 79 116 58 4 4 10 3 0 3 5 93 5 5 4 150 9 58 67 65 2 2 3 4 0 0 1 6 0 0 0 3 0 0 1 110 8 0 2 0 0 4 9 109 7 1 0 103 1 20 22 75 6 2 4 4 0 1 6 7 0 0 0 6 0 6 2 8 0 0 1 0 0 0 2 2 0 0 1 7 3 2 1 108 0 1 4 4 0 2 10 5 0 0 2 7 0 4 3 276 18 3 12 10 1 9 50 223 4 2 2 90 3 21 75 105 77 1 63 3 2 4 127 3 2 1 1 2 3 1 16 6 6 0 3 0 1 0 2 4 0 0 2 3 5 1 17 0 5 0 2 0 0 0 0 0 0 0 0 0 0 0 0 11 5 0 3 0 1 0 1 0 4 0 0 0 1 0 0 89 127 5 53 6 7 8 78 1 0 0 0 3 0 3 20 3 6 1 1 0 0 0 1 7 2 0 1 5 17 2 18 110 84 3 30 2 2 2 29 3 0 0 0 3 2 0 3 226 87 0 35 3 2 2 81 50 23 1 4 23 34 4 60 0
382 38 85 63 38 5 73 84 109 17 17 23 69 11 94 105 30 9 8 8 5 0 11 9 54 12 9 17 44 11 88 98 88 11 12 5 8 1 9 4 9 0 0 0 17 1 6 6 55 10 7 7 6 2 6 14 77 14 5 7 65 8 43 62 24 3 11 7 8 0 11 8 9 2 0 3 10 4 14 14 0 1 2 2 1 0 0 0 3 1 3 1 10 2 7 14 57 3 5 7 5 2 7 11 12 1 0 2 14 0 5 9 41 5 4 7 6 2 9 20 87 17 7 8 89 10 51 96 96 57 14 82 9 9 16 114 17 9 1 6 9 6 9 63 11 8 2 9 0 0 1 22 4 9 0 15 6 8 7 59 11 11 0 6 0 2 0 2 1 0 0 0 2 1 0 2 11 16 0 10 5 1 4 16 3 12 1 6 3 6 2 37 53 41 5 64 13 11 15 82 7 4 1 3 6 7 10 50 2 4 1 12 2 0 3 12 4 6 1 13 8 12 9 79 70 57 5 36 6 6 12 48 6 5 0 2 9 4 5 21 71 66 3 37 8 11 7 89 44 48 2 18 40 65 35 286 517 78 84 87 51 3 64 137 150 15 6 17 75 8 89 131 40 6 6 6 3 0 2 8 60 7 5 17 49 7 51 81 59 9 2 3 8 1 3 4 5 1 2 0 7 1 1 0 50 12 3 9 4 1 7 11 73 10 4 4 46 6 28 44 28 3 8 2 5 0 19 10 5 2 0 2 12 1 12 15 1 0 1 0 0 0 0 0 4 1 1 0 2 1 8 5 66 3 4 5 12 2 10 9 9 1 1 0 8 0 3 9 100 6 2 11 7 2 6 29 89 9 2 6 69 6 34 107 136 105 7 171 11 2 16 190 16 5 2 10 2 6 4 35 13 10 0 10 0 1 0 16 10 6 0 3 2 5 2 28 10 6 0 2 1 2 1 4 3 0 0 0 0 1 0 3 8 16 1 7 3 0 1 10 4 3 0 0 1 3 1 12 80 99 2 83 16 8 20 123 4 3 1 2 6 3 5 27 2 3 0 3 0 0 0 7 5 4 0 4 8 10 3 70 70 59 1 29 17 11 6 50 1 2 0 2 3 4 2 13 85 69 2 43 9 6 6 92 34 24 0 9 19 46 10 171 469 39 145 57 40 2 79 79 107 7 8 10 57 6 115 79 45 6 17 15 4 0 5 9 70 8 8 10 95 7 101 87 147 11 24 2 11 4 9 8 6 0 0 0 10 1 2 7 61 13 10 6 8 0 5 9 80 18 8 8 101 13 30 33 31 3 14 2 4 0 12 9 6 1 3 1 4 0 8 12 6 1 1 0 2 0 3 0 3 1 4 0 10 0 11 12 64 4 12 5 12 0 5 6 14 1 0 2 12 2 9 4 69 7 1 9 9 1 9 16 53 0 2 7 85 10 45 62 78 63 7 74 11 4 6 68 6 9 0 2 3 2 4 24 2 13 0 7 3 1 0 8 5 11 0 4 8 12 3 42 9 8 1 3 1 3 2 8 0 0 0 0 0 1 0 2 9 14 0 5 1 2 0 9 3 4 0 1 4 11 7 13 54 72 19 63 6 10 15 64 1 6 0 4 8 15 7 40 2 9 0 15 0 1 1 8 7 6 1 15 10 46 14 111 82 99 2 36 7 10 7 29 2 1 0 4 5 9 2 18 80 77 5 42 9 12 5 53 43 51 3 12 41 114 24 229 1113 115 66 115 32 6 62 140 73 6 4 5 50 3 42 55 37 6 6 4 0 0 1 6 45 11 6 8 73 8 45 60 61 10 7 3 2 0 3 5 3 0 0 0 3 0 0 1 45 6 3 3 1 0 0 5 44 2 1 1 27 6 18 21 101 11 6 3 4 0 12 10 2 1 1 1 5 0 7 4 3 1 1 1 0 0 0 0 0 1 0 2 8 3 6 9 60 3 3 6 9 0 3 5 5 0 2 2 11 0 0 7 107 6 0 5 5 0 8 31 39 6 0 3 40 4 19 40 102 111 7 118 7 6 1 92 10 4 0 2 3 5 1 31 4 9 0 6 0 0 1 7 2 2 0 2 1 15 1 18 5 12 0 2 0 1 0 4 0 0 0 0 0 0 0 1 3 12 0 2 1 1 0 5 0 1 0 1 0 8 1 4 91 309 3 178 4 7 10 95 1 3 0 0 4 8 3 29 1 5 1 6 0 1 0 6 5 10 1 8 5 35 4 65 118 108 0 48 7 7 7 35 0 4 0 0 6 2 0 11 75 69 3 28 3 6 6 59 19 13 1 9 21 44 7 114 0
394 26 69 61 52 5 65 83 121 15 14 13 55 4 62 114 35 8 9 10 2 1 3 12 54 10 12 15 42 3 63 71 96 9 11 10 12 1 7 9 11 4 1 2 10 5 7 6 64 10 4 11 2 2 1 14 78 12 7 6 55 10 38 51 39 2 9 5 13 1 9 6 11 1 0 2 7 1 7 17 4 1 1 1 1 0 0 0 5 1 1 2 7 0 12 6 69 5 4 5 9 1 8 9 19 0 3 0 12 3 7 15 86 6 6 8 9 1 4 19 118 14 4 13 74 11 41 79 102 60 15 98 11 6 15 157 10 9 1 11 12 4 7 66 11 8 3 20 1 1 3 11 4 9 0 5 7 7 2 40 6 10 0 4 1 2 1 7 1 1 0 0 1 0 0 3 6 10 1 7 0 1 3 8 2 6 0 3 4 8 4 26 72 39 11 65 11 11 17 122 10 5 2 4 7 6 6 39 4 9 2 17 1 3 0 12 5 5 2 11 4 3 3 70 61 46 7 55 14 5 10 43 6 2 0 1 5 7 2 28 79 91 6 48 7 10 7 84 51 56 2 27 52 74 21 246 378 40 81 82 34 7 66 102 104 10 14 14 77 13 108 109 24 6 11 13 2 0 6 18 50 7 6 17 40 9 55 87 85 7 6 8 7 3 6 10 7 3 0 1 8 2 6 7 42 15 7 4 5 0 5 4 63 17 3 11 57 12 33 63 38 3 8 6 8 0 14 7 6 3 1 0 14 1 14 13 2 1 5 2 1 0 1 5 3 0 4 1 4 1 8 9 55 5 2 5 3 2 11 11 16 0 1 0 11 1 2 16 61 7 5 9 7 4 16 16 83 16 4 14 59 15 44 80 97 65 7 75 15 12 21 109 19 4 1 6 8 12 7 83 12 13 1 14 2 2 0 23 4 8 0 8 7 6 3 72 13 12 2 8 1 3 1 13 1 1 0 0 1 3 0 5 9 14 1 9 2 2 0 19 3 11 0 5 6 12 4 43 51 34 8 52 5 9 15 92 10 10 1 5 17 4 10 66 4 6 5 6 0 0 0 16 6 5 5 9 1 12 8 69 61 55 9 27 12 13 5 53 5 5 0 5 17 10 4 42 71 62 3 35 11 13 7 81 40 56 3 25 40 73 23 288 525 57 91 84 38 7 97 123 130 6 5 11 74 3 88 101 35 11 2 18 11 0 2 11 77 11 5 13 97 6 48 80 94 11 5 1 7 0 2 7 5 1 1 3 8 1 1 0 68 11 0 1 2 1 6 12 88 14 1 5 71 8 15 41 31 4 3 3 6 0 18 8 12 0 0 1 17 0 13 6 5 0 2 1 0 0 1 1 3 1 0 0 4 3 7 7 69 5 4 8 18 1 7 9 11 1 1 2 14 1 6 8 96 8 6 10 7 0 6 37 83 9 1 8 83 7 30 98 147 95 7 104 8 5 8 113 6 5 0 1 6 4 3 29 10 11 0 9 1 1 0 11 4 3 0 6 0 8 3 27 5 8 1 4 1 0 0 1 0 0 0 0 2 1 0 0 11 16 0 4 3 0 2 1 2 4 0 0 1 4 0 12 72 103 5 86 15 8 15 97 5 1 0 3 6 3 4 32 3 6 2 6 3 1 0 5 8 3 1 4 9 9 3 76 93 69 4 32 13 7 12 43 4 0 0 0 2 5 3 9 70 102 2 41 8 7 7 105 34 34 1 13 38 67 10 160 427 32 148 60 41 1 70 82 95 10 9 2 74 2 94 89 31 7 10 6 3 0 5 6 75 9 9 17 112 5 111 71 119 7 23 8 16 2 6 3 8 0 1 0 7 2 2 4 91 13 13 6 2 0 9 7 87 25 4 10 99 7 41 42 41 2 12 3 8 0 10 0 10 1 0 0 9 0 7 4 1 1 3 0 2 0 0 0 6 0 2 0 6 1 10 13 79 3 6 4 11 2 10 7 12 0 0 0 17 0 8 2 78 3 4 3 12 0 4 14 95 8 1 3 81 7 33 61 76 50 14 94 11 2 9 84 14 6 1 3 5 4 4 34 8 10 0 14 0 0 1 10 1 3 1 10 3 9 5 36 4 9 0 3 1 2 1 4 0 1 0 0 1 0 0 3 7 9 0 3 1 0 3 6 7 5 0 1 0 5 2 18 55 84 17 70 7 13 14 78 3 5 0 1 8 9 6 32 4 12 0 10 0 0 0 8 3 9 3 9 9 37 6 127 99 82 4 37 9 11 8 39 4 1 0 2 4 8 3 15 75 78 3 43 10 9 5 58 43 37 0 16 54 120 21 224 0
459 46 84 61 43 4 79 109 176 11 9 18 67 3 98 125 40 4 10 12 5 0 3 10 86 7 4 17 50 3 45 88 68 10 11 10 3 3 4 7 5 0 0 1 4 0 5 1 58 11 5 4 2 0 5 11 64 15 2 11 34 5 31 47 24 1 3 1 7 0 11 14 15 2 0 1 15 1 12 10 3 1 0 2 0 0 0 0 1 1 0 1 5 1 7 9 59 3 3 9 17 0 8 10 10 3 0 1 23 0 12 12 108 9 6 11 11 1 15 41 88 15 0 10 72 11 41 141 174 81 4 96 24 5 19 112 24 11 2 3 6 8 6 34 16 12 0 12 3 1 0 14 7 4 1 8 7 4 2 45 7 3 0 2 0 0 0 4 1 1 0 0 0 0 0 1 11 22 1 10 1 1 0 11 2 2 0 2 2 1 2 11 69 64 5 55 13 7 16 102 6 1 0 4 6 9 4 26 5 2 0 4 2 1 0 8 6 3 2 5 6 16 3 56 79 31 1 20 9 5 6 44 4 1 0 0 3 4 2 8 123 60 2 48 16 3 12 160 37 27 2 5 22 47 16 219 436 44 65 77 37 3 75 108 165 13 11 10 76 8 102 132 39 8 5 16 1 0 2 12 79 9 12 22 40 7 81 118 61 9 1 5 6 1 0 5 6 1 0 1 4 1 4 5 67 15 3 5 5 1 3 11 82 11 1 7 43 5 20 52 37 0 9 6 6 0 12 10 12 3 0 1 10 1 16 7 3 0 0 0 0 0 1 2 3 1 0 0 2 0 8 15 63 3 3 3 10 1 8 19 9 2 1 2 12 2 9 12 111 9 4 8 9 0 10 54 88 7 1 8 63 6 45 105 167 81 7 70 11 5 11 123 23 7 1 2 5 4 6 47 13 9 1 17 2 0 2 11 8 2 1 7 3 3 0 37 8 8 0 1 1 1 0 4 1 0 0 0 1 1 0 1 13 17 1 8 0 0 2 17 4 3 0 1 0 6 1 13 82 36 4 34 13 4 11 83 8 5 0 2 12 5 3 36 3 4 2 4 1 1 0 11 2 2 0 5 3 5 5 53 115 78 0 22 15 9 9 50 3 3 0 1 3 10 2 10 129 88 1 42 18 4 10 135 38 34 1 7 42 49 16 188 489 35 95 59 41 4 64 94 122 18 8 15 71 9 101 93 29 8 12 18 3 0 9 8 62 11 15 21 61 6 78 69 85 15 12 4 12 0 3 10 12 2 0 0 9 3 0 5 49 10 4 5 4 3 9 11 60 17 2 12 55 10 40 50 24 1 11 6 11 1 9 10 11 0 2 5 6 1 15 12 4 0 0 2 0 0 2 0 7 1 3 1 8 1 10 7 60 8 6 12 19 1 6 12 5 3 1 1 18 1 7 11 56 4 6 7 5 1 13 23 70 7 0 13 61 9 33 100 118 61 13 92 14 4 13 84 13 8 1 5 8 8 6 37 15 13 1 8 4 1 2 17 4 6 0 5 7 4 4 28 11 9 0 4 1 2 1 4 0 0 0 0 0 3 1 1 9 19 2 10 0 1 0 18 3 7 0 4 3 9 4 27 72 62 16 114 8 7 14 79 8 7 0 6 9 10 8 31 3 1 0 7 0 0 0 9 3 5 1 9 11 20 14 101 77 96 1 43 13 8 8 41 4 6 0 2 4 12 2 24 63 76 1 39 9 8 12 99 30 27 0 14 28 84 17 245 481 43 87 86 45 3 60 102 132 16 4 14 106 4 145 107 38 16 4 13 1 1 3 8 95 16 8 17 71 7 92 129 89 7 5 3 11 1 9 4 11 0 0 0 15 1 2 0 57 13 3 3 2 0 3 12 89 13 3 7 87 6 45 52 31 1 14 3 5 0 9 8 7 0 0 0 9 0 24 8 2 0 0 0 0 0 1 1 4 1 0 0 11 3 11 8 70 4 5 4 13 1 6 8 8 0 0 1 15 0 15 5 65 8 6 9 6 2 6 30 81 5 2 12 81 9 46 101 122 78 7 85 11 3 11 77 12 10 0 2 6 10 7 36 7 9 0 14 0 0 2 5 2 8 0 9 3 7 3 32 4 5 0 2 1 0 0 1 1 0 0 0 0 1 0 2 9 9 0 4 1 2 1 6 3 8 0 1 3 9 1 12 78 60 10 52 10 5 21 82 6 5 0 3 2 5 7 37 3 7 0 5 0 0 2 8 9 8 0 6 10 12 3 59 87 67 2 21 15 6 12 52 3 2 0 1 5 5 2 17 93 86 1 46 7 11 12 88 33 32 1 4 25 69 15 185 0
435 53 52 74 65 2 81 283 103 4 3 2 84 5 182 349 37 5 4 5 5 0 3 8 73 8 7 9 144 8 214 89 41 2 5 2 3 0 2 7 2 0 0 0 1 0 1 3 85 7 1 4 2 1 7 5 131 4 0 1 112 3 51 41 32 3 1 3 5 0 5 11 2 0 0 1 7 0 6 5 1 0 0 0 0 0 0 0 2 4 0 0 7 0 5 3 60 4 1 4 5 0 2 6 3 0 0 0 9 0 0 6 163 5 2 7 9 0 7 34 212 3 1 2 107 4 34 64 84 55 4 99 8 4 6 176 6 2 0 2 2 4 4 56 2 3 0 6 0 1 0 4 3 2 0 3 2 5 4 34 2 3 0 0 0 0 0 0 0 0 0 0 0 0 0 0 6 4 0 8 0 0 0 7 1 0 0 0 0 3 0 4 44 55 3 81 4 4 9 70 2 0 0 0 3 2 1 25 6 0 0 1 0 1 0 3 3 5 0 1 7 14 4 33 97 46 1 31 3 3 1 21 0 0 0 0 3 6 0 8 158 58 0 22 5 3 7 39 53 14 1 1 20 26 9 63 680 80 67 124 77 4 136 412 102 10 0 10 94 4 130 213 49 5 1 17 2 0 1 21 70 6 2 14 73 3 68 114 43 4 2 1 2 0 4 2 3 0 0 1 6 0 0 1 89 9 0 3 3 1 7 9 66 8 0 2 56 0 23 25 55 1 1 8 8 0 7 13 2 0 0 1 6 0 6 6 4 0 0 0 0 0 1 0 1 0 0 0 3 1 1 2 73 4 3 3 13 0 2 14 4 0 0 0 9 1 1 6 247 12 2 10 8 4 7 39 127 5 1 6 75 1 24 50 116 77 1 100 11 2 15 203 3 1 0 2 0 2 2 42 5 5 0 4 0 0 0 5 0 1 0 5 1 0 1 22 1 1 0 0 0 0 1 1 0 0 0 0 0 0 0 1 7 6 1 4 0 0 0 7 1 3 0 0 1 5 0 3 54 71 1 46 1 8 10 107 0 3 0 0 1 9 3 20 2 2 0 1 1 2 0 1 1 3 0 0 3 8 3 32 67 37 1 27 2 2 1 25 1 0 0 0 2 1 0 5 104 64 2 25 5 1 6 69 19 15 0 2 16 25 4 49 562 52 48 71 62 1 81 238 82 3 1 7 95 3 159 177 55 3 8 7 7 1 4 7 85 2 5 11 169 1 177 114 32 6 1 0 0 0 2 2 4 0 0 0 5 0 0 2 83 10 1 4 2 0 4 2 176 3 0 2 169 4 61 34 52 3 0 2 7 0 8 7 2 0 0 0 8 0 7 3 1 0 0 0 0 0 0 0 2 0 0 0 6 1 5 4 74 3 0 0 3 0 1 4 2 0 0 1 9 1 5 8 187 5 0 3 7 2 6 15 201 1 1 2 124 2 34 42 62 66 3 88 6 3 6 133 1 0 0 0 1 4 0 35 1 5 0 4 0 0 0 0 2 2 0 2 3 2 1 14 2 1 0 0 0 1 0 1 0 0 0 0 0 1 0 0 10 6 0 1 0 0 0 4 0 2 0 0 0 1 1 3 64 164 0 80 7 7 5 76 1 2 0 0 3 6 3 17 1 5 0 2 0 0 0 5 0 2 0 0 2 15 2 23 109 153 0 28 5 2 4 19 0 0 0 0 3 1 0 2 148 69 2 16 4 1 2 34 22 18 0 1 16 21 3 55 1094 103 53 120 102 5 121 295 79 4 2 7 84 2 98 127 96 9 3 10 4 0 1 10 94 6 4 13 146 4 83 76 32 0 0 0 3 0 0 0 3 0 0 0 1 0 1 1 98 5 2 5 3 1 3 3 91 2 1 1 61 3 14 10 65 5 6 3 13 1 5 12 3 0 0 0 8 1 5 4 0 0 0 1 0 0 0 0 2 0 0 1 1 0 3 1 81 2 4 5 5 1 3 8 7 0 0 0 15 0 3 1 229 6 0 1 13 0 5 53 93 2 1 2 70 1 25 47 69 85 2 86 5 1 6 114 2 0 0 1 0 4 0 23 4 8 0 2 0 0 0 1 2 0 0 1 0 5 0 12 0 3 0 3 0 0 0 0 0 0 0 0 0 0 0 0 3 12 0 5 0 0 0 6 0 2 0 0 0 2 0 2 77 132 2 70 3 7 9 87 0 2 0 0 3 9 0 22 0 1 0 0 1 0 2 1 2 2 0 3 3 11 3 34 60 87 1 23 3 5 1 21 1 1 0 0 0 2 0 0 69 54 1 18 0 4 2 48 11 11 0 1 5 25 3 40 0
421 41 63 91 41 6 84 105 69 3 3 4 73 4 125 98 38 6 4 5 3 0 2 5 67 10 6 6 96 2 131 83 58 1 8 6 3 0 3 2 0 0 0 0 2 0 1 0 82 10 3 4 2 0 6 7 119 7 1 1 113 2 50 15 46 2 4 4 8 0 7 6 4 1 0 0 3 1 8 4 0 0 0 0 0 1 0 1 0 0 0 0 7 1 8 9 84 4 3 5 6 1 5 5 5 0 0 0 9 0 3 4 191 8 2 7 7 1 5 23 161 4 1 6 99 6 34 33 78 75 2 153 2 5 3 97 3 3 0 2 1 3 0 25 3 6 0 10 0 0 0 5 2 10 0 3 0 4 0 30 2 4 0 0 0 1 0 1 0 0 0 0 0 1 0 0 5 10 0 2 0 0 0 5 1 1 0 0 2 3 0 1 67 146 6 152 8 7 5 113 4 5 0 1 5 5 2 32 3 6 0 6 0 2 0 6 1 7 0 1 3 16 3 57 151 199 4 62 13 7 3 29 3 2 0 0 3 5 0 4 191 118 2 32 3 8 3 46 71 38 0 5 43 54 13 83 428 46 83 76 57 6 85 165 65 2 2 2 84 3 121 142 30 11 10 6 1 0 4 7 60 6 5 10 106 6 145 97 74 6 11 6 6 0 6 4 4 0 0 0 6 0 1 3 84 4 4 2 0 0 5 6 149 6 2 4 161 8 37 31 39 2 4 3 6 0 7 8 4 0 0 0 4 0 6 7 1 0 0 0 1 0 0 0 2 0 0 1 4 2 8 2 68 2 0 6 10 0 5 8 1 0 0 3 5 1 4 2 128 2 1 4 6 1 3 15 138 3 0 3 111 5 27 46 79 88 2 111 3 1 4 136 6 4 1 0 6 4 2 49 1 6 0 5 0 0 0 3 5 3 0 2 2 3 1 32 1 6 1 1 0 0 0 1 0 0 0 0 0 0 0 1 3 9 0 5 0 1 1 2 0 4 0 1 0 5 1 9 68 118 7 102 6 2 13 62 1 1 0 0 3 7 3 33 4 3 0 2 0 0 1 8 0 5 1 6 7 17 3 58 128 203 5 48 5 4 3 24 5 2 0 0 3 5 2 7 155 102 1 13 6 4 3 50 54 43 0 7 57 56 8 101 901 84 75 109 93 7 97 272 78 3 0 4 114 1 123 118 80 10 3 11 2 0 2 7 76 14 5 3 111 9 132 97 77 7 3 1 3 2 3 2 1 0 0 0 4 0 0 1 87 7 1 2 3 0 5 7 64 3 0 2 39 3 12 14 64 5 0 3 8 0 13 11 1 0 0 0 7 0 5 2 2 0 1 0 0 0 0 2 2 0 1 0 7 0 4 3 86 1 1 3 7 0 5 6 3 0 0 1 11 0 1 4 221 8 2 5 11 0 7 35 94 1 0 2 52 2 23 41 62 99 1 96 3 7 4 112 1 2 0 0 1 4 0 25 3 3 0 7 1 0 0 2 1 2 0 3 3 2 0 23 0 3 0 0 0 0 0 0 0 0 0 0 0 1 0 0 3 8 0 1 0 0 0 1 1 3 0 0 0 4 0 1 70 123 3 81 5 9 5 74 1 1 0 0 3 9 2 27 3 5 0 2 1 0 0 3 0 6 1 4 5 20 3 48 59 214 3 24 4 6 1 21 0 0 0 0 0 3 1 0 89 65 1 14 0 5 4 37 10 12 0 2 17 49 1 59 992 119 81 115 117 9 121 203 62 5 2 2 104 2 100 104 69 9 6 5 3 0 7 5 74 6 5 19 159 8 236 87 57 6 3 1 4 0 2 3 3 0 0 0 8 0 1 0 77 7 2 0 4 1 1 4 79 2 0 1 93 3 35 27 65 4 4 1 9 0 7 6 4 0 0 0 2 0 10 3 2 0 0 0 0 0 0 0 0 0 0 0 1 3 3 4 66 1 1 6 6 0 3 2 3 1 0 0 8 0 2 4 103 9 2 2 2 1 4 5 61 1 2 0 52 3 25 26 62 94 2 127 7 3 2 117 1 1 0 0 3 4 1 19 2 6 0 5 1 0 0 5 3 2 0 6 2 8 1 17 0 7 0 0 0 0 0 0 0 0 0 0 0 1 0 1 2 2 0 4 1 1 0 0 1 2 0 0 0 3 0 3 56 160 8 106 9 6 6 94 1 3 0 1 0 7 6 30 1 4 0 4 0 4 0 3 4 4 0 1 3 25 6 56 70 96 1 21 7 6 4 22 0 0 0 0 2 4 1 3 60 50 0 19 3 2 1 32 9 14 0 3 16 44 2 58 0
577 38 47 82 63 1 110 285 89 5 3 5 77 2 86 293 89 11 3 2 10 1 4 14 105 5 3 7 126 5 108 83 44 2 1 2 4 0 1 1 2 0 0 0 4 0 4 1 128 11 1 2 3 0 6 7 193 1 2 3 116 0 29 33 44 2 3 3 5 0 4 5 6 0 0 0 4 0 7 1 3 0 0 0 1 0 0 0 2 0 0 0 11 0 1 4 90 2 3 4 5 0 0 10 2 0 0 0 3 0 4 1 188 6 2 5 9 0 6 37 284 3 0 2 149 4 32 53 58 61 2 97 2 2 3 170 8 1 0 0 3 2 1 40 4 4 0 4 0 0 0 3 1 1 0 1 1 3 0 18 2 3 0 2 0 0 0 0 0 0 0 0 0 0 0 0 3 7 0 2 0 2 0 4 0 1 1 0 0 3 0 5 62 89 2 62 8 5 2 75 3 1 0 0 2 4 4 11 4 3 0 1 0 0 0 4 2 5 0 0 4 10 1 26 81 55 1 25 4 1 3 17 0 0 0 0 0 0 0 2 122 74 0 18 2 2 5 36 39 19 0 1 20 29 2 53 519 34 55 80 47 2 77 219 96 4 0 5 94 5 102 116 48 5 4 4 3 0 5 14 95 6 3 10 106 2 88 69 61 1 1 6 4 0 0 2 1 0 1 0 0 1 1 0 98 8 4 4 1 0 5 9 178 4 1 3 115 5 29 27 46 4 3 1 4 1 4 12 5 0 0 0 3 0 4 2 4 0 0 0 1 0 1 0 5 0 0 0 2 0 2 3 89 2 3 4 7 1 1 3 4 1 0 0 9 0 1 3 334 8 2 5 9 0 7 50 244 6 1 2 95 2 32 68 83 70 0 99 7 2 3 146 6 2 0 0 3 6 1 30 6 6 0 4 0 0 0 3 1 1 0 0 3 2 1 15 4 4 0 1 0 0 0 0 0 0 0 0 0 0 0 0 6 6 0 4 1 0 0 1 2 1 0 0 0 2 0 4 57 132 2 66 3 6 8 75 3 5 0 0 2 1 7 17 4 6 1 3 0 0 1 2 5 9 0 2 2 14 1 38 104 85 0 22 3 4 0 34 1 0 0 0 1 3 0 3 229 85 1 22 5 4 3 62 67 23 1 4 22 31 2 60 622 34 40 44 45 1 44 99 92 5 1 1 48 1 53 56 97 7 4 5 3 0 1 3 105 5 4 6 160 3 67 46 75 3 6 0 6 0 0 3 1 0 0 0 3 0 2 2 126 7 3 0 2 0 6 7 164 3 4 1 163 5 24 22 85 3 2 5 9 0 8 7 4 1 0 0 7 0 2 4 2 0 0 0 0 0 1 0 5 0 0 0 5 1 3 1 113 2 3 3 9 0 1 6 5 0 0 0 5 0 0 6 401 13 5 11 9 2 5 44 373 2 0 4 152 3 21 46 79 59 1 60 3 1 5 64 5 1 0 1 1 0 0 10 8 6 0 5 1 0 1 1 3 2 0 3 1 4 1 15 1 3 0 0 0 0 0 0 0 0 0 0 0 0 0 0 7 12 0 3 0 0 0 0 4 0 0 0 2 3 1 0 101 116 3 87 7 1 4 54 1 1 0 1 0 1 1 6 5 3 0 5 1 1 0 4 3 7 0 4 3 19 3 30 130 84 1 17 3 1 3 19 1 0 0 0 4 1 0 0 216 90 3 37 3 3 7 44 55 29 1 5 28 42 3 58 848 46 53 59 55 3 70 167 117 3 0 3 54 2 79 82 90 10 3 7 5 1 4 5 102 9 4 9 153 4 56 62 66 2 4 1 3 0 0 1 0 1 0 0 4 0 0 1 134 6 2 2 3 1 5 5 144 10 1 5 91 1 27 16 99 3 2 1 7 0 3 6 4 0 0 0 5 0 3 2 6 0 0 0 0 0 0 3 4 0 0 0 6 0 1 3 136 4 1 3 3 0 4 5 6 0 0 0 5 1 1 3 378 13 0 10 15 1 16 29 204 1 0 3 101 4 24 53 79 53 1 50 2 1 1 48 8 2 0 0 2 4 2 24 9 8 0 5 0 0 1 1 3 1 0 2 0 2 1 9 0 3 0 0 0 0 0 0 0 0 0 0 1 0 0 0 2 7 0 2 0 0 0 2 2 3 0 0 2 0 0 4 102 136 1 46 3 2 10 65 3 0 0 0 2 4 1 10 0 6 0 5 0 0 0 2 1 5 0 2 5 26 2 31 117 67 0 16 3 0 1 23 0 0 0 0 3 2 0 1 189 113 3 20 1 4 7 36 38 24 2 1 16 37 0 52 0
344 31 76 67 35 1 77 131 104 9 3 14 74 0 127 132 35 10 4 7 3 0 1 10 94 11 5 10 92 7 65 104 64 5 2 6 6 0 2 5 6 0 0 0 7 0 0 3 79 12 5 1 2 0 2 7 111 10 5 11 64 6 28 47 43 3 10 1 7 0 10 9 12 0 1 0 5 0 15 14 2 0 1 1 0 0 2 1 3 0 0 1 7 1 2 7 84 3 4 2 12 0 5 6 5 0 0 1 13 0 4 6 138 9 5 7 7 2 4 23 176 10 2 7 104 9 34 77 107 70 9 122 6 6 10 194 7 6 0 3 3 2 6 46 8 12 0 10 0 0 0 11 3 5 0 7 2 4 2 31 5 8 0 0 0 2 0 3 0 0 0 0 0 0 0 0 4 9 0 6 0 2 0 11 5 10 0 2 0 4 0 14 95 75 9 86 9 7 9 92 4 6 0 2 10 4 4 34 4 8 1 9 0 0 0 10 3 1 0 5 8 4 3 52 100 52 3 33 6 4 9 41 1 0 0 0 4 5 3 17 139 99 1 54 16 3 7 91 51 40 2 18 36 49 13 152 355 27 63 63 34 3 66 139 126 9 10 11 81 6 96 151 19 10 8 3 3 0 1 7 66 5 11 6 53 8 56 90 59 2 6 7 6 0 3 0 3 1 0 0 7 0 1 2 68 11 2 8 1 0 3 9 118 14 4 5 77 5 37 53 28 3 5 4 10 0 7 9 7 1 0 1 6 0 13 12 2 0 0 0 2 0 1 0 2 1 0 1 7 1 6 3 80 3 3 4 10 0 6 8 12 1 0 0 9 0 5 7 140 6 5 12 7 2 15 28 226 10 3 6 103 9 29 108 118 76 1 107 10 4 12 173 4 4 0 4 7 5 4 54 12 5 0 14 1 0 2 10 8 9 0 6 4 4 6 34 4 9 0 1 0 3 0 1 1 0 0 0 0 0 0 0 5 7 0 9 1 0 1 10 6 4 0 3 3 4 1 14 99 54 4 96 6 1 10 92 3 6 0 3 6 7 4 31 5 6 0 8 1 1 1 7 3 3 0 8 8 9 3 38 108 68 0 35 4 1 8 43 2 1 0 1 3 3 0 6 160 106 1 49 8 6 6 95 71 45 0 13 34 44 7 153 628 50 80 66 49 1 77 85 109 3 4 2 73 5 94 61 62 13 5 14 1 0 6 4 94 6 5 11 152 4 60 75 90 5 3 7 6 0 2 1 2 0 0 0 1 0 1 1 136 12 1 5 0 0 4 2 140 11 2 4 106 8 27 34 61 4 3 1 16 0 12 5 6 2 0 1 8 0 10 2 1 0 0 0 0 0 1 2 4 0 0 0 7 1 9 3 126 3 2 8 17 0 3 3 7 0 0 1 14 0 6 5 211 8 0 8 9 0 3 15 140 4 1 1 114 7 25 62 109 79 1 80 3 2 6 62 4 1 0 3 1 6 2 11 3 17 0 5 2 0 0 1 2 5 0 0 2 9 0 25 5 3 0 0 0 0 0 1 1 0 0 0 0 2 0 1 9 6 0 3 0 0 0 5 0 4 0 1 0 2 0 0 102 143 1 69 12 8 17 72 1 1 0 1 3 8 2 20 5 12 0 6 0 1 0 4 7 10 1 3 3 22 6 48 132 100 2 34 6 5 3 33 1 2 0 0 3 4 0 3 132 106 0 21 6 6 5 60 44 31 0 4 30 62 5 92 662 44 58 75 46 3 89 167 117 7 1 2 86 1 64 78 56 12 4 13 4 0 2 15 87 11 6 11 109 8 66 76 97 3 4 3 6 0 4 1 1 0 1 0 7 0 0 1 100 9 6 7 5 0 5 7 141 7 0 7 69 6 27 30 65 7 3 3 16 1 10 10 7 2 0 1 8 2 7 1 3 0 0 0 0 0 0 2 1 0 0 0 5 2 3 1 120 6 0 9 17 0 4 9 6 0 0 0 15 0 4 1 210 13 2 10 11 2 12 32 131 3 3 7 108 4 33 72 137 87 1 84 4 2 8 81 4 4 0 0 2 2 0 17 7 8 0 5 0 0 0 1 6 3 0 4 3 7 1 17 2 5 0 0 0 0 1 1 0 1 0 0 1 0 0 0 6 17 0 4 1 0 0 3 1 4 0 1 1 2 0 4 81 115 8 53 13 8 8 82 4 1 0 0 4 5 4 19 2 10 0 4 0 0 0 7 2 10 1 2 7 15 0 38 134 64 1 42 3 3 6 24 0 1 0 0 5 4 0 8 147 90 0 23 10 5 3 72 34 24 0 6 26 43 4 103 0
536 59 40 93 39 1 60 254 148 9 6 17 55 2 107 232 47 8 1 11 2 0 2 12 79 5 2 9 64 2 31 74 36 3 2 0 5 0 1 1 2 0 1 0 2 1 1 2 80 8 1 8 2 0 7 5 91 7 1 5 43 1 19 39 49 4 4 3 6 0 12 8 7 0 0 0 6 0 10 13 2 0 0 0 0 0 3 0 1 1 1 1 2 0 1 6 81 3 0 2 11 1 4 8 7 1 1 1 8 0 3 13 223 7 2 6 10 0 12 64 158 6 1 13 80 7 49 132 131 75 1 109 9 1 11 187 8 3 1 1 7 0 3 46 13 5 0 9 0 1 1 8 3 3 0 3 1 6 0 18 4 4 0 1 0 0 0 4 0 0 0 0 0 1 0 1 15 12 1 7 0 0 0 8 3 0 0 0 1 0 1 2 78 71 1 48 8 5 11 94 3 1 0 3 4 1 5 30 3 2 0 1 0 0 0 8 3 3 0 0 2 6 0 21 81 40 2 31 8 4 3 40 1 1 0 2 4 4 1 4 205 79 1 33 12 7 17 113 34 18 1 7 17 21 6 103 716 92 52 103 52 10 98 330 135 10 2 13 71 4 118 282 40 2 5 9 1 1 2 8 54 6 3 12 87 1 52 103 35 7 0 0 2 1 1 3 0 0 0 1 1 0 3 3 67 6 0 3 0 0 5 10 59 0 0 2 29 2 26 27 34 3 5 3 6 0 3 18 4 0 0 0 15 0 4 10 2 0 0 0 0 0 0 0 3 0 0 0 0 0 2 4 50 2 1 2 8 0 7 8 2 0 0 0 5 1 4 14 130 6 2 6 10 0 6 58 118 9 2 6 66 3 38 87 133 87 0 106 8 7 7 209 15 4 0 2 4 5 2 60 4 9 0 7 1 0 1 9 3 1 0 5 1 3 1 35 7 8 0 0 0 0 0 4 0 0 0 0 0 0 0 1 3 4 0 2 1 0 1 7 0 3 0 1 0 3 0 6 40 81 1 54 8 2 8 99 4 0 0 2 1 4 4 35 2 3 0 0 1 0 0 4 2 1 0 2 0 1 3 28 73 47 0 18 5 7 4 44 1 0 0 0 0 4 0 7 159 74 2 25 7 3 7 89 35 17 0 6 14 27 6 91 655 47 61 58 68 5 86 178 90 7 4 10 98 7 205 331 80 6 5 11 2 0 3 7 72 5 4 10 112 11 177 136 32 5 3 2 2 0 2 3 3 0 2 0 4 1 3 2 66 13 2 4 1 0 3 6 113 5 4 3 133 3 30 45 78 4 1 4 4 0 8 6 4 0 0 2 6 0 2 5 4 0 1 0 1 0 0 0 4 0 3 1 5 0 3 3 68 2 2 2 10 1 1 3 7 0 0 0 9 0 1 3 191 4 1 9 5 0 4 16 158 6 0 5 80 2 29 64 66 36 1 72 5 5 13 190 5 1 0 2 3 4 5 51 8 3 0 3 0 0 0 8 2 3 0 6 1 5 4 26 4 3 0 2 2 1 1 1 0 0 0 0 0 1 0 2 8 5 0 1 1 0 1 12 2 2 0 0 1 6 1 7 50 66 5 45 5 3 4 52 1 1 0 0 3 4 1 22 3 6 0 2 0 2 1 4 4 1 1 3 2 12 3 41 62 89 1 15 7 4 4 26 3 0 1 0 2 1 4 3 130 48 0 9 6 5 2 55 20 25 0 7 14 22 8 86 1734 138 31 105 52 2 41 189 26 2 0 0 34 3 16 24 93 5 1 3 3 0 1 3 72 7 0 7 63 1 17 23 51 2 1 1 1 0 2 0 0 0 0 0 1 0 0 0 79 2 1 0 3 0 1 1 52 2 0 4 45 0 9 7 165 12 1 7 2 1 4 11 3 0 0 0 3 0 1 0 5 0 0 0 0 0 0 1 3 0 0 0 4 0 1 4 131 3 1 7 4 0 2 4 0 0 0 0 13 1 1 0 320 8 1 4 3 0 5 16 70 6 1 1 43 0 4 15 53 91 1 92 1 0 1 72 0 0 0 1 0 1 0 4 5 7 0 2 0 0 0 0 0 0 0 0 0 1 0 6 0 3 0 1 0 0 0 0 0 0 0 0 0 0 0 0 1 7 0 1 0 0 0 1 0 0 0 0 0 2 0 1 162 257 4 54 2 2 5 57 1 1 0 1 0 2 1 7 5 7 0 1 0 1 0 2 4 2 0 0 4 17 1 17 137 100 0 15 3 2 1 22 0 1 0 1 2 0 0 0 122 96 0 13 1 3 3 29 10 16 0 1 12 30 0 31 0
628 54 58 118 70 3 122 361 114 4 1 7 87 9 96 193 48 6 3 11 0 0 4 17 74 5 0 11 72 7 39 94 52 3 4 2 2 0 0 3 3 0 0 1 5 0 0 2 60 10 2 6 2 1 2 12 101 7 0 3 42 4 25 31 56 2 4 0 6 0 11 13 4 0 0 0 6 0 2 11 2 0 1 0 0 0 1 1 2 0 0 1 3 1 4 2 65 5 4 3 11 1 2 10 8 1 1 2 8 0 1 5 183 15 3 9 10 0 9 57 146 4 1 11 76 5 33 85 119 82 2 112 6 8 11 236 8 2 0 1 5 6 2 38 5 6 0 5 0 0 0 9 2 4 0 1 2 8 0 32 0 1 0 3 0 0 0 2 0 0 0 0 0 1 0 2 5 7 0 4 0 0 1 7 1 2 0 0 0 3 0 5 67 96 2 51 5 8 10 81 3 2 0 2 3 4 5 25 1 8 0 3 0 0 0 7 5 3 1 1 5 6 0 24 76 47 2 22 13 3 6 36 1 0 0 1 5 3 0 2 105 67 0 36 2 6 4 72 24 17 0 3 17 24 3 87 606 54 47 90 66 2 102 355 149 8 1 6 96 4 80 198 58 3 4 15 4 0 2 22 72 4 2 5 40 3 47 77 51 3 4 1 5 0 2 3 3 0 0 0 0 1 0 0 75 14 1 3 2 0 3 22 99 10 0 2 47 1 24 39 46 5 4 2 6 0 12 9 4 0 0 0 9 1 4 6 4 1 0 1 0 0 1 0 4 0 0 0 1 1 0 6 67 2 4 6 10 0 3 17 8 1 0 1 8 0 3 3 269 13 1 15 16 1 12 75 154 5 1 6 72 3 25 88 160 87 2 96 7 2 8 240 11 1 0 2 2 1 0 38 6 3 0 12 2 0 1 11 4 6 1 2 1 3 0 14 1 1 0 1 0 0 1 1 0 0 0 0 0 0 0 1 5 6 0 2 1 0 2 7 1 1 0 0 0 1 0 6 76 39 2 23 4 0 13 82 1 3 0 0 1 4 1 16 2 3 1 2 1 1 0 3 2 2 0 0 4 8 0 23 80 25 2 22 7 2 1 34 0 2 0 1 1 0 0 4 160 75 2 24 1 2 6 97 46 21 0 4 19 22 2 83 693 64 53 104 68 8 120 263 132 8 2 8 79 3 104 206 58 9 2 11 5 0 6 14 77 7 3 12 76 8 56 87 59 6 1 2 5 0 2 5 1 0 0 0 3 1 0 1 102 11 3 4 1 0 2 9 82 5 0 2 38 2 16 43 56 2 2 1 7 0 9 14 4 0 0 0 7 0 9 4 4 0 0 0 0 0 0 1 2 0 0 0 2 0 5 2 84 4 1 4 8 0 6 10 8 0 0 0 13 0 3 4 183 12 2 10 9 0 10 23 130 3 0 4 89 5 33 83 118 87 1 125 7 3 9 141 4 2 0 1 3 5 0 35 1 7 0 10 0 0 2 3 4 4 0 8 4 4 0 27 2 1 0 1 0 1 0 1 0 0 0 0 0 1 0 1 5 11 0 3 0 0 0 8 2 4 0 0 1 4 1 5 83 80 5 62 8 1 12 94 3 2 0 0 1 3 2 34 1 8 0 6 0 0 0 3 5 3 0 2 6 12 2 41 73 54 1 31 6 4 1 28 1 0 0 0 3 0 0 6 121 70 0 34 5 8 5 68 31 11 0 8 14 33 3 87 589 62 82 80 59 2 110 203 119 4 4 8 95 1 121 138 60 13 1 7 1 0 3 10 73 8 3 9 120 7 69 107 73 3 2 3 4 0 1 2 3 1 0 0 5 0 3 2 94 6 1 5 3 2 4 6 120 5 2 5 99 3 26 31 43 3 6 3 9 0 13 13 4 0 1 0 8 0 9 9 5 1 0 0 1 0 0 1 3 0 0 0 4 1 2 6 86 5 4 3 10 0 1 10 5 0 0 0 12 1 3 4 160 10 2 7 11 2 9 26 126 5 2 3 89 5 29 55 90 69 1 132 6 2 5 124 3 1 0 2 5 3 1 28 10 5 0 9 0 0 0 3 1 2 0 5 1 8 0 25 2 3 0 0 0 0 0 0 0 0 0 0 0 0 0 1 8 13 0 5 0 0 0 2 0 7 0 0 2 4 0 10 76 107 8 116 6 10 9 91 1 4 0 0 3 8 1 21 1 4 0 12 1 1 2 9 4 7 0 5 3 24 2 53 97 62 0 31 6 4 9 27 2 0 0 0 2 3 0 7 111 87 1 42 3 3 3 58 25 32 0 5 29 44 5 79 0
805 68 70 99 81 2 120 389 76 4 1 6 88 5 109 175 54 5 2 14 3 1 4 11 88 3 4 7 94 11 39 85 54 5 1 2 3 1 1 1 1 0 0 0 4 0 0 1 90 11 3 1 6 0 2 16 95 8 0 2 48 4 18 31 47 1 2 3 7 0 14 4 5 0 0 0 7 0 6 3 2 0 0 0 0 0 1 1 1 0 0 0 8 0 1 2 82 2 0 2 11 1 2 8 6 1 0 0 6 0 0 1 248 10 4 10 10 0 7 36 119 4 2 3 74 2 36 55 73 92 2 113 4 5 5 182 3 3 0 1 5 6 0 40 2 12 0 2 0 0 1 4 1 4 0 4 0 3 0 27 4 2 0 0 0 0 0 1 0 0 0 0 0 0 0 0 6 7 0 3 1 0 0 4 1 0 0 0 1 3 1 4 67 120 5 74 6 5 9 74 2 1 0 0 0 7 0 16 1 7 0 1 1 0 0 6 0 4 0 0 8 16 2 36 74 46 1 17 5 0 2 25 0 0 0 0 1 2 0 2 98 65 1 15 4 3 2 47 32 24 0 0 19 33 2 67 721 74 66 106 70 6 108 323 106 4 1 3 85 5 94 177 69 11 2 7 4 1 2 15 64 7 4 12 120 0 56 89 57 3 3 1 3 0 2 4 2 0 0 0 6 1 0 1 83 9 3 3 2 0 4 9 102 2 1 2 27 0 20 19 52 7 1 4 11 0 12 3 7 0 0 0 7 0 3 3 4 0 0 0 0 0 0 0 2 0 0 0 3 0 3 4 84 5 1 7 10 0 3 7 6 0 0 0 8 0 2 3 212 3 3 8 12 0 13 50 131 4 1 1 78 3 30 63 119 90 1 130 5 2 6 172 2 0 0 0 2 7 1 44 4 4 0 7 0 0 0 5 1 1 1 4 4 1 0 19 0 5 0 0 0 0 0 0 0 0 0 0 0 0 0 0 7 14 0 2 0 1 0 3 0 0 0 0 2 1 0 1 64 136 3 52 11 6 13 82 3 2 0 0 2 4 0 14 2 4 0 0 0 0 0 4 4 3 0 1 3 21 4 39 113 51 0 18 5 1 1 19 1 0 0 0 1 1 0 4 134 69 0 21 3 1 4 62 23 17 0 6 19 42 1 59 754 68 37 99 78 1 98 380 92 1 1 10 95 3 116 319 59 3 1 13 2 0 4 14 72 2 1 5 115 3 44 90 31 1 2 1 2 0 4 4 1 0 0 0 3 0 0 1 53 4 0 3 4 0 3 8 92 6 0 3 36 0 20 25 51 2 1 2 4 0 11 17 4 0 0 0 7 0 6 6 0 0 0 0 0 0 0 2 2 1 0 1 3 0 0 3 52 2 1 7 7 0 5 8 1 0 0 0 9 0 2 7 163 8 2 8 10 0 4 34 234 5 3 5 61 3 24 63 84 89 0 102 4 3 5 308 4 2 0 0 1 3 0 63 0 6 0 2 0 0 0 5 0 3 0 1 0 1 0 22 0 2 0 1 0 0 0 0 0 0 0 0 0 0 0 0 2 9 0 2 0 1 0 5 1 2 0 0 0 1 0 4 46 151 1 55 7 5 7 90 2 0 0 0 3 4 1 27 1 5 1 0 0 1 0 6 1 3 0 0 3 23 3 18 69 28 0 12 3 2 3 25 1 0 0 0 4 3 0 1 142 34 3 23 3 4 2 59 36 11 1 2 11 10 0 44 806 67 46 111 79 3 121 296 91 5 1 2 83 1 105 221 53 7 2 8 2 0 4 7 73 8 2 9 96 3 87 101 40 4 4 1 2 0 1 5 0 0 0 1 4 1 0 0 73 7 1 4 4 1 2 7 69 7 1 1 73 2 23 25 57 3 5 2 8 1 1 10 5 0 0 0 3 0 6 7 1 0 0 0 1 0 0 2 0 1 0 0 3 0 1 5 69 3 2 3 7 0 0 13 5 0 0 0 3 0 1 2 191 8 0 6 10 0 13 31 150 4 0 5 85 6 31 59 94 88 3 134 3 5 7 259 4 2 0 1 6 4 1 39 6 6 0 7 0 0 0 6 1 2 0 2 1 3 0 27 0 3 0 2 0 0 0 0 0 1 0 0 0 0 0 0 2 7 0 2 0 1 0 4 1 1 0 1 0 3 0 1 74 97 2 93 5 7 7 95 0 1 0 0 3 5 4 11 2 3 0 3 0 0 0 3 3 3 0 2 4 5 1 36 53 59 0 23 6 0 1 22 1 0 0 0 2 0 0 1 93 62 0 37 5 0 3 64 24 10 0 4 14 31 3 57 0
435 47 46 85 54 4 76 159 124 9 4 11 110 1 128 150 59 4 4 9 2 1 1 9 89 11 4 14 86 4 63 94 63 1 2 1 7 1 3 2 2 0 0 1 5 0 1 3 96 12 1 7 3 1 3 9 150 12 3 5 75 4 39 66 42 3 5 0 7 0 11 5 10 0 0 1 8 0 15 10 3 0 3 0 0 0 1 1 4 1 0 1 3 0 5 5 70 3 4 3 8 0 6 8 5 0 1 0 17 0 4 4 180 10 2 6 8 0 9 26 174 9 1 8 117 7 45 88 100 86 1 130 7 1 8 195 6 5 1 2 4 4 2 59 5 4 0 12 1 0 0 10 1 8 0 4 2 2 0 22 4 4 0 2 1 0 0 1 0 2 0 0 0 2 0 2 8 12 0 6 0 0 0 4 0 4 0 1 1 3 0 5 73 74 2 95 9 4 9 78 7 2 0 2 4 2 2 33 7 2 0 5 2 1 0 7 2 1 1 3 0 6 2 28 84 51 1 23 8 7 6 50 4 1 0 0 3 5 1 9 118 72 2 32 12 5 8 72 42 31 1 4 25 31 10 109 481 64 77 104 45 1 76 169 70 14 3 8 66 4 103 137 30 8 2 8 1 0 2 9 75 7 4 10 70 2 69 84 56 2 3 4 3 0 3 4 2 1 0 0 4 0 1 1 72 14 0 5 4 1 1 13 95 13 1 3 62 3 26 32 61 4 5 5 6 0 9 6 8 1 0 0 4 1 8 7 3 0 3 0 1 0 0 2 1 0 0 0 6 1 5 5 66 5 4 4 5 1 6 7 7 1 0 0 15 0 6 7 188 8 4 3 14 0 8 22 109 6 1 6 107 2 37 74 105 82 2 146 5 6 15 190 7 6 0 2 6 5 3 47 9 10 0 6 0 0 2 9 3 7 1 2 4 5 0 33 7 4 0 4 0 1 0 2 0 1 0 0 0 1 0 1 9 12 0 5 0 0 0 4 2 1 0 1 3 1 1 7 94 117 5 89 10 4 7 108 5 3 0 0 6 8 0 29 2 4 1 2 0 0 1 6 5 5 0 3 3 14 5 49 124 86 3 30 9 3 4 41 1 2 0 0 6 5 1 8 134 106 0 35 9 9 7 79 53 27 1 4 29 46 9 128 758 66 62 85 66 5 92 178 89 2 3 7 78 3 80 86 63 13 5 13 4 0 8 12 99 9 5 17 98 9 55 71 92 5 3 3 2 0 0 6 0 0 0 0 5 0 0 1 103 13 1 3 4 0 4 11 94 5 0 1 50 5 15 22 80 7 4 3 12 0 15 14 5 0 0 1 10 1 3 3 6 0 0 0 0 1 1 1 3 0 0 3 4 0 7 5 135 4 1 7 11 1 3 6 8 0 0 2 23 1 3 4 291 12 1 10 7 1 5 23 123 7 0 6 81 3 33 56 107 91 1 90 6 0 9 98 2 1 0 0 0 2 0 17 5 4 0 6 0 0 1 5 5 2 0 5 2 3 1 27 2 5 0 0 0 0 0 1 0 0 0 0 0 0 0 0 11 15 0 1 2 0 1 3 4 1 0 1 0 5 0 2 97 115 4 69 7 7 13 75 0 2 0 1 2 1 2 14 4 9 0 6 0 0 1 1 3 5 1 2 4 21 1 31 99 82 1 19 9 3 6 23 1 0 0 0 5 3 0 7 135 79 1 29 5 5 8 61 28 20 0 1 31 48 4 75 826 73 85 97 71 1 92 163 92 7 4 4 91 2 89 84 71 16 4 12 3 0 4 10 96 10 5 15 124 5 57 85 55 3 3 1 4 1 0 3 0 0 0 0 2 0 0 1 123 12 2 3 0 0 4 6 85 8 0 2 80 3 14 19 71 5 5 4 18 0 9 6 2 1 0 0 13 1 7 2 3 0 0 0 1 0 1 0 5 0 1 1 8 0 5 4 116 4 3 4 12 1 8 6 3 1 0 1 11 0 5 2 253 8 3 9 15 2 6 30 102 5 1 4 94 3 25 53 105 82 1 83 3 3 4 78 3 0 0 0 2 2 0 24 10 12 0 9 1 0 0 5 1 3 0 1 4 7 1 17 3 4 0 2 0 1 0 1 0 0 0 0 0 0 0 0 11 14 0 4 0 0 0 2 0 2 1 1 0 1 0 2 98 125 4 65 13 4 7 77 1 1 0 1 1 7 2 19 2 6 0 4 0 1 0 6 7 5 1 4 7 28 4 31 103 56 0 22 6 4 0 22 3 1 0 0 1 3 1 2 138 98 0 26 3 2 7 51 17 19 0 1 27 38 7 82 0
585 61 69 62 59 4 72 150 76 4 2 2 63 2 120 100 53 6 2 5 3 0 3 10 73 7 9 10 151 6 155 77 75 6 3 3 5 0 3 3 1 0 0 0 7 0 1 1 74 6 1 3 5 0 2 9 130 8 0 1 103 3 29 15 46 3 5 3 3 0 9 8 9 1 0 0 4 0 4 2 3 0 0 0 1 0 1 1 2 0 2 0 6 0 8 4 78 3 3 5 8 0 6 1 4 0 0 1 7 0 1 5 202 5 1 4 10 0 7 33 149 5 1 4 99 4 26 51 70 72 2 118 3 3 1 92 7 2 0 1 2 6 0 20 3 5 0 5 0 1 0 2 6 3 0 1 1 1 1 26 3 6 0 2 0 0 0 0 0 0 0 0 0 0 0 0 6 4 0 0 0 0 0 4 3 3 0 0 0 4 0 4 78 186 3 135 4 9 6 85 1 3 0 2 4 4 4 19 3 9 0 5 0 0 0 4 2 4 0 4 9 24 5 56 107 233 0 48 3 8 3 21 2 2 0 0 1 3 1 4 138 94 1 32 2 2 1 43 37 27 0 5 29 55 10 57 627 63 96 102 69 5 90 232 58 7 3 6 89 2 121 134 52 4 8 10 3 1 2 8 75 9 8 9 104 4 88 86 69 5 5 4 5 1 0 2 0 0 0 0 5 2 1 2 63 7 1 4 7 1 7 3 97 0 1 5 123 4 40 24 56 2 6 3 4 0 6 16 2 1 0 0 5 0 6 7 3 0 0 0 0 0 0 0 6 0 0 1 7 1 6 6 81 2 3 4 10 1 6 10 4 0 0 0 6 0 3 2 150 9 0 5 3 0 7 30 132 5 1 0 87 3 24 45 67 104 2 90 1 4 8 134 3 5 0 2 4 2 0 45 3 6 0 2 0 0 0 6 5 4 0 2 3 5 1 23 1 7 0 4 0 0 0 1 0 0 0 0 0 0 1 0 3 8 0 4 0 1 0 4 4 2 0 0 3 3 1 5 64 138 5 82 5 6 6 77 1 1 0 1 2 9 2 31 6 6 0 3 0 0 1 3 3 4 0 2 7 19 0 49 103 178 5 32 4 7 3 23 1 2 0 0 2 4 0 11 128 89 0 18 4 7 2 56 39 24 1 3 32 62 6 74 883 74 86 96 86 2 114 225 64 3 2 5 88 1 96 130 73 10 6 8 3 0 8 3 76 7 6 3 106 11 103 68 73 6 3 1 4 0 3 0 2 0 0 0 4 0 2 1 89 7 1 2 0 0 3 5 64 2 1 0 54 1 29 19 62 2 4 4 15 0 9 2 3 1 0 0 3 0 7 5 1 0 1 2 0 0 1 2 1 0 0 0 1 0 4 3 75 1 2 1 11 1 3 4 3 0 0 0 9 0 2 3 207 7 2 6 8 2 7 41 103 1 2 2 74 3 25 49 56 103 1 80 2 0 2 70 5 0 0 1 0 6 1 28 5 4 0 3 0 0 0 3 4 2 0 1 0 5 1 15 1 3 0 1 0 0 0 1 0 0 0 0 0 0 0 0 5 9 0 0 0 0 0 4 0 3 0 1 0 6 0 3 82 190 5 94 3 11 7 68 3 1 0 0 0 6 3 16 4 7 0 1 0 1 0 3 2 7 0 5 6 23 2 37 81 175 0 22 9 3 4 28 1 0 0 0 5 4 0 5 161 83 1 22 7 4 1 41 34 33 0 2 18 32 6 63 706 69 70 88 79 2 98 186 84 5 1 4 87 1 119 105 56 5 5 6 2 0 4 10 80 10 11 8 117 13 168 62 78 8 7 5 1 0 1 0 1 1 0 0 5 0 1 1 88 12 4 6 4 0 4 8 93 4 1 2 98 4 23 30 62 3 2 2 4 0 14 10 5 0 0 0 6 1 9 3 0 0 1 0 0 0 0 1 4 0 0 1 11 0 4 6 73 2 2 4 14 0 6 10 5 1 0 0 7 1 3 4 162 9 2 7 13 1 5 16 107 4 0 2 68 4 29 45 70 82 2 128 7 1 3 90 4 3 0 1 3 3 0 20 3 8 0 7 0 0 0 3 1 2 0 1 4 7 7 21 2 5 0 2 0 0 0 2 0 0 0 0 0 1 0 0 6 8 0 3 0 1 0 2 1 4 0 0 0 4 1 2 88 129 8 96 9 8 5 74 2 1 0 0 2 4 0 14 3 5 0 7 1 0 0 3 1 6 0 6 9 14 3 62 105 167 1 24 6 8 2 29 0 0 0 0 3 8 0 4 150 68 1 26 4 0 4 47 25 21 0 4 32 63 4 79 0
395 29 94 68 36 1 57 36 95 15 12 16 61 6 78 63 48 13 14 16 3 1 4 8 74 18 19 15 36 10 69 87 107 10 5 8 12 3 7 7 4 0 0 0 18 4 8 5 75 22 8 10 8 1 10 4 73 13 3 15 59 8 32 38 33 2 11 1 14 1 8 7 14 0 1 3 8 2 18 16 8 3 2 0 2 0 0 0 4 1 2 1 7 1 10 14 68 6 10 4 18 2 8 13 9 2 0 0 13 2 10 14 48 12 8 8 9 1 9 8 59 7 3 7 61 13 55 96 100 62 12 68 14 8 10 54 11 7 2 8 8 8 5 37 12 9 3 15 2 0 4 8 3 9 2 9 3 5 5 34 19 8 1 8 1 1 1 5 0 0 0 1 0 2 0 3 14 24 0 9 3 2 1 8 2 12 1 6 8 9 1 33 60 35 6 46 8 4 23 80 13 5 1 2 13 6 15 47 7 5 4 10 1 0 2 11 6 7 5 11 8 12 21 92 88 48 5 32 24 16 11 51 8 5 0 1 10 14 4 28 97 78 2 58 14 19 6 96 44 43 8 20 59 86 38 326 426 39 85 66 44 4 78 63 106 19 15 13 65 4 96 115 37 6 10 13 3 0 10 8 67 12 16 21 44 5 58 89 82 13 9 9 12 2 6 10 15 0 0 0 2 1 4 2 57 11 7 10 4 1 3 9 48 16 4 4 45 3 28 51 26 0 11 1 3 0 9 11 9 2 1 4 9 0 18 17 3 2 3 0 0 0 0 2 6 2 4 1 10 0 15 10 49 5 12 6 9 2 14 6 11 2 1 3 19 0 5 14 53 11 6 8 8 2 8 15 55 6 6 11 62 11 56 111 107 61 7 78 16 12 18 92 12 12 0 2 8 9 5 47 15 17 1 13 1 1 2 18 12 11 1 7 4 7 6 53 19 12 1 3 3 2 0 6 1 2 0 0 2 3 0 1 16 15 0 11 3 3 2 13 7 5 1 4 2 12 2 26 62 29 7 27 10 4 19 86 13 6 0 2 8 6 14 56 6 8 2 7 0 2 0 5 7 10 1 9 6 10 9 79 79 54 6 31 13 8 14 53 7 5 0 4 13 12 2 28 85 93 3 61 12 12 13 89 47 45 4 21 57 68 29 295 506 31 70 60 30 6 60 109 192 8 6 8 58 3 70 94 44 8 7 11 1 0 2 5 65 8 5 12 76 3 51 64 98 7 3 3 6 2 1 4 5 1 0 1 6 0 2 1 96 11 1 7 8 1 3 13 106 9 2 6 44 8 18 33 43 3 6 3 13 1 17 9 13 1 0 0 6 1 14 10 5 1 2 0 1 0 1 2 2 2 2 0 5 1 3 7 82 3 4 3 14 0 7 9 12 2 0 2 9 0 10 9 142 10 6 10 12 0 14 52 128 12 3 14 76 16 39 141 162 60 3 67 8 3 0 115 29 6 0 4 5 7 4 43 20 4 1 10 0 0 0 6 9 5 0 5 2 4 4 29 6 2 0 2 0 0 1 1 1 1 0 0 0 0 0 1 9 20 2 6 2 1 2 6 3 5 0 2 1 0 2 11 69 74 6 60 6 4 10 65 6 4 0 1 6 7 5 25 4 7 1 9 0 0 0 7 7 8 0 10 6 16 3 38 95 65 3 20 14 6 8 36 5 3 2 1 3 5 0 7 144 89 5 35 19 5 16 136 56 24 3 10 41 58 13 189 500 31 69 47 40 4 65 131 131 7 6 11 90 4 71 121 56 5 8 10 4 1 4 9 96 12 4 7 75 7 67 80 97 5 4 5 4 1 3 4 5 0 0 4 7 0 3 2 107 5 3 4 6 0 6 13 109 13 5 6 56 2 29 38 38 5 8 5 3 0 6 10 9 0 0 0 9 0 4 12 2 0 1 1 0 0 0 4 3 0 2 0 9 0 4 7 74 2 5 5 7 1 5 12 9 1 0 2 16 0 4 10 176 16 6 11 17 3 13 57 141 6 1 15 90 9 50 119 133 64 3 59 9 2 8 95 12 1 1 3 8 7 2 55 10 13 2 5 1 0 2 6 6 7 0 2 5 4 1 20 7 11 0 0 0 0 1 1 0 1 0 0 0 0 0 3 8 13 1 8 0 2 2 9 2 3 0 2 2 6 0 11 90 71 4 36 4 6 11 58 10 7 0 2 5 3 7 18 4 8 0 1 0 1 2 2 10 8 1 2 5 15 3 44 87 54 3 22 10 5 7 37 1 2 0 1 2 4 2 18 164 84 5 40 9 7 14 115 65 31 0 11 28 58 16 153 0
586 59 51 94 60 6 79 233 82 2 2 3 82 2 130 162 74 6 4 4 1 0 3 12 91 4 3 12 88 2 93 70 44 2 1 1 4 0 1 1 1 0 0 0 1 0 0 0 110 8 2 0 3 0 3 7 102 4 1 2 61 2 15 25 55 5 2 4 7 0 9 7 5 0 0 0 7 1 6 5 4 0 0 0 0 0 0 0 2 1 0 0 6 0 4 1 88 5 1 2 12 0 3 7 2 0 0 0 12 0 1 3 327 12 1 14 10 0 6 22 206 2 0 0 75 4 27 40 84 93 0 100 3 4 5 177 2 1 0 1 3 5 1 26 1 4 0 8 0 0 0 3 1 2 0 1 0 4 0 21 3 2 0 0 1 0 0 0 0 0 0 0 0 0 0 0 3 8 0 2 0 0 1 1 2 3 0 0 0 1 0 3 92 150 4 97 6 8 8 80 2 1 0 0 2 5 5 12 2 2 0 1 0 0 0 4 5 2 0 0 3 8 1 22 144 96 0 19 10 1 1 24 2 1 0 0 1 5 0 5 205 101 0 27 1 3 4 48 37 17 0 2 30 22 4 50 482 54 60 100 46 4 87 276 81 4 3 2 70 2 127 205 68 7 1 5 3 0 3 7 94 4 5 1 115 5 107 89 53 0 2 1 3 0 1 2 2 0 0 0 2 0 1 0 90 12 0 5 1 0 1 7 118 4 0 3 69 1 23 37 73 3 5 1 6 1 5 8 4 0 1 0 6 0 3 6 5 1 0 0 0 0 0 2 4 0 0 0 6 0 6 4 90 6 0 4 4 0 2 8 5 0 0 0 15 0 1 3 262 13 3 7 10 0 8 33 201 4 0 2 74 3 23 58 112 77 1 102 3 4 3 144 5 1 0 2 4 2 1 30 5 1 0 3 0 0 0 3 3 4 0 3 0 3 2 19 2 4 0 0 0 0 0 1 0 0 0 0 0 1 0 0 6 11 0 4 0 0 0 3 2 1 0 0 1 2 0 3 78 104 2 88 7 7 7 94 0 0 0 0 5 4 2 30 2 2 0 2 0 0 0 5 2 4 1 1 2 8 3 35 115 136 2 21 2 9 3 29 1 1 0 0 1 3 0 3 218 70 0 18 6 6 3 45 55 13 0 3 21 28 8 39 1315 83 37 68 64 3 73 238 80 1 1 3 61 0 62 78 79 11 2 4 3 0 2 4 72 5 3 4 123 1 54 55 49 1 3 0 0 0 0 2 1 0 1 0 1 0 0 0 94 8 1 3 4 0 2 4 68 2 0 0 45 1 13 11 86 2 1 2 5 0 6 8 1 0 0 0 7 0 6 2 5 0 0 0 0 0 0 0 5 0 0 0 1 1 1 0 77 1 1 1 7 0 2 6 2 2 0 0 9 1 1 1 506 8 3 7 11 0 6 31 159 2 0 1 67 4 24 48 61 81 1 90 2 4 4 76 3 0 0 1 3 0 1 18 6 5 0 1 0 0 0 1 2 1 0 1 0 0 0 8 1 1 0 0 0 0 1 0 0 0 0 0 0 0 0 0 3 7 0 2 0 0 0 5 1 0 0 0 2 2 0 0 89 156 3 40 8 4 7 65 1 1 0 0 1 0 2 12 1 1 0 2 0 0 1 3 1 1 0 2 2 28 0 18 71 55 0 14 4 3 1 12 0 0 0 0 0 3 0 0 194 64 1 16 2 2 3 35 33 15 0 2 12 18 1 41 881 49 56 67 47 2 67 204 63 8 4 6 68 3 67 98 86 5 3 5 4 0 2 6 105 10 2 7 185 5 86 63 63 0 1 0 3 0 2 1 2 0 0 0 4 0 0 3 94 5 2 4 2 0 3 3 90 5 2 1 69 0 28 13 92 3 2 4 9 0 6 8 5 0 0 0 2 0 5 2 3 1 0 0 0 0 0 0 2 0 0 0 7 1 2 3 109 0 0 4 9 0 6 2 2 0 0 0 10 0 0 3 373 15 3 6 9 0 8 37 147 4 1 3 85 2 25 28 68 75 1 75 5 2 0 93 1 3 0 0 1 2 0 15 2 6 0 3 0 0 0 2 1 4 0 1 2 4 1 13 2 3 0 0 0 0 0 1 0 0 0 0 0 0 0 0 2 11 0 2 0 0 1 1 0 4 0 0 0 2 0 2 96 144 1 66 2 5 4 67 1 0 0 0 1 3 3 22 1 6 0 3 0 0 1 7 4 2 0 1 6 15 2 32 108 73 0 28 3 2 3 22 2 0 0 1 1 0 0 2 257 105 2 24 6 5 2 33 40 20 0 3 26 34 4 52 0
409 44 95 69 34 7 52 69 109 11 14 15 46 10 73 106 35 10 10 10 1 2 6 10 46 13 10 5 41 6 71 74 83 16 15 8 14 1 12 10 15 2 0 1 12 3 6 2 50 12 9 11 6 2 0 7 56 9 5 11 50 8 29 61 49 5 20 2 8 0 9 7 19 4 2 2 8 3 15 17 8 1 0 2 0 0 2 2 5 0 2 2 7 0 12 10 57 8 6 3 10 0 7 10 11 3 3 1 16 2 13 9 56 12 5 7 7 2 10 19 85 17 4 9 70 9 43 107 105 65 19 58 8 9 8 72 16 10 0 7 7 6 6 55 14 8 2 13 1 3 3 17 6 10 1 11 7 6 9 50 16 12 2 3 4 4 2 8 0 3 0 0 2 2 2 1 10 15 1 11 3 1 4 10 6 9 1 8 5 6 4 34 39 40 22 55 12 8 19 62 5 10 0 9 13 4 17 53 11 7 4 17 0 2 1 12 9 5 3 13 5 12 15 87 58 50 5 24 19 11 15 51 4 2 0 3 10 8 2 33 68 69 3 39 14 13 15 87 44 50 2 31 45 88 28 330 430 45 67 78 38 3 71 156 141 8 12 7 88 0 121 174 30 9 4 14 3 0 3 16 55 14 4 10 47 10 45 85 44 5 2 4 5 2 10 7 10 0 1 0 5 0 5 4 51 12 3 10 3 1 5 17 69 11 2 5 59 6 27 42 41 1 7 3 7 0 16 11 13 3 1 0 9 0 16 14 2 0 1 2 1 0 2 4 2 0 1 1 5 1 6 6 68 4 1 4 12 0 3 9 7 0 1 0 6 1 11 17 88 11 3 12 7 0 11 44 109 8 1 8 56 8 33 98 156 96 7 121 7 5 11 203 19 12 0 6 6 8 2 61 5 7 1 16 2 0 2 14 4 5 1 8 5 3 2 49 4 7 0 0 0 3 0 1 1 1 0 0 1 3 0 2 3 15 1 8 3 1 1 11 1 5 0 4 1 3 1 14 76 63 6 87 10 2 10 100 6 3 0 3 7 7 6 33 2 5 0 5 1 0 0 9 2 3 0 7 3 10 7 48 89 36 3 35 11 9 1 63 6 0 0 2 5 4 2 19 94 69 1 43 8 9 14 120 34 27 1 10 20 36 10 203 531 40 105 91 87 4 105 336 72 1 3 7 52 3 101 274 48 7 12 7 4 2 8 4 61 6 8 9 75 9 113 53 103 7 14 3 11 1 2 1 6 0 0 1 8 0 2 4 50 13 8 4 6 1 3 7 91 7 2 5 94 7 35 22 33 4 9 3 5 2 1 4 6 0 0 0 6 0 8 5 6 1 2 3 0 0 0 0 0 2 1 1 10 1 6 5 79 2 4 2 8 0 4 6 8 0 0 1 12 1 4 1 108 8 5 5 9 1 8 10 180 1 2 3 75 4 31 27 42 59 6 74 8 4 7 180 1 3 0 3 3 5 2 76 5 5 0 8 0 2 0 5 0 5 0 4 3 4 0 19 3 10 0 3 0 1 0 3 0 2 0 0 0 2 0 1 2 6 0 2 0 0 0 0 3 4 0 0 3 5 0 12 47 87 12 85 6 7 3 72 3 5 0 2 7 8 2 34 4 5 4 6 1 1 3 7 4 9 6 10 9 44 9 79 55 98 1 36 3 6 3 21 1 0 0 1 3 11 2 12 38 53 3 28 8 12 4 39 32 39 2 20 32 97 14 137 579 65 56 87 63 3 107 311 104 10 1 8 53 6 84 220 30 7 3 4 8 0 4 13 38 7 2 6 83 4 32 72 41 7 8 5 7 0 3 3 11 1 0 1 10 0 2 0 48 6 1 7 3 2 7 8 71 14 0 6 55 3 25 38 51 4 7 2 4 1 6 9 8 2 1 0 8 1 7 8 4 1 2 0 0 0 0 1 2 1 1 0 5 2 4 5 76 5 3 6 5 1 6 18 18 1 0 2 13 1 4 3 111 11 3 14 11 2 8 39 128 15 3 8 53 5 15 82 104 63 9 106 7 4 12 217 11 2 0 2 0 12 3 78 8 6 1 12 2 0 2 15 6 4 0 8 4 5 2 38 6 2 0 4 1 0 2 3 1 0 0 0 0 1 0 3 7 9 0 5 2 1 0 10 3 7 0 5 2 7 1 16 60 104 9 105 13 6 9 80 3 4 0 0 2 6 3 21 2 8 0 3 0 2 0 8 3 5 2 4 4 23 5 46 61 43 1 32 6 3 6 27 0 1 1 3 6 4 1 12 100 62 2 42 5 5 6 94 29 46 0 12 16 42 6 141 0
386 19 41 34 33 2 67 116 207 7 9 10 67 5 83 202 27 5 3 4 3 0 0 7 63 13 3 12 45 3 37 65 29 0 3 3 0 1 0 7 6 0 0 0 5 0 2 4 58 5 5 7 2 0 4 14 75 16 0 6 45 4 20 50 29 2 5 0 5 0 6 10 7 0 0 0 3 0 9 12 5 0 0 0 0 0 1 0 3 2 0 1 1 0 3 11 76 1 0 4 6 0 10 10 10 1 0 0 7 0 6 6 197 12 4 12 14 1 15 79 236 12 2 17 83 8 48 171 196 55 3 88 9 1 9 179 22 5 0 4 5 7 4 73 18 8 0 10 0 0 2 16 8 3 0 3 3 4 2 25 4 1 1 2 0 0 0 6 0 3 0 0 0 0 0 1 12 12 0 5 1 2 2 9 3 6 0 2 1 0 0 12 63 44 8 38 6 2 10 71 5 3 0 3 4 3 2 28 2 4 1 2 1 1 0 9 9 3 1 4 5 8 1 32 100 34 1 28 7 6 4 41 2 0 0 3 3 2 2 10 255 80 1 38 13 6 10 157 78 31 1 8 22 33 11 157 356 19 41 36 44 2 52 143 184 15 2 16 83 6 94 206 27 3 2 2 3 0 6 12 70 10 4 7 58 1 42 70 43 1 4 2 3 0 4 6 12 0 0 1 6 1 4 3 53 3 4 6 2 0 6 14 96 13 0 2 33 9 24 68 33 4 6 3 3 0 9 11 13 0 0 0 7 0 6 15 5 0 0 1 0 0 0 0 0 0 0 1 6 1 3 9 47 2 3 5 4 1 11 9 17 1 0 0 8 0 6 15 135 10 5 16 8 1 19 51 202 11 3 9 85 12 39 149 178 73 6 99 8 5 19 191 21 5 0 3 8 6 3 64 11 6 0 12 0 0 0 13 5 2 0 2 3 4 2 32 2 4 0 0 0 0 0 2 0 1 0 0 0 0 0 0 15 9 0 7 0 1 0 11 3 6 0 2 1 4 0 21 70 42 2 78 8 0 8 89 8 4 0 1 5 2 6 25 3 3 0 7 0 1 0 11 5 7 0 3 3 4 1 32 99 47 2 26 6 7 4 52 6 2 0 0 2 3 0 5 179 84 4 59 12 5 12 161 67 35 0 20 23 29 6 162 576 47 70 82 66 4 86 110 113 6 7 8 95 1 98 105 62 9 8 15 2 0 1 8 89 12 12 15 109 7 147 94 97 8 11 3 7 0 1 1 3 0 0 0 7 1 1 1 88 12 1 5 3 1 3 14 128 11 0 1 92 9 30 44 54 1 4 2 9 0 13 13 7 0 0 0 9 0 10 7 4 0 1 0 0 0 0 1 1 0 0 1 3 1 6 6 91 1 2 7 15 0 3 10 6 0 0 0 14 0 4 9 150 9 4 10 11 1 10 22 135 10 2 6 93 1 35 73 113 81 3 68 8 3 5 59 4 5 0 1 4 2 1 15 6 8 0 11 0 0 1 8 1 2 0 3 3 9 1 21 3 6 0 1 1 1 1 1 0 0 0 0 0 1 0 1 8 16 0 2 1 0 0 2 1 2 0 2 0 4 1 8 96 92 6 46 11 5 12 73 3 4 0 1 3 4 7 21 7 7 1 3 0 0 0 11 5 7 1 1 7 18 3 52 110 77 0 22 8 2 4 26 1 0 0 0 3 4 1 8 124 103 5 34 10 5 8 90 36 32 0 4 30 57 6 116 610 48 53 74 52 2 77 150 125 11 3 10 65 0 96 96 72 12 6 15 6 0 1 11 95 6 5 12 61 5 63 67 57 8 3 0 6 1 1 2 2 0 0 0 2 2 0 0 103 16 1 8 8 0 5 8 101 9 2 8 36 3 13 20 76 4 4 2 15 0 10 14 11 1 0 0 7 0 7 8 7 0 1 0 1 0 2 0 6 0 0 1 3 1 5 8 102 3 3 1 10 2 6 9 11 0 0 0 11 0 3 8 223 19 2 16 13 1 12 48 156 9 1 9 90 1 42 89 133 85 5 80 5 1 7 107 7 4 0 0 2 6 3 17 6 9 0 12 1 0 1 6 5 1 0 3 3 0 0 12 3 3 0 1 0 0 2 0 0 0 0 0 0 0 0 1 11 9 0 0 0 1 1 6 1 7 0 0 1 1 1 6 107 95 4 45 13 1 9 71 5 2 0 1 0 1 2 15 5 3 0 4 1 0 0 6 2 7 1 4 6 6 2 27 159 78 1 27 12 0 3 31 1 0 0 0 6 3 0 4 188 112 1 45 7 9 5 96 29 24 0 6 33 35 8 104 0
442 43 115 71 32 9 47 48 110 5 18 13 53 3 86 64 47 10 14 11 6 0 6 8 71 10 20 26 32 6 59 74 95 21 13 16 15 2 6 6 10 0 3 0 6 2 4 9 74 18 11 13 5 1 11 9 52 19 3 11 34 9 30 34 40 5 13 1 9 2 10 4 11 2 2 2 20 1 14 14 7 4 1 0 1 1 0 1 8 1 2 4 8 3 24 14 54 5 9 6 6 1 8 7 8 2 0 2 14 2 13 18 47 6 9 5 8 1 14 19 48 13 5 15 55 10 54 86 83 63 19 43 10 5 11 33 13 10 2 4 13 13 4 47 11 17 2 12 1 3 1 10 10 13 4 14 4 6 8 44 15 13 0 6 3 5 1 7 1 2 0 1 2 1 0 5 13 15 0 10 3 2 1 15 3 6 3 2 5 14 3 25 52 33 12 41 11 8 24 55 13 6 1 7 6 7 19 48 4 5 5 12 2 0 0 9 5 7 2 12 15 7 18 94 76 46 5 13 22 15 12 50 10 4 0 5 16 14 5 34 72 78 3 48 20 21 13 87 38 48 6 31 66 89 47 347 420 47 125 63 36 6 61 45 100 14 16 18 55 12 67 105 53 8 16 12 2 2 4 9 49 11 19 23 37 5 66 80 111 14 11 11 8 1 12 5 8 3 1 2 7 1 3 8 67 12 5 8 2 0 5 7 46 16 5 8 30 9 29 52 35 3 9 6 8 0 11 6 11 0 5 2 6 5 18 22 7 2 5 2 0 0 2 1 4 1 2 3 6 0 13 13 54 5 11 8 14 2 15 14 14 2 0 2 11 1 9 17 40 7 5 6 14 1 10 11 39 10 4 13 55 11 53 103 96 59 12 61 8 5 10 69 9 9 3 5 7 13 3 52 15 18 4 6 2 2 3 14 9 10 1 8 4 10 2 56 19 11 0 6 3 6 3 5 1 0 0 2 3 3 1 1 20 18 1 8 0 1 1 14 8 6 2 4 2 6 5 28 49 22 7 28 10 4 15 61 13 7 3 2 12 10 18 62 8 6 0 8 0 4 0 20 6 11 2 5 9 13 17 99 76 54 4 25 27 14 4 56 4 6 0 2 14 12 5 34 94 79 6 47 16 16 11 86 40 44 3 26 61 99 31 314 499 25 68 51 34 2 42 92 162 14 7 8 74 6 61 85 33 6 8 13 1 0 5 14 66 11 4 14 30 5 54 76 68 3 8 4 6 0 4 5 6 1 0 1 5 0 1 1 79 13 7 11 5 1 5 12 89 6 7 11 54 8 41 35 27 1 7 3 7 1 9 7 13 2 1 2 8 2 18 7 2 0 0 0 0 0 0 1 6 2 1 2 1 0 5 14 71 7 4 9 15 0 7 11 12 2 0 1 13 0 5 13 127 9 7 13 10 1 17 69 118 14 5 18 74 9 54 121 166 68 3 77 5 4 6 105 27 3 1 3 6 6 2 34 8 18 1 7 1 0 1 5 9 4 0 1 6 6 1 28 6 11 0 8 2 1 0 1 0 0 0 0 1 0 0 0 16 12 0 8 1 1 1 8 5 11 0 1 2 3 1 13 79 55 7 42 12 1 14 60 8 7 0 3 7 8 11 31 6 5 2 5 1 1 1 7 4 6 0 8 5 11 5 53 108 76 2 33 13 7 8 33 7 2 0 4 10 8 2 17 151 76 3 44 16 14 21 150 53 32 4 14 46 69 19 192 450 33 71 46 34 3 51 118 156 6 7 6 70 2 66 117 55 7 13 9 2 0 3 9 79 9 9 10 59 7 60 64 93 8 4 4 8 1 4 1 5 0 0 0 6 1 3 2 84 13 3 6 2 2 7 12 103 7 1 12 60 6 28 40 50 2 11 2 9 0 12 9 8 0 0 1 11 2 13 7 3 1 2 0 1 0 0 0 5 1 1 1 4 0 4 9 71 5 6 6 12 1 8 10 11 1 0 2 13 0 8 9 170 13 4 17 14 1 13 76 152 11 2 14 108 8 45 123 159 50 2 65 7 4 11 95 24 3 1 5 6 5 4 36 10 14 0 16 3 0 0 3 10 6 0 1 5 3 3 32 10 8 0 0 1 0 0 0 1 3 0 0 0 2 0 1 13 10 1 5 1 1 0 9 2 5 0 1 1 5 0 8 79 56 4 34 8 2 11 58 3 5 0 1 3 1 7 22 2 13 1 4 1 1 0 6 4 4 2 9 5 10 2 54 128 50 4 25 8 5 7 37 5 2 0 0 9 4 0 10 155 99 1 36 8 8 10 119 63 44 3 17 35 50 14 177 0
1038 142 56 137 94 2 111 333 54 1 0 6 80 3 107 166 80 9 2 11 6 0 1 7 65 6 2 5 138 7 59 89 47 0 1 0 1 1 0 1 0 0 0 0 2 0 0 2 68 9 0 2 0 0 2 5 59 5 0 1 34 3 10 12 98 10 2 2 13 0 5 2 3 0 0 0 9 0 3 2 2 0 0 0 0 0 0 1 2 0 1 0 5 0 2 3 104 2 0 1 4 0 0 6 1 1 0 0 6 0 3 3 193 14 0 6 8 0 4 16 49 0 0 1 69 4 13 19 69 109 1 143 6 3 3 279 2 0 0 0 1 1 0 33 2 4 0 2 0 1 0 4 2 1 0 2 0 4 1 22 0 5 0 0 0 0 0 0 0 0 0 0 0 0 0 0 3 5 0 1 0 0 0 1 0 1 0 0 0 1 1 0 92 162 3 77 7 7 5 77 1 1 0 0 3 6 1 16 2 3 0 1 0 1 0 1 0 3 0 0 2 9 0 21 76 61 1 22 5 1 3 11 0 1 0 0 0 0 0 5 82 77 0 23 1 3 0 30 11 6 0 1 12 15 1 40 680 71 60 90 80 5 115 316 80 4 1 1 79 5 185 243 46 6 4 13 0 1 0 7 75 4 3 7 137 6 93 141 43 3 2 1 5 1 0 3 2 0 0 0 4 0 1 0 75 11 2 1 2 1 2 6 103 7 1 2 112 3 29 33 68 3 2 5 4 0 8 13 0 0 0 1 4 0 8 4 3 0 0 1 0 0 0 0 1 0 0 1 5 0 1 5 93 3 0 4 8 1 3 8 5 0 0 0 9 0 0 4 148 6 4 6 7 1 5 25 81 1 1 2 85 3 24 40 82 68 3 132 4 0 3 216 3 4 0 0 3 4 2 59 1 6 0 2 1 0 0 7 3 2 0 1 1 3 0 33 0 0 0 1 0 0 0 0 0 0 0 0 0 0 0 0 2 5 0 2 0 0 0 6 0 1 0 0 1 5 0 3 58 118 4 104 7 4 12 86 1 2 0 0 0 3 1 24 1 3 0 4 0 1 0 4 3 5 0 0 4 9 4 31 75 58 0 24 2 1 2 34 0 0 0 0 0 3 0 4 87 88 0 10 4 2 1 48 18 16 0 3 24 23 1 59 1165 55 23 47 45 2 39 114 52 3 1 0 43 1 30 35 116 6 1 3 3 0 2 9 81 2 1 4 97 1 24 43 51 0 0 4 2 0 0 0 0 0 0 0 1 0 0 3 127 5 2 1 1 0 4 7 106 1 0 1 46 0 9 12 163 2 1 4 2 0 9 9 4 0 0 0 5 0 0 0 3 0 0 1 0 0 0 0 3 0 1 0 11 0 0 0 171 3 0 3 7 0 2 6 1 0 0 0 3 0 2 2 539 14 2 13 6 0 4 28 193 1 1 3 85 1 12 29 68 73 0 40 1 0 0 38 0 2 0 0 1 1 0 4 1 5 0 0 0 0 0 1 0 1 0 0 0 0 0 6 2 0 0 1 0 0 0 0 0 0 0 0 0 1 0 0 3 7 0 1 0 1 0 0 1 0 0 0 0 0 0 0 135 162 1 30 2 0 5 50 1 0 0 1 1 1 0 6 4 4 0 0 0 0 0 4 5 3 0 4 3 16 1 19 204 101 0 18 8 3 2 11 1 1 0 0 3 2 0 1 304 128 0 13 2 2 6 30 34 25 0 1 17 31 3 28 965 44 22 56 46 1 50 118 52 1 2 5 42 1 54 76 123 8 2 5 4 0 0 6 82 7 3 7 89 5 24 34 69 1 1 0 1 0 0 1 2 0 0 0 2 0 0 0 158 13 2 0 2 0 3 4 87 3 1 1 55 1 8 6 161 4 5 5 5 0 5 3 5 0 0 0 4 0 5 1 6 0 0 1 0 0 0 0 4 1 0 0 12 1 2 4 191 3 1 3 8 1 2 5 2 0 0 1 8 0 2 1 504 19 2 11 10 1 4 29 139 1 0 0 82 1 12 31 78 56 0 38 0 0 0 47 2 2 0 0 0 1 1 4 5 4 0 4 0 1 0 1 1 3 0 0 1 3 0 13 4 4 0 0 0 0 0 1 0 0 0 0 0 0 0 0 3 12 0 0 0 0 0 1 1 0 0 0 0 1 0 0 144 136 1 40 3 5 9 46 2 2 0 0 1 2 0 8 11 4 1 2 1 0 0 1 5 4 0 2 4 11 1 18 214 133 0 10 6 1 3 16 0 0 0 1 3 1 0 0 294 141 1 21 5 1 5 42 30 25 0 2 37 27 1 37 0
563 57 87 63 76 4 84 144 160 18 8 10 98 5 97 113 42 10 13 16 6 0 4 12 68 14 12 14 104 5 141 100 83 10 8 8 11 1 4 9 8 0 0 1 8 0 3 2 56 13 5 8 5 1 5 12 50 15 1 7 38 10 24 45 36 4 8 3 10 0 11 7 10 1 0 3 14 1 12 15 1 0 2 0 0 0 1 1 3 0 0 3 9 1 13 6 51 5 2 5 12 0 5 15 10 3 1 0 18 0 2 13 59 3 4 5 5 1 14 56 96 6 4 9 57 18 31 139 147 76 12 69 15 7 14 96 19 7 1 7 1 1 1 30 19 8 2 10 2 4 1 9 2 3 0 9 2 7 3 41 7 11 0 0 1 6 1 5 1 1 0 1 2 4 2 3 12 10 0 4 0 2 4 10 4 7 0 1 2 8 1 17 49 51 6 47 5 12 8 63 5 3 0 2 5 13 8 31 2 2 0 6 0 0 0 5 2 5 0 2 9 12 8 73 58 37 4 14 12 4 3 42 4 1 0 0 10 5 4 14 44 49 1 26 9 8 10 140 27 22 1 6 29 57 18 208 485 42 66 88 38 2 85 149 168 13 11 10 86 3 121 178 39 10 12 14 2 0 4 14 67 13 9 13 50 5 84 119 59 9 4 11 4 0 1 6 3 0 0 1 5 0 3 1 88 23 5 5 4 0 4 17 65 12 0 7 32 3 17 51 36 2 4 6 6 0 10 14 16 0 0 0 14 0 23 11 1 0 0 1 0 0 0 1 1 0 0 0 6 1 8 12 45 3 3 3 14 1 11 16 10 0 1 2 11 1 9 10 98 10 1 19 14 4 8 31 67 6 2 8 65 7 45 115 175 66 7 86 13 2 13 110 15 2 0 5 4 1 4 34 9 10 0 6 1 0 3 17 3 3 0 6 5 6 3 22 4 7 0 1 0 0 0 0 0 0 0 0 0 0 0 1 9 21 0 3 0 2 0 9 1 5 0 0 4 8 1 18 70 51 6 42 10 3 20 67 4 7 0 2 5 7 5 38 5 1 0 8 1 0 1 6 2 4 0 6 4 14 5 56 112 78 1 28 18 9 7 56 4 0 1 0 11 7 4 16 125 97 3 30 14 12 8 103 22 15 1 8 30 43 12 173 548 66 141 70 71 3 88 242 82 7 3 6 79 8 122 204 56 11 15 13 9 1 1 3 46 7 12 18 92 6 99 86 82 13 7 2 13 2 1 1 10 0 0 1 19 6 3 1 52 6 2 2 5 0 2 0 80 14 2 6 105 22 30 31 49 9 14 2 12 0 12 8 3 3 1 0 6 0 14 6 6 0 2 0 1 1 1 0 3 0 4 1 5 1 8 5 66 2 4 2 18 0 6 4 3 1 0 2 9 0 1 7 51 0 0 5 7 1 8 9 60 6 2 3 51 5 24 37 56 54 5 137 6 5 8 161 2 2 0 1 2 2 5 51 4 8 0 9 1 2 0 6 1 3 0 6 2 7 0 27 8 12 0 3 0 3 0 3 0 0 1 0 0 5 1 3 6 21 0 5 0 0 3 2 1 5 0 2 2 13 2 19 56 82 12 133 6 10 12 97 3 3 0 2 8 3 4 48 3 5 3 10 0 2 0 6 2 6 6 12 5 21 13 113 62 139 3 27 11 11 7 20 3 3 0 2 2 13 0 11 45 48 0 20 4 10 4 55 11 19 1 7 12 92 6 143 566 64 79 90 69 5 112 327 105 14 7 12 102 5 135 290 45 3 3 11 5 2 4 17 75 16 3 14 75 7 94 115 56 4 4 1 2 0 4 7 1 1 0 0 4 0 1 1 50 8 3 3 3 1 5 11 58 8 0 7 46 8 26 42 56 3 4 2 6 1 6 10 5 1 0 3 10 0 14 13 2 0 1 0 0 0 0 0 1 1 1 0 4 0 4 6 59 3 3 6 8 0 8 6 3 0 0 1 15 1 6 10 72 4 5 3 5 0 6 31 47 5 2 1 57 2 37 92 103 88 6 107 10 8 13 208 6 4 1 2 6 3 0 69 9 8 0 13 1 2 1 10 2 6 0 4 3 11 0 23 6 8 0 4 0 0 0 0 0 0 0 0 0 1 0 0 6 9 0 7 1 0 0 5 2 7 0 2 1 4 1 11 65 82 0 46 14 5 12 91 2 6 0 2 9 5 3 40 3 8 0 4 1 1 1 7 2 3 0 2 7 9 1 50 85 56 3 23 10 4 6 43 5 3 0 0 4 4 4 8 68 45 1 28 6 4 8 55 16 14 0 11 17 32 4 138 0
557 45 56 83 37 3 66 156 194 13 3 13 76 6 96 151 32 5 7 12 3 0 4 13 75 6 6 9 47 5 46 84 53 7 5 1 10 3 5 4 6 0 1 0 4 1 4 1 45 14 2 12 2 2 3 12 82 8 0 7 33 4 23 42 34 4 3 4 8 0 11 13 10 2 1 1 8 0 11 20 2 2 3 0 1 0 0 5 5 0 0 1 4 0 8 10 55 1 1 2 6 1 5 21 6 4 0 1 14 2 5 15 128 8 3 21 12 1 15 65 100 6 2 11 68 7 35 141 200 82 4 85 11 5 13 151 24 9 1 3 7 2 3 49 10 8 0 14 0 0 1 10 5 16 1 7 2 4 1 24 5 2 0 0 0 0 1 1 0 0 0 0 0 0 0 1 8 16 0 7 0 1 1 18 3 2 0 1 1 5 1 5 73 51 2 48 15 7 12 89 9 4 0 0 7 3 4 25 3 4 0 6 1 0 0 5 4 4 0 4 4 5 6 33 73 35 1 26 13 2 9 53 3 2 0 1 3 5 0 12 124 76 3 49 8 9 11 163 30 16 1 3 26 38 13 171 522 52 39 83 28 5 80 170 195 13 9 15 70 1 110 145 30 6 6 10 3 0 5 11 67 11 8 14 51 2 73 101 57 6 2 5 2 1 1 2 2 0 0 0 1 0 2 1 70 14 0 3 4 0 1 16 65 8 7 3 28 3 20 36 37 3 3 3 5 0 8 11 15 1 0 1 14 0 14 17 1 0 0 0 0 0 0 2 3 0 0 0 4 4 3 12 55 3 3 1 16 2 7 10 10 0 0 3 8 0 7 15 138 11 7 18 10 2 3 75 115 7 1 14 66 6 40 145 198 75 2 74 15 3 15 125 13 4 0 5 3 5 1 40 16 10 0 10 3 1 0 11 4 6 0 2 4 5 1 26 12 3 0 3 0 0 0 3 1 0 0 0 0 0 0 2 9 13 1 5 2 1 2 5 1 0 0 1 2 2 2 13 69 45 4 39 13 3 9 70 5 5 0 1 7 7 6 27 4 3 0 1 1 0 0 5 9 1 0 5 8 11 0 35 116 87 0 27 2 7 8 42 6 1 0 0 8 4 2 6 151 84 3 50 13 6 21 157 34 21 0 2 19 28 9 155 452 44 101 77 36 5 85 119 130 16 7 13 77 7 120 109 30 9 12 11 2 0 7 15 61 11 7 14 56 8 99 103 99 14 8 7 8 1 2 3 8 1 0 0 8 1 4 6 45 11 4 7 2 0 5 15 64 9 4 11 63 13 39 46 40 2 10 5 8 0 14 9 9 2 1 1 6 0 14 12 2 1 1 1 1 0 0 1 4 0 1 1 4 1 12 7 49 4 1 5 11 0 8 17 13 0 0 1 15 1 8 15 63 4 5 12 5 2 6 39 76 10 2 9 65 8 37 103 155 75 8 87 12 4 13 107 7 9 2 4 7 3 5 29 8 8 0 15 1 1 1 20 4 3 1 7 1 13 2 33 7 12 1 3 0 4 0 2 0 1 0 0 1 3 0 0 5 9 0 9 0 2 1 10 2 8 0 2 1 6 4 23 58 76 10 108 7 9 16 76 5 6 1 2 1 13 5 34 3 10 2 6 0 0 2 14 6 11 0 9 2 24 10 94 73 114 1 43 12 9 7 36 3 6 0 1 7 8 2 16 61 68 0 32 5 7 6 102 25 31 1 15 19 63 10 197 524 39 61 77 43 3 78 113 170 13 6 15 95 5 145 166 53 7 6 11 4 0 7 9 88 8 6 21 72 8 46 113 57 6 2 7 4 2 4 1 4 1 0 0 5 1 2 1 72 9 3 5 3 2 3 17 64 10 1 10 47 4 36 67 44 4 4 2 7 0 11 5 6 2 0 1 9 1 25 9 1 0 0 0 0 0 0 2 2 0 1 1 8 1 6 9 86 3 1 0 20 1 7 11 15 0 0 1 16 0 8 14 112 7 0 11 8 3 9 47 89 10 4 18 67 6 41 133 147 69 5 81 10 3 7 89 6 8 1 1 6 6 3 36 6 9 1 11 0 0 3 13 3 3 0 6 8 6 5 24 9 4 1 2 1 1 1 2 0 0 0 0 0 0 0 0 8 21 0 8 1 1 0 6 4 7 0 2 0 8 1 16 95 82 4 44 12 4 9 90 3 4 1 0 8 6 6 30 3 5 1 6 0 0 1 6 5 5 0 4 8 5 7 45 90 66 2 18 13 4 13 50 3 1 0 1 6 2 0 6 99 89 1 39 6 8 11 105 22 25 2 8 26 44 4 162 0
625 62 59 78 66 2 76 260 76 3 3 4 74 3 152 225 44 9 3 6 1 0 3 9 72 6 2 6 152 3 162 117 32 1 2 4 4 0 1 1 1 0 0 0 1 0 1 1 81 10 2 1 2 0 5 4 113 4 1 1 88 0 41 30 40 2 3 1 4 0 4 7 3 0 0 0 4 0 6 4 2 0 1 0 0 0 0 1 1 0 0 0 0 0 4 1 71 2 2 5 7 0 1 5 2 0 0 0 7 1 6 2 284 9 2 4 9 0 5 20 200 1 3 5 110 3 26 50 85 77 2 101 5 2 1 151 4 2 0 1 2 5 2 38 3 4 0 3 0 0 0 2 2 2 0 1 0 4 0 18 1 3 0 2 0 0 0 2 0 0 0 0 0 0 0 0 2 10 0 3 0 0 1 0 1 6 0 0 0 0 0 1 75 115 2 56 2 5 7 100 2 0 0 0 3 4 1 21 0 3 0 2 0 0 0 4 3 4 0 1 5 16 2 35 91 57 1 15 5 5 2 23 0 0 0 0 2 2 0 3 194 99 0 16 10 5 6 42 36 16 0 4 14 28 2 56 1003 100 50 103 99 2 100 325 84 1 1 3 80 5 64 111 58 14 4 10 2 0 2 9 56 2 5 7 70 2 58 70 37 3 1 3 0 0 1 2 3 0 0 0 2 0 0 0 92 11 0 0 2 0 0 15 75 7 0 1 25 0 2 11 65 5 0 3 12 0 11 12 6 0 0 0 6 0 1 4 3 0 0 0 0 0 1 0 2 0 0 0 5 0 1 1 108 0 2 3 7 0 1 14 4 0 0 0 5 0 3 4 374 13 3 6 13 0 6 47 190 6 0 2 63 2 20 48 91 95 1 108 3 5 3 122 1 3 0 0 1 0 0 16 3 2 0 4 0 0 0 3 0 0 0 4 0 3 0 9 0 0 0 0 0 0 0 0 0 0 0 0 0 0 0 0 7 9 0 4 0 0 0 4 1 0 0 0 0 1 0 2 68 79 1 62 4 4 17 95 1 1 0 0 0 3 2 18 1 3 0 3 0 0 1 2 2 0 0 1 2 7 3 31 80 56 0 16 5 0 1 14 2 1 0 0 1 2 0 3 182 70 0 23 5 4 3 53 36 29 0 5 17 27 4 46 736 56 43 82 45 1 50 233 55 8 4 6 64 1 92 74 63 4 4 4 3 0 1 6 95 5 5 7 125 5 200 71 50 1 3 2 2 0 1 4 0 0 0 0 7 0 1 0 86 1 3 2 2 0 2 8 89 6 0 4 65 3 26 14 58 5 2 6 7 1 7 10 8 0 0 1 7 0 6 6 1 0 0 0 0 0 0 0 4 0 0 0 4 0 4 1 88 3 4 6 7 0 2 7 1 0 0 0 8 1 4 5 235 13 2 11 10 1 10 35 105 3 1 3 64 5 30 41 101 86 0 99 6 3 3 108 5 2 0 2 2 1 2 18 7 5 0 6 1 0 0 1 2 1 0 1 0 2 2 21 4 6 0 0 0 0 0 0 0 0 0 0 0 0 0 2 5 12 0 3 0 0 0 1 0 0 0 0 1 0 0 4 92 143 2 86 4 6 9 81 4 2 0 0 4 3 0 21 2 4 0 4 1 1 0 1 1 3 0 2 2 29 5 35 146 116 1 48 7 1 5 38 3 1 0 1 2 6 0 6 236 102 0 34 8 7 4 73 26 26 0 6 20 29 10 69 936 115 53 142 87 7 85 301 56 2 0 1 52 5 70 85 44 11 1 6 2 0 2 9 32 1 0 12 49 1 39 56 31 5 0 0 0 0 0 1 1 0 0 1 1 0 2 0 55 7 1 2 1 0 4 8 55 3 0 1 26 0 3 10 56 4 3 5 7 0 7 8 3 1 0 1 1 0 4 3 4 0 0 0 0 0 0 1 4 0 0 0 5 0 0 0 79 3 2 4 5 0 2 10 6 0 0 0 7 0 2 2 286 13 2 13 7 0 5 26 123 2 0 4 34 4 8 27 86 124 0 225 3 3 9 329 3 1 0 0 0 6 0 26 1 6 0 2 0 0 1 3 2 0 0 3 3 1 0 13 0 6 0 0 0 0 0 0 0 0 0 0 0 1 0 0 2 9 0 1 0 2 0 1 0 1 0 0 0 1 0 2 65 147 1 131 5 5 7 172 0 2 0 0 2 2 0 22 0 2 1 2 0 0 0 2 1 1 0 2 3 8 0 19 96 59 1 20 5 6 1 22 2 0 0 0 1 1 0 4 212 89 1 39 1 1 0 38 43 18 1 3 7 13 1 40 0
492 49 67 78 59 6 86 211 93 5 4 1 106 3 195 278 48 7 1 3 5 1 3 9 80 7 5 14 193 6 210 139 43 2 0 1 5 0 2 3 4 0 0 0 1 0 0 1 67 4 1 3 4 0 6 8 136 3 3 2 118 3 42 32 30 0 2 0 12 0 4 11 4 0 0 0 8 0 4 3 2 0 0 1 0 0 0 0 4 0 1 0 3 0 10 5 53 1 0 2 11 0 4 1 5 0 0 1 8 0 4 5 163 4 4 7 7 1 3 19 235 3 1 3 110 2 37 58 66 68 4 87 4 2 0 145 1 4 0 0 6 6 4 59 2 7 0 2 1 0 0 5 3 1 0 2 4 7 0 23 3 0 0 2 0 0 0 2 0 0 0 0 0 0 0 0 8 7 0 5 1 0 0 2 5 2 0 1 1 4 1 8 58 98 1 75 8 1 7 51 1 1 1 1 3 2 1 24 2 5 0 2 1 0 1 2 4 4 1 2 4 10 5 39 75 57 1 21 6 3 0 24 1 0 0 1 2 1 0 1 146 62 1 19 4 2 6 52 45 11 0 6 25 32 7 71 733 82 57 120 105 11 148 380 96 7 4 8 94 3 108 226 49 6 3 13 8 1 2 13 81 8 1 4 102 9 51 84 44 3 9 2 2 1 1 2 0 0 0 0 3 0 1 4 89 4 2 4 4 0 4 10 86 7 0 3 57 3 25 26 38 7 2 2 9 1 13 7 4 0 0 0 9 0 5 7 1 0 0 0 0 0 0 0 1 0 0 2 8 0 3 3 75 1 1 6 11 1 4 7 3 0 0 0 7 1 0 2 204 12 0 7 16 1 8 32 103 2 0 1 75 1 26 50 89 108 0 120 10 4 4 211 5 1 1 1 3 5 1 47 5 7 0 7 0 0 0 4 0 0 0 2 3 2 0 22 0 2 0 1 0 0 0 0 0 0 0 0 0 0 0 0 3 11 0 4 0 1 0 7 1 1 0 1 0 4 0 5 57 84 1 68 8 8 12 84 2 1 0 1 1 2 2 17 1 2 1 2 0 0 0 3 1 5 0 6 1 8 0 28 56 45 0 24 3 1 4 29 1 0 0 0 6 2 0 3 126 55 0 15 2 2 1 48 30 12 0 2 13 34 1 60 700 56 55 87 78 2 95 234 51 2 3 3 89 3 123 153 65 6 7 7 6 0 5 7 78 5 3 7 167 4 263 117 67 5 1 3 1 2 0 2 0 0 0 0 3 1 0 0 69 4 1 1 1 0 1 6 101 5 0 0 112 2 34 20 70 5 1 5 5 0 8 6 2 1 0 0 3 0 4 0 2 0 0 0 0 0 0 0 0 0 0 0 1 0 6 1 62 0 1 4 4 2 1 2 3 0 0 0 9 0 0 0 139 8 0 1 5 0 5 21 101 3 0 3 92 0 22 30 56 85 1 111 1 2 3 114 1 1 0 0 2 4 0 25 6 7 0 6 0 0 0 3 1 2 0 1 3 5 1 13 2 4 0 0 0 0 0 1 0 0 0 0 0 1 0 1 6 8 0 2 0 0 0 0 0 1 0 0 0 1 0 1 83 196 2 117 6 5 9 82 2 2 0 0 1 6 3 16 3 8 0 3 0 0 0 2 2 4 0 3 6 22 2 42 114 234 2 47 1 7 0 27 1 0 0 0 1 2 0 3 110 72 0 19 3 5 4 33 18 17 0 2 9 33 4 38 1114 105 59 121 86 3 137 246 75 1 1 1 85 4 88 121 70 22 2 4 3 0 1 7 72 9 1 15 165 8 60 82 47 1 2 1 0 2 2 0 0 0 0 0 1 1 0 0 92 7 0 2 3 0 2 6 97 2 0 3 50 2 10 14 62 4 3 4 19 0 10 12 3 0 0 0 2 0 4 1 5 0 0 0 0 0 0 0 0 0 0 1 3 0 0 2 79 4 0 3 6 1 1 7 4 1 0 0 10 1 2 5 178 8 1 9 10 1 6 23 69 0 0 1 73 2 24 44 69 94 0 121 1 2 6 125 1 0 0 0 1 4 2 27 2 9 0 5 0 0 0 1 1 4 0 1 0 3 2 22 1 1 0 0 0 0 0 2 0 0 0 0 0 1 0 0 3 10 0 2 0 0 0 3 0 3 0 0 0 1 0 2 79 188 2 101 3 8 11 96 2 0 0 0 0 8 3 22 1 3 0 1 0 0 0 6 1 3 1 4 1 18 1 33 64 76 0 18 5 4 1 20 3 0 0 1 2 0 0 2 84 66 1 19 0 2 1 48 11 11 0 4 9 28 4 41 0
522 56 70 81 52 4 69 126 134 10 3 9 90 5 123 151 52 4 5 12 3 0 1 7 95 10 9 15 105 4 79 116 62 4 7 3 3 0 6 3 1 0 0 0 4 0 0 1 74 11 5 2 2 0 1 9 126 8 2 5 98 5 35 48 40 2 2 3 5 0 8 9 9 1 0 0 8 0 9 10 3 0 0 1 0 0 1 2 2 1 1 1 2 0 5 2 62 2 5 2 8 1 7 8 10 0 0 0 15 1 5 7 178 5 2 7 8 1 9 30 185 8 0 6 121 7 47 82 82 76 3 97 10 2 20 135 8 4 0 2 7 4 1 36 7 13 0 8 0 0 1 11 0 4 0 2 1 5 2 27 3 7 0 1 1 0 1 1 0 0 0 0 0 0 0 2 9 11 0 3 1 0 1 11 1 2 0 1 0 6 1 6 70 60 6 65 5 8 11 90 6 3 0 1 6 2 3 28 3 7 0 5 0 0 0 6 5 9 0 2 2 12 3 50 83 50 3 28 7 8 7 37 8 2 0 0 2 5 0 10 109 92 0 39 7 4 7 76 45 22 0 7 30 35 12 133 495 57 59 91 31 4 67 134 101 7 7 15 63 2 83 141 44 6 2 5 1 0 2 10 82 16 6 12 60 3 54 68 65 10 2 2 3 0 2 3 7 0 0 0 0 0 2 2 56 8 7 12 3 1 3 7 89 10 0 4 53 1 34 34 55 3 6 4 5 0 10 8 10 0 1 0 11 0 12 7 2 0 1 0 0 0 0 0 4 0 0 0 4 2 4 10 76 2 3 6 13 1 8 13 7 1 0 0 8 0 4 6 164 6 4 8 7 0 6 29 128 16 2 13 76 6 47 96 119 80 5 118 11 6 8 165 9 9 0 3 6 8 1 56 16 8 0 8 1 1 0 10 1 8 0 3 2 7 2 30 6 6 1 3 1 1 0 2 0 0 0 0 0 0 0 0 11 10 0 7 0 1 0 11 3 4 1 2 0 2 1 10 101 97 5 65 4 4 19 109 6 2 0 1 3 11 9 39 1 6 0 1 0 1 0 11 11 4 1 3 9 8 4 38 119 83 1 34 7 15 4 36 0 0 0 0 12 4 4 13 120 95 2 43 11 8 4 112 42 29 1 14 38 47 16 142 619 57 60 105 48 3 76 166 131 10 3 4 86 2 72 87 86 10 2 13 1 0 1 6 99 6 4 10 89 3 45 69 76 2 0 2 6 0 1 0 3 0 0 0 3 0 1 1 104 13 2 2 5 1 1 6 121 12 2 5 62 5 24 25 69 0 4 1 12 0 18 14 9 0 1 2 5 0 7 9 4 0 0 0 1 0 0 1 1 0 0 0 9 0 5 6 117 4 4 2 10 0 4 10 6 0 0 0 10 0 7 4 237 8 2 12 15 2 8 43 130 3 0 7 82 3 35 80 132 95 1 86 7 1 3 75 5 3 0 0 2 3 1 24 3 14 0 11 0 0 0 4 4 3 0 5 1 3 0 18 3 5 0 1 0 1 1 0 0 0 0 0 1 0 0 0 8 9 0 5 0 0 0 5 2 2 0 1 0 3 1 5 105 105 3 57 4 0 12 78 1 1 0 0 4 5 7 14 5 4 0 6 0 3 0 6 6 8 0 7 2 17 4 32 135 78 0 24 16 4 2 34 1 1 0 0 5 2 0 6 151 96 3 32 6 5 3 94 35 32 0 9 27 46 3 92 562 48 92 70 41 4 67 141 110 11 5 9 61 2 103 80 68 10 5 16 1 0 2 6 91 11 5 17 106 1 77 92 95 4 4 1 8 1 0 1 4 0 0 1 6 1 1 0 116 18 3 4 0 0 3 5 123 7 3 2 79 4 27 23 58 1 5 2 13 1 8 5 5 0 0 0 11 0 12 7 3 0 0 2 1 0 2 0 2 0 2 0 8 0 5 8 103 2 3 4 14 0 7 8 15 0 0 1 17 1 4 10 178 18 4 8 12 2 8 37 111 8 1 8 108 5 28 74 118 80 3 97 5 3 10 108 4 2 1 1 12 3 3 27 14 7 0 11 0 0 0 3 2 3 1 1 3 4 0 27 3 2 0 2 0 0 1 2 1 0 0 0 0 0 0 1 8 20 0 4 0 1 1 6 0 2 0 1 1 2 2 3 85 94 3 50 7 6 13 57 1 3 0 0 3 5 4 34 2 10 1 4 0 1 0 5 5 7 0 5 10 9 1 41 120 65 2 18 11 3 10 32 1 0 0 0 6 5 2 6 146 111 0 38 11 9 6 87 41 33 1 10 41 55 7 99 0
462 70 50 124 54 1 121 260 67 4 3 4 108 5 164 219 26 4 2 6 0 0 1 12 75 10 3 7 128 8 112 121 60 3 3 3 4 1 3 2 1 0 0 0 3 0 4 0 63 7 0 4 2 1 5 9 129 2 0 1 113 4 25 36 42 0 1 4 8 1 9 10 0 0 0 0 8 1 5 6 1 0 1 1 0 0 0 1 2 0 0 0 6 1 2 2 63 3 2 4 4 0 2 7 4 0 0 0 4 0 2 1 132 3 0 3 4 1 6 15 108 0 0 2 88 3 10 32 70 112 2 181 8 2 7 249 1 5 0 3 1 2 1 56 5 8 0 6 0 0 0 6 1 2 0 3 1 6 0 31 0 5 0 0 0 0 0 1 0 0 0 0 0 0 0 1 5 5 0 1 0 0 0 5 0 2 0 0 0 1 0 2 77 140 2 130 6 7 8 113 3 1 1 0 2 6 1 33 5 7 0 4 0 1 0 3 2 4 0 2 4 12 4 35 132 95 0 36 7 7 2 20 0 1 0 0 1 4 0 4 108 85 0 23 2 4 1 43 28 24 0 3 18 28 2 54 262 28 64 104 40 2 89 205 59 5 2 2 80 2 182 173 32 4 2 7 3 1 3 4 75 3 4 3 171 8 161 108 54 4 2 6 0 0 3 2 5 0 0 0 5 0 3 2 80 6 3 5 2 1 5 5 179 5 2 6 181 6 50 21 24 4 1 3 4 0 5 7 0 0 0 0 9 0 4 5 1 0 0 0 0 1 0 0 3 0 0 0 6 0 5 5 56 1 1 3 6 0 5 3 4 0 0 1 7 1 1 3 119 6 0 2 6 0 6 8 144 5 1 2 116 2 41 34 45 71 4 202 4 6 4 234 0 3 0 1 2 5 0 59 2 6 0 8 0 0 1 8 3 3 0 4 1 3 0 39 3 5 0 2 0 0 0 0 0 0 0 0 0 1 0 0 2 8 0 1 1 0 1 1 2 1 0 0 1 3 1 4 54 142 0 145 5 6 10 144 2 3 0 1 4 3 3 32 2 9 0 4 0 0 0 2 2 2 0 3 4 10 5 22 129 189 1 46 5 5 3 28 1 0 0 0 2 4 0 4 127 92 1 22 5 6 3 24 39 24 1 7 29 33 1 69 885 42 70 77 55 2 61 181 39 2 0 3 92 3 100 75 85 9 2 6 3 1 3 5 89 3 2 7 251 4 164 67 88 5 3 5 1 0 2 1 1 0 0 0 2 0 2 0 102 5 0 2 4 0 2 2 149 4 0 0 145 4 25 21 58 1 3 3 3 0 6 6 4 0 0 0 8 0 2 2 6 0 0 0 1 0 0 0 1 0 0 0 11 2 3 2 86 1 0 1 2 0 0 5 0 0 0 0 11 0 1 0 281 4 2 1 4 0 2 18 128 3 0 3 91 0 15 26 38 61 1 95 1 3 1 78 2 0 0 0 0 4 1 28 3 3 0 3 0 0 0 4 1 3 0 0 1 3 0 10 0 3 0 0 0 0 0 0 0 1 0 0 0 0 0 0 3 6 0 1 0 0 0 2 1 3 0 0 0 2 0 1 72 221 3 115 5 5 8 61 2 1 0 0 0 4 3 22 4 9 0 7 0 2 0 3 3 8 0 6 8 34 4 28 102 158 0 18 7 2 2 12 0 0 0 1 2 4 0 1 84 79 0 17 2 2 1 26 20 38 0 2 20 50 2 49 461 61 62 114 66 4 107 260 59 1 2 6 86 5 158 161 45 7 5 5 1 0 4 11 85 5 3 9 175 8 146 97 44 4 3 0 2 0 0 1 1 0 0 0 4 0 0 0 90 5 1 1 5 0 2 6 122 5 0 1 128 4 24 22 38 4 2 5 7 0 9 6 5 0 0 0 7 1 1 6 2 0 0 0 0 0 0 0 0 1 0 0 7 0 5 5 86 1 2 3 8 0 1 6 4 1 0 0 6 0 0 3 144 6 1 1 4 0 3 14 103 2 2 1 78 2 19 38 66 116 2 190 3 2 3 188 5 0 0 2 2 1 0 34 1 6 0 5 0 0 0 5 1 3 0 3 0 9 2 32 1 3 0 2 0 0 0 2 0 0 0 0 0 0 0 0 2 5 0 1 2 0 0 3 4 3 0 1 1 2 0 4 94 220 1 180 3 16 8 118 2 1 0 1 2 3 2 33 0 5 0 2 0 0 1 4 2 6 0 1 1 11 2 40 103 110 2 30 7 3 1 26 1 0 0 0 3 3 0 3 78 70 0 25 2 2 0 35 26 19 0 3 24 38 1 41 0
423 34 54 70 33 4 88 168 79 6 2 7 71 1 129 171 56 7 6 6 2 1 3 10 101 7 5 13 93 1 70 76 63 6 2 5 4 0 2 3 1 0 0 0 3 0 0 2 97 10 6 4 0 0 4 5 128 9 2 2 79 3 32 29 48 3 4 2 9 2 7 8 1 1 0 0 8 0 10 8 4 0 1 2 0 0 0 0 2 1 0 0 6 0 7 8 88 2 5 4 8 1 2 7 11 0 0 0 8 0 1 2 239 6 3 8 9 1 8 44 221 6 2 6 87 4 32 66 81 86 2 101 7 2 2 156 9 5 0 2 5 5 3 60 7 6 0 8 0 0 1 7 5 1 0 5 3 7 1 23 3 6 0 2 0 0 0 3 0 0 0 0 0 1 0 1 3 7 0 3 1 1 0 4 4 3 0 0 0 1 0 4 92 100 7 60 5 4 5 85 4 3 1 2 4 4 4 23 4 9 1 2 1 0 0 4 5 5 0 2 2 10 3 37 123 76 0 32 9 7 5 35 1 1 0 0 9 4 0 15 178 92 3 42 7 3 7 73 53 43 0 3 39 46 9 105 426 39 61 70 36 2 84 153 104 6 3 5 82 1 105 160 38 5 5 8 3 0 3 10 86 6 6 7 74 9 66 97 64 5 6 3 1 1 5 3 2 1 0 1 3 1 3 0 83 9 3 5 4 0 2 12 126 13 3 3 64 6 32 37 40 3 1 1 6 1 6 11 12 0 0 0 4 0 10 8 3 0 0 0 0 0 1 0 4 0 0 0 9 0 5 3 70 0 3 1 10 0 5 12 11 0 0 0 7 0 2 3 214 9 1 10 10 1 11 40 185 5 1 3 99 8 46 92 125 88 3 131 5 3 10 179 10 5 0 1 3 4 1 53 5 6 0 7 0 0 0 11 2 8 0 3 5 6 1 36 2 5 0 1 0 0 0 3 0 1 0 0 0 1 0 1 9 14 0 7 1 0 0 6 1 1 0 4 0 3 2 6 81 68 7 67 8 6 9 92 2 2 0 1 7 4 3 32 2 4 0 7 1 0 0 8 4 5 0 3 3 2 5 39 98 67 1 25 12 4 3 38 2 1 1 0 1 3 0 6 184 89 0 44 8 5 4 98 67 17 2 4 34 45 6 108 746 62 71 74 44 3 70 103 83 7 0 2 78 0 78 62 98 6 5 11 3 0 1 9 126 12 6 4 163 11 79 75 84 4 3 0 3 0 2 3 0 0 0 0 4 0 1 0 133 10 1 1 1 1 2 6 91 3 1 7 101 2 20 19 85 0 2 4 11 0 9 4 3 1 0 0 9 0 7 4 3 1 0 0 1 0 1 0 4 0 0 0 8 1 5 5 123 3 1 3 11 0 2 4 2 0 0 1 18 0 1 3 231 9 0 11 13 0 11 27 114 4 0 3 121 4 24 47 95 85 2 69 2 5 5 41 2 3 0 0 2 4 1 12 7 6 0 5 0 0 2 2 2 2 0 2 1 6 0 13 3 5 0 2 0 0 0 0 0 0 0 0 0 0 0 0 3 11 0 1 1 0 0 3 0 1 0 0 1 2 1 1 104 178 6 76 9 4 13 70 2 2 0 0 2 3 4 28 3 8 0 3 0 0 0 4 4 4 0 6 8 32 6 41 141 113 1 17 7 4 1 21 2 2 0 0 2 5 1 5 165 112 0 24 0 7 5 43 27 32 1 3 33 51 4 62 723 68 67 78 60 4 66 139 117 2 2 6 87 5 83 65 90 12 6 6 1 0 3 8 98 11 3 9 106 6 65 77 80 2 2 2 3 1 2 2 3 0 1 0 3 0 2 0 125 7 0 2 7 0 4 8 145 3 1 3 74 2 19 26 77 1 3 4 10 0 9 12 7 0 0 0 6 1 8 4 3 1 0 0 1 0 0 1 6 0 0 1 3 1 6 3 124 1 1 6 6 0 1 9 7 1 0 0 11 0 2 3 253 10 3 10 6 0 9 39 126 3 0 7 113 4 30 70 95 80 3 88 1 1 6 79 6 5 0 1 2 3 0 15 4 6 0 4 1 0 0 1 6 10 1 3 2 4 0 18 2 2 0 2 0 0 0 0 1 0 0 0 1 1 0 0 11 11 0 3 0 0 0 3 1 5 0 0 0 2 0 1 90 113 1 60 8 1 13 61 1 4 0 2 4 3 2 13 6 9 0 2 0 0 1 4 6 5 0 0 3 16 0 40 119 95 1 26 6 5 4 29 3 0 0 0 3 0 0 4 153 109 0 26 5 5 9 67 29 25 0 1 29 51 9 79 0
338 23 48 76 43 1 88 215 96 7 1 9 73 4 133 182 25 8 1 8 3 0 4 7 91 7 2 7 79 7 62 107 41 1 8 1 4 0 1 0 0 0 0 1 4 0 3 1 80 9 1 6 3 0 5 4 150 3 4 5 105 3 37 40 41 2 2 2 7 0 4 3 6 1 0 0 4 1 5 4 4 1 0 0 0 0 0 0 2 0 0 0 3 0 4 6 71 1 4 5 7 0 4 6 13 0 0 0 6 0 2 2 265 8 2 11 13 0 12 20 305 7 1 3 114 8 34 43 79 61 3 155 4 1 9 227 7 2 0 1 1 1 1 47 5 8 0 5 1 0 0 3 5 5 0 2 0 4 0 35 1 3 0 1 0 0 0 1 0 0 0 0 0 1 0 0 6 4 0 5 2 0 1 2 0 2 0 3 0 2 0 8 79 83 4 87 5 7 10 102 1 0 0 2 3 4 2 34 3 3 0 4 0 0 0 8 1 5 0 4 2 5 1 33 123 69 3 38 6 2 3 33 3 0 0 0 2 0 0 2 228 114 0 37 2 6 0 56 64 18 1 1 21 24 3 67 431 52 37 93 35 1 98 234 100 3 1 2 73 1 117 194 35 4 3 13 3 0 4 13 72 3 1 6 94 3 59 95 49 3 1 5 1 0 1 5 1 0 0 1 3 0 2 2 73 5 1 5 1 0 5 11 135 3 3 2 49 5 28 42 43 1 1 4 2 0 4 12 8 0 0 0 4 1 5 5 2 0 0 1 1 0 1 1 8 0 0 0 3 0 1 4 84 4 2 6 7 1 5 10 6 0 0 0 3 0 3 5 237 11 2 16 12 1 12 31 214 8 2 7 114 6 34 64 117 107 6 131 8 2 8 222 3 6 1 0 2 4 1 51 4 2 0 5 0 0 0 7 4 2 0 1 1 4 0 23 1 2 0 0 0 0 0 1 0 0 0 0 0 0 0 0 4 7 0 3 0 1 0 4 2 1 0 0 1 3 0 5 93 82 2 87 5 3 5 99 0 1 0 0 4 4 5 23 5 1 0 4 0 0 0 7 7 6 0 3 6 6 3 19 107 73 0 28 3 2 2 37 3 1 0 0 3 1 0 3 220 105 1 40 10 6 7 59 46 33 0 5 18 24 1 60 517 53 44 79 54 1 76 229 84 2 3 1 83 1 87 150 56 10 1 11 3 0 2 4 80 3 4 9 98 3 95 74 49 1 3 2 3 0 1 2 2 0 0 0 1 0 1 1 92 8 2 4 6 0 3 6 96 7 0 6 150 2 31 27 60 2 3 0 7 0 4 7 5 0 0 2 6 1 8 2 3 0 0 1 0 0 0 0 8 1 1 0 2 1 1 3 109 5 3 7 13 0 2 8 9 0 0 0 6 0 3 0 256 12 2 10 6 1 7 38 302 15 1 9 103 8 18 48 92 60 1 88 6 2 2 231 5 6 0 1 1 1 1 33 4 7 0 6 0 0 0 14 2 1 0 2 3 3 0 23 2 5 0 0 0 0 0 0 0 0 0 0 0 0 0 0 7 11 0 1 0 0 0 4 1 2 0 0 1 0 0 6 100 107 2 60 9 3 11 74 3 1 1 0 4 2 3 17 7 4 0 3 0 2 0 5 4 2 0 1 3 10 1 28 124 60 2 14 6 2 2 20 1 1 0 1 1 1 1 5 204 90 1 38 3 5 5 57 30 27 1 7 21 24 6 62 626 64 31 59 54 1 79 237 87 2 0 2 67 0 64 137 65 8 2 10 3 0 1 7 79 6 0 6 67 5 19 49 38 1 2 0 1 0 1 1 3 1 0 0 1 0 0 1 93 8 0 6 3 0 1 13 118 7 0 3 42 0 14 19 79 2 3 4 7 0 8 5 6 0 0 0 5 0 2 1 3 0 0 1 1 0 0 0 1 0 1 0 7 0 1 0 107 3 1 2 9 0 3 3 14 0 0 0 9 0 1 2 390 14 1 13 16 0 6 39 349 21 2 13 76 1 21 74 112 56 4 116 3 2 7 296 4 0 0 0 1 0 1 22 7 3 0 7 0 0 1 15 1 1 0 0 0 1 0 10 2 3 0 0 0 0 0 0 0 0 0 0 0 0 0 0 6 5 0 3 1 0 1 7 1 1 0 1 1 1 0 3 99 74 0 41 3 4 6 77 1 2 0 0 1 1 1 7 2 7 0 2 1 0 0 2 4 2 0 1 5 5 0 16 93 45 0 18 2 0 2 11 1 0 0 0 0 2 0 4 315 79 2 29 4 1 4 80 38 27 1 6 18 26 2 55 0
347 34 57 79 38 1 78 133 108 9 5 8 80 7 119 165 51 2 8 7 6 1 4 10 70 7 4 10 96 6 70 109 70 8 6 3 4 1 5 6 6 0 0 0 4 0 1 3 80 7 9 5 3 0 7 9 126 10 2 11 92 3 36 42 29 1 5 1 6 0 6 10 9 0 0 0 4 0 4 5 0 0 0 1 2 0 1 2 7 0 0 1 4 0 17 4 77 5 6 3 12 0 13 15 3 0 1 1 14 0 3 2 173 7 4 6 11 1 8 25 167 3 4 3 111 6 50 75 109 62 2 93 8 1 8 129 6 4 0 4 5 8 3 68 6 8 0 7 0 1 1 3 3 3 0 2 2 9 4 29 5 3 0 4 0 0 0 1 2 0 0 0 0 1 0 1 6 6 0 3 1 0 0 5 3 6 0 3 3 6 0 13 68 97 4 73 4 2 9 77 7 3 0 2 4 12 5 36 4 6 1 9 0 1 0 8 10 5 0 4 5 23 7 61 106 80 3 41 7 9 4 37 1 3 0 0 5 1 2 13 148 89 1 50 10 5 6 76 56 48 2 7 42 59 8 134 385 34 54 79 36 0 65 140 113 11 7 9 71 2 116 151 38 5 3 8 3 0 2 10 74 10 4 12 66 5 60 94 50 6 4 2 3 0 3 8 5 0 0 0 4 0 3 2 67 10 7 4 3 1 5 7 96 18 2 7 63 5 41 57 38 1 5 2 4 1 7 13 10 0 0 0 3 0 9 8 1 0 0 1 0 0 0 3 6 0 0 1 2 1 1 6 88 2 3 5 14 0 7 8 11 0 0 2 7 0 7 7 186 14 4 9 7 0 7 33 192 15 1 5 109 11 40 81 109 76 9 109 6 5 15 178 12 5 0 7 4 6 2 73 6 7 1 6 0 1 0 11 2 5 0 4 3 7 0 27 5 3 1 2 0 0 0 1 1 1 0 0 0 0 0 0 8 15 0 6 0 2 1 8 3 2 0 2 1 4 0 15 73 55 4 74 12 6 11 114 4 2 1 1 9 6 3 33 4 1 1 8 0 0 0 5 2 4 0 6 3 13 2 40 123 71 3 39 6 3 3 53 1 1 0 1 1 4 0 4 173 88 0 52 6 3 11 84 64 25 2 10 35 44 11 133 564 47 78 71 54 1 86 98 95 4 7 3 84 1 73 65 75 12 6 7 1 0 3 10 115 12 5 17 140 8 68 90 102 6 3 1 7 0 4 1 4 0 0 0 8 0 0 1 119 9 4 6 5 0 1 9 136 8 2 3 109 0 26 22 73 3 7 2 10 0 11 10 5 0 0 0 15 0 10 6 3 0 0 0 0 0 0 0 6 1 0 0 13 0 4 4 117 5 5 2 16 0 9 3 2 0 0 0 11 0 7 2 192 13 2 13 8 0 10 14 122 6 2 7 130 2 33 52 83 90 2 82 5 5 4 66 2 5 0 1 1 3 0 18 8 6 0 10 2 0 0 2 4 5 0 1 1 5 1 20 2 4 0 0 0 0 0 0 0 1 0 0 0 0 0 0 5 13 0 4 1 0 0 4 1 4 0 0 0 5 0 1 111 164 4 83 13 6 13 58 2 2 0 0 5 7 3 28 6 8 0 4 0 0 0 8 4 7 0 5 6 21 4 50 125 111 0 22 6 6 5 22 1 1 0 0 5 2 0 6 127 108 0 22 7 8 3 52 27 49 0 3 35 58 5 97 623 58 92 68 53 7 83 99 75 4 6 3 88 3 84 65 75 11 9 7 5 1 1 2 130 11 7 9 141 4 65 80 116 3 6 3 1 0 1 0 1 1 0 0 7 1 1 0 115 12 3 3 5 0 1 2 123 13 0 3 103 9 19 22 56 4 2 5 19 0 9 8 6 0 1 0 17 0 8 2 7 1 1 0 0 0 1 0 3 0 0 0 11 3 3 1 104 4 3 5 9 0 7 2 5 0 1 0 17 0 9 2 166 5 2 5 11 2 9 21 114 9 3 3 101 5 31 62 105 89 5 96 7 2 5 81 2 5 0 0 1 6 0 21 11 15 0 11 0 1 1 1 7 2 0 6 2 5 2 27 2 6 0 0 0 0 0 1 0 0 0 0 0 0 0 0 3 12 0 5 0 1 0 3 1 5 0 2 1 6 1 7 117 148 5 86 10 2 15 71 3 3 0 1 7 2 3 22 4 2 2 6 0 0 1 4 6 8 0 3 10 23 5 49 127 72 1 26 18 2 6 24 0 0 0 0 2 3 0 3 98 98 2 38 10 4 1 69 31 30 1 11 28 61 3 89 0
416 49 95 62 38 7 68 75 128 8 11 21 58 7 90 98 38 9 7 13 3 1 7 7 55 12 10 11 48 8 59 101 80 9 8 8 9 1 5 12 12 2 1 0 17 3 6 11 64 9 4 8 5 3 8 10 69 13 5 6 52 9 37 52 20 2 10 6 11 0 12 13 9 0 1 3 12 1 15 13 4 0 1 1 0 0 4 1 6 0 1 4 7 2 11 11 43 4 10 5 10 2 8 14 8 2 1 5 13 2 11 10 61 8 7 8 7 2 10 18 71 12 8 10 59 12 56 103 115 52 14 75 17 3 11 88 16 7 1 7 9 7 8 61 12 10 0 16 1 2 0 10 8 14 0 11 6 5 10 79 10 7 0 5 0 0 2 5 4 1 0 0 1 2 0 8 14 8 0 7 3 1 0 15 6 7 1 2 2 10 3 38 45 43 11 61 16 5 16 72 5 4 1 0 9 9 12 55 3 5 0 13 0 0 1 19 1 7 2 8 8 18 9 85 72 44 0 29 17 13 11 36 3 4 0 0 8 14 5 25 87 64 4 38 14 13 15 81 37 38 4 22 42 76 37 304 554 62 70 90 45 5 74 134 140 13 8 10 72 7 93 130 18 9 5 10 3 1 3 11 59 9 4 16 46 5 58 82 64 8 4 5 6 0 3 5 1 0 0 1 3 0 2 3 64 13 5 6 9 1 3 14 57 8 3 5 44 3 31 36 51 6 7 8 7 0 9 7 15 1 0 0 8 1 10 12 4 1 2 0 0 0 0 0 5 1 1 0 3 1 7 8 62 5 10 7 5 2 2 14 9 2 0 1 19 1 9 6 91 9 3 11 9 1 11 40 90 9 1 12 70 5 25 116 178 77 3 137 11 2 20 217 21 5 2 1 8 5 3 53 13 6 1 11 1 0 0 10 4 5 0 3 2 3 2 30 4 7 0 1 1 0 2 1 0 1 0 0 1 0 1 1 5 10 0 7 1 1 2 12 4 6 0 0 0 6 0 25 84 63 5 65 8 3 11 118 9 2 1 2 3 3 7 26 5 7 1 3 1 0 0 8 2 7 1 7 5 5 5 41 72 51 1 33 7 5 5 54 3 3 0 1 6 5 3 20 86 72 1 42 7 4 15 113 36 26 1 13 27 48 17 173 444 41 145 67 47 12 81 70 89 6 7 12 59 5 87 88 36 3 9 21 2 0 4 9 61 11 7 24 73 8 93 89 152 8 28 9 11 2 8 5 6 1 0 0 13 4 6 3 93 11 8 8 5 0 4 10 91 12 8 7 92 8 36 34 39 1 14 5 5 1 14 9 6 0 0 2 7 0 8 11 5 0 2 1 2 0 1 1 2 1 2 0 11 0 17 9 78 6 7 3 13 3 6 7 9 0 0 0 8 1 6 6 54 4 6 8 6 3 5 14 66 6 1 7 77 5 41 51 86 55 5 60 6 8 4 56 7 7 0 6 8 5 4 25 4 9 1 5 0 1 2 4 3 8 0 4 5 11 5 37 7 9 0 7 2 2 1 4 0 1 0 0 2 1 1 3 4 12 0 6 3 1 1 9 0 9 0 0 5 12 1 18 51 78 10 73 10 11 10 69 4 6 0 7 7 13 8 41 4 12 1 8 0 0 2 11 3 10 3 7 9 36 15 134 111 101 9 31 12 9 7 42 3 3 1 0 4 7 2 15 67 97 8 28 9 16 2 55 34 57 2 21 56 143 25 208 1037 127 83 108 45 4 53 131 57 4 2 5 55 2 59 53 54 7 4 4 0 0 1 5 46 12 7 8 68 6 40 57 69 14 4 5 6 1 3 5 4 0 0 0 5 1 1 3 61 3 2 2 0 4 2 5 40 5 0 4 35 4 12 17 104 3 8 1 4 0 12 7 6 3 0 0 6 1 4 2 4 0 0 0 0 0 0 1 4 0 2 3 3 1 7 6 88 2 4 6 7 0 3 7 2 0 0 0 13 2 4 2 95 9 3 3 6 3 1 36 55 4 3 3 40 2 25 45 91 98 2 108 8 5 3 64 9 3 1 1 3 4 0 27 7 13 0 8 1 0 0 2 2 4 1 1 4 7 0 17 7 5 0 4 0 0 0 1 0 1 0 0 1 2 0 3 11 11 0 3 1 2 0 0 1 3 0 2 0 6 2 7 88 317 6 209 10 11 12 95 1 4 0 2 1 14 3 30 2 9 1 4 0 3 1 6 3 8 0 10 6 32 5 76 81 141 2 41 7 9 2 27 2 2 0 0 4 12 1 12 69 84 2 17 5 6 2 47 17 17 0 2 19 63 11 110 0
598 72 47 104 96 3 101 383 47 4 1 3 77 5 96 177 71 2 3 5 1 1 3 4 63 5 0 6 99 5 53 65 37 3 0 2 3 0 1 1 0 0 0 0 2 0 1 0 66 1 0 0 4 0 1 5 54 5 0 0 43 2 10 10 58 3 2 2 4 0 6 7 0 1 0 0 6 0 3 0 2 0 2 0 0 0 0 0 3 1 0 0 4 1 0 5 73 1 2 2 4 0 1 5 2 0 0 0 3 0 3 2 135 6 0 5 3 0 4 10 36 1 0 0 32 2 11 28 50 78 0 94 0 3 1 182 0 0 0 0 2 3 0 35 4 8 0 1 0 0 0 2 1 0 0 0 1 6 0 14 0 2 0 0 0 0 0 0 0 0 0 0 0 0 0 0 2 4 0 1 0 0 0 2 0 0 0 0 1 1 0 1 58 68 4 50 4 5 6 71 0 1 0 1 2 2 1 7 3 4 0 1 0 0 0 0 2 2 0 1 1 5 2 27 64 51 0 8 7 0 2 19 1 1 0 0 1 1 0 0 84 32 0 12 0 1 3 25 9 7 0 1 14 21 0 21 757 69 50 87 65 2 91 313 54 3 0 3 78 5 91 141 68 9 1 6 5 0 2 4 66 3 2 2 101 5 45 67 34 1 1 0 0 1 3 1 2 0 0 0 2 0 0 0 77 2 1 0 0 1 3 4 47 4 0 0 37 3 14 11 55 5 0 0 14 0 6 7 0 0 0 0 2 0 4 2 2 0 0 1 0 0 0 0 1 0 0 0 4 0 1 0 66 1 0 3 6 0 1 5 3 0 0 0 3 0 1 4 155 4 0 3 8 0 6 23 56 1 0 2 32 2 17 24 52 81 1 82 4 2 3 136 1 2 0 0 0 5 0 29 1 8 0 0 0 0 0 2 0 2 0 0 1 4 0 16 0 3 0 0 0 0 0 0 0 0 0 0 0 0 0 0 1 2 0 0 0 1 0 4 0 0 0 0 0 1 0 1 59 89 2 42 3 7 2 69 3 0 0 0 1 5 1 14 1 5 0 1 0 2 0 2 0 5 0 0 2 6 2 23 46 30 0 7 2 0 0 12 0 0 0 0 1 0 0 2 53 37 0 10 2 3 1 20 11 10 0 2 6 14 0 36 774 42 29 37 43 0 35 67 46 1 2 1 38 0 25 26 94 4 2 1 2 1 4 4 90 7 0 4 110 2 32 33 35 0 0 2 0 0 0 0 0 0 0 0 1 0 0 0 141 6 2 0 0 0 2 6 133 2 3 0 54 0 7 14 83 3 0 3 5 1 5 2 3 0 0 0 4 0 0 1 1 0 0 0 0 0 0 0 2 0 0 1 7 1 0 4 106 3 0 4 5 0 0 5 7 0 0 0 7 0 0 0 452 5 1 10 12 0 4 25 288 5 0 3 95 0 17 21 47 33 1 20 1 2 2 19 2 0 0 0 0 1 0 3 4 7 0 2 0 0 1 1 0 0 1 1 0 2 0 6 0 2 0 0 0 0 0 0 0 0 0 0 0 0 0 0 6 8 0 2 0 0 0 1 0 0 0 1 0 0 0 0 74 104 2 18 0 1 4 32 2 0 0 0 0 1 1 5 3 1 0 1 0 1 0 1 3 4 0 0 6 12 0 13 75 34 0 4 2 0 2 16 1 0 0 0 1 0 0 0 142 61 0 7 2 2 1 22 38 17 0 1 26 25 2 33 675 25 28 28 29 1 30 43 58 1 0 1 36 2 19 16 114 11 4 2 2 0 1 6 103 7 2 5 115 2 27 29 55 0 1 0 1 0 0 0 2 0 0 0 2 0 0 0 142 2 2 0 1 0 3 1 182 3 2 4 82 0 18 16 76 2 2 0 4 0 3 2 2 0 0 1 5 0 2 0 6 1 0 0 1 0 0 0 6 0 1 0 4 0 1 2 112 1 1 1 5 0 0 2 6 0 0 0 2 0 0 0 405 8 2 1 10 0 5 17 281 2 0 2 118 2 19 28 56 27 1 22 0 0 3 28 1 0 0 0 1 0 2 2 2 9 0 3 0 1 0 0 0 2 0 0 0 1 0 6 0 1 0 0 0 0 0 0 0 0 0 0 0 0 0 0 1 7 0 1 0 0 0 2 2 0 0 0 0 2 0 1 67 81 0 26 4 2 6 16 1 0 0 1 2 2 0 5 7 8 0 1 1 0 0 3 1 6 0 1 5 15 0 11 79 47 0 7 3 3 2 5 1 1 0 0 0 1 0 2 127 66 4 10 0 2 4 25 43 27 0 1 20 15 2 25 0
798 73 49 134 80 5 127 336 59 3 1 3 122 2 160 175 82 8 2 7 13 0 1 11 105 4 3 5 193 9 89 97 60 1 1 4 0 0 1 2 0 0 0 0 1 0 2 0 87 3 0 2 2 0 2 3 107 5 0 5 94 3 24 22 84 7 1 2 9 0 1 6 2 0 0 0 4 0 6 4 1 0 0 1 0 0 0 1 2 0 0 0 7 0 3 3 109 2 1 2 11 0 0 4 2 0 0 1 4 0 0 2 255 3 1 4 7 0 5 30 94 2 0 0 68 1 18 40 57 88 1 97 3 3 1 137 0 1 0 1 0 5 1 18 4 4 0 4 0 0 0 3 0 1 0 2 1 8 0 14 2 3 0 0 0 0 0 0 0 0 0 0 0 0 0 0 1 3 0 2 0 0 0 2 0 2 0 0 1 1 0 2 78 176 1 44 4 12 9 82 1 1 0 0 7 5 0 18 5 2 0 1 0 0 0 1 6 3 1 1 2 18 0 26 74 69 0 11 3 2 0 20 0 0 0 0 1 0 0 1 94 71 0 15 0 2 2 33 16 12 0 3 14 20 0 39 843 86 49 122 99 7 121 304 83 2 2 3 125 1 137 214 71 4 1 4 5 0 2 10 81 5 0 3 122 9 74 102 51 2 2 3 0 0 0 1 2 0 0 0 3 0 2 0 99 6 1 1 2 0 1 6 99 5 1 3 60 2 20 22 82 2 3 0 7 1 2 9 2 0 0 0 8 2 6 6 1 0 0 0 0 0 0 1 4 0 0 0 1 0 1 0 99 4 2 1 2 0 4 4 2 0 0 0 3 0 1 3 211 10 2 6 16 0 10 28 93 2 1 3 61 3 18 51 65 97 0 96 4 3 3 134 2 2 0 0 3 7 1 34 2 8 0 3 0 0 0 3 1 7 0 2 0 1 0 19 2 2 0 0 0 0 0 0 0 0 0 0 0 0 0 0 3 7 0 0 0 0 0 2 0 3 0 0 0 1 1 3 80 145 3 83 5 9 6 83 0 0 0 1 0 6 1 32 3 10 1 2 0 0 0 2 5 1 0 1 2 7 1 34 82 76 0 10 3 2 1 16 0 1 0 0 1 2 0 0 127 68 0 21 4 3 1 39 14 20 1 3 11 28 1 34 1055 51 37 60 72 2 70 151 67 5 0 1 65 2 68 49 117 9 2 5 3 0 4 7 109 8 4 6 168 3 63 33 63 1 1 0 2 0 1 0 2 0 0 0 3 0 0 0 120 5 0 2 4 0 1 5 130 3 0 2 102 1 19 13 136 5 0 4 3 0 6 9 5 0 0 0 7 0 5 3 5 0 0 0 1 0 0 0 8 0 0 0 5 1 2 0 158 1 2 4 6 1 0 3 1 0 0 0 8 0 2 1 464 9 1 4 1 0 6 14 157 0 0 2 83 3 9 23 69 63 0 86 0 0 1 44 3 0 0 0 1 0 0 5 8 3 0 1 0 0 0 1 1 1 0 2 0 2 1 10 0 3 0 0 0 0 0 0 0 0 0 0 0 0 0 0 3 8 0 2 0 0 0 0 0 2 0 0 0 3 0 0 128 159 2 56 6 4 4 36 0 2 0 0 0 4 1 8 4 7 0 4 0 0 0 1 2 7 1 1 4 11 3 13 135 80 1 12 6 0 2 25 2 0 0 0 2 2 0 2 204 84 1 16 6 3 5 20 29 17 0 3 23 20 3 38 1236 91 36 100 61 2 46 126 53 2 0 4 42 1 43 30 111 5 3 5 3 0 1 1 87 3 1 6 100 5 35 26 53 1 1 0 0 0 0 1 1 0 0 0 0 0 0 0 114 7 1 1 4 0 0 2 97 5 0 0 38 1 6 4 149 11 2 2 4 0 5 4 3 0 0 0 4 0 0 0 10 0 0 0 0 0 0 0 0 0 0 0 10 1 0 2 150 6 1 2 2 0 1 1 3 0 0 0 8 0 2 1 444 7 1 10 9 1 7 40 143 5 0 5 65 0 13 18 80 68 1 77 2 1 1 92 0 0 0 0 1 1 0 9 7 4 0 2 0 0 0 1 1 0 0 0 0 3 0 8 1 0 0 1 0 0 0 0 0 0 0 0 0 0 0 0 2 10 0 1 0 0 0 0 0 1 0 0 0 1 0 2 125 195 3 76 2 7 6 64 3 1 0 0 1 3 0 12 2 6 0 1 0 1 0 1 3 7 0 4 4 26 2 15 137 101 0 15 5 2 0 9 0 0 0 0 0 1 0 2 218 106 0 14 0 5 5 29 27 18 1 1 14 36 1 27 0
509 51 60 67 36 7 74 157 194 14 7 13 73 1 107 148 47 7 7 12 2 0 1 18 92 16 8 14 47 2 28 87 48 7 7 1 7 0 6 3 2 0 0 0 2 0 3 3 59 11 5 7 4 0 4 18 59 8 0 4 24 11 20 37 42 2 7 6 11 0 10 16 10 1 1 2 15 0 11 11 2 1 1 0 0 0 0 1 2 2 1 1 3 1 11 15 64 0 2 3 13 2 8 16 16 2 0 1 8 0 6 13 147 15 4 11 18 0 12 59 134 17 2 12 73 4 45 152 197 74 6 80 14 1 7 150 29 6 1 5 5 1 5 35 11 14 1 7 3 0 1 14 6 7 2 3 4 3 1 29 6 3 0 0 1 0 1 3 1 1 0 0 2 1 0 3 15 12 2 7 2 1 2 19 3 3 0 1 0 5 2 13 63 38 5 37 12 1 12 80 9 3 0 1 6 2 8 27 0 2 1 3 0 1 1 7 5 1 0 3 2 4 6 34 72 32 2 19 7 8 10 54 2 0 0 2 9 6 1 12 122 77 0 36 15 11 7 147 29 20 0 10 31 31 13 175 516 43 53 69 28 3 55 147 168 13 7 13 78 9 122 147 39 6 7 12 2 0 4 18 73 11 4 17 48 2 59 93 55 3 6 3 5 3 4 4 4 1 0 0 3 1 1 2 58 15 4 10 2 1 6 16 60 10 3 4 34 4 21 36 33 3 7 0 7 0 12 14 16 1 0 2 12 0 20 18 2 0 0 0 0 0 0 1 7 0 0 1 3 2 2 10 59 1 2 3 14 0 7 12 13 2 0 2 12 0 5 13 148 20 2 12 10 1 9 72 105 9 2 11 63 4 43 117 183 78 4 101 11 2 13 135 15 4 0 1 6 3 3 42 12 11 0 15 0 0 1 8 3 5 0 4 4 4 4 34 8 2 0 2 0 0 1 2 0 0 0 0 0 1 0 0 14 15 0 5 1 0 1 19 1 4 0 0 0 7 1 8 71 42 4 37 14 4 12 62 7 3 0 5 6 4 6 24 5 7 0 3 0 0 1 4 1 5 3 3 2 8 11 37 105 65 2 22 11 9 9 61 8 3 0 0 6 4 2 11 160 75 1 38 14 13 18 149 33 24 3 11 17 30 13 179 485 36 124 63 37 4 98 89 133 10 9 10 71 1 90 117 41 8 10 14 4 0 7 5 65 9 6 15 89 8 131 68 79 15 7 11 8 2 5 3 3 1 0 4 9 0 0 2 48 14 2 6 3 1 6 12 70 12 2 8 59 8 38 58 36 4 8 1 7 0 12 12 7 1 0 1 15 0 16 12 1 0 0 1 0 0 0 0 8 0 2 1 2 1 19 10 48 4 2 6 8 1 4 4 6 2 0 3 13 3 4 11 58 9 2 12 9 1 5 30 62 7 1 8 61 5 41 107 113 62 10 103 14 4 10 106 6 10 1 5 3 4 2 31 7 12 2 21 3 0 0 13 8 8 0 4 2 3 5 38 5 8 0 3 0 3 2 1 0 1 0 0 0 2 0 3 12 4 0 6 1 1 2 14 0 5 0 6 1 12 3 15 63 70 8 128 12 14 22 74 10 3 0 2 9 13 6 30 3 5 4 7 0 3 3 9 4 7 4 11 6 33 17 106 78 113 3 33 11 14 6 39 2 2 0 5 6 16 2 17 66 58 3 34 11 6 10 85 26 25 1 8 24 56 13 230 489 36 67 71 32 4 71 107 143 10 7 13 93 2 158 131 43 8 7 14 3 1 4 10 85 22 10 17 69 5 73 146 77 7 2 3 4 2 9 6 5 0 0 0 7 0 3 2 73 14 6 5 5 0 4 7 80 14 0 6 56 10 38 49 28 3 3 3 9 0 15 10 14 0 0 1 19 2 27 10 0 1 0 2 0 0 0 0 3 0 0 2 6 0 12 10 61 2 1 7 6 1 13 14 9 2 0 4 18 1 8 6 91 11 2 10 9 0 8 26 74 11 0 5 75 7 44 109 166 74 4 86 14 6 12 75 8 5 0 4 8 3 5 31 7 20 2 9 3 1 1 11 4 4 0 4 5 4 2 27 8 6 1 4 0 0 0 2 0 0 0 0 0 2 0 1 15 17 0 6 1 1 0 6 4 3 0 1 1 6 2 15 75 61 4 39 14 3 11 96 5 5 0 1 3 9 10 36 4 2 0 5 3 2 1 12 2 6 1 8 4 6 8 55 107 57 2 24 16 9 16 34 1 2 0 0 12 11 1 13 98 100 2 44 16 5 11 102 30 32 2 5 27 57 13 169 0
1051 75 52 100 84 3 115 397 79 3 0 1 79 6 109 172 96 7 1 7 13 0 4 15 86 5 0 8 94 6 51 79 39 3 1 1 1 1 2 1 1 0 1 0 1 0 0 1 116 3 3 3 4 0 9 8 91 2 1 1 52 0 16 16 81 2 1 0 4 0 8 15 0 0 0 0 6 1 6 6 5 0 0 0 0 0 0 1 3 0 0 0 4 1 3 1 93 3 1 2 10 0 2 18 5 0 0 0 4 0 3 2 333 13 4 6 10 0 7 46 112 2 0 4 61 0 18 37 85 73 0 74 6 1 1 155 0 0 0 0 0 4 0 20 2 3 0 2 0 0 0 4 1 0 0 2 1 1 0 23 2 0 0 0 0 0 1 0 0 0 0 0 0 1 0 0 3 5 0 0 0 0 1 3 1 1 0 0 0 1 1 5 59 84 1 35 7 4 4 68 0 0 0 0 3 2 3 19 1 4 0 0 0 1 0 1 2 2 0 3 0 18 2 17 83 41 0 16 4 0 2 13 0 0 0 0 2 0 0 2 127 63 1 13 5 4 1 49 14 11 0 1 21 21 2 37 886 89 58 107 67 3 108 316 90 4 0 5 79 3 120 177 79 6 2 7 1 0 5 14 87 7 0 11 77 7 41 87 50 5 1 2 2 0 3 3 0 0 0 0 3 0 0 1 111 7 1 1 1 1 3 13 78 1 0 2 37 1 14 24 56 5 2 1 8 0 10 11 4 0 0 0 7 0 6 5 2 0 0 0 0 0 1 1 2 1 0 0 2 0 1 1 85 2 1 2 12 1 1 4 5 0 0 0 7 0 5 2 311 11 2 9 12 0 7 37 141 3 1 3 63 1 16 60 76 87 1 94 8 6 2 194 1 0 0 0 1 3 2 28 2 4 0 8 0 0 0 7 1 2 0 1 0 6 0 24 0 2 0 0 0 1 0 1 0 0 0 0 0 0 0 1 2 13 1 1 0 0 0 4 0 3 0 0 0 2 0 3 76 128 5 32 8 3 9 85 2 1 0 0 3 2 0 17 3 6 0 0 0 0 0 2 5 3 0 3 4 10 4 22 72 42 0 18 4 0 6 22 0 0 0 0 2 2 0 4 153 60 0 15 1 1 2 69 17 15 0 2 18 29 1 58 1439 112 67 107 121 4 98 282 41 3 0 2 110 1 75 64 78 7 5 7 2 0 1 6 64 1 4 7 215 3 127 92 71 3 2 1 2 0 1 2 0 0 0 0 4 0 0 1 69 5 2 0 1 0 2 6 60 4 0 1 39 1 8 8 89 4 1 1 12 0 4 8 3 0 0 0 4 0 0 1 5 0 0 0 0 0 0 1 2 0 0 0 2 0 1 3 85 0 1 3 4 0 2 6 0 0 1 0 8 0 1 1 184 7 0 5 4 1 2 33 45 1 0 2 51 2 14 25 67 98 0 64 1 1 3 82 0 0 0 0 0 1 0 14 1 3 0 2 0 0 0 2 1 0 0 0 5 0 0 5 0 1 0 0 0 0 0 1 0 0 0 0 0 0 0 0 0 8 0 1 0 0 0 3 0 2 0 0 0 2 0 1 73 240 1 53 3 7 10 73 0 1 0 0 1 3 1 20 1 6 0 0 0 1 0 0 4 6 0 0 2 25 1 24 78 44 0 12 3 2 0 15 0 1 0 0 2 1 0 1 92 64 0 13 3 2 1 35 9 8 0 1 14 36 5 42 1357 148 57 113 118 6 126 328 77 2 1 3 75 4 102 143 76 4 2 5 3 0 1 11 60 8 3 8 176 7 68 74 34 0 0 1 4 1 0 0 1 0 0 0 1 0 0 0 82 4 0 2 8 1 0 10 73 5 0 0 37 0 18 9 78 2 4 3 9 0 8 7 2 0 0 0 6 0 3 1 2 0 0 0 0 0 0 0 2 0 0 0 5 1 1 2 82 3 3 2 7 0 0 5 1 0 0 0 7 0 3 4 207 10 2 7 10 1 4 28 79 4 1 2 61 1 25 27 69 91 0 115 1 0 1 105 1 0 0 0 0 3 0 19 3 9 0 2 0 0 0 2 1 0 0 1 1 7 0 19 1 1 0 0 0 0 0 0 0 0 0 0 0 0 0 0 3 6 0 1 0 0 0 0 0 1 0 0 0 1 0 5 50 143 2 83 4 6 9 76 0 1 0 0 1 2 0 16 1 3 0 0 0 0 0 3 1 2 0 2 5 8 2 24 59 42 0 14 3 0 2 16 0 0 0 0 3 2 0 0 62 45 0 19 1 1 1 30 3 19 0 0 6 17 0 39 0
429 41 82 77 35 0 61 116 124 6 4 4 70 3 96 102 27 5 7 8 3 0 4 10 86 7 2 11 88 6 64 88 87 6 6 10 6 0 7 5 3 0 0 0 5 0 1 1 85 17 11 4 3 2 6 5 116 7 0 6 109 9 36 40 49 3 9 5 2 0 15 9 11 1 0 0 11 0 8 6 1 0 2 1 0 0 0 1 5 0 0 0 5 0 5 8 84 4 6 6 12 1 7 9 11 1 0 0 11 0 9 7 138 8 1 9 14 0 15 31 130 6 3 9 114 9 58 75 126 88 5 83 12 7 9 113 13 4 0 3 9 3 4 26 7 10 0 15 1 1 0 3 6 5 1 6 2 12 2 36 7 4 0 1 0 0 0 2 0 0 0 0 0 0 0 1 4 10 0 2 1 0 1 7 1 9 0 1 1 8 2 11 102 67 11 66 6 1 13 97 3 6 0 0 6 8 3 29 7 7 0 7 2 0 1 8 6 5 0 7 5 9 5 57 82 71 1 36 8 5 3 35 1 2 0 0 6 4 2 8 133 122 6 55 10 8 5 83 42 42 1 10 47 62 13 140 455 38 72 91 51 6 83 158 76 4 3 9 84 1 89 131 48 4 2 14 6 0 4 8 94 14 4 11 107 11 70 116 77 9 4 6 7 0 1 3 5 0 0 0 11 0 5 0 91 12 6 7 5 0 6 4 106 7 4 4 103 6 33 35 44 3 8 1 6 0 14 9 4 0 0 0 7 0 6 6 0 0 1 1 0 0 0 0 2 1 0 0 9 1 6 9 86 6 3 3 9 0 4 11 4 2 0 0 10 0 4 8 142 5 3 11 9 0 9 37 132 6 1 6 106 4 35 65 90 90 7 100 7 2 11 141 13 2 0 1 3 2 0 45 4 13 0 7 0 1 0 4 2 9 0 5 1 9 1 39 1 0 0 2 0 0 0 2 0 0 0 0 0 0 0 2 5 12 1 6 1 0 0 6 0 4 0 0 3 4 1 10 83 70 10 64 5 5 11 110 4 3 0 1 6 2 3 36 7 6 0 11 1 0 0 5 7 4 0 2 7 13 3 65 109 76 1 38 10 9 5 37 0 1 0 0 3 5 1 4 166 97 1 27 6 5 10 74 35 30 1 14 46 48 3 121 1092 82 54 76 72 3 79 236 95 4 0 1 77 1 80 73 124 10 3 8 7 1 3 7 101 8 3 15 109 1 33 75 69 5 0 1 3 0 1 3 1 0 0 0 6 0 0 0 132 8 2 2 2 0 2 5 104 5 1 4 64 3 14 21 92 6 6 2 8 0 8 10 7 0 0 0 8 0 5 2 7 0 0 0 0 0 0 0 5 0 1 0 3 0 3 1 107 1 1 7 11 0 4 3 8 0 0 2 12 0 1 2 246 7 0 7 9 0 8 32 126 4 0 4 87 4 17 43 74 92 0 98 6 3 6 82 1 1 0 0 1 5 1 10 2 12 0 5 0 0 0 2 0 1 0 1 2 8 0 10 1 1 0 0 0 0 0 0 0 0 0 0 0 3 0 0 4 12 0 4 0 0 1 5 0 1 0 0 1 0 0 1 99 146 3 53 13 6 16 57 1 2 0 0 0 3 1 17 3 6 0 1 0 0 2 2 7 4 1 3 3 20 4 31 107 62 1 16 4 2 0 13 2 0 0 0 2 3 0 1 100 62 0 23 0 1 4 45 21 22 1 3 14 30 1 57 1063 57 50 77 67 4 115 245 98 3 1 4 83 3 87 90 112 9 6 7 5 1 3 16 107 6 2 11 164 5 54 80 49 3 0 1 3 0 0 1 2 0 0 0 1 0 0 2 120 7 3 3 5 0 2 14 67 5 0 3 45 1 17 18 100 0 3 3 14 1 9 13 3 0 0 0 7 0 5 7 6 0 0 1 0 0 1 1 3 0 0 1 13 1 2 2 88 6 1 0 11 0 3 17 4 0 0 0 9 1 2 4 324 13 1 12 18 1 12 60 95 3 1 3 89 5 21 53 96 63 0 59 5 1 3 63 4 0 0 0 1 1 1 15 4 4 0 5 0 0 0 4 4 2 0 0 2 3 0 16 1 2 0 0 0 0 0 0 0 0 0 0 0 0 0 0 4 10 1 2 0 0 1 2 1 4 0 0 1 1 1 1 98 108 1 47 4 2 11 70 0 0 0 0 2 3 2 9 0 2 0 1 2 1 0 1 2 2 1 1 5 20 2 33 81 74 0 10 7 2 0 12 3 0 0 0 2 1 2 3 102 87 1 18 7 1 8 47 17 11 0 2 21 30 0 49 0
936 47 24 76 65 8 88 362 44 0 0 1 65 3 54 121 98 6 1 6 3 0 0 6 85 1 0 7 114 0 29 70 22 0 0 0 3 0 0 1 1 0 0 1 1 0 0 0 70 6 0 1 3 0 2 5 74 0 0 0 63 0 3 13 54 1 0 3 6 0 5 9 1 0 0 0 3 0 0 0 6 0 0 0 1 0 0 1 2 0 0 0 2 0 0 2 56 0 0 1 2 0 0 7 2 0 0 0 6 0 1 2 204 3 0 1 4 0 3 17 61 2 0 2 43 2 8 32 48 64 1 58 0 1 2 209 2 0 0 0 0 6 2 19 1 2 0 0 0 0 0 0 0 0 0 1 0 1 0 14 0 0 0 1 0 0 0 0 0 0 0 0 0 0 0 0 4 1 0 1 1 0 0 2 0 1 0 0 0 0 0 1 61 71 1 23 0 2 5 47 0 0 1 0 0 3 1 5 3 1 0 1 0 0 0 0 3 2 0 0 2 15 0 10 53 20 0 5 1 1 2 22 0 0 0 0 1 1 0 0 66 43 0 7 1 0 1 27 8 4 0 1 7 8 0 21 1143 81 32 83 91 2 83 275 41 1 1 1 52 4 63 124 64 4 0 5 2 1 1 6 56 2 0 5 149 4 37 51 26 0 2 0 1 0 1 1 0 0 0 0 1 0 0 0 50 1 2 1 1 0 3 4 42 1 0 1 31 0 5 6 59 0 1 2 3 0 3 8 1 0 0 0 5 0 0 1 2 0 0 0 0 0 0 0 0 0 0 0 2 0 0 1 45 2 0 0 2 0 0 4 1 0 0 0 4 1 0 0 162 3 0 2 6 0 3 18 66 0 0 1 43 2 8 20 30 53 1 56 2 4 0 166 0 0 0 0 0 1 0 17 1 0 0 0 0 0 0 1 0 0 0 0 1 3 0 10 0 0 0 0 0 0 0 1 0 0 0 0 0 0 0 0 1 4 0 1 0 0 0 2 0 0 0 0 0 0 0 0 47 160 0 30 2 5 6 57 2 2 0 0 1 2 0 9 1 2 0 0 0 0 0 2 1 3 0 0 1 25 0 16 29 26 0 4 3 0 0 8 0 0 0 0 1 1 0 1 38 37 0 6 1 1 1 16 8 5 0 0 5 11 0 14 645 19 17 26 38 1 39 57 55 3 1 2 44 1 26 17 136 2 2 4 1 0 3 8 117 5 3 7 114 2 30 23 52 0 0 1 0 0 0 0 0 0 0 0 0 0 0 0 152 9 2 1 1 0 4 2 174 3 0 1 81 0 15 15 95 1 0 1 7 0 2 5 4 0 0 0 7 0 1 0 4 1 0 0 0 0 0 0 6 0 0 0 12 0 1 1 127 1 1 1 5 0 1 3 3 0 0 0 5 0 1 0 423 2 1 4 12 1 6 12 319 3 2 2 99 1 26 32 31 27 0 16 1 2 1 18 0 0 0 0 0 1 0 7 2 4 1 4 0 0 0 0 2 1 0 0 1 4 0 4 2 1 0 0 0 0 0 0 0 0 0 0 0 0 0 0 5 6 0 0 0 0 0 0 0 1 0 0 1 0 0 0 71 64 0 14 5 0 5 12 1 0 0 0 1 0 2 7 1 5 0 1 1 0 0 2 5 2 0 1 6 15 2 14 96 32 0 7 1 0 2 8 0 0 0 0 3 0 0 0 167 63 1 7 4 2 2 27 42 16 0 1 23 24 5 29 504 26 27 35 34 1 34 62 71 3 1 2 49 0 39 39 108 4 0 2 2 0 4 3 107 5 4 3 109 6 46 34 41 0 1 1 2 0 2 2 2 0 0 0 1 0 0 0 150 4 2 3 5 0 1 1 179 2 0 2 68 1 18 12 58 1 1 3 7 0 6 5 5 0 0 0 3 0 1 0 4 0 0 0 0 0 0 0 6 0 0 1 7 0 0 0 96 0 0 1 4 1 4 1 4 0 0 0 9 0 1 1 415 6 3 3 13 0 6 22 412 5 3 2 112 0 32 33 39 35 0 23 1 2 0 23 1 0 0 1 1 2 0 9 7 2 0 1 0 0 0 1 2 1 0 1 0 1 0 5 1 2 0 0 0 0 0 0 0 0 0 0 0 0 0 0 1 6 1 2 1 0 0 0 0 0 0 0 1 1 0 1 60 61 2 30 3 4 7 34 0 2 0 0 2 2 0 5 3 2 0 1 0 0 1 2 2 1 0 1 1 7 1 10 98 36 0 3 2 1 2 4 0 0 0 0 1 0 0 0 150 56 0 15 3 1 4 19 24 14 0 4 16 8 4 25 0
510 54 72 78 47 2 75 172 65 5 6 6 58 4 76 90 54 7 3 10 3 0 5 14 71 6 4 10 135 8 133 56 91 5 5 1 6 0 2 2 1 0 0 0 3 1 0 0 97 6 2 4 2 0 4 6 135 7 1 3 121 2 21 24 37 1 4 1 9 0 5 8 4 1 0 0 9 1 4 3 3 0 0 1 0 0 0 1 2 0 2 0 9 0 8 4 73 3 4 2 4 0 5 5 1 0 0 0 7 0 2 7 174 7 4 4 12 0 5 17 168 6 0 3 113 9 26 42 60 77 2 131 4 2 9 120 4 2 0 2 2 2 1 25 4 5 0 5 0 0 0 5 2 1 0 2 2 4 2 25 6 7 0 0 0 1 0 1 0 0 0 0 0 0 0 0 8 8 0 1 0 1 0 6 1 4 0 0 1 0 2 2 74 173 2 143 7 9 6 98 2 2 0 2 3 7 0 36 2 8 0 3 0 1 1 5 1 5 0 3 7 19 2 56 145 173 2 37 11 2 2 31 2 0 0 0 3 1 0 4 184 102 3 23 5 3 1 48 54 45 0 4 30 54 6 64 575 70 100 97 58 1 90 259 50 3 2 4 71 2 102 144 49 4 4 12 1 0 3 9 76 4 5 8 101 5 147 91 71 7 10 2 4 1 1 2 2 0 0 0 6 1 2 1 85 7 2 4 3 0 3 6 88 2 2 3 129 4 38 18 48 2 2 1 6 0 3 11 5 0 0 0 4 0 10 3 3 0 0 0 0 0 0 1 3 0 0 1 2 0 2 4 73 1 2 3 6 1 4 6 3 0 0 0 7 0 3 3 165 4 1 1 4 0 3 18 122 2 1 6 112 6 28 39 66 96 3 94 2 2 6 140 2 7 0 1 0 5 2 39 0 7 0 6 0 0 0 6 2 1 0 7 4 7 1 20 3 5 1 1 0 0 0 3 0 0 0 0 0 0 0 1 1 5 0 1 1 0 0 5 1 0 0 0 1 4 0 7 65 138 3 99 9 8 5 89 3 1 0 2 1 1 4 36 1 5 0 1 0 0 0 4 0 5 0 1 5 32 3 51 97 206 1 28 5 2 6 24 2 3 0 1 2 1 0 4 153 85 3 25 4 7 2 38 57 29 0 1 47 46 3 70 1056 99 82 105 85 4 104 303 48 2 2 4 90 8 93 127 95 2 3 4 6 0 2 8 62 7 7 9 166 14 108 66 61 5 5 1 1 0 1 2 1 0 0 0 0 0 1 0 88 4 2 2 3 0 2 7 109 3 0 1 52 0 18 17 81 2 2 1 4 0 6 9 5 0 0 0 9 0 4 2 4 0 0 0 0 0 0 0 3 0 0 1 10 1 3 5 88 6 2 3 3 0 2 7 2 0 0 0 5 2 0 1 224 3 3 5 6 1 2 25 73 0 0 0 52 3 10 22 60 95 3 115 3 3 1 86 3 0 0 0 2 2 1 17 4 4 0 5 0 0 0 1 3 1 0 2 1 7 1 21 1 3 0 0 0 0 0 0 1 0 0 0 0 0 0 0 3 9 0 0 0 0 0 2 0 2 0 0 1 2 0 1 67 134 1 99 6 11 5 99 0 0 0 1 1 8 2 13 0 9 0 3 0 1 0 3 1 8 0 0 10 24 2 50 63 187 1 22 8 4 2 16 0 0 0 1 3 1 0 0 64 55 0 16 2 2 2 25 10 17 0 1 20 41 0 30 983 92 78 103 83 4 92 186 51 1 0 2 103 2 100 83 79 5 1 8 4 0 4 2 93 5 3 11 284 8 264 77 54 2 1 1 2 0 4 0 0 0 0 0 3 0 0 0 67 6 0 3 3 0 0 6 98 2 1 1 126 1 25 12 63 1 2 7 5 1 9 7 1 0 0 0 4 1 3 4 3 0 0 0 0 1 1 0 1 0 0 0 6 2 1 4 69 5 4 3 6 0 2 3 2 0 0 0 5 1 1 5 121 10 0 6 2 0 4 14 80 1 0 2 66 3 12 25 57 98 1 101 4 3 5 98 1 2 0 0 2 5 1 14 1 6 0 3 0 0 0 5 0 2 0 1 3 5 1 16 0 0 0 0 0 0 0 0 0 1 0 0 0 0 0 0 3 9 0 1 0 0 0 4 0 4 0 0 0 3 0 3 77 249 3 111 4 5 7 95 3 3 0 0 2 3 1 31 4 10 0 3 0 2 0 4 0 5 0 2 7 28 0 40 53 87 1 26 4 0 1 16 0 1 0 0 4 1 0 4 75 57 2 12 1 4 3 37 10 20 0 2 10 36 2 37 0
393 29 32 36 29 2 62 167 195 5 2 11 69 5 91 216 36 5 3 10 3 0 0 8 74 7 2 5 54 4 27 78 40 2 2 2 5 1 1 6 5 0 0 0 4 0 0 1 53 7 0 2 3 0 4 14 79 9 0 5 67 5 19 57 28 2 3 3 6 1 7 11 7 0 0 1 5 0 7 9 0 0 0 0 0 0 0 1 7 0 0 2 3 0 7 4 53 2 4 4 9 1 6 10 13 1 0 1 7 0 8 9 280 13 1 11 13 1 11 91 256 8 2 9 82 5 39 169 173 58 5 95 8 1 13 189 19 4 0 2 5 4 5 50 10 6 2 9 1 0 1 11 9 1 0 3 0 2 0 21 1 1 0 0 0 2 0 0 0 0 0 0 0 1 0 1 9 10 0 4 0 0 0 5 4 5 0 1 1 4 2 14 71 33 0 35 3 2 8 77 1 3 0 1 4 3 3 17 2 4 2 2 0 0 1 9 1 4 0 2 3 3 1 18 86 34 1 19 3 0 4 47 3 2 0 1 8 2 1 8 317 80 2 51 13 3 11 144 69 19 1 7 29 17 11 112 350 22 37 46 36 0 73 187 190 11 4 8 84 3 106 188 36 2 3 4 3 0 4 12 72 8 3 9 44 4 44 105 31 5 2 1 6 0 0 5 5 0 0 0 2 0 0 1 57 5 1 12 1 0 4 9 99 8 0 7 39 3 17 51 36 2 1 3 6 0 5 7 10 0 0 1 5 0 9 10 1 0 2 0 0 0 0 1 4 0 1 1 1 1 2 3 66 2 4 4 8 1 4 15 18 0 0 0 10 0 5 8 176 15 4 10 9 4 13 57 216 17 4 13 85 8 48 151 193 84 4 104 9 5 12 197 8 4 0 3 5 6 2 57 12 10 0 10 0 1 2 11 5 5 0 6 3 1 0 36 5 3 0 1 0 0 2 0 1 0 0 0 0 0 0 1 7 18 0 3 2 0 1 11 3 4 1 2 2 3 1 14 69 34 3 62 9 1 10 92 5 3 0 1 3 3 5 15 2 3 1 2 1 0 1 13 1 3 0 1 5 4 3 15 83 50 0 30 4 4 5 49 5 1 0 0 4 0 2 8 196 76 0 42 13 7 11 180 57 22 2 10 33 20 7 149 702 46 57 82 64 2 101 159 136 4 3 8 81 3 95 91 74 5 5 15 1 0 2 12 94 7 6 13 126 4 127 86 76 3 4 2 5 0 2 1 4 0 0 0 5 0 0 2 120 6 4 4 4 0 6 11 94 11 2 2 81 2 30 24 61 0 3 5 2 0 9 7 7 1 0 1 2 0 13 6 2 0 1 0 1 0 0 1 2 0 0 0 11 0 5 6 106 5 1 6 12 0 5 11 8 1 0 1 12 1 5 5 240 14 3 17 14 0 13 50 128 5 1 4 76 1 40 90 115 64 3 56 4 3 4 74 7 1 0 0 2 1 1 17 7 10 0 6 0 1 0 2 1 3 0 4 1 5 0 16 4 3 0 0 1 0 0 0 0 0 0 0 0 0 0 0 5 20 0 3 0 0 1 7 0 3 0 1 0 2 0 3 85 83 3 43 11 2 16 67 0 2 0 0 1 4 6 18 3 4 0 1 0 1 0 1 3 4 1 2 7 8 1 40 113 87 0 19 7 4 3 32 0 2 0 0 7 3 0 2 140 87 1 21 8 3 7 82 24 27 0 3 27 55 5 92 850 81 40 78 64 2 76 176 122 8 1 11 68 5 78 93 73 13 4 5 3 0 3 11 80 6 7 15 70 4 56 68 44 3 0 1 3 0 1 1 3 0 0 0 3 0 1 0 90 11 1 4 1 1 4 7 96 2 0 2 35 2 12 32 96 3 4 2 14 1 10 11 7 0 1 0 8 0 3 7 5 0 0 0 0 0 0 0 3 0 0 1 3 1 3 7 106 4 2 3 7 0 7 11 9 0 0 0 14 1 4 2 303 15 2 11 9 1 6 42 147 4 0 5 79 3 25 68 125 77 0 88 5 2 5 93 1 1 0 0 1 3 1 15 8 4 0 5 0 0 0 3 3 5 0 2 1 4 1 16 0 4 0 0 1 0 0 1 0 0 0 0 0 0 0 0 6 11 0 1 0 0 1 1 0 4 0 1 2 1 1 2 110 115 3 48 7 5 12 62 3 3 0 3 2 2 2 10 4 5 0 3 0 0 2 3 4 3 0 2 2 6 1 22 126 59 1 23 6 2 1 29 1 1 0 0 3 1 2 3 200 122 3 49 7 4 2 85 33 29 0 3 21 18 9 72 0
696 63 29 88 43 0 58 291 108 14 6 9 80 3 108 218 70 3 2 5 3 0 4 8 91 8 3 9 69 1 50 87 31 1 1 3 2 0 0 2 4 1 0 0 1 0 1 0 78 4 2 8 0 0 3 8 107 5 1 4 40 0 16 29 59 5 0 3 4 0 6 10 12 1 0 0 5 0 10 12 1 1 0 0 0 0 1 1 2 0 2 1 3 0 0 6 68 3 1 4 4 0 5 13 9 0 0 0 5 0 3 10 190 12 3 6 7 2 11 50 172 9 0 8 71 1 45 103 120 87 0 113 9 3 4 202 2 2 0 3 3 8 5 41 13 7 0 5 1 1 0 6 1 2 0 1 0 2 0 6 4 3 0 0 0 0 0 1 0 0 0 0 0 0 0 1 12 11 0 2 0 1 2 6 0 4 0 1 2 3 0 2 85 67 1 40 8 1 11 85 4 1 0 0 5 1 2 26 7 4 0 1 0 0 0 2 3 0 0 1 5 3 0 11 105 55 0 18 10 3 5 38 2 0 0 2 2 2 0 8 193 74 1 37 13 8 9 98 28 13 0 7 17 16 3 94 649 72 45 119 61 6 81 320 139 3 7 11 78 9 147 303 43 6 3 6 1 0 0 12 69 7 4 7 45 3 41 103 32 1 1 0 4 1 1 0 1 0 0 0 3 0 1 1 68 7 0 4 1 1 0 13 63 3 0 2 29 2 19 25 38 0 4 1 4 0 7 11 1 1 0 0 2 0 13 15 2 0 0 0 0 0 0 1 3 0 0 0 3 0 2 5 56 3 1 1 7 0 6 12 5 1 0 0 9 0 3 7 178 16 4 14 11 1 9 77 126 4 1 5 53 4 37 95 137 107 1 112 3 6 8 212 10 2 0 2 3 6 2 59 4 2 0 6 0 1 2 3 3 2 0 2 1 6 0 15 3 1 0 1 0 0 0 3 0 0 0 0 0 0 0 0 9 11 0 2 0 0 1 10 1 2 0 0 0 2 0 5 47 95 1 27 7 6 12 87 3 3 0 0 2 4 3 33 4 4 0 1 0 1 0 2 4 2 1 1 1 13 2 28 82 37 1 19 9 3 3 49 1 0 0 0 5 4 1 16 160 61 0 23 11 5 7 111 35 12 0 2 16 17 6 76 560 52 39 51 60 2 79 184 95 6 7 9 112 5 255 382 48 7 8 9 5 2 0 12 87 4 2 12 165 4 133 152 40 3 3 3 4 1 1 3 4 0 0 1 5 0 1 1 50 6 0 2 8 0 4 8 120 6 2 3 119 5 53 38 46 1 1 1 6 0 7 6 8 0 2 2 8 0 8 6 1 1 0 0 0 0 2 0 0 0 0 0 4 0 2 7 39 0 1 2 6 2 2 7 10 0 1 0 8 0 3 4 179 9 0 9 6 1 6 18 160 10 1 5 84 3 39 70 68 39 6 94 14 2 17 203 3 3 0 1 3 1 2 55 5 2 0 2 1 0 0 5 2 2 0 0 1 1 0 19 5 3 0 1 0 1 1 1 0 0 0 0 0 1 0 0 6 5 0 0 1 0 2 3 3 2 0 0 0 0 0 6 42 99 1 34 5 0 9 51 1 2 0 2 3 1 6 20 7 5 0 2 1 0 0 0 2 3 0 2 0 4 2 18 62 100 0 17 7 2 4 32 1 1 0 0 2 2 1 8 143 52 2 13 6 4 5 62 21 19 0 9 21 24 8 88 1425 138 45 101 47 1 47 197 37 1 1 1 29 0 21 28 79 14 3 2 1 0 0 2 68 5 0 11 127 3 13 29 69 1 0 0 0 0 0 1 0 0 0 0 2 0 0 0 81 6 0 0 0 0 1 0 33 2 0 3 34 0 5 6 186 3 2 1 3 0 4 13 5 0 0 1 7 0 6 1 9 0 0 0 0 0 0 0 3 0 0 0 11 0 1 3 134 3 1 2 6 0 1 6 4 0 0 0 8 0 0 3 342 10 1 7 3 1 5 16 51 2 1 3 66 0 5 19 61 121 2 83 3 2 0 63 1 0 0 0 0 1 0 4 2 4 0 0 0 1 0 1 1 0 0 1 0 1 0 6 0 5 0 0 0 0 0 0 0 0 0 0 0 1 0 0 2 11 0 3 0 0 0 1 0 2 0 1 0 1 1 3 148 317 5 69 9 8 10 78 0 2 0 2 2 7 0 9 2 5 0 2 0 1 0 2 1 5 1 3 1 11 2 29 142 124 0 12 5 1 2 15 0 0 0 0 0 2 0 1 120 92 1 15 0 3 0 30 16 15 0 1 22 29 2 27 0
605 65 67 107 78 4 97 281 124 9 2 5 88 1 124 182 44 9 6 7 2 0 3 14 77 8 5 15 82 3 46 87 45 5 2 0 1 1 1 3 1 0 0 0 3 0 2 4 81 8 2 10 0 1 5 8 83 7 1 2 47 2 13 36 52 4 6 0 7 1 9 15 5 0 0 1 11 1 2 5 3 0 0 0 0 0 0 0 5 1 0 0 4 1 3 5 76 4 1 6 11 0 3 11 11 0 0 2 8 0 2 4 177 14 1 9 11 3 8 47 138 12 0 4 62 7 36 87 123 86 2 148 10 3 14 226 6 4 0 0 4 5 5 52 7 5 0 12 1 1 0 17 1 3 0 2 2 5 2 28 2 1 0 3 0 0 0 1 0 0 0 0 0 0 0 1 5 12 0 3 0 0 0 5 0 1 0 0 1 2 0 2 71 77 1 48 7 6 7 92 2 1 0 0 5 4 3 29 4 2 0 2 1 1 0 3 4 3 0 2 5 8 2 32 86 40 0 24 4 2 2 38 1 0 0 0 2 4 0 6 144 67 3 38 1 3 5 85 35 13 0 4 18 27 1 71 448 30 59 86 42 5 68 221 93 5 1 15 81 4 97 169 38 3 3 6 1 0 5 9 70 8 6 11 90 1 63 75 70 1 5 4 2 0 5 1 5 0 0 0 6 0 1 1 72 8 1 6 4 0 3 8 124 11 3 1 98 4 16 35 54 1 5 1 4 0 8 3 4 0 0 1 8 0 5 10 2 0 0 1 0 0 0 1 4 0 1 0 2 2 1 3 79 5 0 9 9 0 6 6 8 0 0 1 11 0 4 1 169 7 3 10 7 1 12 41 133 10 1 9 70 8 25 76 92 62 4 90 10 1 6 234 5 1 0 1 3 5 1 30 10 5 1 9 1 0 0 10 5 2 0 2 3 7 0 23 1 4 0 1 0 1 1 0 0 0 0 0 1 0 0 0 9 11 0 5 0 0 0 6 4 3 0 1 1 1 0 7 78 131 11 218 6 2 8 105 2 5 0 2 6 4 3 28 4 8 0 5 0 0 0 6 2 9 0 6 3 18 2 43 103 140 3 48 7 1 4 29 1 3 0 1 2 2 0 7 134 77 1 29 7 7 2 93 30 30 0 5 17 46 5 97 705 61 58 95 86 5 107 305 110 6 2 6 86 1 129 158 76 8 4 15 3 1 1 10 99 7 2 11 85 6 64 83 60 5 1 3 1 0 2 1 2 0 0 0 3 1 5 1 86 13 2 2 2 0 4 7 82 7 0 2 56 4 16 29 69 3 0 2 17 2 6 15 2 0 0 1 5 0 8 6 3 0 0 1 0 0 0 0 1 0 1 0 5 0 3 3 84 3 1 3 3 0 7 13 5 1 0 0 12 0 5 7 235 5 2 8 12 0 10 52 113 3 2 3 79 2 32 77 105 102 3 113 6 3 2 127 5 1 0 2 2 5 2 37 7 5 1 6 2 0 0 6 3 5 0 2 2 3 1 13 1 2 0 1 0 0 0 0 0 0 0 0 0 0 0 1 3 10 0 1 0 1 1 6 1 2 0 0 0 2 0 1 100 91 3 68 4 5 12 93 3 3 0 0 0 1 1 28 6 2 1 2 0 1 0 0 7 2 0 4 1 6 5 34 94 49 2 10 5 3 3 19 0 0 0 0 0 6 0 2 108 74 1 31 4 5 3 68 24 24 0 2 10 36 6 76 537 65 77 84 63 2 78 220 101 7 1 8 69 3 114 131 47 5 5 11 3 0 1 10 59 14 2 13 119 7 68 92 71 4 3 5 3 0 5 1 4 0 0 1 6 1 1 1 69 5 1 1 5 0 2 7 99 10 1 2 149 8 36 30 48 2 11 2 7 0 14 8 8 0 0 1 10 1 4 4 3 0 1 0 0 1 1 0 3 0 1 1 3 0 0 5 78 0 2 6 6 1 3 9 10 0 0 0 11 0 4 5 177 10 1 7 7 1 6 39 113 8 0 6 75 4 17 66 92 70 4 104 6 5 7 142 5 3 0 0 0 2 0 29 8 13 0 12 0 1 0 7 2 5 1 4 1 5 1 19 5 4 0 1 1 1 0 1 0 0 0 0 0 1 0 1 4 8 0 4 0 0 0 3 1 3 0 2 0 2 0 5 85 105 4 168 10 2 11 107 2 0 0 1 5 5 2 25 3 7 0 7 0 1 1 5 2 6 0 3 2 12 2 28 91 94 2 48 9 5 4 40 1 5 0 0 2 1 1 5 156 104 1 28 5 4 4 63 33 26 0 15 31 36 8 90 0
766 67 57 104 79 3 104 413 122 3 0 6 96 1 85 156 90 17 2 6 4 1 1 13 81 4 4 6 112 4 45 74 65 0 4 1 3 0 1 4 0 0 0 0 2 0 0 2 108 10 1 2 3 1 0 10 93 3 1 2 37 1 14 22 62 5 1 2 11 0 11 7 4 0 0 0 7 0 9 4 3 1 0 0 0 0 0 1 6 0 1 0 3 1 2 3 87 6 1 7 10 0 1 6 5 1 1 0 7 0 3 6 237 8 1 9 7 0 5 29 145 7 0 4 70 2 29 50 125 80 5 94 3 3 3 178 6 0 0 1 4 5 0 34 4 5 0 8 1 0 0 2 0 3 0 1 2 4 0 21 5 1 0 1 0 0 0 1 0 0 0 0 0 0 0 0 8 6 1 1 0 0 0 2 1 1 0 0 0 1 2 3 69 111 4 47 7 3 14 71 1 0 0 1 5 3 6 14 1 0 0 3 0 0 0 4 2 1 0 1 2 20 1 42 82 48 0 18 9 4 2 30 0 0 0 0 3 1 0 3 118 63 1 17 3 6 3 55 24 13 0 0 17 38 2 53 842 74 54 88 71 8 109 420 95 7 1 5 78 2 61 185 106 6 3 15 4 0 1 11 93 5 1 8 89 1 57 69 42 5 3 1 3 0 1 3 3 0 0 0 2 0 0 0 103 11 1 0 1 0 4 7 87 3 0 1 52 0 18 19 80 6 2 0 3 1 8 12 4 0 0 0 6 0 2 6 5 1 0 0 1 0 0 0 4 0 0 0 7 0 1 3 95 3 1 5 8 0 4 7 2 0 0 0 9 0 3 3 319 8 2 7 12 0 10 37 111 1 0 0 65 1 18 65 93 107 1 87 6 2 4 173 2 2 0 0 3 3 2 37 5 5 0 1 0 0 0 4 1 0 1 0 1 2 0 15 2 0 0 0 0 1 0 0 0 0 0 0 0 0 0 0 1 9 0 2 0 0 1 5 0 3 0 0 0 0 0 3 100 97 1 48 3 5 9 79 2 1 0 0 2 3 2 15 3 1 1 1 0 1 0 3 2 0 0 3 5 9 1 20 83 50 0 25 1 0 3 17 0 0 0 0 2 1 0 0 136 69 0 16 4 4 4 60 16 17 0 2 15 19 2 42 1160 110 53 105 91 5 87 295 94 4 0 6 81 2 103 108 66 9 1 5 5 0 2 9 67 6 1 7 118 4 48 66 38 1 2 1 0 0 1 1 0 0 0 0 1 0 0 0 73 6 0 1 1 0 1 8 67 2 0 1 41 1 16 17 73 6 5 2 9 3 8 12 3 0 0 0 4 0 3 2 0 0 0 0 0 0 1 1 1 2 0 0 4 0 1 2 78 2 0 6 8 0 2 10 4 0 1 0 9 1 3 3 323 6 0 12 5 1 7 52 157 3 0 5 45 3 18 50 86 82 3 88 5 2 3 109 2 1 0 1 1 5 0 20 8 7 0 2 0 2 0 2 1 1 0 3 0 1 0 11 1 4 0 1 0 1 0 0 0 0 0 0 0 1 0 0 5 4 0 1 0 1 0 4 0 1 0 0 1 2 0 3 68 149 2 41 5 7 6 81 1 1 0 0 2 6 2 19 3 6 0 1 0 3 0 1 1 6 0 2 3 13 1 27 73 33 1 18 1 2 1 18 1 0 0 1 1 2 0 2 179 54 0 19 4 4 5 64 23 13 0 3 6 17 1 43 1100 88 69 101 115 2 107 317 65 1 0 6 89 1 121 142 88 7 2 4 6 0 3 11 110 6 0 7 159 5 69 82 52 1 2 0 3 0 0 0 0 0 0 0 3 0 1 0 87 2 1 1 2 1 5 10 73 3 0 2 67 1 16 25 75 5 3 3 6 0 5 5 2 0 0 0 6 0 5 1 2 0 0 1 0 0 0 1 1 0 0 0 4 0 3 2 72 4 0 6 5 0 1 8 3 0 0 0 2 0 4 3 242 5 2 4 12 0 5 30 65 1 0 1 65 1 23 42 65 97 0 78 5 7 1 117 0 2 0 1 0 3 1 22 1 4 0 6 0 0 1 2 1 1 0 1 1 6 0 17 1 4 0 2 0 0 0 0 0 0 0 0 0 0 0 0 3 3 0 2 0 0 0 2 0 1 0 0 0 1 0 1 82 177 2 82 2 7 4 75 0 3 1 0 0 0 1 20 1 6 0 2 0 0 0 6 1 3 1 3 5 26 3 32 74 57 0 18 3 1 2 13 2 0 0 0 1 4 0 2 98 57 0 18 1 1 1 41 13 17 0 1 13 23 1 32 0
452 39 37 59 40 5 73 232 71 6 1 4 74 2 108 217 77 3 2 6 3 0 1 8 115 5 4 7 227 1 158 99 59 3 0 1 5 1 1 0 0 0 0 0 4 0 1 1 115 6 1 1 2 0 2 4 210 2 0 1 137 2 39 20 62 1 1 2 4 0 7 6 5 0 0 0 6 0 5 2 8 0 0 0 1 0 2 0 7 0 0 0 10 0 2 4 100 1 1 3 9 0 2 2 0 0 0 0 1 0 2 1 364 8 1 7 4 1 7 18 304 2 1 1 121 2 20 35 40 65 0 71 1 3 0 117 3 3 0 0 3 2 0 29 5 7 0 2 0 0 0 3 1 2 0 1 0 4 1 14 1 3 0 0 0 0 0 0 0 0 0 0 0 0 0 0 3 7 1 4 0 0 0 2 0 1 0 0 0 0 0 1 83 78 1 54 8 5 2 59 1 0 0 0 1 2 1 18 1 6 0 2 0 0 0 1 9 4 0 2 5 3 1 15 125 67 0 10 1 1 4 14 0 0 0 0 1 1 0 1 274 84 1 9 6 1 5 27 47 24 0 2 38 30 3 31 477 58 48 73 51 4 92 144 78 2 1 3 106 3 189 95 75 8 4 9 3 0 4 9 123 3 4 6 146 5 105 86 66 3 1 1 0 0 0 0 0 0 0 0 4 0 0 2 124 8 0 3 2 0 3 6 179 8 3 4 94 2 30 24 63 2 0 2 11 0 3 7 2 0 0 1 5 0 9 1 3 0 0 0 1 1 1 3 2 0 0 0 4 0 2 1 114 3 0 1 8 0 3 2 5 0 0 0 9 0 1 1 384 9 1 11 13 0 8 12 349 2 5 2 126 1 26 45 61 54 1 71 1 3 2 69 1 3 0 0 0 0 0 11 3 9 0 0 0 1 0 0 0 0 0 1 0 1 0 14 1 3 0 0 0 0 0 0 0 0 0 0 0 1 0 0 7 4 0 1 1 0 0 0 1 2 0 0 1 3 0 3 79 111 1 40 6 6 6 60 1 4 0 0 3 3 3 14 5 2 0 0 0 0 0 0 3 2 0 0 2 1 2 17 163 83 0 19 2 2 5 18 3 0 0 0 0 1 0 3 292 96 0 5 7 4 4 32 72 25 1 0 22 18 3 45 697 46 23 35 54 2 53 68 66 0 1 0 75 2 63 53 123 8 2 7 5 0 2 2 127 4 5 9 178 3 85 42 66 1 0 0 0 0 2 1 3 0 0 0 2 0 0 0 176 5 3 2 5 0 2 2 378 8 2 3 197 1 31 15 91 3 0 1 7 0 3 3 8 0 0 0 5 1 4 3 6 1 0 0 0 0 0 1 7 0 0 0 10 0 5 1 111 2 1 4 5 0 1 3 3 0 0 0 5 0 1 0 390 4 0 6 20 1 10 25 588 3 1 2 215 2 42 29 47 39 0 26 2 0 1 29 1 1 0 0 0 0 0 4 3 6 0 1 0 0 0 1 2 0 1 2 1 2 0 9 0 1 0 0 0 0 0 0 0 1 0 0 0 0 0 0 11 6 0 1 0 0 0 0 1 4 0 0 0 3 0 2 66 69 2 20 8 8 2 22 2 0 0 0 1 3 2 4 3 3 0 1 1 0 0 2 3 2 0 1 6 6 1 13 97 43 1 8 4 2 4 12 0 1 0 0 0 0 0 2 178 68 0 10 5 2 3 28 55 8 0 1 41 23 2 40 1151 78 38 63 74 2 74 178 66 1 1 0 68 2 78 55 158 6 1 5 4 0 0 5 112 4 4 7 149 3 34 41 58 2 1 0 2 0 0 0 0 0 0 0 3 0 0 0 161 4 2 1 1 1 3 2 170 5 0 0 64 1 13 17 106 4 3 1 10 1 5 11 5 0 0 0 9 0 3 0 8 0 0 0 0 0 0 0 2 0 0 0 6 0 2 2 145 5 0 2 9 0 3 4 3 0 0 0 10 1 1 2 471 7 1 2 10 0 6 22 198 4 0 2 93 2 13 43 49 64 0 46 2 0 1 48 0 1 0 0 0 1 0 13 1 3 0 4 0 0 0 1 1 0 0 0 0 3 0 10 1 1 0 0 0 0 0 0 0 0 0 0 0 0 0 0 1 9 0 0 0 0 0 1 0 3 0 0 0 0 0 0 82 148 0 22 6 1 11 41 1 0 0 0 0 2 0 4 4 4 0 2 0 0 0 0 2 3 0 2 2 14 1 18 116 44 1 7 3 1 3 13 0 0 0 0 1 2 0 1 163 78 1 21 4 0 2 44 29 22 0 0 20 27 1 28 0
493 44 75 93 86 3 121 241 67 5 3 4 74 3 126 280 44 6 5 6 5 0 4 11 67 4 7 13 194 4 259 108 61 2 9 4 1 0 2 2 2 0 0 0 1 0 2 1 73 7 2 4 1 2 3 7 83 6 2 1 147 3 40 21 18 4 2 3 5 0 7 5 1 0 0 0 3 0 8 8 3 1 0 0 1 0 0 0 4 0 0 0 4 1 8 4 51 0 1 2 4 0 5 3 2 0 0 0 7 0 4 6 127 4 3 3 13 0 3 38 73 5 1 2 73 4 35 49 51 56 0 116 3 4 6 129 2 2 2 2 1 1 1 42 3 2 0 7 0 0 0 1 1 2 0 1 1 4 4 27 3 7 0 4 0 0 0 0 0 0 0 0 0 0 0 0 6 8 0 4 0 1 0 2 3 1 0 1 1 2 0 5 49 121 4 124 2 5 5 80 7 2 0 1 3 8 0 37 3 5 0 4 0 0 0 3 3 3 0 2 4 14 5 44 78 196 1 65 10 10 3 24 1 1 0 1 4 4 2 9 112 63 0 21 6 3 5 39 20 22 0 3 34 46 7 77 526 41 115 100 57 4 99 216 63 3 4 7 78 1 145 141 48 12 5 5 0 0 8 11 63 4 6 9 120 9 183 90 103 3 7 5 7 1 0 7 2 0 0 0 1 0 1 1 80 5 1 8 5 0 4 5 100 7 2 4 111 7 51 23 32 1 6 3 9 0 8 11 4 0 1 0 7 1 8 1 1 0 0 0 0 0 0 0 4 0 0 0 5 0 6 6 67 3 5 5 8 0 4 8 2 0 0 0 7 0 0 3 119 7 0 6 4 0 6 16 84 2 1 2 87 6 31 42 61 86 2 130 2 3 6 124 4 3 0 0 2 3 0 40 1 4 0 5 0 0 0 3 3 4 1 6 4 7 0 37 3 6 1 2 0 1 0 2 0 0 0 0 0 0 0 2 2 10 0 3 0 0 0 3 1 3 0 0 0 1 0 9 58 119 6 99 5 8 9 75 1 2 1 0 2 16 5 32 2 7 1 2 0 1 1 7 2 7 0 3 5 22 6 79 81 193 2 36 4 6 5 26 2 2 0 1 1 6 1 5 112 89 2 26 5 6 3 48 34 30 0 3 49 61 9 92 600 47 53 51 61 2 73 121 85 5 1 7 83 1 90 90 100 4 3 9 7 0 4 14 118 6 8 10 238 8 154 86 67 1 2 2 1 0 2 2 1 0 0 1 2 0 0 0 114 9 5 3 5 1 2 11 213 1 3 5 197 5 30 25 57 6 3 1 8 0 5 4 3 0 0 0 5 0 3 3 3 2 0 0 0 0 0 0 2 1 0 0 12 0 7 3 84 2 1 5 9 0 5 4 11 0 0 0 7 0 1 5 246 13 0 4 8 1 10 39 237 9 0 4 162 0 36 59 93 42 4 55 4 1 4 69 5 2 0 0 1 4 1 28 5 5 0 7 0 0 2 4 2 3 0 4 0 5 2 16 3 5 0 1 0 0 0 0 0 0 0 0 1 0 0 0 10 9 0 3 1 0 0 2 1 4 0 2 0 3 0 5 59 67 3 33 4 2 6 56 0 1 0 0 0 2 3 13 5 6 0 1 0 0 0 2 3 0 0 1 6 13 7 32 84 110 1 28 3 1 4 18 0 1 0 0 2 2 2 6 160 91 2 18 1 5 5 37 40 24 1 1 34 33 8 72 611 59 82 89 50 4 89 144 59 2 5 5 89 2 73 143 50 15 3 8 0 0 2 2 76 10 7 10 176 7 194 86 71 4 6 3 5 0 3 1 1 0 0 0 4 0 2 1 80 8 4 0 3 0 2 4 107 7 0 2 98 3 30 18 70 2 4 1 12 0 10 8 2 0 0 1 6 2 3 1 4 0 0 1 0 0 0 0 2 0 0 0 8 0 11 4 91 1 0 5 8 0 5 5 3 0 0 0 7 1 4 1 136 8 2 2 6 0 5 19 122 2 0 2 83 6 29 47 73 89 2 113 1 4 6 127 5 2 0 3 1 3 1 27 6 10 0 6 0 0 0 2 2 3 0 1 0 5 0 30 0 7 0 2 0 0 0 1 0 0 0 0 0 0 0 0 3 5 0 3 0 1 1 6 2 4 0 1 0 5 0 2 80 130 2 149 5 9 11 98 4 3 0 0 3 4 0 40 3 8 0 4 0 0 0 3 8 5 1 2 9 17 7 57 95 209 0 27 3 12 2 24 2 0 0 0 5 9 0 2 120 77 0 26 3 4 2 43 27 23 0 2 21 59 7 74 0
497 56 32 58 42 0 70 207 86 1 0 5 78 3 100 165 76 2 4 9 4 0 1 6 99 3 3 4 81 8 72 61 55 2 1 0 1 0 2 3 1 0 0 0 2 1 3 1 108 6 2 1 4 1 0 8 168 4 1 1 95 2 13 23 56 5 1 0 5 0 4 9 6 0 0 0 5 1 5 3 3 1 0 0 0 0 0 0 4 0 0 0 11 0 1 1 113 1 2 2 3 0 3 4 4 0 0 0 2 0 0 3 444 10 3 7 9 2 8 33 361 2 1 2 111 5 12 42 66 89 2 101 4 2 4 147 1 2 0 2 2 2 0 26 2 4 0 1 0 0 0 2 2 0 0 2 4 2 0 21 1 0 0 1 0 0 0 0 1 0 0 0 0 0 0 0 2 4 0 1 0 0 0 2 0 3 0 0 2 2 0 1 89 67 1 70 6 6 2 81 2 0 1 0 0 3 1 14 1 5 0 0 0 0 0 3 2 3 0 1 3 1 3 15 157 59 0 17 3 1 4 14 2 0 0 0 2 1 0 0 360 89 1 29 5 1 2 30 62 18 0 0 22 20 2 33 499 45 44 85 55 2 74 185 71 2 0 2 83 1 89 77 67 6 3 11 2 0 2 7 103 5 2 7 146 5 72 57 67 3 3 2 2 1 1 0 3 0 0 0 2 0 0 1 135 8 2 3 1 0 5 2 159 1 0 2 98 1 18 15 66 6 3 2 7 1 3 6 2 0 0 0 7 0 2 2 5 0 0 0 0 0 1 0 7 0 0 0 8 0 4 4 118 1 1 1 4 0 1 5 5 0 0 0 7 0 0 3 456 9 3 7 4 1 6 17 335 1 0 5 111 4 18 30 54 88 1 79 1 1 4 95 3 1 0 0 1 5 0 11 2 3 0 1 0 0 0 0 2 2 0 2 1 4 0 20 0 1 0 0 0 0 0 0 0 0 0 0 0 0 0 0 3 6 0 1 0 0 0 2 1 2 0 0 0 3 0 2 104 126 4 78 5 2 5 55 0 0 0 0 0 2 1 8 5 8 0 1 0 0 0 1 4 4 0 5 14 11 1 22 165 85 0 22 5 2 3 14 1 0 0 0 2 1 0 1 292 92 0 32 3 2 5 38 65 23 1 4 32 38 2 45 576 50 41 51 54 1 56 125 95 2 2 5 68 4 86 252 86 7 1 6 4 0 6 14 109 7 7 6 133 1 91 87 79 2 0 1 4 0 2 2 1 0 0 0 0 0 0 0 142 6 2 0 2 0 0 9 197 5 1 3 178 2 30 34 68 2 2 1 6 0 5 5 8 0 0 0 4 0 5 4 4 0 0 0 0 0 0 1 6 0 0 0 9 0 2 2 118 3 0 0 4 0 2 2 0 0 0 0 3 0 1 3 338 9 0 5 16 0 10 17 368 1 0 3 145 0 35 53 72 50 0 36 0 0 2 75 6 2 0 2 0 1 0 20 7 2 0 0 0 0 1 3 3 1 0 1 2 1 1 7 0 2 0 0 0 0 0 1 0 0 0 0 0 0 0 1 9 5 0 2 0 0 1 1 1 2 0 1 2 1 0 3 63 93 0 39 8 1 4 54 0 3 0 0 0 3 1 10 5 6 0 2 1 0 0 4 4 7 0 0 4 12 2 17 118 68 0 12 2 0 3 17 1 1 0 0 0 1 1 2 231 97 0 12 8 5 1 39 42 25 0 2 31 30 7 45 773 43 39 59 55 2 69 189 66 3 1 0 69 2 81 84 124 8 5 5 5 0 1 7 97 8 3 10 119 6 60 69 77 1 0 1 3 1 1 0 2 0 0 0 2 0 0 1 182 6 1 0 1 0 2 4 157 3 0 0 119 3 15 18 86 1 3 0 6 0 12 4 7 0 0 0 4 0 2 1 4 0 0 0 0 0 0 0 2 0 0 0 9 1 3 4 131 1 1 1 9 0 0 4 4 0 0 0 5 0 1 1 491 6 1 8 13 0 6 24 256 2 1 2 120 3 17 21 76 40 2 48 4 0 1 69 1 1 0 0 0 1 0 15 3 7 0 2 0 0 0 3 3 4 0 0 0 4 0 11 1 1 0 0 0 0 0 0 0 0 0 0 0 0 0 0 5 5 0 0 0 0 0 0 1 1 0 0 1 1 0 0 103 113 2 38 6 3 6 53 3 0 0 0 2 3 0 9 7 10 0 1 0 0 0 1 8 6 0 1 9 13 3 24 101 82 0 7 5 1 1 15 0 1 0 0 2 2 0 1 226 119 0 24 2 0 1 25 46 34 0 1 21 44 3 37 0
389 44 53 86 36 4 76 198 101 2 3 5 81 2 97 161 46 13 4 8 3 0 2 11 87 7 0 7 85 8 59 99 55 4 1 2 2 0 2 5 2 0 0 0 3 0 0 1 93 9 5 4 4 0 4 10 109 5 0 4 80 3 28 43 48 2 2 5 8 0 12 9 7 0 0 0 8 0 9 3 0 1 0 0 0 0 0 1 4 0 0 0 7 2 4 1 96 3 3 4 9 0 1 6 6 1 0 0 10 0 2 2 259 12 3 10 12 0 6 33 217 7 2 8 106 3 29 72 121 98 4 112 4 5 4 188 7 2 0 0 3 4 0 36 1 10 0 8 0 0 0 8 3 4 0 2 1 4 0 22 3 4 0 0 0 0 0 1 0 0 0 0 0 0 0 0 5 5 0 3 0 0 0 5 3 3 0 0 1 0 0 5 110 88 4 84 5 4 8 92 1 2 1 2 5 3 2 25 4 2 0 1 0 1 2 2 2 3 0 4 6 7 1 42 109 61 0 25 13 4 0 40 3 0 0 0 3 3 0 1 246 98 1 47 7 3 5 65 59 23 0 5 24 33 2 84 394 28 74 74 32 1 69 127 97 4 1 4 91 3 111 118 22 3 6 14 0 2 2 5 76 7 5 8 88 6 95 93 45 2 6 7 7 0 1 3 3 1 0 0 5 0 2 1 67 11 3 6 0 1 4 4 134 6 2 2 97 6 30 41 46 0 4 4 5 0 6 8 12 0 0 0 7 0 7 2 3 0 0 0 0 0 1 0 2 0 0 0 7 0 4 6 96 3 7 5 7 0 4 7 5 0 0 0 11 0 1 2 208 14 2 14 11 1 7 15 230 11 0 3 105 5 38 57 90 100 5 130 7 3 6 185 2 5 0 3 4 2 0 39 4 4 1 12 0 0 0 7 2 5 0 1 2 2 0 28 4 2 0 2 0 0 0 0 0 0 0 0 0 0 0 0 2 9 0 6 0 0 0 3 4 4 0 1 1 2 0 6 94 104 4 143 8 7 12 127 5 5 0 1 4 1 5 19 4 10 0 4 0 1 0 6 4 8 0 4 5 10 0 36 133 88 2 50 7 2 5 33 1 0 0 0 3 5 1 4 166 104 1 48 6 1 1 67 60 35 1 5 23 53 5 90 614 57 50 77 50 2 69 155 94 2 4 4 86 2 86 137 49 6 3 6 0 0 0 11 80 5 4 6 114 8 112 92 71 4 1 3 3 0 3 4 0 0 0 0 4 0 0 3 101 12 2 1 4 0 5 6 110 3 2 2 64 1 25 22 49 1 3 1 6 0 7 7 10 0 0 0 8 2 10 3 0 0 0 1 0 0 1 0 1 0 0 1 10 0 6 5 88 3 2 2 10 0 2 4 3 0 0 2 9 0 1 5 282 12 7 5 12 2 14 41 169 3 0 3 81 4 40 67 113 76 2 57 4 0 6 112 7 1 0 1 3 3 0 28 1 6 0 7 0 0 0 2 2 1 0 2 1 4 0 19 1 14 0 0 0 0 0 2 0 0 0 0 0 0 0 1 4 8 1 1 0 0 0 6 1 1 0 1 1 1 0 3 78 121 2 53 8 7 8 74 3 3 1 0 3 1 8 19 1 4 0 2 0 0 1 1 3 1 0 5 9 19 3 31 148 148 1 32 8 4 2 24 3 1 0 1 4 3 3 6 195 126 1 39 6 8 4 62 42 27 0 1 49 38 11 60 776 59 34 74 40 2 67 200 92 1 2 5 66 1 70 119 59 7 2 3 5 1 2 14 82 6 3 12 98 3 49 69 67 3 3 1 3 0 2 4 1 0 0 1 3 0 1 1 97 4 2 0 1 0 5 10 105 4 1 7 61 3 31 31 66 1 4 2 5 1 6 11 8 0 0 0 5 0 5 2 1 0 0 0 1 0 0 0 2 1 0 0 4 0 0 1 111 2 2 5 6 1 1 10 9 0 0 0 9 0 3 2 402 16 2 9 16 1 14 56 197 5 0 8 101 5 33 76 113 65 2 87 3 1 2 124 6 1 0 0 2 0 0 23 8 3 0 6 0 0 0 3 1 4 0 2 1 3 2 11 4 2 0 0 0 1 0 2 0 0 0 0 0 0 0 0 11 10 0 0 0 0 0 6 2 0 0 0 1 2 1 1 93 82 2 46 10 2 9 56 2 1 0 0 1 3 2 14 3 5 0 1 0 0 0 3 5 0 0 3 3 11 4 25 109 74 0 18 3 4 5 31 1 0 0 0 1 3 0 5 237 99 0 25 6 0 6 70 43 21 0 5 19 24 4 58 0
923 84 52 108 66 4 103 466 56 3 2 5 67 6 126 201 46 8 2 10 0 0 3 6 53 4 5 11 107 7 68 83 46 4 2 0 2 0 1 0 0 1 0 0 1 0 0 0 65 9 0 0 2 0 1 7 62 4 0 2 49 2 8 18 74 2 2 3 4 0 9 9 2 0 0 0 8 0 5 7 3 0 1 0 0 0 0 0 1 0 0 0 5 0 2 2 96 6 1 2 9 0 2 8 3 0 0 0 5 1 3 6 216 3 1 4 2 0 4 20 61 4 0 2 48 2 11 29 83 98 0 127 7 4 2 250 0 0 0 1 0 3 0 35 3 3 1 6 0 0 1 3 0 0 0 2 0 4 0 23 0 5 0 2 0 0 0 0 0 0 0 0 0 0 0 0 1 8 0 1 0 0 0 3 0 2 0 0 1 3 0 1 96 169 2 78 5 7 8 81 1 1 0 0 4 5 2 24 1 5 0 3 0 1 0 2 4 3 0 2 3 8 4 19 106 82 0 13 3 3 2 32 0 0 0 0 2 1 0 3 94 83 0 16 3 5 0 27 21 15 1 2 15 21 3 43 1080 109 49 172 77 4 123 559 56 10 0 4 87 2 109 219 33 4 2 6 0 0 3 6 49 6 1 4 72 4 55 88 30 5 2 1 2 0 0 0 0 0 0 0 0 0 0 1 58 5 1 1 2 0 2 2 58 6 0 0 31 1 7 13 44 3 1 3 7 1 8 7 0 0 0 0 4 0 1 4 3 0 0 0 1 0 0 1 2 0 0 0 3 3 0 2 54 3 0 2 3 0 0 7 2 0 0 0 5 0 2 2 213 10 0 9 3 1 6 18 53 0 0 1 40 2 9 25 60 108 0 170 2 4 6 304 1 1 0 0 0 5 1 46 3 5 0 1 0 0 0 3 1 0 0 1 0 5 0 21 0 0 0 1 0 0 0 0 0 0 0 0 0 0 0 0 0 5 0 2 0 0 0 5 0 2 0 0 0 1 0 1 80 106 0 75 7 6 5 109 0 0 0 0 3 5 1 17 1 2 2 1 0 0 0 3 3 4 0 2 2 25 1 18 74 47 0 12 1 2 0 22 0 0 0 1 2 2 0 5 81 61 0 16 1 2 2 33 17 6 1 2 8 19 0 27 2168 82 12 70 56 0 52 231 23 0 0 1 34 0 20 24 102 2 0 3 3 0 1 2 59 4 0 5 162 3 20 39 23 0 1 0 1 0 0 0 0 0 0 0 0 0 0 0 102 3 0 0 1 0 0 1 52 0 0 0 28 0 6 6 120 12 2 0 5 0 2 5 2 0 0 0 5 0 0 1 5 0 0 0 1 0 0 0 1 0 0 0 3 0 2 0 109 1 0 2 2 0 0 1 2 0 0 0 5 0 1 0 563 7 0 1 3 0 3 28 68 0 0 0 60 0 3 19 43 53 0 24 0 1 2 35 0 0 0 0 0 0 0 2 0 2 0 0 0 0 0 1 0 0 0 1 0 2 0 3 0 0 0 1 0 0 0 1 0 0 0 0 0 0 0 0 3 5 0 1 0 0 0 0 1 0 0 0 0 1 0 0 86 222 0 28 2 2 3 44 1 0 0 0 0 1 0 10 1 5 0 0 0 2 0 0 1 2 1 1 3 18 0 12 79 39 0 12 3 0 3 8 0 0 0 0 0 1 0 1 93 74 0 7 0 1 1 17 12 11 0 0 7 16 1 17 1565 47 31 61 40 6 70 177 36 1 1 4 66 1 73 73 77 4 0 4 6 0 0 3 75 3 1 5 254 8 109 65 37 0 0 0 1 0 1 1 2 0 0 0 2 0 1 0 113 5 2 1 0 0 3 3 83 3 1 0 67 1 21 15 102 3 1 0 5 0 8 9 1 0 0 0 6 0 6 0 5 1 0 0 0 0 0 1 1 0 0 0 13 1 4 1 128 2 0 3 6 0 1 5 0 0 0 0 7 0 2 3 385 4 0 0 9 0 3 16 113 2 1 0 80 1 13 26 40 60 0 47 3 0 2 42 0 0 0 0 3 2 0 9 0 4 0 1 0 1 0 2 1 1 0 0 1 5 2 6 1 2 0 0 0 0 0 0 0 0 0 0 0 0 0 0 1 5 0 1 0 0 0 0 0 1 0 0 2 0 0 1 71 180 1 41 4 4 7 47 0 0 0 0 1 2 0 6 1 4 0 1 2 0 0 2 3 3 0 2 0 14 5 15 112 86 0 11 5 3 2 8 0 0 1 0 2 1 1 3 135 90 0 11 5 0 3 25 17 15 0 1 15 18 6 31 0
860 84 45 119 81 3 111 380 102 4 2 7 74 2 103 249 82 5 0 16 5 0 7 13 68 5 4 7 103 2 49 83 35 2 4 2 3 0 0 4 0 0 0 0 4 0 1 0 90 8 0 3 2 0 3 7 92 5 1 1 69 3 16 29 55 7 1 6 4 0 9 10 6 0 0 0 6 0 1 6 4 0 0 0 0 0 1 0 2 0 0 0 5 0 1 5 83 1 2 3 4 0 3 10 4 0 0 0 6 0 0 2 274 10 1 14 15 1 12 43 127 3 0 1 59 4 24 57 100 63 1 104 6 3 2 162 1 0 0 1 0 2 0 33 4 8 0 3 1 0 0 4 0 1 0 1 2 7 0 18 1 3 0 1 0 1 0 0 0 0 0 0 0 0 0 0 4 8 0 2 0 0 0 1 0 3 0 0 1 2 0 4 69 81 2 50 6 3 7 79 5 2 0 0 2 2 4 24 3 4 0 3 0 1 1 5 1 2 0 0 2 13 4 35 51 46 1 14 2 5 2 16 0 1 0 0 2 3 0 3 121 69 0 22 4 6 5 59 14 19 0 4 16 28 0 44 771 68 42 114 82 1 123 358 86 1 4 9 114 4 89 212 59 9 3 5 2 0 4 16 88 5 3 9 72 6 56 82 58 4 3 3 2 0 1 2 1 0 0 0 2 0 2 5 79 5 1 6 2 0 4 7 69 4 1 1 55 6 19 31 66 2 3 4 14 1 7 13 4 0 0 0 3 0 4 4 3 1 0 1 0 0 0 0 1 0 0 0 4 1 1 2 79 5 1 5 5 0 6 4 7 1 0 0 6 0 4 4 304 9 3 7 10 0 8 45 115 0 0 4 66 2 18 48 93 83 0 133 8 3 5 185 2 2 0 0 0 1 1 46 3 1 0 6 1 0 0 3 2 1 0 4 1 3 0 21 1 4 0 2 0 0 0 1 0 0 0 0 0 0 0 0 7 10 0 1 0 0 0 2 0 2 0 0 1 3 0 2 83 90 5 45 3 2 12 77 2 3 0 0 5 1 2 19 4 4 0 3 0 3 1 3 2 4 0 2 1 12 2 30 76 49 0 23 3 4 3 37 2 0 0 0 4 1 0 1 147 59 2 28 0 2 3 50 28 20 0 0 13 28 2 52 979 88 82 122 109 4 125 267 74 8 3 7 108 4 119 202 42 9 4 6 1 2 4 9 77 10 4 7 150 10 98 81 56 2 3 1 2 0 0 2 0 0 0 0 2 0 0 0 71 5 1 4 3 0 4 9 48 3 0 0 52 3 21 17 53 3 2 3 12 0 5 16 3 1 0 0 10 0 7 5 2 0 0 0 0 0 0 2 3 0 1 0 7 0 1 0 75 1 3 0 6 0 4 9 2 1 0 0 6 0 1 5 116 10 2 8 9 1 7 26 37 2 1 3 51 6 20 44 80 104 1 99 4 2 3 182 4 3 0 0 1 6 0 35 0 8 0 5 1 0 0 4 1 2 0 2 2 11 0 28 3 3 0 0 0 0 0 1 0 0 0 0 0 0 0 0 4 10 0 1 0 0 1 2 1 1 0 0 0 1 0 3 78 203 2 103 11 13 8 95 1 2 0 2 2 9 0 29 2 5 1 0 0 0 0 1 2 5 0 1 11 24 4 41 60 52 0 16 5 2 0 19 0 0 0 0 1 4 0 2 69 64 0 21 0 4 4 49 9 8 0 0 12 26 0 59 995 94 75 108 91 6 113 373 83 3 2 5 99 3 126 218 53 12 1 8 2 0 3 9 60 10 3 8 139 9 72 116 40 2 0 2 1 0 1 1 2 1 1 0 2 0 0 1 70 5 1 1 3 0 5 11 64 5 0 1 37 2 15 20 53 3 2 3 3 0 9 5 3 0 0 0 8 1 9 7 2 0 0 0 0 0 0 0 0 0 0 0 4 0 0 4 56 1 3 6 7 0 3 6 0 0 0 0 8 0 1 3 125 4 0 2 10 0 7 43 44 2 0 2 48 2 27 47 94 119 1 134 8 2 4 244 0 0 0 1 1 5 1 62 3 8 0 6 0 0 0 5 0 2 0 3 0 3 1 28 2 3 0 0 0 0 0 0 0 0 0 0 0 1 0 0 4 7 0 0 0 1 0 6 3 1 0 1 1 0 1 2 58 134 0 95 5 6 14 117 0 0 0 0 1 4 1 19 1 4 0 0 1 0 0 4 3 3 0 1 1 11 0 30 69 32 0 26 7 0 1 19 0 0 0 0 0 5 0 2 43 54 1 21 3 1 1 45 7 12 0 0 12 14 3 51 0
761 70 55 117 89 8 119 432 114 6 1 5 86 6 84 178 47 11 1 7 1 0 9 15 68 6 2 13 68 2 28 73 46 3 0 1 2 0 0 5 3 0 0 0 3 1 0 2 76 7 2 3 2 1 5 11 81 8 0 3 26 2 17 22 59 3 5 4 7 0 8 13 3 0 0 0 2 0 8 4 2 0 0 1 1 0 0 0 2 0 1 0 4 0 2 4 60 6 1 2 9 0 3 10 6 0 0 0 6 0 1 4 209 13 1 11 11 1 9 59 126 3 0 2 60 4 41 86 137 106 2 98 8 3 3 207 7 6 0 1 1 9 3 49 1 5 0 3 0 0 2 8 2 2 0 1 1 4 0 17 2 2 0 0 0 1 0 4 0 0 0 0 0 0 0 0 5 8 0 2 0 0 0 8 0 0 0 0 0 2 2 5 66 72 4 42 6 6 13 93 1 1 1 0 1 0 0 24 4 4 0 2 1 0 0 3 1 1 0 5 6 11 1 28 66 31 0 19 6 4 2 34 1 0 0 0 0 0 0 2 129 66 0 23 5 4 4 98 34 20 0 2 13 20 5 73 746 80 77 105 85 4 124 302 98 4 2 6 83 4 95 177 61 4 2 12 3 1 5 11 66 5 2 7 81 4 55 83 51 2 5 1 5 1 0 3 3 0 0 0 4 0 1 0 72 10 1 2 3 0 3 4 86 8 0 2 54 4 15 24 67 2 4 1 6 0 6 13 6 1 0 0 7 0 4 7 2 0 1 0 0 0 0 0 2 1 0 0 1 0 2 1 84 5 1 4 5 1 1 6 1 0 1 0 11 1 5 6 233 12 3 11 12 1 9 42 107 2 2 2 61 1 30 72 108 86 3 105 8 5 5 185 5 2 1 1 2 4 0 44 4 6 0 6 0 0 0 9 2 1 0 3 1 3 0 20 1 4 0 1 0 0 0 1 1 0 0 0 0 0 0 0 7 7 0 1 0 0 0 9 2 0 0 0 1 2 0 1 68 101 3 144 6 7 15 89 4 1 1 1 1 8 3 23 3 4 0 2 1 0 0 4 1 2 0 7 2 10 2 38 68 46 0 25 5 3 0 38 0 0 0 0 2 0 1 3 123 61 2 25 5 2 4 65 17 22 0 4 17 32 3 71 855 67 43 98 76 3 77 219 108 2 3 6 73 0 93 135 60 13 3 8 2 0 4 7 77 6 2 6 99 9 44 56 54 2 1 0 3 0 2 0 3 0 0 0 1 0 0 0 77 10 1 3 4 0 4 8 113 5 2 3 37 2 9 20 101 2 1 4 7 0 7 14 5 0 0 0 5 1 9 2 2 0 0 0 0 0 0 1 1 0 1 0 4 0 2 4 112 4 3 1 7 0 3 10 5 0 0 0 8 0 3 4 259 14 1 12 11 0 8 50 137 9 2 7 57 1 20 69 112 95 1 102 2 3 3 123 3 3 0 2 3 3 1 26 7 9 0 5 0 0 0 3 2 1 0 4 0 3 0 19 1 5 0 0 0 0 0 2 0 0 0 1 0 0 0 0 4 12 0 4 0 2 1 8 1 1 0 0 0 3 0 0 105 121 2 48 6 7 11 72 5 3 0 0 0 4 2 7 3 3 0 3 1 1 0 2 1 2 0 2 2 8 1 32 114 65 0 15 3 1 2 35 1 0 0 0 4 4 0 5 225 84 2 27 8 1 4 76 27 11 0 4 16 31 4 65 662 64 53 88 54 5 93 191 91 7 0 6 71 5 75 138 67 6 1 11 4 0 2 12 81 6 5 15 101 5 47 85 49 4 4 1 2 0 2 1 2 0 1 0 4 1 0 1 93 8 2 5 6 1 9 7 69 3 1 1 36 0 15 26 66 6 5 4 6 0 11 13 8 0 0 0 7 1 10 5 0 2 0 0 0 0 0 0 3 1 0 0 5 0 5 2 101 4 2 6 5 1 2 12 3 2 0 0 10 4 4 2 210 14 2 17 9 2 9 21 173 4 1 4 67 4 25 71 106 100 3 95 4 6 4 136 3 1 0 0 2 3 3 38 4 12 0 5 0 0 0 4 2 1 0 3 3 3 0 19 1 5 1 0 0 0 0 0 0 0 0 0 0 0 0 0 4 15 0 4 0 0 0 5 0 2 0 0 0 2 0 5 96 138 6 96 10 8 11 101 3 3 0 5 2 5 0 19 2 2 0 5 0 2 0 6 0 3 0 1 2 8 4 30 129 124 0 27 10 5 0 32 0 1 0 2 2 1 0 5 193 124 2 35 8 2 5 69 23 17 0 4 14 29 6 79 0
440 34 83 72 39 1 80 128 115 9 4 4 80 8 80 109 27 6 9 7 1 1 0 8 75 12 6 8 73 4 57 79 61 3 9 4 5 1 3 8 7 0 1 0 5 0 2 3 72 9 4 3 6 0 4 8 118 12 4 4 77 9 34 53 36 1 6 4 7 0 15 12 8 2 0 0 4 1 13 6 2 0 1 0 0 1 0 0 3 1 0 1 6 1 7 9 75 1 1 6 9 0 9 10 13 0 1 1 14 1 6 9 172 8 4 6 10 2 7 33 143 15 5 8 101 11 55 95 140 75 5 108 9 6 15 152 20 9 0 1 6 3 2 60 4 14 0 14 1 0 0 10 8 3 0 8 6 9 1 31 4 3 0 3 0 0 0 0 0 0 0 0 0 2 0 1 6 7 0 7 0 0 0 10 1 4 0 1 0 8 0 13 83 53 6 80 8 4 8 94 2 2 0 5 6 6 2 27 3 5 0 12 0 0 0 8 5 1 1 2 4 10 5 40 99 46 1 31 13 4 4 44 1 0 0 1 4 2 0 11 131 87 2 59 6 6 9 80 50 50 1 19 44 45 12 176 439 42 64 68 40 2 60 122 110 6 6 15 87 1 82 108 25 4 5 8 0 1 7 5 68 18 8 17 75 4 59 91 58 4 9 3 5 0 5 3 7 0 0 1 3 2 1 0 65 8 0 4 3 0 8 10 116 12 4 5 72 6 39 36 46 5 2 2 4 0 7 13 10 0 0 1 10 1 6 10 5 0 1 1 0 0 1 1 4 2 1 0 8 0 5 10 84 3 5 2 10 0 5 10 10 0 0 0 8 1 5 7 155 11 6 18 11 2 9 20 139 6 2 17 118 10 52 108 112 88 4 93 11 4 20 130 7 5 0 3 5 1 6 44 5 17 0 11 0 1 0 9 2 1 1 5 3 7 1 34 7 8 1 2 1 0 0 5 0 1 0 0 0 0 0 3 9 10 0 10 1 0 0 9 8 8 1 2 3 4 2 13 97 81 11 66 12 6 12 82 7 2 0 0 9 3 6 32 3 7 0 10 0 0 0 8 6 8 1 4 8 7 2 52 120 64 1 33 6 2 8 42 2 2 0 0 2 2 4 18 109 88 1 66 13 9 8 105 52 44 1 17 33 50 15 153 597 47 76 88 41 4 82 147 111 8 3 6 83 7 88 72 45 12 7 17 6 0 3 10 102 7 7 8 110 6 63 93 71 4 2 2 3 1 1 4 3 0 0 0 3 0 2 0 106 13 3 9 0 1 5 10 124 6 2 9 62 4 30 27 57 3 4 1 10 0 15 8 12 2 1 0 13 0 13 4 4 0 1 1 0 0 0 0 3 0 0 1 7 3 10 1 108 3 1 5 17 1 2 7 9 0 0 0 20 0 5 10 196 9 0 6 11 1 4 25 110 8 1 6 93 6 34 70 119 111 3 88 13 2 7 87 9 4 0 3 2 4 2 38 5 14 1 8 0 0 0 6 2 6 0 1 7 8 1 24 6 2 0 1 0 1 0 1 0 0 0 0 0 0 0 1 4 19 0 7 2 0 0 6 4 6 0 0 0 1 1 6 96 101 6 72 10 4 14 97 1 5 0 0 3 5 2 23 3 6 0 2 0 1 0 4 5 5 0 6 9 12 4 34 115 60 1 28 14 1 7 39 0 0 0 0 5 1 2 10 109 106 0 29 8 9 4 77 25 27 0 6 28 50 8 129 690 47 53 66 54 1 81 189 132 5 2 6 83 4 85 90 59 13 8 14 2 1 5 15 93 10 9 20 83 0 45 89 65 3 2 1 0 0 3 3 1 0 0 0 0 1 0 0 108 12 4 4 3 0 2 11 99 9 2 2 60 3 11 23 80 1 2 2 15 0 9 7 8 0 0 1 9 0 11 6 5 2 0 0 0 0 0 0 2 0 0 0 7 0 4 1 111 5 1 4 18 0 9 6 16 3 0 0 11 0 2 5 254 14 3 12 10 0 7 36 138 7 2 7 111 7 35 85 131 90 3 77 13 4 8 102 5 1 0 3 1 3 1 10 7 10 0 4 0 0 1 5 1 2 0 5 3 8 1 19 3 3 0 1 0 1 0 0 0 0 0 0 0 1 0 0 11 22 0 7 0 2 0 9 1 3 0 1 0 4 0 2 98 79 3 50 10 3 20 74 3 3 0 0 3 4 4 23 3 5 0 6 0 0 1 1 3 6 0 5 5 11 2 32 108 49 0 19 8 6 4 33 1 0 0 0 4 3 1 5 107 107 0 38 11 5 11 101 27 30 0 7 34 32 5 97 0
472 41 44 56 31 5 41 179 163 9 7 21 78 6 96 203 42 7 4 8 2 0 1 11 91 15 1 11 44 0 40 79 38 1 3 1 1 1 4 2 3 0 0 1 4 0 1 0 68 9 2 15 4 0 1 11 100 7 2 3 35 5 22 48 36 0 5 2 8 0 7 9 11 1 0 1 6 1 10 13 1 1 0 0 0 0 0 0 5 1 0 2 1 1 4 10 57 7 3 5 9 1 6 11 11 0 0 0 10 1 2 11 179 18 5 22 16 5 18 42 172 14 1 7 79 5 46 151 184 70 5 71 11 6 17 189 23 8 0 6 6 2 5 65 9 9 1 9 1 0 0 7 3 4 0 3 2 1 2 27 6 2 0 2 0 0 0 3 0 0 0 0 0 1 0 1 6 10 0 3 1 0 0 12 1 5 0 1 0 4 1 10 81 27 3 31 10 2 10 83 6 2 0 0 3 2 1 23 2 6 1 3 0 1 0 4 7 1 0 3 5 8 3 19 83 28 1 17 9 5 8 50 3 0 0 0 2 1 3 11 208 87 6 48 6 7 8 151 60 27 0 7 26 33 16 153 415 47 66 59 35 2 58 126 144 17 12 10 84 3 139 195 46 11 5 8 1 0 5 11 84 9 8 12 53 6 41 83 46 1 0 3 0 0 3 4 8 0 1 0 1 0 1 3 68 9 3 8 6 1 4 14 97 8 2 1 41 2 21 46 29 1 5 2 6 0 7 8 8 1 2 2 7 0 14 15 1 0 1 0 0 0 1 1 6 0 0 0 4 1 10 15 57 9 3 8 15 0 5 16 14 0 0 0 17 1 5 9 154 11 3 12 7 0 12 52 154 18 3 11 58 2 39 148 153 62 7 78 10 3 8 137 11 10 0 2 5 3 6 52 12 7 0 8 1 0 2 9 9 6 0 5 2 4 1 34 15 7 0 1 0 0 1 0 0 0 0 0 0 1 0 0 11 18 0 4 0 0 3 5 3 6 0 1 0 4 1 13 85 48 5 36 6 3 12 87 7 1 0 2 6 2 8 24 4 4 0 5 0 0 0 5 4 1 0 1 2 7 2 38 112 48 1 21 19 6 7 45 3 0 0 1 9 2 9 13 196 106 4 38 21 10 13 129 55 33 1 11 31 35 17 147 569 46 48 85 56 4 100 170 172 6 3 2 99 3 112 122 68 10 2 15 3 0 1 17 91 17 3 16 82 6 50 96 47 4 1 4 5 1 3 2 2 0 0 0 3 1 1 0 91 10 1 7 0 1 2 14 104 13 0 8 56 3 21 37 51 3 5 6 17 0 18 10 7 0 0 1 6 0 9 8 5 0 0 0 0 0 1 1 3 0 1 0 5 1 5 9 94 2 1 4 28 1 6 13 9 0 0 1 10 1 11 4 220 12 1 11 17 0 15 47 122 9 0 13 81 9 37 97 162 76 1 87 6 1 4 147 9 4 0 4 4 5 1 30 9 17 0 8 1 0 2 8 1 4 0 7 2 4 0 27 1 4 0 1 0 0 0 1 0 0 0 0 0 1 0 0 13 16 1 8 0 1 0 10 1 4 0 1 0 4 1 7 75 51 4 42 4 4 15 78 2 3 0 1 4 2 7 19 3 4 1 1 0 0 2 8 6 7 1 3 5 8 1 28 95 40 1 19 12 2 3 33 0 0 0 0 6 2 0 5 141 85 0 40 8 3 10 90 27 22 2 6 18 28 2 117 604 55 82 84 48 3 91 193 133 10 8 10 81 5 133 144 45 3 4 11 4 0 8 8 79 13 4 15 108 4 53 98 68 8 2 3 7 0 2 2 2 0 0 0 6 0 1 3 81 9 9 3 2 0 6 15 97 11 1 4 70 5 28 38 53 0 2 2 11 1 20 13 5 0 1 1 11 0 12 7 7 1 1 0 0 0 1 1 0 0 3 0 6 1 6 1 70 5 4 4 12 0 4 5 8 1 0 0 10 1 5 7 151 9 2 10 18 0 13 27 111 6 1 9 88 5 26 70 121 82 4 105 6 2 6 110 12 4 0 2 2 7 3 32 10 13 0 11 1 0 1 6 2 7 0 5 2 4 0 22 6 4 0 1 0 0 0 0 0 0 0 0 0 0 0 0 10 18 1 3 1 1 0 6 1 3 0 0 1 4 0 6 90 119 3 47 16 7 14 76 3 1 0 5 3 7 6 21 4 6 1 2 0 3 0 9 3 6 0 1 4 25 4 48 94 41 2 18 14 3 6 34 3 2 0 0 5 1 4 11 120 94 2 27 11 8 5 68 36 25 1 5 15 45 15 106 0
597 56 60 98 63 3 102 345 125 8 5 7 91 5 135 180 50 7 3 5 2 0 2 11 83 5 4 15 62 5 47 110 47 3 4 2 3 0 2 7 3 1 0 0 5 0 2 0 69 5 2 8 4 0 6 6 62 3 0 0 40 2 27 36 45 4 3 2 4 0 9 15 7 0 0 1 2 1 8 11 2 0 0 0 0 0 2 1 1 0 0 0 7 0 0 3 72 6 1 3 6 0 6 12 4 0 0 0 9 0 4 9 198 8 2 8 11 2 15 65 126 6 1 6 75 9 31 95 115 84 2 127 6 4 11 197 5 7 0 4 3 0 1 52 9 5 0 8 0 0 0 7 3 1 0 1 4 2 0 38 4 4 0 3 0 0 0 1 0 0 0 0 0 0 0 0 7 10 1 4 1 0 0 12 0 3 0 1 0 1 0 3 85 73 2 44 10 5 14 95 2 0 0 0 4 4 4 24 5 2 0 1 1 1 0 3 3 1 0 5 3 8 2 30 77 45 0 23 3 4 5 40 3 1 0 0 5 7 0 6 126 62 4 36 6 3 6 83 32 19 0 4 16 28 5 87 535 64 64 107 52 6 109 307 134 4 3 7 93 4 123 217 48 14 3 10 2 0 3 17 85 10 1 14 62 12 43 92 56 2 6 2 5 0 0 1 2 0 0 0 6 0 1 2 66 5 3 4 3 0 8 13 84 3 1 4 51 4 20 40 40 1 3 4 6 0 8 15 8 0 0 0 8 0 15 11 5 0 0 0 0 0 1 1 1 0 0 1 3 1 7 4 80 2 0 1 10 0 8 7 6 0 0 0 10 0 4 5 166 15 2 12 10 1 14 55 122 11 3 5 66 2 24 84 140 89 3 121 8 5 8 194 2 7 0 0 8 3 1 35 5 3 0 5 0 0 0 9 1 3 0 6 1 6 0 28 1 2 0 1 0 1 0 2 0 0 0 0 0 2 0 1 7 13 0 7 1 0 0 2 2 1 0 1 1 2 0 4 58 69 4 49 9 5 13 97 3 2 0 1 3 3 4 39 2 4 0 2 0 1 0 6 2 3 0 1 5 10 4 37 94 43 0 19 13 3 8 40 1 0 1 0 6 1 1 10 105 82 1 30 10 9 5 92 41 26 0 8 19 33 5 87 545 36 48 73 44 4 81 188 156 7 3 2 70 4 87 147 40 8 5 12 2 0 3 12 71 8 4 7 57 6 59 74 57 4 2 2 2 1 4 4 5 1 0 0 1 1 0 1 62 12 3 6 1 1 5 12 103 15 0 8 43 1 25 49 49 3 3 0 10 0 6 7 9 1 1 0 10 1 8 7 4 0 1 0 1 0 0 0 5 1 0 1 6 0 2 3 77 5 0 4 9 1 5 4 10 0 0 0 15 2 5 7 211 9 2 13 11 0 11 42 221 10 3 14 105 6 38 98 151 58 10 110 10 4 11 172 12 5 0 2 5 2 5 43 5 7 0 9 0 0 0 11 3 5 0 5 2 2 1 41 1 0 0 1 0 0 1 0 0 0 0 0 1 0 0 0 8 11 0 8 1 0 1 8 2 7 0 3 2 2 2 10 75 70 2 63 8 3 14 92 7 1 0 0 4 3 3 20 3 6 1 3 0 1 2 4 4 1 0 5 4 7 1 35 102 58 0 18 10 2 5 37 6 0 0 1 4 2 0 8 120 105 3 42 9 3 7 82 58 28 0 5 26 41 3 118 509 50 62 91 56 1 93 137 90 5 5 1 86 1 104 105 56 9 5 14 0 0 5 7 91 15 1 13 144 6 78 96 75 1 3 3 4 0 2 4 10 0 0 0 3 1 0 0 89 13 4 5 1 1 6 10 120 12 2 2 138 9 36 36 55 3 1 4 6 0 10 11 10 0 1 0 5 0 13 2 3 0 0 0 0 0 0 0 2 0 1 0 5 0 6 6 102 0 3 5 15 1 5 8 11 0 0 0 7 0 3 4 155 8 1 8 6 0 3 19 119 6 0 7 104 9 30 48 97 69 5 107 1 3 7 144 3 2 0 1 5 3 0 34 4 11 0 11 0 0 0 9 1 5 0 4 6 4 0 34 4 1 1 1 0 0 0 3 0 0 0 0 0 0 0 1 6 8 0 4 0 1 0 4 1 3 0 2 1 3 0 5 88 109 6 102 12 5 13 97 4 0 0 1 3 8 5 24 3 7 1 5 0 1 1 7 5 8 0 5 5 20 4 54 131 63 1 43 7 4 2 39 1 1 0 0 3 4 0 9 124 78 1 36 7 1 3 68 28 31 2 10 26 52 8 114 0
460 61 52 77 52 1 71 231 58 2 1 4 82 0 147 274 50 4 0 3 3 0 4 6 83 4 1 8 139 4 132 96 42 1 1 1 3 0 2 3 0 0 0 0 4 0 0 0 84 1 3 0 3 0 4 4 103 2 0 2 94 1 30 28 49 2 3 0 4 0 5 7 3 0 0 0 3 0 3 5 3 0 0 0 0 0 0 0 2 0 0 1 6 0 3 0 85 2 1 1 4 0 0 2 3 0 0 0 3 0 2 3 273 6 2 5 5 0 0 13 250 0 2 0 91 3 24 32 54 84 0 148 2 4 2 205 1 1 1 0 0 1 1 36 2 2 0 0 0 0 1 3 2 1 0 2 1 2 0 8 3 2 0 0 0 0 0 0 0 0 0 0 0 0 0 0 4 4 0 2 0 0 1 1 1 3 0 0 0 2 0 5 87 136 1 128 4 3 5 89 3 2 0 0 3 3 0 19 1 4 0 0 0 0 0 2 4 1 0 0 2 4 1 15 155 140 0 21 3 4 1 19 0 0 0 0 0 1 0 2 299 108 1 18 2 4 3 28 34 13 0 2 15 21 5 31 632 43 39 66 67 2 83 198 91 0 2 3 74 2 111 197 81 7 3 7 3 0 4 8 113 5 0 7 112 9 66 63 63 1 1 2 3 0 0 0 0 0 0 0 3 0 0 0 128 10 2 2 3 0 5 7 148 2 0 0 64 1 14 16 77 3 3 0 8 1 4 3 1 0 0 0 2 0 2 1 6 0 0 0 0 0 0 1 5 0 0 0 2 0 2 3 115 4 1 1 6 1 0 4 5 0 0 1 9 0 0 4 575 13 3 8 12 1 4 29 310 2 1 3 99 2 24 40 65 61 2 57 0 0 0 58 1 1 0 0 3 2 2 21 2 3 0 3 0 0 0 0 1 1 0 1 2 7 0 18 2 3 0 0 0 0 0 0 0 0 0 0 0 0 0 0 5 3 0 1 0 0 1 4 0 0 0 0 1 0 1 1 94 103 2 51 0 1 5 37 1 3 0 0 1 2 2 5 4 4 0 1 0 2 0 1 3 6 0 0 1 6 2 19 119 54 0 15 2 0 0 9 0 0 0 0 0 2 0 1 306 94 2 13 4 2 6 38 49 19 1 1 18 22 3 33 612 31 26 50 46 1 38 109 73 0 0 0 39 1 41 24 92 4 1 8 2 0 1 6 112 8 4 8 143 2 40 38 67 3 0 0 2 0 1 0 0 0 0 0 1 0 0 0 161 5 2 4 7 0 3 4 253 6 1 0 116 1 17 7 86 1 3 3 4 0 5 6 5 0 0 1 7 0 1 3 4 0 1 0 0 0 0 0 2 0 0 1 4 0 2 0 106 4 3 2 4 0 1 3 9 0 0 1 13 0 0 2 525 6 2 3 10 0 8 16 702 5 1 4 154 2 27 22 45 31 0 76 0 1 3 95 0 2 0 0 0 0 0 10 7 7 0 3 0 0 0 2 0 0 0 1 1 2 0 8 3 0 0 0 0 0 0 0 0 0 0 0 0 1 0 0 9 9 0 0 0 0 0 1 0 1 0 0 0 0 0 0 69 113 1 56 3 3 7 69 0 2 0 0 0 4 1 4 4 8 0 3 0 0 0 0 6 1 1 0 3 7 4 15 111 54 0 12 2 0 3 11 1 0 0 0 1 0 0 0 233 81 0 15 10 4 8 25 92 20 0 3 25 32 3 33 970 48 26 55 60 0 70 144 83 0 1 5 46 2 40 65 120 8 7 8 10 0 4 9 107 4 1 7 126 5 37 57 51 3 3 2 1 0 1 2 1 0 0 0 0 0 0 0 167 6 0 1 3 0 4 5 202 3 0 4 96 3 33 15 95 6 3 2 8 0 7 10 3 1 0 0 7 0 3 0 6 0 0 1 0 0 0 1 4 0 0 0 10 0 1 2 153 3 0 5 7 0 2 6 3 0 0 1 9 0 0 2 556 5 0 4 10 2 11 22 444 2 2 1 127 2 24 35 58 32 2 21 0 2 2 39 0 0 0 0 2 1 1 7 5 2 0 1 0 1 0 0 2 1 0 1 0 1 1 5 3 0 0 0 0 0 0 0 0 0 0 0 0 1 0 0 4 9 0 3 0 0 0 1 0 3 0 0 1 0 1 0 57 111 1 20 4 4 6 31 1 0 0 1 2 3 2 9 2 6 0 2 0 1 0 2 2 1 0 2 4 9 1 15 90 36 0 8 5 2 1 16 2 1 0 0 1 1 0 2 189 78 1 11 6 3 2 27 32 27 0 2 25 22 2 33 0
444 43 82 72 33 2 81 98 104 6 5 13 67 3 89 104 30 9 5 7 1 0 2 3 65 9 7 13 96 8 81 79 87 7 9 6 7 1 1 7 6 0 0 1 9 1 2 1 79 10 2 3 3 0 7 8 132 15 1 7 100 9 37 44 35 1 7 3 11 0 13 15 5 0 0 0 7 0 11 6 3 0 0 1 1 0 0 0 4 0 1 0 9 0 10 9 92 4 8 0 13 1 13 6 8 1 0 0 16 1 10 4 127 7 2 9 4 0 6 25 80 6 1 4 119 10 34 74 131 57 9 103 9 2 7 126 10 6 0 4 6 8 3 37 10 12 1 11 0 1 0 14 3 6 0 8 1 6 4 42 12 5 0 0 0 1 1 4 1 0 0 0 1 1 0 0 4 13 2 7 0 1 0 4 2 14 0 1 3 6 1 17 85 79 9 91 7 6 4 84 2 5 0 1 6 6 5 40 1 11 1 6 0 0 0 8 8 10 1 9 7 21 4 72 108 77 3 32 10 6 3 42 2 2 0 0 1 5 2 18 102 98 2 45 8 5 2 75 43 51 0 14 42 69 18 164 439 30 63 69 49 1 75 139 141 9 4 10 78 4 75 117 34 12 6 7 0 0 3 12 63 9 1 17 50 8 59 103 73 5 6 9 2 1 5 13 7 0 0 1 10 0 1 4 72 6 4 1 2 0 7 12 119 12 2 8 71 8 31 42 28 3 8 2 8 0 8 11 6 1 1 0 17 0 8 11 1 0 1 0 0 0 0 1 3 2 0 0 5 0 3 7 76 1 3 3 5 0 5 9 7 1 0 0 10 0 4 9 138 11 4 14 8 0 11 27 132 15 3 9 101 8 42 100 126 81 7 102 9 3 9 148 13 4 1 3 4 6 4 62 9 9 0 11 1 0 1 6 4 4 1 8 4 9 0 38 3 7 0 1 0 0 0 3 0 0 0 0 0 0 0 2 10 13 0 7 2 0 1 10 3 4 0 2 1 2 1 17 82 60 5 74 13 5 11 106 4 5 0 3 10 7 5 38 2 4 0 3 0 0 2 7 5 3 1 2 2 10 3 43 111 75 2 32 15 2 7 58 5 2 1 0 2 7 1 6 131 92 4 50 15 4 6 97 46 32 1 7 35 47 12 168 534 44 81 81 50 3 69 98 109 7 4 10 92 0 98 88 49 9 5 14 1 0 8 5 89 11 5 12 107 5 91 94 83 7 1 3 7 1 7 5 6 0 0 0 3 1 1 2 84 13 1 4 5 0 8 9 120 7 0 7 62 7 33 28 51 2 10 7 5 1 9 10 9 1 0 1 11 0 12 7 1 1 0 0 0 0 0 2 6 1 0 0 8 3 7 4 84 1 3 6 11 0 9 11 9 0 0 0 13 0 6 7 135 9 5 7 15 0 5 33 119 4 3 7 110 5 38 89 124 86 5 92 6 4 8 117 8 2 1 1 3 3 2 32 9 20 0 8 0 0 0 5 6 2 0 4 2 7 1 36 7 6 0 0 0 0 0 0 1 1 0 0 0 1 0 0 4 12 0 2 2 0 0 7 2 5 0 0 1 2 0 4 80 62 7 49 16 6 12 81 4 5 1 1 5 6 2 19 6 10 0 6 0 1 0 8 4 7 0 4 9 18 8 53 137 97 0 27 18 5 7 34 1 1 0 2 9 5 0 5 137 91 1 30 12 6 9 89 36 34 1 4 41 44 10 141 529 40 63 66 36 2 73 114 127 7 2 5 80 2 83 98 52 17 10 13 1 0 3 12 103 10 5 13 99 2 72 82 115 9 3 1 9 0 4 4 3 0 0 0 4 0 1 1 104 12 2 3 4 1 3 16 107 14 4 3 89 8 27 39 60 0 7 4 15 0 19 8 6 0 0 1 10 1 11 4 4 0 3 1 0 0 1 1 4 0 2 1 9 1 2 3 110 2 3 5 17 0 4 10 7 1 0 1 11 0 4 4 164 15 3 11 8 3 7 27 108 6 2 5 112 4 35 87 127 86 3 87 8 2 5 82 8 4 0 2 4 5 3 29 7 9 0 6 0 1 0 10 2 3 0 3 3 6 1 28 6 2 1 1 0 1 0 0 1 0 0 0 0 1 0 0 11 16 2 3 0 0 1 10 5 3 0 1 1 6 0 3 92 75 8 52 9 4 14 72 4 1 0 0 6 4 4 27 3 7 1 9 0 0 0 5 6 6 2 5 9 15 4 55 116 95 1 27 13 11 7 36 2 0 0 1 4 8 1 2 118 97 0 40 8 9 4 78 37 40 2 9 32 80 6 119 0
554 69 88 88 104 4 130 254 126 11 8 10 91 2 166 216 38 5 6 13 6 0 1 9 59 12 11 20 70 8 178 109 58 14 12 5 11 0 4 4 6 0 0 1 3 4 1 3 38 8 7 9 2 0 4 17 49 6 1 3 39 3 27 51 25 1 3 1 7 2 15 7 6 3 0 1 11 0 11 7 5 0 0 0 0 0 1 2 1 1 1 1 3 1 7 17 32 4 1 3 9 1 3 21 7 1 1 1 8 2 9 8 53 6 6 5 10 3 10 46 72 9 2 7 39 2 29 100 130 66 4 82 11 10 20 181 20 3 0 5 5 5 2 78 4 8 1 6 4 1 1 16 5 2 0 2 3 6 0 46 6 6 0 3 1 1 2 2 1 0 0 0 0 3 0 1 7 10 0 2 1 0 1 14 2 6 0 2 1 8 0 13 37 30 5 46 15 7 10 64 6 2 0 3 8 8 6 47 3 1 1 7 1 0 1 10 3 4 0 5 8 28 7 81 45 42 1 12 4 7 3 43 3 2 0 0 3 7 5 16 45 36 2 25 4 4 2 99 24 12 1 5 15 47 9 173 443 50 64 92 55 3 82 303 142 11 4 17 96 4 149 311 44 4 6 10 6 1 6 20 61 12 4 12 56 2 78 123 47 3 1 3 2 1 5 9 1 0 1 0 5 1 1 4 58 10 7 6 5 1 7 14 52 10 0 7 31 3 26 55 23 2 3 5 14 0 7 17 9 1 0 0 8 1 10 12 1 1 0 0 0 0 1 0 1 0 1 0 2 1 6 8 37 2 3 4 9 1 6 12 5 0 0 1 14 2 6 12 89 7 1 7 8 1 4 36 60 7 3 6 61 5 34 90 147 93 3 89 12 9 10 198 12 6 0 1 12 5 3 85 9 10 0 10 2 0 2 11 8 5 1 7 1 3 3 30 9 9 0 0 0 1 1 3 0 0 0 0 0 0 0 2 6 11 1 6 0 1 2 8 4 3 0 2 4 7 2 9 74 32 3 30 6 11 14 101 2 3 0 0 9 3 11 39 4 3 0 3 2 2 0 7 2 2 0 5 2 5 2 43 105 60 2 24 9 6 8 39 3 1 0 1 6 8 3 14 88 64 2 40 6 7 3 113 26 15 0 6 22 30 9 144 1034 82 87 81 133 7 146 259 53 2 1 3 155 0 144 132 107 8 4 3 10 1 2 7 92 4 10 6 259 12 152 104 49 8 3 1 7 1 2 0 2 0 0 1 3 0 2 0 97 6 2 1 8 2 4 4 76 6 1 0 105 9 27 20 53 0 6 3 5 0 5 6 3 1 0 1 4 0 6 1 1 1 0 0 1 0 1 0 1 0 1 0 7 1 6 1 46 1 1 2 7 0 2 4 2 1 0 1 9 0 2 3 164 5 1 1 9 1 8 15 70 1 0 1 70 4 23 26 38 57 0 76 3 7 3 61 1 1 0 2 0 1 1 17 0 3 0 9 0 0 0 5 0 2 1 1 1 5 0 14 1 5 0 3 0 0 0 2 0 1 0 0 1 1 0 0 2 11 0 1 0 0 0 4 1 2 0 2 1 7 0 9 44 129 6 124 4 10 6 45 2 1 0 1 1 6 3 20 2 5 0 5 0 1 0 5 1 2 3 4 2 28 9 42 46 118 1 17 6 5 0 10 0 2 0 0 2 2 0 4 30 47 1 8 0 2 2 14 8 15 0 9 11 39 2 59 1166 102 52 96 155 8 135 328 51 1 3 1 158 10 178 155 82 7 2 11 4 2 4 6 96 0 1 11 197 7 127 96 41 7 0 0 1 0 1 0 1 0 0 0 1 1 0 1 74 3 0 1 4 0 6 8 91 5 0 1 51 2 16 16 87 5 1 1 6 2 8 6 1 0 0 0 4 0 8 1 1 0 1 0 1 0 0 2 2 0 0 1 7 0 2 1 73 2 1 2 8 2 0 2 1 0 0 1 8 1 0 1 165 3 1 5 4 0 4 36 82 2 0 1 66 2 18 37 58 80 1 76 2 2 2 73 0 1 0 2 0 4 0 18 1 1 0 4 0 0 0 4 0 2 0 2 1 4 2 20 0 5 0 0 0 0 0 0 0 0 0 0 0 0 0 0 1 9 0 1 0 0 0 1 0 3 0 0 0 1 0 3 75 145 2 46 4 5 5 68 1 0 0 0 2 3 3 11 1 3 0 0 0 2 0 2 0 3 0 1 4 15 1 24 76 59 1 15 1 4 0 21 0 0 0 0 0 0 0 1 59 48 0 12 2 1 1 28 12 8 0 0 14 18 1 24 0
582 72 59 104 54 3 99 296 73 2 0 4 62 1 80 127 36 5 2 7 6 0 3 18 51 8 2 8 99 8 66 61 53 3 1 4 2 0 5 1 1 0 0 0 0 0 0 1 63 10 1 5 2 0 2 7 89 3 0 1 147 4 28 24 60 4 0 4 3 0 7 8 2 0 0 0 7 0 4 5 1 1 1 0 0 0 0 0 4 0 0 0 3 1 4 6 80 3 3 2 8 0 2 3 4 0 0 0 4 0 3 5 190 11 2 8 4 1 4 21 132 1 0 2 58 0 15 37 90 94 0 202 3 6 6 347 5 0 0 2 2 2 1 36 0 3 0 8 0 0 0 3 1 1 0 8 1 6 0 14 2 5 0 1 0 1 0 1 0 0 0 0 0 0 0 0 4 8 0 3 0 0 1 1 0 6 0 0 0 4 0 1 87 155 1 203 8 6 7 135 1 1 0 1 3 4 3 24 1 6 1 4 0 1 0 2 1 5 0 4 5 14 1 40 90 82 0 46 3 2 2 35 0 0 0 0 1 6 0 5 100 81 1 22 4 1 0 39 27 22 0 4 18 38 1 60 895 85 48 123 84 4 116 415 73 7 0 1 87 0 85 152 48 2 3 6 2 0 2 10 58 7 2 3 84 12 42 76 25 3 0 3 3 0 1 0 2 0 0 0 1 0 1 0 68 10 0 2 1 1 5 10 70 6 0 3 35 3 13 18 66 5 0 6 13 0 6 9 3 0 0 0 7 0 1 2 1 0 0 0 0 1 0 0 3 0 0 0 6 1 0 0 82 6 3 7 5 0 2 5 2 0 0 0 11 0 2 1 261 8 0 7 10 0 3 64 123 3 1 4 61 8 20 56 80 114 4 124 5 6 6 310 3 4 0 1 2 1 0 49 3 10 0 2 0 0 0 5 0 3 0 4 2 3 0 28 1 1 0 0 0 0 0 2 0 0 0 0 0 0 0 0 3 8 0 2 0 0 0 2 0 1 0 1 0 3 0 4 77 112 1 75 3 12 3 103 2 4 0 0 2 5 2 19 3 2 0 2 0 1 0 4 1 1 1 1 3 9 1 19 69 34 1 14 3 0 2 23 2 0 0 0 1 2 0 1 105 52 0 32 3 1 1 58 23 13 0 3 11 10 3 43 1283 63 24 76 61 2 59 173 46 1 0 1 47 1 55 49 92 8 1 6 0 0 5 1 75 4 1 7 78 1 22 41 42 0 0 0 0 0 0 1 1 0 0 0 0 0 0 0 109 9 0 0 6 0 0 3 89 2 0 1 27 0 5 7 138 3 0 2 7 0 4 4 3 0 0 0 4 0 1 1 5 0 0 0 0 0 0 1 6 1 0 0 2 0 0 0 136 0 2 3 4 0 2 4 6 0 0 0 9 0 0 1 476 13 2 5 8 0 6 9 211 6 1 1 85 3 18 27 76 55 2 77 0 1 3 57 1 0 0 0 0 1 1 11 5 6 0 4 0 0 0 1 1 0 0 0 1 1 0 5 0 2 0 0 0 0 0 0 0 0 0 0 0 0 0 0 5 8 0 2 0 0 0 1 0 2 0 0 0 0 0 3 115 177 3 55 1 1 9 70 0 0 0 1 1 1 2 7 1 7 0 2 0 0 0 2 1 3 0 2 3 8 0 13 146 65 0 15 4 0 1 13 3 0 0 1 0 0 0 2 282 127 1 30 4 5 3 39 44 18 0 1 9 12 3 26 1393 59 21 58 67 1 65 187 56 2 0 1 57 1 83 85 95 7 3 8 4 1 1 10 90 2 3 10 134 3 19 50 47 3 0 1 1 0 1 0 0 0 0 0 0 0 0 0 120 12 0 0 1 0 3 3 78 2 0 3 37 1 6 12 129 7 1 0 8 0 6 8 2 0 0 0 1 0 2 2 3 1 0 1 1 0 0 0 5 0 0 0 6 1 1 2 147 0 0 3 3 0 1 3 5 0 0 0 9 0 3 1 557 9 0 4 8 1 5 41 135 1 0 3 77 1 16 34 78 50 0 31 0 3 1 36 0 1 0 0 0 1 0 9 4 3 0 1 0 0 0 1 0 2 0 0 0 3 0 3 3 1 0 0 0 0 0 1 0 0 0 0 0 0 0 0 5 9 0 0 0 0 0 0 1 0 0 0 0 1 0 2 94 113 0 28 5 4 9 50 3 0 0 0 1 5 1 6 2 1 2 2 0 0 0 4 6 4 0 0 4 13 2 13 149 60 0 11 4 0 4 12 1 0 0 0 3 1 0 1 193 98 1 11 0 2 4 39 12 19 0 0 18 24 2 24 0
815 86 73 79 98 2 97 243 62 1 2 3 90 0 109 128 76 8 1 7 2 1 1 11 71 9 5 6 234 9 85 56 49 1 2 1 2 0 3 1 1 0 0 1 1 0 0 2 87 8 2 1 5 0 3 6 127 4 0 1 212 3 34 18 61 1 3 4 4 0 5 5 1 0 0 0 11 0 3 2 5 0 0 0 0 0 0 0 1 0 0 0 7 2 1 3 74 1 2 1 8 0 1 3 5 0 0 0 6 1 2 0 211 7 0 3 8 0 5 12 171 1 0 3 48 1 15 26 59 83 0 114 6 9 1 123 2 2 0 0 1 2 1 24 3 7 0 4 0 0 0 0 0 3 0 1 1 5 0 22 2 2 0 1 0 0 0 0 0 0 0 0 0 0 0 0 3 5 0 4 0 0 0 0 0 0 0 0 0 3 1 4 84 173 5 156 9 3 5 71 0 1 0 0 2 3 1 19 1 6 0 2 1 0 0 3 3 3 0 3 4 15 1 32 81 75 0 25 2 1 1 21 0 0 0 0 0 0 0 1 116 66 1 19 1 0 0 30 29 20 0 2 14 35 1 52 642 68 50 106 67 7 99 272 90 0 2 6 86 1 101 112 65 10 1 9 7 0 3 7 75 8 2 11 125 6 66 68 52 5 1 0 2 1 2 1 3 0 0 0 2 0 0 0 80 11 1 2 1 1 3 7 131 7 1 0 85 1 17 21 70 3 2 4 6 0 10 8 5 0 1 0 4 0 8 5 2 0 0 0 0 0 1 1 1 0 0 0 3 0 1 5 95 7 1 3 11 0 3 7 3 0 0 0 13 0 1 3 206 7 2 7 7 0 5 7 159 5 1 5 74 2 14 43 86 99 0 148 3 2 7 193 1 2 0 0 2 4 1 27 4 4 0 7 0 0 0 3 1 3 0 2 1 2 0 19 3 1 0 2 0 1 0 0 0 0 0 0 0 0 0 1 9 7 0 2 0 0 0 3 1 2 0 0 0 1 0 1 84 145 3 173 6 2 9 96 1 1 0 0 1 5 0 23 2 5 0 3 0 1 0 2 2 2 0 1 4 13 1 31 125 70 0 26 5 7 0 30 0 0 0 0 0 1 0 3 169 82 0 32 8 5 3 50 25 16 1 3 13 29 3 58 935 57 37 58 94 4 96 278 118 1 1 4 75 1 127 230 65 5 2 6 3 0 2 15 86 0 3 5 120 2 79 98 46 1 0 2 1 0 0 1 1 0 0 0 1 0 0 0 92 10 1 1 6 0 5 12 83 4 1 0 54 0 16 23 57 2 2 1 1 0 5 8 1 0 0 0 2 0 4 5 7 0 0 0 1 0 0 0 1 0 0 0 4 0 2 5 69 1 1 2 4 0 2 6 2 0 0 0 7 0 2 1 378 18 2 8 20 0 16 50 210 2 1 3 82 2 35 73 71 63 1 41 2 2 0 83 4 2 0 0 1 1 1 27 2 2 0 4 0 0 0 1 0 1 0 1 0 3 0 6 2 2 0 0 0 0 0 0 0 0 0 0 0 0 0 0 8 3 1 0 0 0 0 1 2 2 0 0 1 1 0 1 60 60 0 17 4 5 9 53 0 2 0 0 1 1 1 11 6 2 0 0 0 0 0 2 2 1 0 1 3 2 1 14 121 54 0 10 7 2 0 26 0 0 0 0 2 1 0 3 287 98 3 11 5 0 3 44 33 15 0 2 17 17 6 35 786 59 44 84 69 2 91 193 95 3 2 4 69 3 102 182 94 11 2 5 3 1 3 7 95 4 3 10 91 5 63 69 52 5 2 1 1 0 0 0 0 0 0 0 1 0 0 2 115 6 1 7 3 2 5 4 94 2 0 0 28 0 17 14 80 7 4 1 12 0 8 10 1 0 0 0 5 0 4 3 9 2 0 0 0 0 0 0 5 1 0 0 1 0 1 3 101 2 3 3 6 0 2 5 1 0 0 2 6 0 3 3 336 8 0 7 13 1 9 23 185 5 0 5 98 5 27 43 78 47 0 79 1 3 3 96 3 1 0 0 2 2 1 12 5 4 0 7 0 0 0 3 3 2 0 1 0 6 0 16 1 0 0 1 0 0 0 0 0 0 0 0 0 0 0 0 10 7 0 0 0 0 0 6 1 1 0 0 1 1 0 3 92 87 1 98 3 3 5 65 4 1 1 0 1 4 0 8 4 3 0 1 0 1 1 2 3 2 0 0 2 5 2 27 183 70 0 21 7 2 0 19 1 0 0 0 3 1 0 2 322 122 2 26 4 1 3 46 36 18 1 1 19 21 0 37 0
1692 117 20 106 115 3 120 465 52 0 2 2 116 1 115 115 65 2 1 7 1 1 1 10 55 2 2 9 154 4 56 78 12 0 0 0 0 0 0 0 1 0 0 0 0 0 0 0 78 6 0 2 4 0 1 6 74 4 0 1 44 1 7 17 62 0 1 0 5 0 7 6 2 0 0 0 1 0 0 2 0 0 0 0 0 0 0 0 0 0 0 0 0 1 1 1 75 1 0 0 7 0 1 6 1 0 0 0 6 0 1 2 293 10 0 4 11 0 7 23 114 2 0 2 36 3 14 25 28 90 1 86 4 2 2 150 0 0 0 1 1 1 0 12 0 3 0 3 0 0 0 3 1 0 0 1 1 2 0 10 2 0 0 0 0 0 1 0 0 0 0 0 0 0 0 0 0 7 0 1 0 0 1 1 1 1 0 0 0 2 0 2 58 123 2 43 1 6 4 62 0 0 0 0 0 3 1 13 1 2 0 1 0 0 0 1 0 0 0 0 2 4 0 14 25 24 0 7 0 0 1 7 0 0 0 0 0 1 0 1 44 44 0 13 0 3 1 17 7 7 0 0 3 9 0 20 1078 98 50 109 92 3 83 307 59 5 2 0 92 3 91 179 73 9 1 5 0 0 0 7 78 6 4 6 124 2 68 83 37 1 2 1 2 0 0 3 1 0 0 0 0 0 0 1 65 5 1 0 2 0 0 3 79 4 2 0 68 1 16 17 74 1 4 2 5 0 4 6 3 0 0 0 1 0 3 1 1 0 0 0 0 0 2 0 1 1 0 0 0 1 2 2 87 2 1 1 7 0 0 4 3 1 0 0 2 0 1 0 189 2 0 2 6 0 3 6 153 0 0 0 76 1 12 25 63 89 0 181 2 3 7 274 1 0 0 2 0 1 0 34 3 5 0 3 0 0 0 2 0 1 0 2 0 2 0 7 0 0 0 1 0 0 0 0 0 0 0 0 0 0 0 1 0 6 0 2 0 0 0 1 1 0 0 0 0 1 0 0 68 162 1 150 5 7 6 123 0 0 0 1 4 3 2 15 1 2 0 0 0 0 0 3 0 3 0 2 2 18 1 27 57 69 0 17 3 1 1 17 0 0 0 0 0 1 0 3 76 70 0 10 0 3 1 21 20 13 0 1 6 15 1 43 1751 55 24 53 79 3 58 145 46 1 0 3 58 0 40 32 144 5 0 4 4 0 1 2 114 2 5 8 105 0 47 40 54 3 0 0 1 0 1 0 1 0 0 0 1 0 1 0 133 2 0 0 3 0 2 0 72 0 0 0 56 0 7 7 168 1 0 2 5 0 2 5 1 0 0 0 2 0 0 0 7 0 0 0 1 0 0 0 5 0 0 0 7 0 0 0 142 3 0 1 0 0 0 3 1 0 0 0 7 0 1 0 486 7 1 6 4 1 5 13 108 0 0 3 79 1 9 11 43 58 0 36 0 0 2 33 2 0 0 0 1 2 1 6 0 4 0 1 0 0 0 0 0 0 0 1 1 0 0 2 1 1 0 0 0 0 0 0 0 0 0 0 0 0 0 0 0 11 0 0 0 0 0 1 1 1 0 0 0 1 0 0 142 148 2 25 3 4 2 44 0 0 0 0 0 1 1 8 3 9 0 0 0 0 0 0 4 4 0 0 4 9 2 12 137 55 0 5 0 0 0 8 1 0 0 0 0 2 0 0 138 102 0 7 0 0 2 19 16 19 0 0 12 21 1 23 1920 41 14 42 30 2 35 139 24 0 1 0 26 0 13 5 101 0 0 6 0 0 2 0 74 4 1 3 114 1 7 20 49 2 0 1 2 0 0 0 0 0 0 0 3 0 0 0 115 5 0 0 0 0 2 0 52 2 0 0 30 0 2 3 204 2 1 0 5 0 2 11 1 0 0 0 1 0 1 0 5 0 0 0 0 0 0 0 1 0 0 0 9 1 1 2 145 0 0 1 2 0 0 2 2 0 0 0 8 0 0 1 711 7 0 6 6 0 3 49 118 2 0 1 64 2 6 10 34 50 0 14 0 0 0 11 1 0 0 0 0 2 0 4 4 3 0 1 0 0 0 0 0 0 0 0 0 1 0 4 0 1 0 0 0 0 0 0 0 0 0 0 0 0 0 0 1 8 0 0 0 0 0 0 0 0 0 0 0 0 0 0 121 242 1 21 2 4 9 22 0 0 0 0 1 2 0 4 1 3 0 1 0 0 0 2 2 3 0 1 3 18 0 8 130 64 0 8 2 0 0 13 0 0 0 0 1 0 0 0 174 92 2 6 0 2 3 28 8 5 0 1 15 14 0 12 0
1053 40 76 36 28 1 36 69 85 3 6 3 31 4 68 60 37 7 14 6 4 0 2 6 50 9 12 9 66 5 332 66 63 14 7 2 9 2 2 0 2 3 1 0 10 2 1 2 47 8 1 3 2 0 4 3 58 7 2 1 99 4 41 17 34 7 15 1 7 0 7 5 9 0 1 0 1 0 7 7 7 0 3 0 0 0 0 0 3 2 6 1 5 1 7 7 30 3 1 3 4 0 1 7 10 0 0 4 6 2 9 4 175 8 3 6 6 2 11 53 312 7 2 7 70 6 36 74 85 31 3 36 7 4 10 112 10 2 0 2 3 0 4 19 5 3 1 5 2 1 1 6 1 2 1 3 0 7 2 17 9 10 0 1 1 0 0 0 0 1 0 0 1 3 0 1 9 8 0 2 2 3 4 4 2 3 0 1 4 11 2 16 38 33 6 88 5 2 6 16 2 3 0 1 5 3 10 16 6 1 0 12 0 1 2 5 3 0 4 5 5 14 10 55 80 120 5 25 6 7 1 12 0 4 0 2 10 7 5 14 164 70 2 22 5 6 9 65 44 26 1 14 20 59 27 158 988 60 47 46 34 1 32 163 135 2 6 5 50 1 57 154 41 3 7 11 6 1 3 11 47 3 8 13 38 3 74 51 50 9 5 2 3 0 2 2 2 0 0 1 3 1 2 1 48 4 3 4 0 0 2 12 54 6 1 7 32 5 20 29 35 2 2 2 2 0 4 8 10 0 1 1 6 2 10 7 5 0 0 0 0 0 0 0 1 0 0 0 3 0 11 2 47 3 3 3 4 0 3 7 4 1 0 0 6 0 5 14 154 12 3 7 11 1 11 72 122 8 2 12 50 4 32 105 142 76 5 82 16 5 6 146 15 7 1 1 3 2 2 39 9 6 0 6 1 0 2 6 7 2 0 3 3 4 1 26 7 9 0 1 0 1 0 2 0 1 0 0 0 1 1 1 8 4 1 5 0 0 1 3 2 4 0 2 1 1 0 12 60 79 1 52 5 4 8 64 3 2 0 2 5 4 3 25 2 3 0 2 0 0 1 8 2 4 1 3 3 6 9 38 75 150 1 26 11 9 1 35 3 0 0 1 5 6 1 11 242 65 6 36 9 7 4 163 60 18 2 19 11 37 8 132 434 51 65 82 33 3 53 278 115 11 0 13 51 1 65 234 37 6 5 8 0 1 2 7 37 4 9 9 62 4 197 45 62 6 2 2 4 0 2 2 1 0 0 0 3 0 0 1 60 4 3 5 1 0 3 6 61 9 4 3 54 1 25 21 29 4 0 3 4 0 6 8 6 1 0 2 4 1 1 14 4 0 1 0 1 0 1 1 3 0 0 1 5 0 11 3 54 3 2 4 3 0 2 8 6 0 0 0 7 2 1 9 183 14 6 9 7 0 11 35 96 10 1 5 44 5 22 100 120 54 7 86 10 7 8 236 10 2 0 2 4 4 1 73 9 4 1 3 0 1 0 11 1 0 0 4 1 2 1 22 6 10 0 2 0 1 0 0 0 0 0 0 0 0 0 2 17 7 1 5 0 1 1 6 1 2 0 1 1 0 0 7 60 91 2 82 3 4 5 74 1 2 0 1 3 12 6 30 6 3 0 5 0 0 0 4 3 4 1 2 9 14 3 34 110 161 1 58 10 6 3 36 4 4 0 0 6 5 4 8 317 72 0 29 10 7 8 112 25 22 1 4 28 55 10 111 423 27 33 47 30 2 47 319 161 11 4 15 42 2 43 164 31 1 7 2 3 0 1 9 47 2 3 4 58 4 72 45 59 5 3 2 3 0 2 4 4 0 1 0 4 0 0 3 53 9 2 1 3 0 2 12 90 4 0 2 84 6 15 36 21 0 3 4 3 0 6 8 6 0 2 0 3 0 4 2 3 0 1 0 0 0 0 0 3 0 1 2 3 0 4 4 44 2 0 7 3 0 3 9 9 0 0 1 4 0 0 5 243 8 2 11 12 1 12 108 324 4 2 6 75 8 28 143 141 41 2 82 8 5 13 447 24 1 0 2 6 6 3 62 9 6 1 6 0 1 0 6 3 3 0 1 2 6 2 26 5 3 0 0 0 0 0 4 0 0 0 0 0 0 0 1 10 6 1 2 0 0 1 9 5 1 0 0 0 1 0 13 27 55 3 96 4 2 6 63 5 3 0 2 2 8 2 26 5 6 0 5 0 0 0 3 6 2 1 2 10 8 4 37 52 69 3 29 4 0 2 34 1 2 0 0 1 2 1 3 194 50 2 17 3 2 4 135 61 27 0 11 23 34 4 111 1
532 51 90 63 20 1 34 125 38 3 2 2 39 0 45 69 25 1 6 2 2 0 1 1 32 2 5 4 80 1 149 33 124 2 8 3 4 1 1 1 2 1 0 0 6 1 0 0 50 4 3 1 3 1 0 3 41 3 2 1 195 8 38 10 51 1 10 1 4 0 6 11 1 0 0 2 2 1 4 5 3 0 0 0 0 0 0 0 2 0 1 2 4 0 8 2 63 1 2 7 9 0 2 6 3 0 0 0 2 0 1 3 307 10 4 12 2 0 2 36 90 4 0 3 53 4 13 38 92 83 2 98 3 2 1 174 7 2 0 0 2 1 2 29 3 3 0 2 0 0 0 2 2 1 0 1 3 3 2 21 6 5 0 2 0 0 0 0 0 0 0 0 0 0 0 1 3 7 0 1 0 1 0 2 1 2 0 0 1 7 0 9 64 178 3 318 4 11 5 85 4 3 0 4 0 5 0 22 3 7 1 10 0 1 2 4 2 13 0 12 5 40 4 78 113 179 3 60 2 7 2 38 0 3 0 0 0 7 2 6 314 88 1 33 2 5 3 79 40 38 2 4 15 79 3 98 534 73 59 83 35 3 41 182 82 6 1 2 52 2 72 129 34 6 11 8 0 1 3 9 42 8 15 7 49 4 133 59 67 14 1 4 2 0 0 0 1 0 0 0 3 0 1 1 57 9 4 5 2 1 3 7 68 4 1 3 41 3 19 21 42 2 6 2 4 0 11 3 9 1 0 1 7 0 12 9 2 0 0 0 1 0 0 2 3 0 1 0 6 0 11 3 89 2 2 4 11 0 1 8 11 0 0 1 5 0 1 3 262 11 1 9 5 0 6 60 225 7 2 3 56 5 14 71 144 79 4 107 7 2 7 207 7 1 0 1 4 1 1 47 5 6 0 10 0 0 0 6 3 4 0 3 2 1 0 16 3 8 0 2 0 0 0 1 0 0 0 0 0 1 0 0 6 8 0 4 2 0 0 5 2 4 0 0 0 8 1 5 73 119 3 67 8 7 7 78 4 4 2 1 2 2 4 22 4 5 1 5 0 0 0 3 2 2 0 3 5 19 11 57 124 167 0 25 9 15 4 29 4 2 0 0 4 14 3 7 253 99 0 30 7 3 5 73 47 22 0 9 16 45 4 101 956 55 81 52 32 4 48 243 50 4 2 2 43 4 91 261 26 4 7 3 1 0 3 6 42 6 6 5 86 5 207 52 58 3 8 6 1 0 3 4 1 0 0 0 4 0 4 2 57 5 3 2 0 0 1 10 32 3 0 2 52 4 26 16 28 3 5 1 2 1 6 6 5 0 0 0 8 0 4 4 4 2 1 0 2 0 0 1 2 0 0 0 0 0 12 3 63 4 1 3 9 0 1 11 5 0 0 0 3 2 1 2 201 7 3 12 4 2 9 52 83 6 0 4 48 2 12 37 77 67 3 71 3 3 4 209 7 2 0 2 2 4 1 53 2 9 0 2 0 0 1 4 2 4 0 0 2 5 3 18 2 7 0 2 0 0 1 2 0 0 0 0 0 0 0 0 5 1 0 2 1 0 0 2 0 4 0 1 2 4 0 5 55 90 2 100 8 3 2 71 1 1 0 2 2 6 2 24 0 4 0 2 0 0 0 3 0 6 0 3 6 12 8 55 71 189 1 36 5 13 2 28 3 1 0 1 1 6 0 6 256 90 0 27 8 5 2 65 32 18 0 6 13 52 7 82 452 45 69 90 31 4 75 310 79 4 1 6 66 3 83 149 27 4 2 12 1 0 2 5 48 5 2 3 98 7 195 72 60 3 6 2 5 1 0 5 2 0 0 0 5 0 0 2 67 14 1 6 3 0 3 7 77 5 2 0 110 4 46 32 29 0 2 0 2 0 7 10 3 0 0 0 4 0 3 6 2 0 0 0 1 0 1 2 3 0 1 0 4 0 5 2 51 1 2 3 6 0 6 8 3 0 0 1 5 0 2 2 207 6 3 5 9 0 5 29 229 7 2 4 77 3 12 57 73 63 5 146 6 1 6 459 7 4 0 3 2 6 1 87 2 4 0 3 0 1 1 7 2 1 0 2 2 5 2 34 1 3 0 2 0 0 0 1 0 0 0 0 0 0 0 2 1 1 0 4 0 1 1 5 2 2 0 0 1 3 0 3 52 90 3 136 0 6 3 93 2 1 0 1 0 7 3 37 2 4 0 5 0 1 0 6 5 3 0 2 5 15 3 51 48 114 1 25 7 2 3 29 1 2 0 0 2 3 0 4 120 48 0 18 0 5 1 68 49 12 1 5 22 43 4 85 1
844 58 47 84 107 5 99 320 118 1 2 7 119 4 128 215 60 4 4 2 2 0 4 18 79 6 5 9 244 10 106 86 51 3 3 0 15 3 2 1 1 0 0 1 15 3 0 1 62 2 2 2 6 0 3 7 79 4 0 2 146 23 19 30 30 0 12 2 3 1 8 7 4 0 0 0 6 0 3 6 2 0 2 0 0 0 0 2 3 0 0 2 6 1 3 6 40 0 2 2 9 0 2 8 6 1 0 0 10 0 3 5 120 10 0 6 6 0 5 58 75 6 1 0 62 7 19 92 92 49 7 89 3 1 4 145 7 1 0 1 1 3 2 25 7 3 1 6 1 0 0 5 3 2 0 4 1 4 3 22 0 4 0 2 0 0 0 3 1 0 0 0 0 0 0 2 6 4 0 1 1 1 0 4 2 7 1 2 1 11 2 11 38 90 16 131 7 2 8 71 1 1 0 0 1 5 3 11 4 4 4 12 0 0 1 7 0 3 7 13 2 25 7 48 31 16 1 13 2 3 0 14 1 1 0 0 2 2 0 3 46 37 1 24 3 2 4 52 19 17 0 14 12 21 10 98 743 29 151 40 58 4 62 91 73 1 2 4 64 4 77 79 90 3 19 5 8 1 9 7 72 6 25 11 192 17 282 62 98 23 17 3 24 3 7 2 5 2 0 0 20 2 3 2 59 7 6 3 1 0 6 6 90 11 6 4 231 19 56 32 30 2 15 0 3 0 3 8 3 2 2 1 7 0 8 4 5 0 4 0 0 0 0 2 1 0 4 1 4 0 22 5 30 2 4 2 5 1 1 6 4 0 0 0 9 1 4 7 59 1 1 1 3 1 7 15 53 2 2 4 58 10 17 69 65 35 3 48 11 4 8 70 6 3 0 0 0 3 4 17 8 6 1 7 1 1 1 4 3 2 0 1 3 6 3 39 4 13 0 1 0 0 0 0 0 1 0 2 0 4 1 2 2 12 1 5 1 2 2 6 2 6 0 1 4 22 4 13 28 62 22 228 4 7 9 57 3 2 0 3 4 6 5 18 2 1 3 13 0 1 2 3 1 5 4 18 6 25 11 127 30 127 5 33 6 14 3 20 1 5 0 0 6 17 3 9 36 35 4 15 5 4 6 31 17 24 0 8 20 104 13 167 484 32 59 38 99 2 116 238 225 14 6 11 124 2 166 355 41 3 2 2 7 1 7 15 61 3 5 7 129 6 138 114 34 2 4 3 8 1 5 2 3 0 1 1 9 2 1 4 32 5 4 1 2 0 3 17 57 3 1 0 145 5 35 42 20 2 4 1 1 1 3 4 8 2 0 1 8 2 5 13 3 1 2 0 0 0 0 0 3 0 0 0 4 0 3 2 23 1 1 2 6 0 3 9 9 1 0 5 3 0 2 8 103 8 1 6 9 0 8 100 156 12 1 7 49 4 27 195 143 27 3 40 10 1 15 165 21 3 1 1 6 2 2 38 12 2 0 3 0 1 1 13 1 2 0 4 1 7 2 37 2 2 1 0 0 0 0 0 0 0 0 0 0 0 1 1 18 3 0 2 1 0 2 13 2 5 0 0 2 5 4 21 29 15 6 62 4 2 5 37 6 0 1 0 2 3 2 12 2 2 0 7 0 0 0 4 0 1 2 5 1 15 2 57 28 18 1 15 3 2 3 27 0 0 0 0 0 2 1 13 175 36 2 22 10 4 14 140 25 16 2 10 19 35 9 115 470 47 127 39 61 6 58 101 90 7 8 7 58 4 59 59 49 2 8 6 6 1 3 7 63 9 11 10 165 13 163 77 87 11 9 3 21 2 3 3 6 1 0 0 34 1 4 1 57 6 2 6 3 0 7 2 77 7 5 6 210 28 53 49 43 2 15 3 5 0 11 5 14 1 1 2 11 0 10 4 3 1 2 0 1 0 0 2 0 0 4 1 10 0 8 5 48 3 4 5 8 1 3 2 14 2 0 1 15 1 3 7 54 5 2 4 7 0 1 15 148 6 1 11 77 11 33 68 77 40 8 85 12 3 20 160 7 2 2 2 3 5 1 19 7 6 1 10 1 3 0 11 4 3 1 3 3 11 3 42 6 6 0 4 0 2 0 6 0 0 0 0 0 5 1 1 3 10 1 6 1 2 5 14 3 4 0 3 4 22 4 22 40 74 28 226 8 5 12 61 2 1 0 3 4 9 5 22 3 5 0 22 0 4 2 9 2 5 2 15 7 34 12 93 36 156 3 35 5 4 7 22 1 0 0 0 4 8 1 13 38 42 1 28 5 5 7 49 17 25 2 15 22 95 16 187 1
1374 38 62 50 40 4 43 124 61 11 4 3 61 5 53 68 46 0 5 6 3 1 4 7 55 3 3 9 98 6 69 54 66 5 6 5 2 1 6 2 9 0 0 0 8 0 2 0 44 6 2 4 0 0 3 7 56 8 2 3 68 4 27 30 133 3 6 2 2 0 5 6 4 2 0 0 3 0 5 5 3 0 1 1 0 0 0 0 1 0 1 0 8 2 3 4 86 2 0 2 7 0 4 4 10 1 1 1 8 0 6 13 193 9 1 6 6 1 8 22 91 8 1 6 79 2 26 63 55 49 11 64 7 4 7 85 13 2 0 2 7 8 2 29 5 4 0 12 1 0 0 8 6 7 1 6 2 5 3 28 5 6 0 2 3 1 1 2 0 1 0 0 0 2 0 0 6 13 0 2 1 0 1 6 7 4 0 4 1 5 1 12 101 185 5 61 1 3 14 52 5 1 1 1 5 4 2 16 4 5 1 0 0 0 1 7 6 4 1 3 6 30 7 39 95 48 2 21 8 4 1 20 0 1 0 2 3 5 3 6 56 82 4 21 6 7 7 59 29 29 2 12 27 55 11 147 2151 58 37 65 44 10 47 281 77 9 5 6 52 9 41 60 30 2 2 5 1 0 3 4 40 4 2 7 87 4 29 52 42 3 2 3 0 0 4 6 4 1 0 0 2 0 1 2 22 1 3 0 0 2 1 8 27 3 4 5 23 4 12 25 53 2 1 1 4 0 2 4 7 0 0 1 0 0 5 9 0 0 0 0 0 0 2 1 2 0 0 1 3 1 1 8 40 1 5 2 4 1 5 9 6 1 0 0 8 2 3 8 147 2 1 5 4 0 3 31 39 7 0 4 32 3 19 63 68 66 8 47 12 3 7 73 8 4 0 1 9 7 1 50 7 4 0 9 0 1 1 6 4 7 0 4 2 7 5 15 4 7 0 2 1 0 2 1 0 0 0 0 0 0 2 1 9 4 0 3 0 0 0 6 0 3 0 0 1 2 0 12 45 190 3 27 5 1 11 53 3 2 1 2 4 3 4 23 3 3 1 2 1 0 1 3 4 4 1 2 3 21 3 34 29 23 2 12 7 7 3 20 1 0 0 0 3 3 0 11 36 57 1 22 4 5 5 48 19 11 0 12 11 29 5 134 590 33 45 50 33 2 35 110 112 7 0 4 33 1 25 70 39 3 2 4 1 1 5 6 52 5 9 4 65 5 106 29 60 4 2 4 2 1 2 2 4 0 0 0 1 1 2 1 65 8 2 3 2 0 3 13 86 5 2 4 71 5 13 18 159 8 0 2 6 1 4 5 23 1 0 1 5 0 4 4 2 0 0 0 0 0 1 0 3 0 0 1 6 0 6 3 155 5 3 2 4 0 2 2 17 6 0 4 5 1 1 5 218 9 4 14 3 1 6 66 233 19 2 21 64 4 30 102 173 39 4 70 24 3 29 447 11 1 0 4 4 4 1 23 4 7 0 6 2 0 3 19 6 2 0 2 4 2 1 16 0 4 0 0 0 0 0 1 0 0 0 0 0 0 0 1 5 9 0 3 1 0 0 20 1 2 0 0 1 1 0 13 94 87 6 46 2 1 3 51 1 0 0 2 4 4 1 13 4 5 0 2 0 0 0 2 4 6 0 3 3 9 5 35 129 114 2 23 4 4 2 12 2 4 0 1 3 2 1 4 152 68 3 31 1 8 6 136 35 18 1 13 28 41 8 129 1154 51 29 70 28 1 46 432 120 7 0 7 38 1 32 160 44 3 1 0 3 0 0 10 56 2 2 4 69 3 25 49 28 0 2 1 0 1 2 3 2 0 0 1 2 0 0 0 45 2 1 3 2 0 3 10 30 0 0 5 40 0 9 22 99 2 1 0 3 0 6 10 8 1 0 0 5 0 2 2 4 0 0 0 0 0 0 0 1 1 0 0 3 0 1 3 67 6 0 4 3 0 0 12 13 0 0 0 5 0 1 6 375 11 4 13 11 0 5 120 191 7 0 11 44 0 17 105 140 43 1 56 16 4 9 344 10 3 0 1 1 1 1 28 9 1 0 0 2 0 2 9 1 0 0 1 1 1 1 12 4 1 0 0 0 0 0 1 2 0 0 0 0 1 0 0 7 4 0 1 0 0 0 10 1 1 0 0 0 1 1 1 51 101 0 46 5 1 2 60 3 2 0 0 1 0 2 13 0 3 0 1 0 0 0 4 1 2 0 1 1 10 1 11 68 66 1 18 2 2 2 26 3 0 0 0 2 1 1 2 94 59 1 13 4 3 3 104 13 9 0 1 13 15 2 48 1
451 57 51 105 57 6 91 401 53 3 0 8 70 4 107 231 57 5 3 4 7 0 2 6 55 8 1 4 122 7 82 80 26 2 1 1 3 0 1 1 3 0 0 0 3 0 3 0 71 4 0 1 2 0 2 7 76 3 0 3 52 1 19 23 30 1 1 4 4 0 9 7 7 0 0 0 3 0 3 3 2 0 0 0 0 0 1 0 3 0 0 1 1 0 0 0 50 2 1 1 4 1 0 4 4 0 0 0 5 0 2 4 204 5 4 3 8 0 1 18 255 1 0 2 68 3 19 33 46 80 2 120 8 5 2 233 2 3 0 0 2 4 0 60 2 6 0 2 0 0 0 2 1 0 0 1 0 6 0 24 0 2 0 0 1 0 1 0 0 0 0 1 0 0 0 2 4 3 0 1 0 0 0 3 0 1 0 0 0 2 0 1 40 92 3 76 1 4 6 98 1 3 0 0 1 4 0 25 1 2 0 2 0 0 0 4 3 0 1 2 1 6 1 26 45 24 0 14 2 2 2 17 1 0 0 0 1 0 0 1 100 36 2 6 3 3 2 27 28 11 0 4 15 12 2 38 240 27 55 52 20 1 47 130 46 1 3 6 46 4 79 70 23 8 3 5 1 0 1 1 61 3 0 3 136 4 206 62 51 5 2 1 3 0 1 1 3 1 0 1 2 0 2 1 51 6 2 1 1 0 0 5 184 4 3 1 169 4 57 17 29 2 3 1 3 0 5 5 4 1 0 0 4 0 3 3 0 0 1 0 0 0 1 0 3 0 1 0 6 1 2 3 44 1 2 3 5 0 0 6 4 0 0 0 3 0 1 3 132 4 0 6 5 0 4 13 223 3 1 3 130 3 32 28 41 48 3 133 4 2 4 177 1 3 0 2 1 4 0 23 2 1 0 4 0 0 0 2 0 3 0 0 1 1 2 19 3 1 0 1 0 1 0 2 0 0 0 0 0 1 0 0 7 3 0 5 0 0 0 3 3 2 0 2 1 3 1 7 66 101 3 183 2 6 6 93 1 2 0 4 3 4 1 25 4 5 0 3 0 0 0 5 3 4 1 5 6 11 5 35 113 121 1 48 4 2 1 21 1 1 1 0 3 7 1 4 124 94 2 32 1 1 1 25 44 19 1 8 28 30 8 64 285 21 22 35 30 2 47 470 105 6 1 3 44 4 84 418 15 1 1 3 1 0 0 8 44 2 0 3 47 4 66 80 16 0 1 0 0 0 1 4 1 0 0 0 0 0 2 2 25 2 1 2 3 0 4 7 65 2 0 0 56 1 28 23 17 2 0 0 2 0 1 6 3 0 0 0 2 0 0 2 0 0 0 0 0 0 0 0 3 0 0 0 0 0 0 4 20 0 2 2 0 0 0 11 8 0 0 0 0 0 2 3 266 4 1 7 5 1 4 47 622 4 1 7 52 2 28 73 51 17 3 40 2 0 8 454 4 2 0 0 3 1 2 109 6 1 0 2 0 0 0 5 4 0 1 1 1 2 0 14 0 0 0 0 0 0 0 1 0 0 0 0 0 0 0 1 2 3 0 1 0 0 0 8 4 1 0 0 0 1 0 2 30 23 0 28 3 0 1 48 3 0 0 0 3 0 3 12 0 1 0 2 0 0 0 1 1 0 0 0 1 2 1 3 24 13 0 11 0 0 0 13 0 0 0 2 0 1 0 4 125 32 0 12 1 2 2 64 60 5 0 4 7 4 4 37 354 35 45 57 51 2 57 116 39 2 4 6 57 0 74 130 42 1 5 5 2 0 2 3 75 3 2 9 86 0 136 67 33 4 2 1 2 0 1 1 1 0 0 0 1 0 0 0 79 6 0 1 1 2 4 5 131 4 2 1 90 4 16 17 29 1 0 2 6 0 4 6 3 0 0 0 4 0 5 4 3 1 0 0 1 0 0 1 4 0 0 0 4 0 8 7 44 3 1 1 1 0 1 4 8 0 0 0 6 0 0 5 156 5 1 3 8 1 5 5 275 3 0 4 97 5 31 38 37 67 2 234 2 3 5 264 3 2 0 1 1 1 3 30 2 5 0 6 0 0 0 3 1 1 0 1 4 0 1 12 1 5 0 0 0 0 0 4 0 0 0 0 0 0 0 0 4 9 0 1 0 0 0 1 0 3 0 0 0 0 0 2 50 73 1 197 5 3 5 135 2 0 0 0 1 3 0 25 6 4 1 3 1 0 1 2 2 5 0 2 4 10 1 23 71 86 0 30 8 3 1 31 0 0 0 0 2 1 0 4 90 57 1 22 2 0 1 30 31 23 1 6 32 22 15 52 1
517 51 47 100 62 2 88 273 57 4 2 3 64 3 130 242 53 2 2 7 4 0 2 4 72 4 3 6 117 7 178 117 49 5 2 3 3 0 2 1 2 0 0 0 1 0 2 2 79 4 1 0 3 0 3 4 82 6 0 2 89 2 31 11 57 3 4 4 1 0 4 10 3 0 0 0 3 0 6 8 1 0 0 0 0 0 1 0 0 0 0 1 6 0 1 4 84 1 1 2 8 0 2 9 3 0 0 0 6 0 2 5 215 9 2 6 9 1 1 18 126 3 1 3 76 2 19 31 54 83 2 141 0 2 3 187 1 3 0 1 0 1 2 40 1 7 0 3 0 0 1 1 1 0 0 1 1 5 1 21 1 6 0 0 0 0 0 1 0 0 0 0 0 0 0 1 4 11 0 1 0 1 0 2 2 0 0 0 0 2 0 5 86 174 2 150 11 7 7 111 3 2 0 1 3 4 2 24 1 5 0 4 0 0 1 1 2 2 0 2 5 13 0 32 149 107 0 43 4 4 2 28 0 0 0 1 1 0 0 9 179 91 1 26 2 4 3 42 32 28 0 4 16 24 2 45 245 35 53 88 19 0 77 185 29 3 2 3 59 6 210 201 39 4 5 7 1 0 4 4 72 6 6 4 158 2 271 147 51 4 0 2 3 0 2 1 1 0 0 1 0 0 3 1 84 4 2 3 1 0 1 4 80 4 1 2 89 0 46 20 27 1 5 2 1 0 3 9 4 0 0 0 3 0 9 0 0 1 0 0 1 1 0 2 4 0 1 0 12 1 4 1 79 3 1 3 4 0 1 5 2 0 0 0 3 0 0 1 136 1 1 4 4 0 0 12 98 2 0 1 93 4 21 26 37 80 0 144 0 1 3 155 2 0 0 4 0 2 0 60 6 7 0 3 0 0 0 3 0 6 0 0 3 3 1 21 4 8 0 1 0 0 0 0 0 0 0 0 0 0 0 0 5 2 0 0 0 0 0 0 2 0 0 0 2 1 0 4 62 205 2 169 7 13 7 120 2 1 0 1 10 3 2 40 2 7 0 1 0 0 0 0 0 1 0 2 5 5 3 32 180 401 0 55 7 8 4 31 2 0 0 0 4 4 0 6 219 106 1 18 1 3 3 25 41 21 0 2 26 31 4 49 211 39 48 92 21 1 59 154 31 6 2 3 59 2 194 217 30 4 0 5 4 0 2 2 69 6 7 8 168 7 352 119 55 6 1 0 7 0 3 1 1 0 0 0 6 0 1 0 79 7 2 4 1 0 0 3 150 4 0 1 162 5 54 15 23 0 0 2 3 0 6 3 2 0 0 1 7 0 7 6 2 0 0 0 0 0 0 0 0 0 2 0 10 0 11 1 57 4 2 1 4 1 2 1 1 0 0 0 4 0 2 3 187 6 0 3 2 0 3 2 178 2 0 3 94 1 34 30 40 66 0 111 1 1 3 95 2 4 0 2 4 2 1 40 2 4 0 5 0 0 0 2 0 5 0 0 0 3 0 16 3 2 0 1 0 0 0 0 0 0 0 0 0 0 0 1 5 10 0 0 0 0 0 0 1 3 0 0 0 0 0 12 57 121 2 120 6 4 4 86 0 0 0 1 3 3 3 37 3 4 1 4 0 1 0 1 0 2 0 2 3 7 6 33 200 298 2 41 11 4 1 33 0 2 0 0 8 5 0 8 263 148 1 25 6 3 4 26 62 24 0 6 41 37 13 40 220 38 55 122 25 2 104 164 51 3 1 2 60 2 210 183 30 1 6 3 2 1 5 2 67 3 2 9 144 4 239 116 55 2 3 1 3 1 0 0 1 0 0 0 1 1 0 1 88 5 3 1 3 0 4 3 126 7 0 0 126 1 37 19 27 1 2 1 1 0 8 6 3 0 0 0 7 0 17 3 3 0 0 0 0 0 0 0 1 0 0 0 7 0 8 3 73 4 3 1 8 0 1 5 1 0 0 1 3 0 2 4 171 3 1 1 5 0 4 10 131 1 0 6 102 1 31 26 45 82 2 140 1 3 1 93 0 0 0 4 1 2 2 51 4 7 0 4 0 0 1 1 2 4 0 4 0 2 1 27 0 3 0 1 0 0 0 0 0 0 0 0 1 0 0 0 6 7 0 2 0 0 1 2 2 0 0 0 1 1 0 3 70 175 1 158 7 12 9 84 0 1 0 1 3 5 2 44 2 9 0 2 0 1 0 0 1 5 0 2 5 11 1 45 213 248 1 44 7 4 4 38 2 0 0 1 5 4 0 5 232 150 1 16 5 6 4 31 48 29 0 4 40 35 7 57 1
1140 20 71 39 29 1 46 64 68 5 4 4 45 5 88 104 31 4 11 5 2 0 4 5 59 4 10 8 128 6 275 91 80 9 7 2 7 2 3 5 8 0 0 0 9 1 1 0 60 5 1 4 2 0 6 6 77 9 1 2 229 8 74 38 28 2 6 1 2 0 8 2 3 0 0 0 3 0 6 5 3 0 0 0 0 0 0 0 10 0 0 1 7 0 10 5 38 1 3 3 4 1 7 4 3 0 0 0 9 0 0 6 137 6 4 8 6 0 6 17 135 5 2 3 84 4 29 65 51 36 2 37 2 2 5 94 8 1 0 2 3 2 2 30 4 3 0 6 0 0 0 5 4 1 1 3 7 11 0 40 4 7 1 1 0 2 0 2 0 1 0 0 0 0 0 0 2 4 0 4 0 0 0 4 2 2 0 1 0 6 0 9 31 73 4 147 5 3 2 49 1 1 1 4 2 6 5 55 2 6 1 4 0 0 1 4 2 3 0 2 8 19 3 54 52 145 1 36 4 8 3 25 1 1 0 0 3 1 2 8 136 50 0 19 5 4 4 46 43 28 1 6 23 61 9 115 683 59 43 78 23 3 37 182 69 5 5 11 34 1 54 143 28 9 11 12 2 0 1 6 39 6 11 6 19 0 108 42 40 9 1 2 5 0 0 2 2 0 0 0 2 2 2 0 49 9 3 2 2 1 2 5 48 6 3 2 21 1 10 14 39 3 5 4 4 0 7 12 4 0 0 0 2 1 10 11 0 0 2 2 0 0 1 1 1 0 0 0 3 0 6 7 76 5 2 2 3 1 4 12 4 2 0 1 4 0 6 7 179 10 3 14 4 0 5 34 111 10 2 3 33 6 19 70 157 87 3 150 7 2 7 237 8 5 1 1 1 3 4 45 5 6 0 8 0 0 0 6 2 5 0 4 0 2 2 18 1 14 1 2 0 0 0 1 0 0 0 0 1 1 0 2 8 12 0 1 0 1 0 11 1 2 0 0 0 2 1 5 101 75 5 73 9 6 7 105 3 2 0 0 0 6 5 38 4 6 0 5 0 0 0 3 3 1 0 3 4 3 2 36 143 207 3 33 4 18 5 57 6 1 0 2 7 7 2 18 320 112 3 59 11 7 4 129 41 19 1 13 21 34 9 100 750 50 93 61 32 6 62 157 72 5 6 11 45 4 113 301 35 3 10 7 1 0 3 7 32 11 9 6 100 5 326 96 69 4 4 2 5 1 1 3 5 0 0 0 5 2 3 3 37 9 3 6 2 0 0 5 37 5 3 0 92 7 42 25 36 0 7 1 1 0 7 13 2 1 0 0 9 2 8 13 5 0 1 0 0 0 0 0 2 1 1 0 3 0 10 7 50 2 1 1 5 0 3 10 4 1 0 1 6 0 3 6 78 4 3 2 5 0 4 21 40 4 1 0 38 4 26 54 99 54 3 80 4 3 5 110 9 6 0 1 3 5 2 59 11 7 0 5 0 1 1 4 3 3 0 1 3 4 0 33 7 12 0 4 1 0 0 0 0 0 0 0 0 0 1 0 11 4 0 2 0 0 1 3 1 1 0 2 2 3 1 7 31 91 6 113 6 5 6 88 1 2 1 1 5 10 2 31 2 4 0 3 0 1 0 4 1 1 0 2 7 11 6 72 71 242 2 36 9 15 6 26 1 1 0 1 7 6 1 12 195 79 2 11 10 7 3 62 29 24 0 9 28 59 10 111 1018 42 50 60 44 3 55 399 137 7 2 4 35 3 43 207 33 2 3 4 0 1 0 5 43 3 2 3 56 5 59 59 28 4 7 2 5 0 0 0 4 0 0 0 6 0 1 3 34 5 4 4 0 0 2 9 41 7 2 2 105 5 21 24 31 2 5 2 3 0 4 9 9 1 0 1 3 1 5 2 2 0 0 0 0 0 0 1 1 1 1 0 1 0 2 2 41 7 1 1 4 0 3 9 9 0 0 0 5 0 4 3 160 5 3 7 5 0 4 90 231 14 2 6 60 6 19 85 132 38 6 64 11 7 8 291 13 4 0 3 1 1 0 60 6 1 0 9 0 0 0 8 3 1 0 5 2 6 0 19 1 3 0 4 0 0 0 0 0 0 0 0 0 1 0 2 6 2 0 4 0 1 0 9 0 0 0 0 0 3 0 12 44 77 2 99 1 2 4 56 7 1 0 0 1 1 3 29 2 1 0 1 1 0 1 4 3 3 1 4 1 10 4 38 34 84 0 28 2 4 1 27 1 0 0 0 0 5 0 8 137 37 2 26 4 1 4 112 48 19 1 9 10 32 3 104 1
566 75 53 104 51 7 92 220 73 2 2 5 64 5 145 216 61 5 1 4 1 0 3 9 81 4 4 5 140 7 166 99 47 5 0 0 3 1 1 1 1 1 0 0 3 0 0 0 96 4 0 2 3 1 2 5 122 3 0 2 100 4 23 22 40 1 2 2 3 0 6 7 3 0 0 0 7 0 8 5 4 0 1 1 0 0 0 0 1 0 0 0 7 0 5 3 77 0 1 2 8 0 3 1 4 0 0 0 5 0 2 3 269 4 1 4 11 0 8 18 181 3 2 1 84 3 23 34 48 79 0 129 2 5 3 184 1 2 0 2 1 4 1 49 2 5 0 2 0 0 0 4 2 1 0 5 1 6 0 28 2 3 0 0 0 0 0 2 0 0 0 0 0 1 0 2 4 3 0 2 0 0 0 1 1 5 0 0 0 0 0 7 70 149 5 115 3 4 5 98 1 0 0 0 1 2 2 23 2 5 0 4 0 0 0 2 7 4 0 0 2 1 5 23 125 99 0 23 7 7 7 13 1 2 0 1 2 4 1 6 198 79 0 25 9 2 2 25 30 16 0 3 14 21 2 40 279 30 73 85 21 3 92 134 44 2 2 7 67 0 169 202 47 6 6 6 2 0 0 8 78 5 10 6 150 4 211 126 64 4 3 5 4 0 0 4 1 0 0 0 3 1 2 1 97 6 0 3 2 0 1 6 115 7 1 3 135 5 51 35 28 3 3 1 7 0 6 4 0 0 0 0 7 0 5 9 2 0 1 0 0 0 0 0 2 0 0 0 7 0 12 4 83 1 3 1 8 0 2 3 2 0 0 0 10 0 4 1 137 2 1 1 6 0 2 6 103 2 0 0 115 6 19 28 40 84 0 141 5 2 4 106 0 3 0 1 1 3 0 42 6 6 0 6 0 0 0 3 1 3 0 2 1 5 1 33 3 2 0 0 0 0 0 1 0 0 0 0 0 0 0 0 2 12 0 1 0 0 0 1 1 2 0 1 2 2 0 5 69 201 3 220 5 10 11 98 4 3 0 0 6 3 5 41 6 7 1 4 2 1 0 0 2 3 0 2 3 9 3 53 180 245 1 65 11 8 2 23 0 2 0 0 6 3 0 4 164 125 1 19 0 3 2 23 33 29 1 4 34 42 5 51 285 30 64 65 29 4 75 106 59 4 5 10 73 1 188 187 45 5 3 8 3 0 3 3 60 12 4 7 189 5 303 137 48 3 1 2 4 1 2 1 2 0 0 0 3 0 2 1 73 6 2 2 2 0 6 5 158 5 1 0 194 3 67 15 17 2 4 0 6 1 4 5 1 0 0 0 3 0 8 3 1 0 0 0 0 0 0 0 2 0 0 0 5 0 5 6 66 3 0 0 6 0 2 7 3 0 0 0 4 0 1 6 141 2 0 2 3 0 4 5 179 1 0 0 111 3 37 32 47 56 5 119 0 5 3 113 1 4 0 0 1 4 0 49 2 8 0 6 0 0 0 2 3 3 0 1 1 1 0 25 2 2 0 3 0 1 0 2 0 0 0 0 0 1 0 1 8 9 0 2 0 0 0 2 2 2 0 0 0 0 0 1 56 129 1 167 3 8 5 111 3 1 1 0 7 4 1 37 2 5 0 2 0 0 0 2 2 5 0 1 5 5 2 40 169 212 1 49 9 6 4 27 3 1 0 1 2 3 0 3 226 129 1 20 4 8 2 20 39 35 0 1 29 32 6 60 334 52 69 104 26 1 82 144 45 1 5 6 64 1 163 199 35 3 4 10 3 1 2 5 71 7 6 5 113 7 207 105 79 3 7 1 2 0 1 3 0 2 0 0 3 0 0 2 67 7 2 1 3 0 5 3 94 7 0 2 111 4 36 27 45 3 2 2 7 0 7 6 1 0 0 0 6 0 5 5 3 0 1 0 0 0 0 0 4 0 0 1 4 0 6 6 81 6 3 4 2 2 5 2 3 0 0 0 8 0 1 4 132 4 1 5 8 1 2 4 87 2 1 2 90 4 28 36 52 107 4 175 1 2 3 132 0 2 0 2 2 5 1 55 2 4 0 8 0 0 0 3 1 4 0 2 3 7 1 27 3 6 0 2 0 0 1 1 0 0 0 0 0 0 0 0 5 6 0 2 0 0 0 3 2 2 1 0 2 2 0 4 75 198 2 182 8 6 13 111 1 2 0 0 2 6 1 39 1 2 0 0 0 0 1 3 9 1 0 3 6 17 4 39 189 251 0 39 6 5 4 21 0 0 0 0 2 4 0 6 171 109 0 23 5 5 2 32 53 24 1 5 34 39 6 67 1
580 38 125 46 85 6 92 271 89 6 1 6 94 2 132 285 48 4 1 1 2 0 5 7 46 5 3 10 186 4 264 76 90 4 9 1 5 0 2 2 2 0 0 0 8 0 4 1 44 1 7 1 4 0 3 9 75 3 0 0 153 8 33 23 18 0 5 2 3 0 2 4 1 0 0 0 3 0 5 6 2 0 0 0 0 0 0 0 0 0 0 0 7 0 7 3 35 3 1 1 4 0 2 3 2 0 0 0 2 1 2 2 160 5 2 0 1 0 2 44 180 1 0 0 29 0 12 61 34 35 0 51 6 2 8 121 2 0 0 1 3 5 5 37 3 3 0 1 0 0 1 2 1 2 0 3 0 3 0 26 0 6 0 3 0 0 0 0 0 0 0 0 0 1 0 0 0 6 0 0 0 0 0 3 2 5 0 1 1 7 0 6 37 147 7 277 5 4 5 37 0 2 0 0 4 8 3 25 1 5 0 7 0 0 0 3 2 7 0 7 4 46 4 89 47 175 0 43 0 6 0 17 0 0 0 0 3 5 0 7 107 32 0 12 2 1 3 45 30 16 0 4 9 70 4 71 945 45 54 62 71 4 72 241 94 4 5 2 60 5 87 221 37 5 9 5 8 1 3 5 59 7 12 4 73 3 133 56 47 17 6 2 5 1 4 3 3 1 1 0 6 2 0 2 49 4 3 5 7 0 2 6 76 4 3 2 36 5 26 23 34 5 6 4 7 0 4 8 4 1 0 0 4 0 9 5 4 0 0 1 0 0 0 0 4 1 2 1 5 0 13 4 48 4 2 0 4 1 3 4 4 2 0 0 3 1 2 5 235 4 3 9 7 0 6 50 263 0 2 3 54 6 19 76 84 49 5 50 1 3 6 135 2 3 0 1 1 2 1 37 3 3 0 0 0 1 1 8 2 0 0 4 3 3 2 23 4 17 3 3 0 0 0 0 0 1 0 0 0 1 1 0 9 7 0 1 0 3 2 5 0 2 0 3 1 6 2 10 43 80 4 39 3 2 6 44 2 0 0 0 4 9 5 20 3 2 1 4 1 0 0 4 3 4 2 4 2 5 10 54 87 170 1 15 9 11 1 23 2 0 0 0 4 7 4 10 197 57 0 21 4 7 3 56 29 14 3 6 20 45 11 96 398 41 60 67 43 1 103 324 47 6 2 3 48 3 150 375 50 2 3 4 3 0 3 7 41 2 4 1 90 3 239 85 38 4 2 1 1 0 1 4 1 0 0 0 0 0 1 1 81 8 1 1 3 0 0 7 82 3 0 1 63 0 30 17 51 1 0 1 2 0 3 12 1 0 1 0 2 0 4 6 3 0 0 0 0 0 0 0 2 0 1 0 3 0 4 2 104 3 1 1 7 0 1 9 2 0 1 1 4 0 1 1 335 8 1 6 7 1 4 30 157 3 1 5 46 0 18 40 57 60 1 82 1 3 1 175 5 1 0 2 0 5 2 64 3 4 0 5 0 0 0 5 1 1 0 4 1 4 2 33 5 7 0 0 0 0 0 0 0 0 0 0 1 0 0 0 1 10 1 1 0 0 0 2 2 2 0 0 0 2 0 4 73 192 2 62 2 4 3 73 1 2 0 0 0 3 4 27 4 4 0 1 0 1 0 0 5 1 0 2 3 2 1 27 128 107 3 23 1 4 3 32 1 1 0 0 5 2 0 5 266 80 1 28 4 2 3 60 54 24 0 3 28 30 6 57 562 37 49 66 57 4 93 391 69 4 1 4 44 3 98 299 39 5 5 5 1 0 2 13 54 3 3 3 96 2 96 83 49 3 3 2 4 0 5 4 6 0 0 0 2 0 1 0 83 7 3 3 5 0 6 9 104 4 0 1 119 3 34 41 38 2 4 3 2 0 5 4 2 0 0 0 7 0 3 6 2 0 1 0 1 0 0 0 6 0 0 0 5 1 9 2 53 2 2 4 8 0 3 4 3 0 0 0 4 0 3 1 290 6 1 9 11 3 5 31 356 3 1 2 86 0 25 52 49 46 5 93 3 1 8 262 10 2 1 0 2 5 1 111 4 3 1 7 1 0 0 2 0 3 0 2 2 8 2 29 1 4 0 0 0 0 0 2 0 0 0 0 0 0 0 0 0 5 0 3 0 0 0 1 0 1 0 1 1 3 0 10 38 73 4 70 5 4 6 62 3 0 0 1 2 3 0 16 3 4 1 1 0 0 0 4 2 4 0 3 6 11 4 44 60 58 3 22 6 3 1 15 1 0 0 0 2 5 0 3 119 38 0 23 2 4 1 52 58 17 0 2 25 31 9 84 1
274 20 92 64 22 0 49 92 38 3 3 7 51 2 66 98 13 6 2 3 0 0 4 2 48 7 5 4 114 3 154 73 116 7 12 2 2 0 3 1 1 0 0 0 8 0 0 0 66 6 6 3 4 0 4 5 88 9 0 4 164 5 38 27 60 1 9 4 7 1 11 0 6 0 0 0 9 0 2 4 1 0 2 0 0 0 0 0 2 0 0 1 6 0 5 2 84 5 3 2 4 0 2 8 3 1 0 1 5 0 3 5 118 7 2 9 1 0 3 7 123 7 0 4 81 5 26 37 67 72 3 130 0 2 2 104 5 3 0 2 1 1 2 40 1 8 0 14 0 0 0 4 3 4 0 6 1 7 1 26 5 8 0 6 0 0 0 0 0 0 0 0 0 0 0 0 2 9 0 1 0 0 0 1 0 6 0 0 0 2 0 4 105 209 10 323 14 8 5 116 5 0 0 5 1 13 2 44 6 10 0 12 1 0 1 5 6 7 0 7 7 16 1 52 160 278 4 74 5 5 1 28 4 0 0 1 4 4 2 10 189 120 3 58 6 8 4 51 51 45 0 7 33 85 5 98 420 37 65 73 43 3 58 151 98 10 2 9 67 1 111 181 36 7 9 7 2 0 2 5 82 6 9 4 136 11 239 79 57 7 8 2 8 0 7 2 3 1 0 0 6 0 1 2 72 4 7 5 4 0 5 8 112 11 0 2 154 7 51 31 27 4 5 3 4 0 3 3 7 0 0 0 7 1 11 4 1 1 1 0 0 0 0 2 1 0 0 1 2 0 17 0 63 3 2 3 1 0 4 4 6 0 1 0 13 0 2 6 167 12 5 13 13 2 9 46 199 5 4 7 87 6 42 62 87 58 5 97 8 3 8 122 8 7 0 1 3 4 2 44 8 9 0 7 0 0 0 10 1 4 0 5 1 8 2 24 5 6 0 1 0 0 1 3 1 0 0 0 0 1 0 2 4 11 0 8 1 1 1 4 1 1 0 1 4 3 1 13 60 77 3 60 7 6 10 59 3 1 0 2 2 6 6 33 3 6 0 4 1 1 0 4 7 6 1 4 6 27 7 51 96 92 1 20 7 10 5 36 1 1 0 0 6 3 0 10 181 72 3 32 7 8 7 73 47 31 0 10 42 49 13 108 365 42 71 68 32 1 50 145 47 7 0 3 55 1 99 172 26 2 3 5 1 0 2 5 56 6 5 2 163 4 189 68 86 3 7 4 5 2 3 0 4 1 0 0 3 0 4 0 60 7 1 3 2 1 2 5 81 5 1 3 132 11 39 30 38 3 10 1 2 0 6 7 0 0 0 0 7 0 4 9 3 0 1 0 0 0 0 0 2 0 0 1 12 3 7 2 86 5 2 4 5 0 2 9 4 0 0 0 5 0 1 3 141 3 3 2 3 0 5 13 93 3 1 1 62 2 15 36 62 62 4 84 4 0 4 152 4 1 0 2 2 6 2 33 6 2 0 1 1 1 0 6 2 1 0 4 0 7 2 27 5 4 0 4 0 1 0 1 0 1 0 0 1 1 0 0 5 6 0 3 0 0 0 4 4 3 0 1 1 4 0 7 78 242 2 197 5 8 1 77 3 4 0 3 2 6 4 26 1 7 0 5 0 0 0 3 5 5 0 5 7 37 4 64 181 271 5 70 8 8 4 38 2 0 0 0 4 5 0 6 231 115 0 26 5 5 6 42 36 28 0 5 33 77 7 92 481 56 65 67 56 2 86 230 72 8 1 6 77 2 105 136 36 4 4 10 6 1 1 14 71 1 5 10 150 9 277 72 60 5 4 3 4 0 2 1 3 0 0 1 7 0 0 0 55 12 4 3 7 0 8 11 116 3 2 3 165 6 47 27 29 1 3 2 6 1 4 9 3 1 0 0 8 2 4 3 3 0 1 0 0 0 1 1 2 0 0 0 3 0 2 4 61 1 1 3 7 1 1 11 10 0 0 0 1 1 1 8 169 7 1 5 4 0 4 44 170 2 1 2 75 5 9 47 91 72 4 167 5 2 9 239 3 4 0 1 2 4 2 62 3 5 0 5 0 1 0 6 3 1 0 2 0 10 2 31 1 1 0 1 0 0 0 0 0 0 0 0 0 1 0 1 3 5 0 3 0 0 0 1 0 1 0 1 2 10 0 10 56 149 2 148 8 5 9 91 1 4 1 0 1 7 1 24 1 6 0 5 0 1 0 6 3 9 0 5 6 31 1 64 49 55 0 36 3 4 3 30 0 1 0 0 1 3 0 4 108 47 0 28 1 1 2 61 33 16 0 8 13 40 6 76 1
525 31 121 54 35 5 67 89 78 4 3 6 63 1 80 107 21 2 4 12 4 0 5 6 40 3 4 15 63 4 50 77 108 12 10 7 13 5 4 2 13 0 2 0 7 1 2 7 54 9 7 7 4 1 2 4 71 11 5 7 110 15 48 47 47 2 12 6 5 0 9 15 10 0 1 1 7 0 9 8 4 0 5 2 1 0 0 0 4 0 1 0 5 3 7 12 60 9 8 7 10 3 4 9 8 0 0 2 7 2 2 12 225 6 5 8 6 5 9 31 71 16 8 10 62 12 38 64 96 43 10 84 8 10 12 127 13 8 0 6 12 4 4 62 3 5 1 21 1 2 2 10 4 9 1 10 1 7 1 41 10 10 0 5 1 0 0 11 0 1 0 0 0 1 0 9 8 12 1 2 1 0 3 7 1 11 0 11 5 11 3 31 50 49 11 83 5 6 8 86 1 8 3 4 9 3 11 46 10 3 4 20 0 1 1 14 5 7 2 12 7 16 13 101 45 36 6 32 7 7 6 48 2 0 0 0 6 13 4 18 111 45 2 40 14 5 7 69 35 39 5 27 46 87 20 253 470 38 87 68 38 6 53 165 92 7 7 12 46 4 84 103 24 10 19 11 1 0 1 11 45 9 13 7 36 8 133 62 120 23 8 4 8 0 3 6 8 0 0 0 4 2 2 1 44 8 3 4 2 0 2 12 48 7 5 2 37 5 24 29 53 6 7 3 5 0 5 12 8 0 0 0 7 0 10 8 8 0 1 1 0 0 0 0 6 1 3 1 6 2 21 6 71 3 5 3 7 0 6 12 10 0 0 1 6 1 2 4 173 5 4 7 7 1 8 60 70 5 5 8 48 5 23 84 114 61 6 74 5 2 5 184 9 3 1 3 4 5 4 43 7 2 0 7 2 0 0 11 7 4 2 5 1 7 3 23 9 27 0 2 0 1 1 3 2 0 0 0 0 2 0 2 9 4 1 5 1 1 1 7 5 3 0 0 0 7 0 12 69 104 4 56 4 6 11 60 5 2 0 2 1 8 4 33 4 2 2 6 0 0 2 3 5 2 2 3 4 8 17 92 107 192 3 35 10 28 1 40 3 4 0 0 9 24 2 30 221 76 3 32 5 9 2 116 29 23 1 8 30 91 12 185 461 52 152 40 48 6 37 186 94 16 14 24 37 9 65 226 34 10 21 5 3 3 6 14 47 3 22 7 63 5 160 60 122 13 26 7 14 4 10 2 10 3 1 1 11 3 3 5 27 10 4 4 3 0 4 6 38 3 3 5 66 10 36 40 37 5 11 4 8 2 8 6 4 1 1 0 7 0 9 20 6 0 4 1 0 2 1 1 5 0 3 1 6 0 17 10 46 4 5 6 9 0 3 9 10 3 0 5 3 2 4 15 50 4 5 6 6 2 7 35 58 7 3 7 46 15 31 84 91 23 7 55 12 5 11 112 14 7 3 6 8 5 1 42 13 4 2 5 1 1 1 15 3 6 0 7 2 5 5 38 4 17 3 5 0 7 2 4 1 2 0 0 1 7 0 6 14 11 0 8 2 4 2 16 9 1 1 0 6 10 7 29 33 54 13 58 5 17 10 39 3 2 0 1 7 11 9 42 7 4 2 10 3 4 3 13 6 7 2 12 10 44 14 118 27 104 7 25 7 10 2 18 2 6 0 5 8 14 8 39 102 38 6 27 12 8 13 95 33 44 5 28 32 113 26 266 653 48 75 73 37 5 55 161 118 15 6 10 39 7 69 109 26 5 7 5 3 0 1 5 49 2 5 3 53 10 84 57 69 6 14 7 5 1 3 7 4 1 1 0 6 0 4 0 49 5 2 3 5 0 4 7 46 6 4 4 59 6 38 19 35 6 8 11 5 1 8 8 11 0 0 3 4 0 6 9 3 0 2 1 0 0 0 1 3 1 1 2 6 1 5 5 52 4 7 10 5 1 4 12 9 3 0 1 9 0 3 9 62 10 8 7 5 2 11 51 146 7 3 14 55 3 25 94 151 71 9 118 12 7 12 395 23 2 1 1 5 7 8 41 3 8 2 10 2 0 4 19 4 1 1 6 4 3 2 24 7 10 0 1 1 3 1 3 2 0 0 0 1 1 1 2 6 8 0 6 1 1 1 15 4 2 0 0 2 10 2 19 51 103 7 119 6 5 6 61 2 7 1 5 2 9 2 29 0 4 0 8 1 1 2 6 3 10 2 11 6 30 10 88 39 56 1 41 4 6 2 33 6 0 0 1 5 7 2 24 49 41 2 33 7 8 5 130 26 25 1 13 20 59 15 194 1
813 53 42 58 54 1 69 115 56 1 1 0 67 2 120 107 99 7 0 2 5 1 1 3 137 5 1 10 276 3 160 59 46 1 1 0 0 0 0 0 1 0 0 0 2 0 2 0 114 3 1 2 10 0 1 3 265 2 1 0 255 1 30 7 85 4 1 1 7 0 4 5 5 0 0 0 3 0 2 0 4 1 0 0 0 0 0 1 3 0 0 0 7 1 1 1 107 3 3 0 8 0 1 1 4 0 0 0 7 0 1 1 298 5 1 7 7 1 8 24 301 4 1 1 157 3 27 30 48 51 2 56 2 1 3 75 1 1 0 0 0 2 0 18 2 4 0 4 0 0 0 2 1 1 0 1 1 4 0 15 0 1 0 0 0 1 0 0 0 0 0 0 0 1 0 0 0 9 0 2 0 0 0 0 0 1 0 0 1 0 1 4 85 115 1 36 4 5 5 44 1 0 0 1 0 1 0 14 3 6 0 1 0 0 1 2 4 3 0 2 2 10 5 19 83 58 1 10 1 0 3 16 0 0 0 0 1 2 0 1 161 76 1 13 0 2 1 26 28 16 0 2 13 23 1 28 500 39 34 52 31 1 44 210 47 1 1 3 50 1 64 129 36 5 1 0 5 0 3 6 53 5 3 4 128 1 122 56 34 1 3 0 0 0 0 0 0 0 0 1 1 0 0 1 85 3 1 0 1 0 5 8 85 3 1 0 76 4 15 20 54 3 2 2 4 0 4 4 2 0 0 0 1 0 2 2 4 0 0 0 0 0 0 0 2 0 0 0 5 2 1 4 96 2 1 3 4 0 2 4 2 0 0 0 1 0 1 1 532 7 2 2 12 0 6 22 347 2 3 3 74 2 28 33 65 52 1 120 3 0 2 225 3 1 0 0 3 2 0 33 2 4 0 5 0 1 0 2 1 0 0 1 1 4 1 13 2 4 0 1 0 0 0 0 0 0 0 0 0 1 0 0 4 5 0 1 0 0 1 2 0 1 0 0 0 2 0 0 58 159 1 207 1 4 2 84 0 1 0 1 0 5 2 13 4 3 0 1 0 0 0 0 4 0 0 1 4 14 1 18 147 210 1 48 1 0 0 18 0 1 1 1 0 2 0 4 350 86 1 15 3 5 1 26 47 16 0 0 19 11 1 31 258 15 23 26 16 0 23 169 53 5 0 1 43 0 83 271 20 1 2 2 4 0 2 3 70 1 2 5 202 4 150 55 29 0 1 2 3 0 0 1 1 0 0 0 2 0 0 0 80 5 0 2 2 0 1 1 201 3 1 1 347 1 38 14 31 1 1 3 3 0 4 2 0 0 0 0 3 1 3 7 5 0 0 0 0 0 0 0 2 0 0 0 3 0 1 0 72 1 1 3 8 0 1 6 6 0 0 0 3 0 1 6 579 4 4 2 7 0 6 23 365 2 0 3 118 1 23 54 81 29 2 43 3 1 1 194 5 3 0 1 0 2 1 43 1 0 0 2 0 0 0 3 2 1 0 1 2 5 0 8 1 1 0 0 0 0 0 0 0 0 0 0 0 0 1 0 2 2 0 1 0 0 0 5 0 1 0 0 0 0 0 3 44 71 1 29 2 1 3 40 2 0 0 0 0 1 0 13 5 1 0 0 0 0 0 2 6 3 0 0 2 10 1 12 112 95 1 23 2 1 3 24 0 1 0 0 0 0 2 6 529 73 0 18 4 0 4 88 73 19 1 2 22 11 2 46 224 40 23 53 24 1 36 206 51 2 4 5 34 4 66 151 20 5 0 2 0 0 0 6 53 1 0 7 46 1 55 50 23 3 0 1 1 0 2 1 1 0 0 0 2 0 0 0 59 3 2 5 0 0 2 4 82 4 0 2 27 0 8 17 34 2 4 5 5 0 2 9 3 0 0 1 3 0 3 1 0 1 0 0 0 0 0 0 2 0 0 0 4 0 1 1 59 2 1 2 2 0 3 8 5 0 0 0 2 0 2 1 367 5 1 3 8 1 5 27 428 5 0 6 78 3 9 46 84 102 1 248 1 1 4 427 6 2 0 1 1 2 0 45 3 2 0 2 0 0 0 2 1 0 0 4 0 6 0 10 1 6 0 2 0 0 0 0 0 0 0 0 0 0 0 0 4 2 0 3 0 0 0 1 0 1 0 0 1 2 0 4 90 215 3 330 3 3 5 153 1 2 0 0 1 3 1 16 3 4 0 1 0 0 0 4 2 3 0 6 4 5 2 19 122 167 1 44 4 2 3 38 4 0 0 0 1 2 0 1 314 69 1 32 2 1 2 55 63 19 0 2 15 18 4 50 1
355 25 95 48 28 3 70 127 54 6 1 9 56 1 91 129 24 2 8 2 2 1 6 2 52 7 2 4 132 9 172 71 107 7 10 2 2 0 2 5 3 0 0 0 5 1 0 0 49 5 2 5 1 2 2 2 85 8 2 3 140 10 32 29 34 2 5 5 3 0 6 5 5 0 0 0 5 0 8 4 4 0 2 0 0 0 0 0 3 0 1 1 6 1 7 5 52 9 2 4 6 1 3 3 4 0 0 0 4 1 1 4 164 1 3 5 4 1 4 28 131 7 2 6 65 7 25 41 80 50 3 113 7 2 1 187 1 4 0 3 6 7 2 44 2 10 0 7 1 0 0 4 3 4 1 2 0 5 1 47 3 8 0 1 0 0 0 1 0 0 0 0 0 0 0 0 6 10 0 5 0 0 0 3 1 10 0 1 4 3 0 11 69 166 10 232 8 2 9 79 3 2 0 3 1 8 4 28 2 7 2 9 1 0 0 5 4 3 1 9 5 39 7 92 117 233 4 55 10 13 2 31 1 1 0 2 6 9 1 9 213 78 1 37 2 4 4 46 61 29 1 10 25 65 7 110 439 46 66 66 35 5 62 396 105 4 5 8 74 0 109 323 35 3 6 6 0 0 4 4 71 6 7 5 116 4 173 105 53 6 4 2 4 0 1 5 4 0 0 0 1 0 5 2 48 4 1 5 2 0 6 9 66 4 0 4 75 0 26 34 20 7 4 4 9 0 4 10 8 0 0 0 4 1 3 4 4 0 1 0 0 0 0 0 4 0 1 0 2 0 5 5 59 4 4 1 6 0 2 7 3 2 0 0 10 1 2 5 196 4 1 9 2 2 4 57 206 2 3 3 90 2 23 68 85 48 2 72 5 3 7 190 10 3 0 3 2 4 0 59 9 8 0 1 0 0 1 7 1 1 0 3 1 8 0 25 5 4 0 0 0 1 0 0 0 0 0 0 0 0 0 0 8 5 0 2 1 1 0 4 6 2 0 1 0 2 0 6 57 89 1 62 6 8 7 73 2 0 0 0 2 5 5 25 2 4 0 1 0 0 0 3 0 2 0 0 10 13 3 41 82 150 2 35 0 5 3 34 5 0 0 1 2 6 1 6 186 88 1 20 2 4 4 55 61 14 0 3 28 32 2 80 605 43 73 72 52 2 48 256 79 5 0 5 65 0 98 192 43 7 3 3 3 0 3 7 57 9 7 8 148 2 88 71 82 2 6 2 5 0 2 2 3 0 0 0 3 0 1 2 62 2 4 4 5 0 3 8 118 0 1 1 82 2 20 24 38 5 2 5 6 0 7 7 3 0 0 0 3 0 4 9 1 0 0 0 0 1 0 1 2 0 0 1 4 1 4 2 54 4 1 0 1 0 7 8 1 0 0 0 6 0 3 2 159 5 3 2 8 0 7 38 87 2 0 5 76 3 21 34 85 63 3 102 5 1 2 99 6 3 0 1 3 3 0 46 5 6 0 3 1 0 0 4 2 1 1 3 2 4 2 13 1 1 0 0 0 0 0 1 0 0 0 0 0 1 0 0 1 6 0 1 0 0 0 2 1 1 0 0 1 2 0 3 71 268 7 186 7 7 8 72 1 3 0 1 0 11 3 34 3 5 0 1 1 0 0 4 2 6 0 4 6 37 0 61 91 285 0 65 5 6 2 26 2 0 0 0 2 2 0 5 150 64 1 27 3 4 5 78 30 14 0 5 17 63 4 77 638 39 53 81 48 1 87 315 98 5 0 5 87 3 97 183 64 5 7 8 1 0 3 16 89 5 2 4 151 5 224 105 45 3 1 0 1 2 5 4 2 0 0 0 0 0 1 3 59 9 2 3 3 0 4 11 91 5 0 0 140 3 34 35 37 2 4 1 8 0 5 5 1 0 1 0 3 0 3 4 6 0 0 0 0 0 1 0 4 0 0 0 8 0 3 4 51 4 1 1 8 0 4 7 5 0 0 0 6 0 2 3 184 3 1 10 9 1 7 53 137 5 1 4 70 6 37 92 92 74 3 88 7 2 6 196 11 4 1 2 3 5 1 50 3 4 0 6 1 0 0 5 5 3 1 2 3 5 4 26 3 1 0 2 0 0 0 0 0 0 0 0 0 0 0 1 5 5 0 1 0 0 0 5 2 2 0 0 0 3 4 2 70 93 3 60 4 4 4 78 1 1 0 1 0 2 6 25 0 4 0 3 0 0 0 4 1 3 0 2 4 11 3 41 62 63 0 25 2 3 3 18 2 0 0 1 3 1 0 5 144 51 0 22 3 6 3 81 28 16 0 6 20 37 1 86 1
480 54 53 83 59 0 89 320 82 6 1 8 80 0 147 303 30 6 1 3 2 0 3 11 73 6 4 4 136 5 134 112 41 1 1 0 4 0 1 4 3 0 0 0 5 0 2 3 59 5 2 4 3 0 8 4 126 6 0 0 131 2 33 32 44 2 3 1 3 0 6 14 2 0 0 0 5 1 2 5 1 0 1 0 0 0 0 0 3 0 0 0 1 0 5 1 56 0 0 4 6 0 3 6 6 0 0 1 5 0 5 5 248 6 2 5 12 1 6 28 204 4 0 2 72 7 30 40 85 58 2 118 3 2 8 220 3 2 0 0 0 2 1 47 3 5 0 5 0 1 1 3 0 1 0 3 1 8 1 33 1 3 0 2 0 1 0 0 0 0 0 0 0 0 0 1 4 5 0 5 0 0 0 4 3 2 0 0 0 1 0 6 61 106 6 70 3 9 9 84 0 3 0 1 2 6 1 26 2 12 0 4 0 1 0 2 3 5 0 3 2 9 3 43 89 71 0 19 5 1 3 24 0 1 0 0 2 2 0 2 177 72 1 19 2 0 3 50 35 24 0 3 11 35 1 55 618 70 42 112 81 3 94 445 84 4 1 5 74 4 124 360 54 5 4 6 3 0 1 9 58 6 1 5 75 2 50 85 33 1 1 2 2 0 3 1 1 0 0 0 2 0 0 0 62 4 1 3 2 0 3 14 57 3 0 0 28 1 9 15 48 0 2 3 1 0 4 10 3 1 0 1 3 0 4 3 1 0 0 0 0 0 0 1 3 0 0 0 2 0 1 5 66 3 0 6 3 0 2 10 4 0 0 0 2 0 2 6 266 8 1 5 8 0 10 44 135 3 0 2 43 2 21 46 96 85 2 123 4 1 4 275 3 1 0 0 0 7 2 43 3 2 0 2 0 0 0 2 1 1 0 0 0 0 1 22 0 1 0 1 0 0 0 1 0 0 0 0 0 0 0 0 2 11 0 1 0 0 0 1 1 1 0 0 0 0 0 3 62 90 1 109 0 4 7 79 2 0 0 1 0 6 2 18 1 5 0 3 0 0 1 4 1 1 0 1 2 12 2 25 93 70 1 14 8 1 3 21 1 0 0 0 1 3 0 3 306 58 0 20 4 4 4 53 30 13 0 2 16 24 0 54 427 40 40 66 27 0 63 199 54 4 2 4 50 3 94 125 63 5 1 4 1 0 2 7 88 6 9 7 100 7 62 62 73 4 5 2 4 0 1 1 1 0 0 0 4 0 0 0 95 10 2 1 2 0 4 8 151 11 1 2 125 2 18 19 56 4 2 1 6 0 7 4 5 1 0 0 6 0 6 5 5 0 1 1 0 0 0 0 4 0 0 0 5 0 6 3 126 1 5 0 11 1 4 7 3 0 0 0 11 0 2 2 378 10 2 12 8 2 2 32 202 2 3 2 88 2 21 51 70 60 0 87 0 0 1 72 6 2 0 2 5 1 1 25 6 3 0 8 1 0 0 1 0 3 0 0 3 5 3 19 2 5 0 1 0 0 0 0 0 0 0 0 0 0 0 0 5 7 0 5 0 0 1 3 2 0 0 0 1 3 0 5 85 125 3 101 5 3 12 58 1 3 0 0 4 4 1 14 8 6 1 5 0 1 0 3 8 5 0 1 6 20 3 28 159 138 3 24 8 4 3 7 0 1 0 1 0 4 2 4 421 125 2 25 10 4 4 42 75 30 0 4 26 45 4 77 509 45 43 71 46 3 57 169 82 3 3 1 69 1 80 70 72 2 1 3 3 0 0 12 94 2 3 6 122 6 77 51 53 0 3 0 5 0 2 2 2 0 0 0 3 0 1 0 106 5 2 1 2 0 5 9 141 2 0 3 91 4 22 16 61 2 1 2 3 0 5 9 7 0 0 0 5 0 3 2 4 0 0 0 0 0 0 0 4 1 0 0 8 0 1 3 119 2 3 3 7 0 3 6 3 0 0 0 8 0 0 3 503 11 2 12 9 2 8 32 355 6 0 5 104 3 36 47 58 69 1 102 3 1 1 97 5 2 0 2 1 1 1 21 3 1 0 8 0 0 0 3 3 2 0 3 2 2 1 14 3 3 1 0 0 0 0 2 0 0 0 0 1 0 0 0 10 9 0 0 0 0 0 1 4 4 0 0 0 0 0 0 88 163 6 84 5 6 4 59 1 1 0 0 1 3 3 10 1 7 0 4 1 0 0 4 7 5 0 2 6 16 3 25 105 78 2 24 3 0 0 13 1 0 0 0 1 2 0 2 317 84 0 29 4 4 2 48 55 24 2 3 28 34 5 47 1
193 15 57 67 31 3 74 127 50 9 1 4 79 3 169 174 12 3 2 6 0 0 5 2 67 7 3 6 129 6 153 130 50 5 4 2 1 0 4 2 2 0 0 0 4 0 1 2 70 9 4 4 0 0 3 2 191 16 0 8 223 7 48 33 14 0 2 2 3 0 2 7 2 0 1 0 7 0 12 6 2 0 0 0 0 0 0 1 2 1 0 1 7 0 3 4 83 3 2 4 8 0 3 3 5 0 0 0 3 0 7 3 134 5 0 6 1 0 3 4 193 4 1 3 122 8 30 38 43 54 1 179 2 2 5 175 4 2 0 1 1 3 2 64 2 7 0 8 0 0 0 9 2 3 0 3 6 8 0 40 4 1 0 4 0 1 0 0 0 0 0 0 0 0 0 1 5 4 0 6 0 0 0 3 0 5 0 1 2 0 0 12 67 134 5 214 7 3 9 128 4 5 0 1 3 7 3 47 3 3 0 8 0 0 0 1 4 3 0 6 7 8 4 39 158 142 0 66 6 5 3 28 1 1 0 0 4 1 0 12 144 106 1 41 5 1 4 39 60 47 1 8 31 40 5 81 606 53 72 77 33 2 81 236 36 3 1 5 58 5 116 205 25 2 2 3 1 0 3 2 58 3 4 8 129 6 128 93 50 2 2 1 1 1 2 2 1 0 0 0 4 0 1 2 67 6 1 2 1 0 5 3 88 4 2 5 99 3 27 19 36 3 0 3 4 0 5 2 5 0 0 0 6 0 6 3 3 0 0 0 0 0 0 1 1 0 0 0 7 0 4 5 63 1 1 2 6 0 0 3 3 0 0 0 6 0 1 7 199 5 3 1 4 0 1 10 146 4 0 2 60 2 17 24 40 88 3 107 5 3 4 230 2 3 0 1 1 1 1 59 3 5 0 6 0 0 0 5 0 3 0 2 2 4 1 23 3 4 0 2 0 0 0 1 0 0 0 0 0 0 0 0 4 9 0 0 0 1 0 4 1 1 0 1 1 0 0 2 65 234 5 153 8 10 8 93 1 0 0 0 6 8 4 26 1 2 0 5 0 0 1 3 3 2 0 2 2 12 1 44 139 176 1 35 5 7 2 33 1 1 0 1 0 3 1 8 250 80 0 19 1 3 3 39 58 15 0 4 28 37 5 64 198 26 71 85 20 0 86 146 38 4 1 6 89 1 142 159 22 3 3 7 0 0 2 5 54 5 3 7 146 4 173 146 56 1 1 2 4 1 3 3 2 0 0 1 4 0 1 0 51 6 2 6 3 0 1 4 178 8 0 4 231 9 51 31 27 0 2 2 4 0 7 4 2 0 0 0 9 0 7 9 2 0 1 0 0 0 0 0 1 0 0 1 0 0 3 3 53 2 4 2 1 0 3 6 6 0 0 0 7 0 2 2 104 6 4 4 2 0 4 11 207 8 0 2 108 6 36 34 42 41 3 176 2 2 4 165 3 1 0 3 3 2 1 86 3 8 0 5 1 0 0 10 1 6 0 5 0 5 0 42 3 9 0 3 0 0 0 0 0 0 0 0 0 0 0 0 5 7 0 4 0 0 0 6 1 3 0 1 2 5 0 7 63 138 8 251 8 9 14 135 4 3 0 2 5 8 1 31 4 7 0 9 0 0 0 4 4 5 0 4 5 10 1 49 150 139 3 53 7 5 1 37 2 2 0 0 3 2 2 5 157 101 0 41 5 3 4 32 41 33 0 10 24 49 4 79 444 46 61 66 48 4 69 95 53 5 1 3 63 2 65 84 65 3 5 3 4 0 2 3 92 6 2 7 145 8 100 56 59 3 0 3 2 0 0 2 2 0 0 0 9 0 2 0 89 1 1 3 4 0 3 1 164 11 0 4 185 4 31 23 59 2 8 4 9 0 7 4 6 1 0 0 4 0 3 0 4 1 0 0 0 0 0 0 0 0 1 0 5 0 6 4 92 0 7 3 7 1 2 2 10 0 1 0 11 0 1 4 260 10 2 7 4 0 4 19 388 11 1 2 117 8 21 31 58 68 2 179 7 2 8 180 3 3 0 2 0 4 0 36 3 10 0 5 1 0 0 6 1 4 0 4 1 6 1 21 0 1 0 2 0 0 0 0 0 0 0 0 0 1 0 0 2 7 0 8 0 0 0 2 0 3 0 1 1 5 1 3 82 109 4 173 4 5 7 106 1 1 0 1 2 4 1 16 9 6 0 5 0 0 0 2 1 7 0 2 4 12 2 55 101 66 3 28 5 2 3 23 2 0 0 0 2 1 0 8 172 101 2 46 2 3 4 47 45 27 0 9 22 46 3 60 1
380 23 37 37 33 1 60 64 142 9 4 5 72 4 69 54 61 6 5 7 4 0 8 5 114 5 8 12 111 6 48 63 47 3 5 5 8 0 3 6 6 0 1 2 10 1 4 1 60 8 2 6 7 0 5 11 183 12 1 6 303 12 34 46 47 0 8 4 9 0 7 9 21 2 3 1 11 0 2 8 2 1 2 0 0 1 1 0 4 2 0 1 3 0 2 7 39 1 7 1 8 0 6 8 29 2 0 1 17 2 4 5 89 9 5 10 8 0 9 11 174 26 5 11 113 14 47 118 99 56 11 103 22 1 23 152 15 6 0 2 7 1 3 32 10 6 0 16 2 0 0 20 7 3 0 6 2 7 5 46 4 3 2 2 0 0 0 4 0 0 0 1 0 2 1 1 7 9 0 6 2 0 2 26 10 8 0 8 8 6 0 31 59 31 8 60 6 5 14 70 4 4 1 3 5 2 4 27 6 6 1 14 0 1 1 11 4 6 1 8 3 0 4 38 64 25 0 20 8 2 4 41 1 1 0 2 6 4 2 15 80 53 4 33 14 4 9 95 35 28 4 26 26 38 19 186 1977 19 24 31 22 1 53 87 141 7 6 5 41 3 35 71 23 2 5 6 5 0 2 6 45 5 7 6 36 2 25 37 41 4 2 0 3 0 3 4 4 0 0 0 5 0 1 0 47 3 2 3 1 0 3 6 61 12 4 2 29 3 22 21 25 1 4 2 1 0 7 6 7 1 0 1 9 0 3 10 3 0 0 0 0 0 0 1 1 0 1 1 2 0 2 2 37 1 0 3 6 0 1 5 16 0 0 3 7 0 7 8 106 9 3 13 8 1 10 91 132 15 1 13 55 6 29 134 108 33 6 54 8 1 7 58 14 4 0 0 1 2 4 22 12 6 1 7 4 1 0 11 4 2 0 4 0 4 1 19 3 3 0 1 0 0 0 0 0 0 0 0 1 1 0 0 15 4 0 7 2 1 3 7 7 4 0 1 1 2 1 6 41 22 2 23 7 3 7 36 3 2 0 2 5 1 2 21 2 6 0 0 0 0 0 4 4 3 2 4 5 1 4 23 52 18 0 14 6 3 6 24 3 0 0 0 5 2 0 6 106 42 4 38 9 0 10 125 44 23 0 13 21 23 7 116 723 50 47 57 84 7 69 144 94 10 4 6 54 3 51 73 48 0 3 8 4 0 3 4 79 8 4 12 271 6 36 38 38 5 3 0 8 1 2 0 6 1 0 0 7 2 3 1 35 6 1 2 2 0 2 1 81 10 2 5 260 9 14 25 34 3 6 0 4 1 11 3 26 3 1 2 7 1 8 6 3 0 0 0 0 0 1 0 2 0 1 0 3 0 4 7 33 1 1 3 5 1 1 4 30 2 3 4 12 0 0 10 38 3 0 2 4 1 1 19 166 38 2 32 60 2 18 115 88 52 8 86 37 6 40 294 5 4 1 0 6 4 2 27 7 4 1 9 2 1 7 43 3 1 0 6 2 3 3 29 1 5 0 3 3 3 3 3 0 0 0 0 0 0 4 3 4 6 0 6 2 0 4 24 2 4 0 5 4 10 2 18 34 58 7 118 2 2 8 64 1 1 1 1 2 2 1 29 0 5 0 9 0 0 0 6 3 2 0 5 3 13 6 60 29 28 0 17 4 4 3 26 0 3 0 3 5 1 0 15 32 11 2 11 3 3 6 85 17 6 0 17 11 42 8 165 2113 15 115 27 28 3 47 352 137 10 0 7 26 5 55 306 20 2 2 4 3 0 1 6 13 2 2 3 27 5 75 53 22 1 6 0 3 1 0 3 2 0 0 0 2 0 2 0 15 3 1 2 1 0 2 12 9 1 1 0 32 3 15 9 19 2 0 1 0 0 1 8 4 1 0 1 2 0 1 3 0 0 0 0 0 0 0 0 1 0 0 1 0 0 0 2 17 1 0 0 1 0 1 5 5 0 0 2 3 0 0 8 104 4 3 1 7 1 4 108 74 4 0 7 14 1 6 128 66 18 2 36 6 2 6 133 7 0 0 1 1 2 5 38 8 1 0 2 0 0 0 7 1 0 0 1 0 4 1 19 2 0 0 2 0 1 1 1 0 0 0 0 0 0 0 0 5 0 0 3 3 1 1 12 0 1 0 0 0 8 2 5 9 35 1 91 1 4 4 36 1 0 0 0 1 2 1 16 0 1 0 2 0 0 0 0 1 0 0 2 2 22 3 89 8 14 0 5 0 1 0 6 0 0 0 2 0 1 0 14 33 8 0 0 4 0 8 81 7 2 0 1 0 17 2 59 1
712 40 93 57 39 5 71 80 90 13 8 6 65 6 79 119 29 10 6 8 4 0 6 10 43 6 8 14 39 12 53 76 99 8 18 7 10 4 10 8 11 2 0 0 11 1 7 5 52 12 6 5 5 1 7 10 86 11 5 7 107 19 35 48 36 6 11 4 4 1 13 6 11 2 1 1 9 1 9 10 4 0 2 2 0 0 3 1 2 1 2 3 8 2 15 9 46 3 4 9 10 1 5 9 11 0 1 1 18 1 9 8 96 3 2 4 5 1 8 16 87 10 1 12 73 8 30 89 100 45 9 81 19 5 14 96 13 6 0 4 5 5 6 70 5 6 1 17 2 2 1 12 3 9 0 8 9 7 1 51 11 5 1 3 2 3 2 4 1 1 0 1 1 3 3 1 11 14 0 5 3 0 1 8 3 8 0 5 5 14 3 39 48 40 13 71 4 5 13 75 7 4 1 6 6 10 3 48 1 9 2 11 0 0 1 14 1 10 5 9 6 12 13 93 41 36 7 36 6 9 6 38 1 2 0 4 6 8 0 23 75 45 1 39 9 6 11 73 34 34 5 21 36 77 24 265 819 39 106 54 23 2 46 116 94 11 8 8 79 3 73 98 36 4 11 12 5 0 1 10 65 10 19 14 55 5 131 68 99 26 5 7 3 1 4 4 4 0 0 0 4 0 0 0 44 15 2 5 2 0 3 5 51 8 1 9 36 5 29 20 22 2 8 5 4 0 12 13 13 0 0 2 13 1 11 14 4 1 4 0 0 0 0 1 0 0 4 2 2 0 21 11 38 7 4 6 7 0 7 8 11 0 0 0 9 0 7 15 127 7 4 8 5 1 3 19 98 11 0 4 37 4 31 102 92 61 7 80 10 4 14 160 13 7 0 4 4 4 5 42 5 6 0 11 1 0 1 16 4 3 0 4 6 1 2 15 10 23 0 1 0 0 0 4 1 1 0 1 0 0 0 0 13 15 0 5 0 2 0 14 1 2 0 1 1 3 3 11 54 70 7 40 9 4 11 66 3 4 0 3 5 5 7 36 5 5 1 10 2 0 0 4 3 6 2 7 4 10 15 85 75 188 0 35 8 22 6 44 5 4 0 2 1 31 1 16 88 64 1 30 11 10 8 89 35 19 3 17 28 78 12 201 416 40 130 47 41 9 47 149 105 17 10 19 33 9 69 338 36 7 11 11 5 0 3 5 39 7 24 12 54 8 125 70 128 23 10 6 19 2 4 5 10 1 0 1 14 4 8 9 39 7 1 3 6 3 6 5 43 11 4 5 70 12 40 35 34 4 13 2 5 2 1 5 4 5 2 2 8 0 15 24 1 0 2 2 0 0 1 1 4 0 3 0 8 1 18 16 39 1 6 3 6 2 3 9 10 3 0 0 9 1 11 16 57 3 5 5 8 1 6 45 47 6 3 10 49 8 32 87 81 27 4 46 13 4 8 83 11 3 4 3 2 6 5 54 11 7 0 8 4 1 2 12 9 1 0 3 4 12 4 29 8 11 2 7 0 4 1 6 2 2 1 1 0 4 0 3 17 9 2 3 3 4 1 9 3 3 0 2 0 15 6 21 34 67 8 91 6 6 10 37 6 0 1 6 6 11 8 41 6 11 2 11 1 3 1 4 4 14 3 11 10 39 10 138 46 120 6 34 11 18 7 31 3 4 0 2 5 16 6 28 98 58 5 22 14 9 13 79 40 32 4 16 30 118 25 255 664 55 84 79 30 7 50 242 147 12 6 10 51 2 50 154 26 2 8 4 3 0 3 6 31 5 3 10 38 4 47 59 56 10 9 0 9 3 5 1 4 0 1 0 4 1 1 1 34 5 2 5 3 0 5 9 43 6 2 2 50 7 36 20 40 8 3 4 3 2 8 14 18 2 1 0 4 3 7 10 4 1 0 0 1 0 0 1 3 1 1 1 6 1 6 6 61 3 5 12 4 3 2 9 11 2 1 4 6 1 2 7 122 4 2 11 7 2 7 83 123 15 2 11 43 5 29 142 160 58 5 84 11 4 11 348 27 3 0 1 7 2 1 61 8 8 1 9 0 0 1 12 5 3 0 6 5 1 3 22 2 3 2 3 0 1 1 1 2 1 0 1 0 3 1 2 12 10 0 4 2 0 3 17 3 6 0 2 1 3 0 18 41 69 6 142 8 2 7 75 7 2 0 3 3 5 2 38 4 2 3 9 1 0 1 3 0 8 0 6 3 25 8 66 47 55 3 42 6 6 4 33 1 2 0 4 4 8 1 12 62 36 4 22 11 8 9 107 37 28 1 14 20 44 18 181 1
763 35 91 40 40 3 53 94 101 4 9 6 49 4 145 102 42 5 21 9 3 0 0 5 56 3 17 13 124 7 435 95 68 14 6 4 7 1 6 1 5 2 0 1 10 1 6 1 43 5 7 0 2 0 4 5 53 7 3 4 82 12 44 35 28 2 6 3 3 0 2 4 8 3 0 2 4 0 14 6 0 0 0 0 1 0 0 0 2 0 0 0 4 1 21 9 29 2 5 2 4 0 1 7 13 1 0 0 6 1 5 7 100 4 3 7 9 1 2 58 142 9 1 7 44 2 38 66 84 41 3 39 3 1 14 120 8 1 0 1 2 5 1 22 5 5 0 6 0 0 0 11 1 5 0 2 3 4 3 27 6 13 0 1 0 1 0 2 0 0 0 0 0 0 1 1 10 14 0 4 0 2 0 6 1 5 0 1 5 13 1 9 30 60 5 111 9 5 10 40 1 1 1 2 1 4 7 20 2 6 1 6 0 0 0 5 0 2 2 7 5 24 15 78 76 153 1 32 10 27 9 22 6 2 0 0 11 13 4 21 113 59 2 14 5 5 7 61 28 26 2 14 30 63 16 159 1062 40 61 54 50 3 66 190 169 8 3 9 48 4 68 190 38 0 3 7 2 0 3 3 50 4 6 9 76 6 49 60 60 7 4 0 6 0 7 7 4 0 1 0 0 2 3 4 45 9 4 1 2 1 4 9 36 4 3 2 19 1 21 30 26 1 2 1 3 2 5 10 7 1 0 0 4 0 11 11 0 0 0 1 0 0 0 0 3 0 0 0 2 0 5 5 34 2 5 4 5 0 4 9 7 2 0 3 2 0 3 7 85 8 3 9 5 3 8 93 139 8 3 12 40 7 21 147 138 57 6 68 7 2 6 174 19 8 1 4 4 5 7 48 5 5 0 3 3 2 1 9 9 6 0 2 5 2 2 15 3 8 0 3 0 0 0 0 0 1 0 0 1 1 0 1 9 5 0 2 1 1 1 12 2 4 0 0 0 2 1 8 49 52 3 55 6 6 8 43 8 2 0 4 1 4 3 18 3 1 0 1 0 1 0 2 9 5 0 10 2 12 7 34 59 115 2 35 3 2 8 48 1 4 0 2 6 6 0 20 170 46 2 32 13 8 9 144 35 15 0 11 20 31 14 162 662 48 49 36 27 5 43 142 75 7 2 7 25 2 55 154 62 6 5 7 1 1 2 3 41 4 7 10 94 0 143 43 81 4 3 2 2 1 2 0 0 0 0 0 4 0 1 0 101 4 1 2 1 1 3 6 48 6 0 1 51 2 14 6 158 7 8 2 3 0 9 8 4 1 0 0 3 0 4 10 5 0 0 0 0 0 0 0 2 1 0 0 2 0 11 4 154 2 1 4 9 0 3 4 5 0 1 0 7 0 5 7 404 7 0 8 6 1 7 46 119 7 0 4 46 2 14 57 92 50 4 30 7 0 5 50 3 1 1 2 1 3 0 26 13 7 1 4 0 1 1 5 1 0 0 2 0 1 2 6 3 4 0 2 0 0 0 0 0 0 0 0 0 0 0 0 5 13 0 1 0 0 0 2 1 0 0 0 0 1 0 5 123 192 6 72 2 4 6 37 2 1 0 0 1 4 3 10 6 11 0 3 0 1 0 4 2 11 0 2 7 24 7 43 192 224 4 41 8 14 5 21 0 2 0 1 0 7 1 9 289 111 1 20 6 3 12 63 27 27 0 5 19 44 4 89 579 35 54 51 36 5 55 178 128 1 1 5 38 1 38 100 55 5 5 4 4 0 1 9 60 2 7 6 72 0 48 39 71 5 5 3 2 0 0 4 3 0 0 0 6 0 0 0 96 7 5 2 1 0 4 13 131 4 2 1 89 4 30 24 72 10 1 2 2 0 1 5 4 0 0 0 6 0 3 3 13 0 0 1 0 0 1 1 8 0 0 1 8 0 4 3 105 3 3 7 5 1 3 6 11 1 0 2 9 1 1 4 350 14 2 15 5 0 7 80 266 9 1 9 94 7 18 124 118 58 6 94 11 1 7 205 14 3 0 5 6 3 2 45 7 6 0 1 0 1 0 6 5 2 0 2 0 5 0 17 4 6 0 1 0 0 0 3 0 0 0 0 0 0 0 0 4 4 0 2 0 0 1 9 3 2 0 1 1 4 1 3 67 90 4 78 2 6 5 53 6 4 0 0 1 4 3 16 3 10 1 2 0 1 0 7 6 7 0 1 5 7 3 47 84 107 2 26 2 5 4 26 2 0 0 1 4 3 1 6 147 69 2 34 6 4 3 98 57 22 0 7 31 52 6 101 1
320 27 84 66 30 1 48 77 37 3 5 1 48 5 93 84 26 2 2 6 5 0 2 5 49 3 3 4 106 4 118 65 76 10 6 6 6 1 1 0 6 0 0 0 10 1 6 0 71 9 5 7 5 0 4 9 104 11 2 6 154 7 40 21 52 6 6 4 3 0 6 6 2 1 0 0 10 0 5 4 0 1 0 0 0 0 0 0 2 1 0 0 4 0 4 5 91 5 1 1 5 0 8 5 5 0 0 0 6 0 4 4 119 10 5 8 0 1 3 11 98 6 0 9 93 9 18 37 94 68 2 132 2 1 6 105 6 4 0 3 2 1 1 39 6 5 0 5 1 1 0 7 2 6 0 3 1 12 2 35 7 7 0 3 0 2 0 2 0 0 0 0 0 0 0 5 4 7 0 2 0 0 0 4 1 2 0 2 0 6 0 5 85 194 3 307 9 4 10 89 1 3 0 0 6 7 2 31 4 5 0 9 0 1 0 6 5 11 1 4 9 16 4 70 169 274 6 72 5 6 8 42 2 1 0 1 0 2 1 10 189 122 3 34 8 10 6 54 58 37 1 10 38 75 7 121 418 27 82 59 46 2 85 204 81 9 4 8 82 2 112 176 34 3 8 5 4 0 3 7 81 6 7 11 117 7 225 89 78 3 0 3 7 0 0 3 5 1 0 0 3 0 6 0 79 5 3 7 3 0 3 5 114 6 3 3 127 6 45 27 31 1 1 2 5 0 5 6 8 0 0 1 5 1 5 4 1 1 0 0 0 0 0 2 5 0 1 0 5 0 12 5 70 5 3 0 7 0 4 11 6 1 0 0 5 1 3 5 177 9 2 11 9 1 10 42 205 7 1 6 100 5 36 70 83 53 4 73 7 5 4 142 7 3 0 2 2 4 2 38 4 9 1 9 1 0 1 7 5 4 0 2 3 4 3 30 1 10 0 1 0 0 0 2 0 0 0 0 0 0 0 0 6 10 0 4 2 0 0 7 0 7 0 2 0 3 0 12 56 103 8 84 5 8 9 63 4 2 0 2 7 7 3 34 4 5 0 4 0 0 0 6 6 5 0 3 7 13 1 44 99 86 2 20 4 8 0 29 1 0 0 0 4 11 1 8 131 95 3 34 12 7 9 63 63 36 0 10 35 43 10 112 355 31 87 66 24 2 55 127 60 9 5 6 54 4 86 127 30 6 4 6 4 0 2 5 47 3 6 6 140 10 191 66 93 4 3 4 3 0 4 1 5 0 1 1 5 1 1 0 66 9 4 6 2 1 3 9 76 4 1 3 127 3 44 27 55 5 4 5 3 0 6 5 4 0 0 1 8 1 6 6 1 0 1 0 1 0 0 0 2 1 0 1 6 0 8 2 80 3 5 6 2 0 4 14 2 1 0 0 4 0 4 3 111 7 3 7 4 0 7 12 98 4 2 3 54 4 25 48 76 82 5 90 6 2 5 132 5 1 1 0 3 0 1 44 1 10 0 5 1 0 1 6 3 5 0 1 2 4 1 31 7 9 0 1 0 1 0 1 1 0 0 0 0 0 0 0 7 7 0 5 1 0 0 6 1 2 0 1 0 7 2 7 81 206 5 199 6 7 6 77 3 4 0 2 2 12 4 35 7 5 0 5 2 2 3 5 4 9 1 4 8 45 6 88 160 269 2 70 6 5 3 37 1 1 0 2 3 6 0 5 204 99 3 32 10 7 2 47 39 31 1 4 24 64 5 117 635 50 45 75 59 7 100 230 62 3 2 3 92 6 103 91 34 3 2 4 6 0 3 10 59 7 4 9 207 7 299 97 53 0 5 1 6 0 5 5 5 0 0 0 7 0 1 1 54 6 1 4 2 1 3 6 81 5 3 4 149 10 35 36 26 2 4 2 4 1 3 8 2 0 0 0 7 0 5 3 2 0 0 0 1 0 0 1 3 0 0 1 6 0 6 2 46 3 1 4 3 1 2 7 1 0 0 0 10 0 1 1 160 5 2 4 4 0 7 33 147 4 0 2 60 8 25 44 64 58 7 135 8 2 5 213 3 4 0 0 4 7 1 56 2 4 0 8 1 0 0 9 2 4 0 2 2 10 1 37 2 3 0 1 0 1 0 1 0 0 0 0 0 1 0 1 2 2 0 2 1 1 0 5 2 1 0 1 0 5 0 15 56 190 0 149 6 6 9 96 3 0 0 0 3 12 1 23 1 9 0 2 0 0 0 9 3 5 0 3 4 26 3 65 46 67 3 32 0 5 2 27 1 1 0 0 1 1 0 7 85 39 1 29 2 5 3 49 35 17 0 9 22 46 7 77 1
371 31 47 70 30 1 56 212 57 4 1 4 41 3 69 133 36 5 3 8 1 0 1 5 50 4 10 8 112 3 131 59 46 5 2 2 7 0 0 1 4 0 0 0 5 0 4 0 50 8 2 3 2 0 1 4 65 5 0 2 180 4 33 15 59 3 4 2 5 0 8 7 4 0 0 0 2 1 7 3 3 0 0 1 0 0 1 0 0 0 0 0 8 0 2 4 93 5 1 2 5 0 2 5 6 1 0 1 6 0 0 2 229 5 0 8 6 1 8 33 168 5 1 1 59 0 18 26 89 69 2 122 3 0 5 220 4 2 0 1 2 2 0 40 2 8 0 5 0 0 0 3 2 2 0 4 0 4 0 25 2 9 1 2 0 0 0 0 0 0 0 0 1 0 0 0 3 10 0 3 0 0 0 4 0 3 0 1 0 5 0 8 94 191 5 273 6 4 8 125 1 3 0 1 0 4 3 34 3 7 0 5 0 0 0 3 5 5 0 7 3 15 2 41 153 231 2 58 5 3 2 32 0 0 0 0 3 1 0 2 237 116 1 33 3 5 2 39 46 22 0 11 21 38 2 55 435 29 49 58 36 0 47 213 67 2 2 2 35 1 83 220 36 2 3 2 1 0 4 7 49 2 1 6 111 6 206 69 74 1 5 2 1 0 0 2 2 0 0 0 1 0 0 0 71 8 2 0 0 0 2 6 97 5 1 2 93 4 24 27 58 2 3 2 5 1 8 4 3 0 0 0 4 0 1 1 4 0 0 0 0 0 0 1 3 0 0 0 8 1 3 3 80 2 1 4 7 0 1 2 5 0 0 0 5 0 0 1 449 10 1 11 10 0 12 48 290 4 0 9 84 2 21 44 83 47 1 83 2 2 2 106 2 2 0 1 1 3 3 31 3 3 0 4 0 0 0 2 2 2 1 2 2 1 0 19 4 2 0 2 0 0 0 1 0 0 0 0 0 0 0 0 3 7 0 4 0 0 0 2 2 3 0 0 0 3 0 4 86 105 4 134 3 4 3 73 1 2 0 1 1 4 2 18 1 7 0 4 0 0 0 6 4 5 0 1 4 9 2 29 154 115 0 36 2 5 1 14 1 0 1 0 3 3 0 3 364 112 1 31 2 1 1 42 49 20 1 2 28 41 3 48 327 30 51 56 21 2 43 217 47 1 2 6 45 2 94 207 28 6 4 5 1 0 1 6 66 7 8 7 89 1 113 82 56 2 3 3 1 1 2 3 1 0 0 0 3 0 1 0 66 11 2 2 3 1 3 6 85 4 3 1 133 3 33 20 33 6 4 2 2 0 8 9 3 1 0 0 1 0 2 4 1 0 0 1 0 0 0 1 1 0 1 0 5 0 5 2 83 5 4 3 3 0 5 9 3 0 0 0 3 0 0 2 343 11 0 10 9 0 7 37 213 1 0 5 72 4 24 44 97 50 4 96 1 2 2 221 8 1 0 0 2 1 0 30 3 4 0 3 0 0 0 3 1 1 0 5 2 0 0 17 3 5 0 3 0 0 0 0 0 0 0 0 0 0 0 1 6 9 0 1 0 0 0 1 0 1 0 1 0 1 0 4 62 126 5 138 2 5 6 73 1 1 0 1 3 4 2 25 3 4 1 3 0 0 0 2 3 6 0 1 2 18 1 38 146 194 2 44 7 7 1 21 0 0 0 0 5 4 0 2 430 110 0 36 7 3 4 68 58 22 0 2 42 37 5 74 443 36 35 54 27 1 47 262 82 3 3 3 55 1 58 209 39 1 1 5 4 0 0 9 69 11 3 4 89 6 61 57 47 0 1 1 6 0 0 2 3 0 0 0 3 0 0 1 78 5 1 3 3 0 3 8 130 6 0 1 67 1 34 25 57 2 1 0 5 0 5 4 7 0 0 0 5 0 3 4 2 0 0 0 0 0 0 0 2 0 0 0 2 1 5 1 79 0 2 8 1 0 4 5 7 0 1 1 6 0 2 5 450 13 4 14 12 1 10 39 438 11 1 5 88 4 18 71 95 68 4 101 4 1 6 225 5 5 0 4 4 6 0 42 8 7 0 7 0 0 0 4 2 1 1 1 2 1 2 13 3 0 0 1 0 0 0 2 0 0 0 0 0 1 0 0 10 4 0 2 0 0 0 4 0 2 0 0 1 0 1 2 83 60 4 79 4 2 2 59 1 0 0 0 1 1 5 23 3 2 0 1 0 2 2 3 6 4 0 1 1 2 2 26 89 48 0 29 6 4 0 27 0 0 0 0 0 2 0 5 328 55 3 28 5 3 5 67 88 20 0 6 23 30 4 57 1
553 41 60 55 38 3 72 129 92 11 4 17 59 4 104 290 29 7 11 12 3 0 3 6 26 12 10 16 34 6 106 99 62 12 4 1 10 2 2 1 7 2 1 1 9 1 1 4 50 10 0 5 3 0 1 6 58 8 2 6 100 13 22 23 55 0 11 4 11 1 13 5 13 5 0 2 9 0 9 15 4 0 0 0 0 0 0 0 1 0 2 0 1 0 5 3 52 2 4 1 9 0 2 5 7 3 1 1 14 0 9 11 233 6 2 8 4 0 10 39 101 11 2 4 58 5 27 82 99 49 7 61 5 4 11 94 4 2 1 2 2 0 0 35 15 14 1 10 1 0 1 14 0 1 0 5 1 3 2 23 7 11 0 0 2 1 0 0 1 0 0 0 0 2 0 0 11 14 0 8 2 2 1 16 0 3 0 8 2 14 0 18 53 55 12 117 15 2 11 75 5 2 0 0 4 3 12 23 4 4 0 10 0 1 1 7 1 5 2 4 1 8 11 44 110 180 4 30 12 11 2 27 2 0 0 1 5 6 1 15 261 101 3 14 9 11 12 83 28 13 1 13 12 47 9 150 599 61 42 63 33 0 47 178 119 7 9 18 61 3 133 172 57 10 3 9 2 0 1 8 66 8 9 12 56 6 114 96 60 9 1 3 0 0 0 2 3 1 0 1 1 1 0 2 56 5 1 4 2 1 3 6 65 8 0 4 39 2 20 23 62 2 7 2 5 1 3 7 9 0 0 0 9 0 6 10 2 0 0 0 0 0 0 1 3 0 0 0 3 0 7 11 74 1 2 1 12 1 5 14 13 0 0 1 11 0 5 6 262 13 4 9 6 1 12 62 157 6 1 7 63 7 20 98 127 54 4 69 6 0 11 160 10 1 0 3 5 3 2 31 14 7 1 9 2 2 0 5 2 1 0 5 2 1 0 15 6 10 0 0 0 0 1 0 0 0 0 0 1 0 0 0 16 16 0 2 0 0 2 4 1 1 0 1 0 2 0 11 56 78 5 48 6 2 16 76 5 1 1 2 2 4 7 20 2 5 0 2 0 0 0 4 1 6 0 4 0 6 5 32 104 94 3 21 9 12 5 24 2 2 0 1 3 4 5 10 307 99 2 25 10 6 12 110 24 20 1 7 18 29 12 124 386 38 55 53 39 3 96 107 70 8 16 14 86 4 306 528 27 10 9 9 3 1 1 13 47 2 7 10 91 10 264 238 37 4 4 2 7 1 1 3 5 0 1 1 11 0 4 4 42 7 3 3 3 0 5 10 65 8 3 7 157 9 65 42 26 1 3 5 3 0 10 3 1 0 0 1 7 1 10 5 1 0 1 2 0 0 0 1 2 0 0 1 2 0 5 4 49 1 3 1 8 0 5 6 2 1 0 1 7 1 3 5 67 5 3 1 4 1 6 10 82 6 0 3 87 4 34 50 60 35 1 63 9 1 5 91 3 6 0 0 1 4 2 41 7 7 0 8 0 2 1 6 2 4 0 3 2 3 1 39 10 5 1 1 0 0 0 0 0 0 0 0 0 1 0 0 12 8 0 2 0 0 2 2 1 5 0 0 0 4 1 19 34 45 3 125 3 3 5 61 1 2 1 0 5 4 4 27 0 1 0 5 0 2 1 5 3 3 0 3 3 14 6 38 115 92 0 17 11 5 4 38 1 0 0 1 3 2 6 7 285 99 1 14 11 7 6 40 29 16 1 9 12 33 7 100 1417 28 17 27 16 0 31 283 153 10 4 9 18 4 34 337 23 0 1 6 1 0 1 6 19 1 1 4 10 0 17 46 14 1 0 1 0 0 1 3 1 1 0 0 1 1 0 2 25 2 1 0 1 0 1 11 22 2 0 3 19 2 9 14 31 0 1 3 4 0 3 6 7 1 1 1 1 0 4 13 6 0 0 0 0 0 0 0 0 0 2 0 1 0 3 6 28 2 0 1 1 0 0 6 11 0 1 1 5 1 3 13 212 10 4 11 5 2 7 192 191 7 1 13 26 5 13 137 158 28 3 44 5 1 6 227 18 7 0 2 2 1 2 65 10 6 1 7 1 0 0 2 3 0 1 1 1 1 0 15 4 3 0 0 0 0 0 1 0 0 0 0 0 0 0 0 8 7 0 1 0 1 3 9 2 3 0 0 1 1 0 7 28 20 1 35 1 1 5 53 2 2 0 1 2 1 1 13 3 0 0 0 0 0 2 2 0 0 1 2 1 2 0 6 35 29 1 13 2 0 2 26 3 3 0 0 4 1 1 10 379 45 1 24 12 5 15 167 49 12 0 5 8 6 8 91 1
437 37 34 58 32 1 60 199 134 5 2 4 71 3 89 219 85 5 4 4 6 0 3 11 88 6 1 7 90 4 77 59 42 3 0 1 2 0 1 1 4 1 0 0 3 0 1 4 104 2 3 2 4 0 3 8 219 12 0 2 161 5 31 40 33 1 3 1 5 0 7 8 3 1 0 0 5 2 8 3 1 0 1 0 0 0 0 2 6 0 0 0 3 0 4 5 51 1 2 1 9 0 5 6 6 0 0 0 3 0 1 6 373 14 2 8 14 1 15 60 471 9 3 3 145 4 37 91 94 46 3 95 7 4 6 189 6 1 0 1 3 2 1 49 6 8 0 9 3 0 0 5 1 3 0 1 3 6 0 19 1 2 0 0 0 1 0 0 0 0 0 0 0 0 0 0 6 4 0 4 0 0 1 8 3 0 1 0 1 1 0 5 38 48 4 42 7 3 5 62 3 0 0 2 2 2 2 8 0 2 1 3 0 0 0 4 5 0 0 2 6 5 1 20 67 38 0 9 5 1 1 30 1 0 0 0 4 3 0 4 164 39 4 11 2 2 8 67 53 16 1 4 23 18 8 70 324 63 54 86 36 3 49 107 90 6 6 4 55 3 77 181 34 5 4 5 1 0 0 6 56 6 6 7 59 3 196 66 32 12 3 2 4 1 0 2 9 2 0 0 1 0 2 2 46 6 1 3 3 1 3 2 58 10 1 2 31 3 20 19 35 3 4 2 11 0 7 7 13 0 0 1 6 0 13 7 2 0 1 1 1 0 0 0 3 0 0 0 4 0 5 6 43 2 1 2 6 2 1 7 24 1 0 2 11 1 4 8 195 6 1 4 4 0 6 14 358 10 4 14 68 8 43 58 81 85 7 225 10 6 16 269 5 5 0 0 1 1 2 57 5 3 1 15 1 0 0 10 0 5 0 4 2 5 1 20 8 7 0 0 0 0 0 2 0 0 0 0 0 0 0 3 11 5 1 8 3 1 0 9 1 6 0 7 0 1 0 12 63 86 3 196 8 9 12 145 2 1 1 1 3 6 6 35 0 3 1 8 0 0 0 5 2 1 0 7 2 4 3 25 47 158 0 30 7 8 3 38 1 1 0 0 5 7 2 11 224 62 3 29 8 4 5 69 58 21 1 20 13 24 10 123 561 25 21 42 35 1 47 276 152 6 3 7 46 0 60 256 38 5 1 8 6 0 3 8 81 2 2 4 81 0 52 54 50 1 3 2 4 0 1 5 3 0 0 0 1 0 0 1 107 5 2 2 6 0 3 11 93 2 2 1 64 0 27 16 34 0 3 2 3 0 6 9 6 0 0 0 6 0 5 11 5 0 0 0 0 0 0 2 5 0 0 0 2 0 3 4 80 4 1 4 9 0 1 6 8 0 0 1 7 1 3 8 449 13 7 5 9 2 6 126 270 5 4 4 92 2 38 135 112 47 0 39 7 0 11 169 11 0 1 1 4 3 3 45 12 3 0 1 0 0 0 4 4 0 0 1 2 1 1 12 2 1 0 2 0 0 0 0 0 0 0 0 0 0 0 0 11 5 0 3 0 2 2 2 1 1 0 0 0 1 0 3 65 35 1 51 1 0 6 44 4 0 0 0 4 2 1 15 3 3 0 3 0 0 0 0 3 1 2 0 2 3 2 9 92 92 1 27 1 1 1 25 0 1 0 0 1 0 1 8 248 83 0 23 12 6 7 135 69 27 1 2 14 21 3 83 427 46 28 68 31 3 46 128 87 3 4 3 41 3 44 54 68 5 4 4 1 0 0 4 89 6 2 6 63 7 88 50 65 0 2 1 2 0 0 2 0 0 0 0 4 1 2 0 120 7 0 2 5 0 4 5 284 8 1 2 224 2 29 41 43 9 4 6 2 0 5 4 7 1 0 0 6 0 2 2 5 0 1 0 2 0 1 1 5 0 0 0 10 0 1 3 77 5 2 4 7 0 1 3 6 0 0 1 3 0 0 3 251 10 0 12 9 0 6 41 372 4 3 6 191 2 32 55 86 60 3 144 6 7 5 257 7 2 0 3 2 1 2 13 8 7 0 4 0 0 1 9 2 1 0 4 1 2 1 14 2 2 0 3 0 0 0 2 0 1 0 0 0 0 0 0 7 6 1 1 0 0 2 6 2 1 0 0 2 1 0 2 62 93 6 181 4 2 6 94 2 1 0 1 0 2 0 14 5 2 0 3 0 0 0 3 2 3 0 2 2 14 5 21 90 123 1 33 5 3 3 21 1 1 0 0 1 2 0 4 123 89 0 23 2 2 2 48 59 14 0 5 40 38 4 64 1
465 42 43 74 31 1 57 230 54 5 3 5 58 1 92 177 43 2 1 8 3 1 4 5 84 4 4 5 112 8 133 66 35 3 0 2 1 0 2 5 4 0 0 0 3 0 0 1 83 4 2 2 1 0 5 3 141 2 0 2 83 2 33 15 55 2 3 3 1 0 3 10 5 0 1 0 4 0 1 7 3 0 1 1 0 0 0 0 2 0 1 0 6 0 2 4 67 0 3 2 2 0 2 9 7 0 0 0 7 0 1 5 410 14 1 9 8 0 6 22 377 4 0 2 113 3 18 34 65 67 3 133 3 4 5 202 4 2 0 4 0 0 1 53 1 5 0 2 0 0 1 3 1 3 0 3 1 1 2 26 0 5 0 2 0 0 0 0 0 0 0 0 1 0 0 1 6 11 0 1 0 0 0 3 2 2 0 0 0 0 0 6 69 84 5 109 1 1 6 112 1 1 0 0 3 1 1 25 4 3 0 4 1 0 0 5 0 1 0 4 3 6 3 20 109 94 0 33 2 1 1 26 2 0 0 0 2 3 0 5 242 82 2 28 3 6 2 40 64 22 0 3 21 27 7 45 293 41 34 130 31 3 74 356 62 5 0 1 50 3 165 340 29 4 2 5 0 0 4 9 53 5 1 7 143 4 120 101 38 1 2 5 3 1 2 5 2 0 1 0 0 0 0 1 49 7 2 1 1 0 5 7 96 6 0 0 91 0 38 25 29 5 2 3 2 0 6 5 2 0 0 0 3 0 6 7 2 1 1 1 0 0 0 1 1 1 0 0 3 1 2 4 56 6 0 4 3 0 4 11 4 0 0 0 3 1 1 5 221 5 1 10 4 2 4 11 193 5 0 3 61 0 19 31 60 88 2 211 1 2 2 419 3 3 0 1 1 5 0 61 5 5 0 5 0 2 0 7 0 4 0 0 1 4 2 18 1 0 0 2 0 1 0 1 0 0 0 0 0 0 0 1 2 3 0 0 0 1 0 3 0 0 0 0 0 1 0 2 63 131 1 96 3 6 5 134 3 3 0 1 3 4 4 35 2 5 2 0 1 0 0 4 3 2 0 0 3 22 1 29 124 125 0 30 6 8 0 41 1 0 0 1 2 2 0 6 157 65 2 12 8 3 2 29 34 16 0 4 12 22 4 44 441 33 27 51 47 2 45 334 55 6 1 3 42 1 100 262 37 5 3 5 4 0 4 8 73 1 1 5 88 2 75 63 45 1 0 0 1 2 3 0 2 0 0 0 0 0 0 1 97 5 3 2 0 1 2 6 124 1 1 1 57 1 19 26 32 3 3 2 4 0 3 9 4 0 0 0 3 0 4 4 2 1 0 0 0 0 0 0 2 0 0 0 4 0 1 5 80 3 0 3 3 0 3 6 2 0 0 0 4 0 0 2 517 8 1 9 10 1 4 26 376 3 1 1 89 7 18 34 64 61 2 69 3 1 1 180 2 1 0 0 0 2 1 41 4 2 0 3 0 0 0 4 2 2 0 0 1 4 1 21 2 1 0 0 0 0 0 0 0 0 0 0 0 0 0 0 3 2 0 2 0 0 0 0 0 2 0 0 1 0 0 2 66 87 3 46 2 1 2 58 0 0 0 0 0 0 4 19 1 5 0 0 0 0 0 1 5 1 0 0 2 2 0 14 138 94 0 24 4 2 0 28 0 0 0 0 1 1 0 4 496 95 0 30 2 2 1 45 84 17 0 0 18 17 2 43 358 34 40 87 35 1 63 198 39 1 2 4 41 0 96 156 36 4 3 6 0 0 2 10 63 6 3 5 172 4 151 70 37 4 4 1 1 0 4 2 1 0 0 0 4 0 0 0 97 8 2 2 2 0 2 4 125 1 1 1 161 1 41 17 30 3 2 5 3 0 6 7 0 0 0 0 8 0 6 2 3 0 1 0 0 0 0 2 4 0 0 0 5 1 5 3 95 0 5 1 4 1 2 6 0 0 0 0 6 0 1 2 564 4 2 3 7 0 4 10 237 1 1 2 106 4 22 21 48 61 1 105 4 2 1 182 5 3 0 0 3 3 0 24 5 1 0 1 1 0 0 1 0 1 0 0 1 4 0 18 2 5 0 0 0 0 0 0 0 0 0 0 0 0 0 0 4 5 0 0 0 0 0 1 0 1 0 0 1 3 1 3 61 122 1 86 7 6 0 68 1 1 0 2 3 6 2 25 1 11 0 3 1 0 0 1 2 2 0 1 12 11 1 30 144 187 0 37 6 2 2 25 0 0 0 3 3 1 1 1 324 88 1 26 2 2 1 27 53 34 0 1 31 27 5 54 1
504 48 55 72 58 1 80 217 84 8 4 6 62 5 131 234 54 3 2 4 5 0 3 4 51 7 3 10 120 4 136 93 40 3 1 1 5 0 7 2 2 0 0 0 2 0 1 0 59 3 2 2 0 1 1 8 108 3 1 3 93 4 29 29 43 1 3 4 3 0 5 7 5 0 0 0 5 0 4 8 1 0 0 1 0 0 0 1 4 0 0 0 2 0 2 4 50 1 0 2 7 0 3 7 9 0 0 1 8 0 3 5 225 8 2 5 5 0 8 47 234 6 0 7 77 2 23 64 76 65 3 175 4 2 8 266 6 0 0 2 1 3 2 44 6 8 0 5 1 0 0 5 3 3 0 4 2 6 1 17 3 2 1 2 1 0 1 2 1 0 0 0 0 0 0 0 7 7 0 6 0 0 1 8 3 0 0 1 2 7 0 3 54 128 3 181 7 5 8 132 1 1 0 2 5 5 1 20 1 7 0 1 0 0 0 4 3 4 0 7 3 11 3 32 43 36 2 25 6 1 0 19 0 0 0 0 0 5 0 3 181 46 1 36 5 2 5 68 44 17 1 2 17 33 5 78 366 47 51 79 24 3 55 152 52 3 2 2 57 1 120 197 37 7 2 2 3 0 1 8 64 4 3 10 135 4 187 90 43 4 1 1 6 0 0 4 0 1 0 0 2 0 2 2 58 4 1 6 4 0 3 6 92 3 1 2 123 1 33 26 38 5 10 9 2 0 8 8 4 0 1 1 8 1 5 7 2 0 0 0 0 0 1 0 1 1 1 1 6 0 3 3 58 6 2 6 8 1 4 7 3 0 0 2 5 0 0 11 142 3 4 4 5 2 2 17 114 4 0 2 76 5 13 42 91 99 0 189 5 4 5 195 5 0 0 2 5 6 2 48 2 4 0 6 0 0 0 5 3 0 0 3 1 4 1 23 2 5 0 3 0 0 0 1 0 0 0 0 0 1 0 1 4 10 0 5 0 0 0 3 1 1 0 0 0 2 0 7 66 194 6 223 6 4 6 137 2 4 0 0 2 7 2 33 1 10 0 3 0 1 0 5 3 9 0 3 1 9 1 20 137 200 4 65 8 3 3 45 1 1 0 1 6 0 0 10 211 82 1 31 2 7 5 51 46 17 2 7 23 29 6 89 320 37 24 61 19 2 49 287 68 5 0 0 44 0 90 323 37 6 1 2 7 0 7 2 56 3 1 1 52 2 40 58 38 3 1 4 1 0 1 6 4 0 0 0 0 0 1 0 72 6 0 3 0 0 1 3 105 3 0 2 40 1 17 19 40 0 2 4 6 0 3 6 3 0 0 0 2 0 5 5 1 0 0 0 1 0 0 0 5 0 0 0 4 0 2 3 78 1 1 2 4 1 4 8 5 0 0 0 10 0 1 3 476 7 2 5 8 0 6 16 329 10 1 3 62 0 17 45 85 46 2 75 2 4 4 281 5 1 0 1 0 3 3 62 8 7 0 2 0 0 2 3 1 0 0 1 1 0 0 10 4 3 0 0 0 0 0 1 0 0 0 0 0 0 0 1 4 5 0 4 0 0 0 2 1 0 0 0 1 0 0 2 76 114 2 88 4 3 6 66 1 2 0 0 3 2 2 17 3 6 0 5 0 0 0 3 1 4 0 1 3 5 2 20 109 212 2 52 3 2 0 30 0 1 0 0 1 3 0 7 445 99 3 25 4 3 2 54 54 29 2 6 25 26 1 68 410 29 30 61 40 8 51 182 75 2 1 3 78 1 102 123 48 8 3 8 4 0 3 5 123 4 3 3 143 3 130 68 49 2 0 0 3 2 1 0 1 0 0 0 2 0 0 0 80 9 1 3 2 0 2 3 244 3 0 2 213 1 35 26 35 0 4 2 2 0 9 3 2 1 1 0 4 1 1 2 0 0 0 0 1 0 0 0 7 0 0 0 8 2 2 1 63 0 1 4 8 0 0 2 2 0 0 1 9 0 2 3 275 7 2 5 8 2 8 27 389 2 1 3 160 2 33 40 49 68 1 157 2 4 3 199 5 4 0 2 0 4 0 45 1 4 0 3 0 0 0 5 0 3 0 1 0 2 1 13 2 2 1 0 0 0 0 0 1 0 0 0 0 0 0 0 2 6 0 1 1 0 1 1 0 1 0 0 1 0 0 7 68 125 1 185 3 9 6 86 2 2 0 0 2 5 1 17 6 4 0 3 1 0 0 4 3 2 0 1 6 12 2 14 77 101 0 27 2 0 2 17 1 0 0 0 2 1 0 5 191 67 1 24 3 1 2 30 57 15 0 2 21 17 7 47 1
552 43 78 78 61 4 73 201 103 6 4 9 60 5 97 135 30 4 7 7 3 0 1 2 57 8 2 6 76 4 53 73 60 4 5 0 5 2 6 3 2 0 0 1 13 1 1 1 65 8 2 3 3 1 4 9 100 11 1 3 139 13 32 33 43 2 8 2 4 0 3 9 6 2 0 3 5 0 6 5 3 0 2 1 0 1 0 1 4 0 0 0 3 0 6 4 68 3 2 2 8 1 5 4 7 0 1 1 11 1 3 5 182 2 5 5 8 1 8 56 189 9 1 4 59 5 25 68 81 69 7 95 5 4 9 144 18 6 0 0 2 7 2 54 5 4 2 9 1 0 1 5 7 2 0 10 4 4 2 29 2 10 0 2 0 0 0 0 1 1 0 0 0 0 0 1 8 10 0 6 1 0 1 7 0 3 0 0 1 9 1 9 59 130 11 168 12 4 9 86 5 1 0 0 1 1 6 35 5 8 1 13 0 1 0 8 3 7 0 6 5 19 5 67 68 68 4 39 6 2 3 40 2 0 0 1 3 10 1 4 146 57 0 23 5 4 5 76 48 30 4 15 11 60 7 152 480 47 71 89 33 0 56 228 107 4 6 4 52 7 91 210 30 5 1 2 3 1 0 4 51 8 5 8 77 4 126 103 61 2 6 3 7 1 7 4 1 0 0 0 7 0 2 2 43 6 1 6 2 0 2 13 80 1 2 3 95 5 55 35 48 4 2 4 4 0 9 8 5 0 0 1 3 0 6 13 0 2 0 0 0 0 1 0 2 0 1 0 6 1 9 3 78 2 4 2 5 0 0 12 8 0 1 0 4 0 2 7 164 10 3 5 4 0 5 47 147 6 1 3 71 4 40 69 127 60 3 102 5 2 6 150 9 7 0 3 4 4 1 51 5 7 0 3 1 1 0 8 1 4 0 1 3 1 0 30 5 5 0 1 1 0 0 2 0 0 0 0 0 1 0 0 3 4 0 4 0 0 0 3 2 3 0 1 3 1 0 10 47 98 7 123 4 6 6 99 2 5 0 2 3 5 3 34 1 6 0 6 1 1 0 4 5 1 0 4 5 22 4 45 89 105 3 36 3 13 4 27 6 1 0 2 0 5 0 12 247 94 4 31 2 4 7 89 60 25 0 8 36 41 14 110 545 52 72 58 28 0 65 355 76 5 4 7 46 2 71 272 44 4 2 6 3 1 2 3 48 3 0 5 80 9 39 51 75 3 4 5 2 0 1 3 2 0 0 0 1 0 0 0 77 4 1 0 2 2 6 7 75 3 2 2 53 2 23 14 50 5 4 1 7 0 1 6 6 1 0 1 4 1 7 9 3 1 0 2 0 0 0 0 0 2 0 0 6 0 2 2 96 1 2 5 3 0 0 7 10 2 0 0 4 0 1 2 315 7 3 3 4 1 9 58 150 3 2 4 50 2 13 72 56 62 1 65 6 3 6 128 5 3 0 3 2 3 2 52 8 4 1 2 1 0 1 4 1 5 1 3 2 8 0 17 2 7 0 0 0 1 0 3 0 0 1 0 0 0 1 0 10 8 0 0 1 0 0 3 3 3 0 1 0 3 0 2 68 151 4 108 5 8 3 55 2 4 3 0 3 3 2 21 6 7 0 4 0 0 0 3 6 4 0 3 5 40 4 53 135 123 3 36 3 4 5 19 0 1 0 1 1 3 2 10 293 104 1 26 7 3 6 69 55 30 1 7 24 43 10 95 557 38 79 60 34 3 62 302 86 7 3 4 51 0 66 136 63 3 3 8 6 0 4 4 74 3 5 5 134 7 87 51 82 4 6 1 8 0 5 3 2 0 0 0 3 0 1 1 96 6 4 3 3 0 3 7 109 3 2 4 181 7 36 15 43 6 2 5 5 0 2 6 8 0 0 1 8 1 4 2 4 0 0 1 0 0 1 1 7 0 0 0 6 0 3 1 97 2 4 10 3 0 3 9 7 0 1 1 7 1 3 5 295 4 0 7 8 0 8 42 270 8 2 7 82 7 17 68 65 46 3 83 10 2 4 248 7 2 0 0 2 3 2 35 6 1 0 5 1 1 1 3 6 7 0 1 1 5 1 26 1 3 1 0 1 1 0 0 1 0 0 1 0 0 0 1 6 7 0 4 0 0 1 4 1 0 0 0 1 8 1 4 56 94 0 78 1 2 8 49 1 3 0 0 1 6 1 13 7 8 0 6 1 0 1 2 2 12 0 4 4 53 5 59 59 47 1 30 6 3 1 21 0 1 0 0 0 2 0 3 181 37 0 18 3 3 7 58 46 24 2 11 26 60 3 87 1
551 50 65 78 52 9 95 332 110 9 3 5 70 5 96 170 26 2 3 4 1 0 4 7 55 13 4 6 93 7 77 94 49 6 6 1 10 0 2 3 6 0 0 0 8 0 1 5 39 6 1 4 2 0 2 5 79 11 4 4 227 2 32 31 25 2 6 0 4 0 6 7 11 1 0 0 8 1 3 8 1 0 0 1 1 0 0 1 3 1 1 0 4 1 5 4 37 3 2 3 7 1 3 8 7 0 0 2 7 0 5 5 124 9 0 8 11 1 3 58 214 5 1 10 67 2 32 102 92 64 1 95 10 7 12 250 12 2 0 5 5 7 3 61 5 5 1 9 0 1 0 15 4 4 0 5 1 5 2 26 6 5 1 1 0 0 0 1 0 0 0 0 0 1 0 0 8 12 0 4 0 0 1 8 3 4 1 0 3 4 2 9 44 56 14 108 5 4 6 78 5 2 0 0 4 3 5 21 1 3 0 9 0 0 0 6 4 6 0 4 2 6 6 34 57 53 2 25 2 9 1 28 3 2 0 1 1 5 2 14 130 55 0 26 9 5 10 103 40 15 0 9 19 24 10 113 460 60 77 82 45 3 56 181 88 12 1 17 60 2 60 197 31 5 6 6 3 2 1 3 51 4 6 7 47 3 136 52 50 11 4 1 7 0 3 2 4 0 0 1 11 3 1 0 50 4 4 3 3 1 2 4 102 6 5 4 197 5 23 25 28 2 9 3 5 0 8 2 8 1 0 1 3 0 6 8 3 0 1 1 0 0 0 1 1 0 0 1 3 1 6 3 52 1 1 3 7 0 6 2 9 1 1 2 11 0 3 7 78 5 0 6 3 0 2 35 148 9 1 0 82 6 33 70 101 80 9 83 5 5 4 172 7 1 1 4 0 2 1 53 10 3 1 6 0 0 0 6 3 2 0 2 3 2 2 21 5 9 0 3 0 1 0 0 0 1 0 0 0 1 0 1 13 8 0 9 2 2 1 4 2 7 0 0 0 5 1 14 56 108 11 313 3 4 7 95 2 1 0 6 7 2 5 24 4 5 1 10 0 1 1 7 2 2 1 5 4 24 6 71 67 149 5 60 8 7 3 33 5 1 0 1 4 8 1 12 184 59 1 28 9 10 4 88 36 14 2 12 16 53 8 133 513 43 43 64 41 3 70 386 113 11 2 11 47 4 70 295 31 7 4 6 0 0 2 11 34 4 3 6 75 4 104 66 61 2 3 0 2 0 0 2 3 0 0 0 7 0 0 1 55 3 3 1 2 0 0 19 68 4 0 2 83 3 15 30 32 3 5 2 6 1 2 10 6 0 0 0 3 1 2 9 3 0 0 0 0 0 1 2 2 0 0 0 7 1 3 4 73 2 2 4 3 0 4 11 7 2 0 2 3 0 2 6 364 5 2 5 9 0 11 66 182 5 3 7 72 3 19 97 107 62 1 49 7 2 8 206 15 5 0 2 1 2 2 66 10 4 0 1 1 1 0 7 3 2 0 2 1 2 1 17 2 2 0 0 1 2 1 2 0 1 0 0 0 0 0 2 11 5 0 1 0 0 0 7 0 3 1 1 1 1 0 6 54 42 1 66 3 3 5 47 1 3 0 1 2 3 6 23 2 2 0 5 1 0 1 5 3 5 1 2 4 5 3 20 92 74 2 22 3 3 5 26 1 1 0 0 3 0 2 13 303 82 1 10 4 6 7 113 59 19 1 4 17 31 7 91 442 49 58 80 48 1 62 257 96 8 1 8 47 2 55 140 50 0 0 5 4 0 3 17 50 6 10 5 92 5 60 66 82 6 3 1 6 0 2 0 2 0 0 0 7 1 1 2 84 11 1 1 3 0 6 14 149 8 1 6 245 11 34 31 31 1 3 3 8 0 3 12 7 0 0 0 4 0 7 7 6 0 2 0 0 0 2 0 4 0 1 0 10 1 4 2 54 1 1 7 6 1 2 10 6 0 0 0 8 1 5 10 243 7 0 1 7 0 4 51 356 2 4 6 117 4 26 101 83 49 3 98 9 2 16 278 3 1 0 1 2 5 2 51 2 7 0 11 0 0 1 7 1 4 0 8 0 6 0 18 0 1 1 3 0 2 0 0 0 0 0 0 0 0 0 0 4 6 1 6 0 1 0 11 2 1 0 3 0 12 0 8 35 67 7 226 6 4 7 59 2 2 0 1 3 1 2 23 2 3 0 7 0 0 0 4 3 3 1 6 7 18 6 36 54 34 1 24 5 3 2 10 0 0 0 1 1 3 2 7 89 41 2 14 4 0 7 71 33 17 2 8 21 50 7 88 1
360 44 65 76 32 5 91 347 100 8 4 13 48 6 120 345 17 4 5 8 0 0 2 10 45 2 2 11 60 4 154 71 33 4 3 1 5 1 1 3 6 1 1 1 2 0 4 2 32 6 3 6 0 0 2 10 72 8 1 3 76 2 32 28 31 5 3 1 1 0 6 5 4 0 0 0 4 1 9 10 1 0 0 0 0 0 0 0 1 0 1 1 4 0 4 3 51 1 1 4 6 0 1 4 6 0 0 1 7 0 2 5 146 13 1 4 5 1 4 44 183 8 1 7 46 6 20 79 93 47 10 128 12 3 7 295 6 1 0 2 3 3 3 73 5 4 0 5 1 0 0 8 1 0 0 1 2 4 0 29 4 5 0 0 0 0 0 0 0 0 0 0 0 0 0 2 8 7 0 7 0 0 0 6 1 3 0 2 0 3 0 13 39 94 2 68 3 6 8 87 1 0 0 2 2 4 1 27 1 3 0 3 0 0 0 7 1 4 1 2 3 11 5 30 141 174 0 32 4 7 4 25 4 1 0 0 2 6 4 14 221 98 2 30 8 3 9 78 45 21 0 11 25 24 9 92 440 43 58 68 38 2 67 199 82 5 5 5 81 7 181 288 44 5 5 8 2 0 4 8 69 7 5 13 85 3 213 154 57 5 4 2 2 0 0 5 5 0 0 0 5 0 3 1 67 9 1 4 1 0 6 6 112 11 2 3 139 8 38 28 38 2 2 4 6 0 6 5 5 1 0 0 9 1 11 5 3 0 0 0 0 1 0 0 3 2 0 0 5 0 12 7 76 3 1 4 7 0 2 4 6 0 0 0 13 1 6 6 160 5 2 5 5 0 5 21 167 8 2 6 86 3 23 57 77 71 4 75 10 5 12 208 7 3 1 1 3 4 4 43 2 9 1 7 0 0 0 7 0 4 0 4 4 4 2 23 2 6 0 2 0 1 0 0 0 0 0 0 0 0 0 0 3 13 0 5 0 0 0 6 0 5 0 2 1 6 1 9 74 54 2 49 3 1 10 71 4 0 1 0 3 3 7 31 0 1 2 7 1 0 0 6 4 1 0 2 7 7 5 29 87 214 0 27 9 9 3 25 0 0 0 0 2 7 1 10 104 74 1 19 6 4 5 66 39 20 2 7 29 30 4 100 439 38 39 56 24 1 67 161 75 6 4 6 73 3 134 240 34 6 1 6 1 0 3 2 68 6 1 12 91 5 120 101 41 1 3 1 4 1 2 2 1 1 0 0 3 1 3 2 58 6 5 4 3 1 2 7 106 3 1 3 100 6 46 22 25 3 5 2 5 0 17 8 5 0 0 0 4 0 10 9 4 0 0 0 0 0 0 0 2 0 0 1 6 1 4 4 65 5 5 3 7 0 5 6 4 1 0 0 12 1 8 6 158 8 4 8 7 0 9 21 162 9 0 12 79 8 26 57 75 58 3 121 7 3 5 139 7 4 0 1 0 1 2 40 5 9 0 6 1 1 0 3 1 5 0 3 1 5 0 28 3 5 0 3 0 0 0 4 1 1 0 0 0 0 0 0 9 13 0 8 0 0 0 3 2 2 0 1 4 3 0 14 81 86 3 169 2 6 6 97 1 3 0 2 6 3 1 36 3 6 1 9 1 1 2 2 5 8 0 4 5 6 1 34 155 138 2 55 8 5 4 41 0 1 0 0 2 3 0 5 262 120 2 44 17 6 7 66 50 34 0 11 16 31 7 111 452 50 74 75 56 5 82 399 112 5 2 5 79 4 164 262 34 6 1 3 2 0 3 10 61 6 2 5 89 5 107 116 35 1 3 3 4 0 7 6 3 0 0 0 2 0 0 0 41 4 1 2 3 1 3 9 55 3 0 2 66 3 28 35 36 4 1 1 7 0 8 10 4 0 0 0 6 0 2 7 3 1 0 0 0 0 0 0 2 1 0 0 4 0 0 2 50 1 2 0 4 0 1 7 4 0 0 1 5 0 0 3 191 6 2 1 7 1 9 53 187 5 2 3 50 1 22 102 113 68 2 129 4 5 8 292 16 6 0 4 3 0 3 74 3 3 0 4 0 0 0 10 2 1 0 3 1 2 0 30 0 2 0 0 0 0 0 1 0 0 0 0 0 0 0 0 8 2 0 3 0 0 1 10 2 3 0 1 1 2 1 2 48 73 2 83 2 5 4 93 0 2 0 0 2 5 2 19 1 2 0 4 0 1 0 5 5 2 0 1 1 3 1 42 70 51 2 28 3 0 3 27 3 0 0 1 2 3 0 8 232 62 2 32 2 3 6 100 47 12 0 3 12 28 4 82 1
1019 44 45 56 38 3 60 242 115 6 5 9 58 5 88 203 39 3 4 9 3 0 1 13 65 4 6 5 97 3 61 62 38 3 2 2 4 1 1 2 2 0 0 0 8 0 0 1 59 3 1 2 1 0 4 11 107 10 2 0 160 11 16 34 42 3 8 3 11 0 9 7 5 0 0 0 3 0 7 2 2 0 0 0 0 0 0 0 3 0 0 0 4 0 5 8 47 2 0 2 4 0 1 9 6 0 0 0 8 1 8 8 214 5 1 6 13 3 8 101 159 3 2 6 95 6 36 98 101 51 2 60 2 1 6 124 6 2 0 1 5 2 4 38 3 7 0 4 0 0 0 3 1 6 0 2 2 6 3 19 6 6 0 0 0 0 0 1 0 0 0 0 0 0 0 0 8 0 0 2 0 0 1 5 2 3 1 2 0 3 0 13 50 72 3 102 1 1 8 47 4 2 0 0 4 3 2 22 2 3 1 5 0 0 1 3 2 6 0 5 2 14 1 30 78 43 0 18 7 3 3 24 0 0 0 1 2 2 1 5 186 46 1 27 3 2 8 82 40 13 0 9 18 26 9 79 546 37 71 81 64 4 74 100 95 9 7 9 75 4 113 171 44 7 8 6 5 0 6 5 80 6 3 9 90 4 75 85 55 6 3 3 6 0 4 6 9 1 0 0 4 2 0 3 49 7 3 6 3 0 5 3 160 14 0 6 110 7 29 32 36 0 7 4 10 0 8 4 10 0 0 1 8 0 11 8 4 0 2 0 1 0 2 1 2 0 1 0 3 0 2 6 54 0 1 1 8 1 6 2 10 1 0 2 9 0 3 3 95 9 1 5 5 0 4 19 316 16 0 10 119 2 30 74 71 47 8 113 5 7 11 144 1 1 1 4 2 0 3 36 4 13 1 10 1 1 1 12 3 3 3 9 3 3 3 29 2 7 0 5 0 2 1 4 1 0 0 0 0 1 0 2 10 6 1 5 1 0 1 3 2 5 0 1 0 7 4 7 43 65 5 207 8 6 10 108 1 2 1 2 2 4 2 44 2 2 0 8 0 0 1 5 3 6 0 1 2 13 6 67 71 124 1 32 8 4 5 38 1 2 0 0 1 7 1 24 80 77 1 24 8 6 4 59 32 29 1 12 17 42 8 134 521 37 62 32 55 1 72 167 121 5 3 6 74 5 176 435 65 8 6 4 7 0 3 7 72 7 8 6 104 3 214 154 39 3 5 4 6 1 4 2 3 0 0 0 1 1 2 1 73 4 4 5 8 1 5 14 84 8 2 4 67 2 47 35 49 3 5 0 4 0 5 3 7 2 1 0 5 1 6 10 1 0 0 0 0 1 0 2 1 1 0 1 6 0 5 5 47 0 0 1 6 0 3 4 14 0 0 2 11 0 5 9 128 7 2 7 4 0 9 66 149 8 1 6 67 5 40 76 87 45 1 52 8 2 13 206 8 2 0 2 3 1 3 64 6 3 0 4 0 1 2 11 1 3 0 3 2 3 2 27 2 1 0 0 0 0 0 0 0 0 0 0 1 0 0 1 11 12 0 2 0 0 2 7 2 3 0 3 3 4 1 13 59 98 6 41 6 2 11 53 3 0 0 1 1 0 1 20 1 5 0 2 1 0 0 4 1 2 0 5 6 7 1 32 69 138 0 29 4 6 3 22 3 0 0 2 2 2 4 15 131 55 0 14 4 4 9 66 19 18 0 7 21 41 10 100 480 29 50 68 28 3 51 165 86 4 5 3 62 5 100 141 80 2 4 3 7 0 1 10 67 4 4 11 76 6 108 80 65 7 1 3 4 1 1 1 5 0 0 0 3 2 2 3 99 3 2 4 2 0 6 6 132 10 3 3 123 10 50 26 49 4 6 4 4 0 7 11 6 0 1 0 3 0 6 8 6 0 0 1 0 0 0 1 3 4 0 0 3 0 9 5 61 2 1 4 8 0 1 8 5 0 0 0 7 0 4 3 302 9 4 5 4 1 7 75 272 9 0 3 81 5 26 84 107 42 5 111 2 1 6 241 4 2 0 0 2 1 4 38 5 5 0 9 0 1 0 8 1 5 0 5 1 9 2 27 4 3 1 0 0 0 0 3 0 1 0 0 0 1 0 1 4 6 1 3 0 1 2 13 7 4 0 0 0 6 2 11 47 49 10 192 6 4 4 75 0 1 0 0 3 5 2 27 5 2 0 9 0 1 1 3 4 3 2 7 2 8 11 40 70 109 0 27 5 9 1 20 1 2 0 1 6 6 2 10 104 50 1 18 5 4 3 71 39 17 0 17 28 55 12 90 1
588 85 67 113 38 0 72 327 72 3 4 4 56 2 65 142 51 5 4 7 1 0 1 5 61 4 3 7 95 4 59 63 60 5 1 1 0 0 1 4 1 0 0 0 3 0 1 0 59 4 0 2 1 0 3 7 89 6 2 1 78 2 18 19 49 5 0 1 6 0 6 15 4 1 0 0 2 0 7 7 3 1 0 0 0 0 0 1 1 0 0 0 3 0 6 3 70 4 3 2 5 0 2 15 6 0 0 0 6 1 1 5 187 12 0 15 8 0 2 45 125 5 0 1 62 0 17 44 79 94 1 196 13 3 5 263 5 2 0 1 3 2 0 41 1 4 0 4 0 1 0 7 0 3 0 2 0 2 1 27 1 2 0 1 0 0 0 1 0 0 0 0 0 1 0 1 7 3 0 2 0 0 1 3 1 4 0 0 0 2 2 3 63 158 7 250 1 7 3 156 2 3 1 0 5 6 0 30 3 3 0 12 1 1 0 7 3 3 0 4 0 13 5 30 109 97 1 34 3 5 2 29 1 0 0 1 1 4 0 6 139 81 1 32 5 3 2 52 20 24 0 7 14 23 5 63 491 50 66 108 35 1 62 339 44 3 4 4 47 2 92 164 27 3 2 7 2 1 4 6 53 7 5 7 113 5 263 64 57 2 1 0 8 0 2 4 4 0 0 0 4 0 2 3 52 6 1 4 2 0 2 6 96 3 1 1 127 5 40 18 40 2 6 4 3 0 7 9 1 0 0 0 3 0 8 1 2 0 0 0 0 0 0 3 1 0 1 0 0 0 6 2 70 4 1 1 3 0 2 6 4 0 0 0 7 0 2 5 167 7 3 4 5 0 5 21 124 1 0 1 59 2 15 35 84 68 4 173 5 3 3 282 3 0 0 3 1 3 0 40 4 2 0 2 0 0 0 2 0 4 0 1 0 5 1 31 3 1 0 0 0 0 0 0 0 0 0 0 0 0 1 0 3 6 0 3 0 0 0 3 1 5 0 0 2 6 1 2 73 164 4 166 3 7 5 99 0 3 0 3 1 3 4 37 2 8 0 5 0 0 0 5 6 3 1 3 7 6 5 47 109 160 0 37 5 11 5 27 0 1 0 1 2 5 1 10 141 76 4 19 4 8 1 33 26 28 0 5 18 47 11 65 461 85 32 97 40 3 55 228 88 6 2 8 58 5 79 256 40 5 2 3 1 1 1 6 72 5 0 10 78 6 113 55 23 3 2 1 0 0 1 2 2 1 0 0 1 0 4 0 56 3 0 3 1 0 3 11 83 4 1 1 68 3 36 26 25 5 3 0 3 0 4 3 6 0 0 0 4 0 7 12 5 1 0 0 0 0 0 0 1 0 0 0 4 1 4 4 50 2 4 3 2 1 1 10 3 0 0 1 7 0 4 7 310 11 3 11 13 0 6 52 201 7 4 6 74 3 25 67 116 73 0 86 7 2 4 175 13 4 0 1 1 3 1 49 12 2 0 6 1 2 1 2 1 3 0 1 2 5 1 17 1 5 0 0 0 0 0 1 0 0 0 0 0 0 0 1 14 9 0 2 0 0 1 5 6 1 0 0 0 1 0 2 61 65 1 57 4 5 4 63 4 1 0 1 5 3 0 24 1 1 0 2 0 0 0 4 2 0 0 0 3 1 1 16 92 124 0 28 3 6 4 35 4 2 0 0 4 3 1 10 488 80 1 34 10 2 8 97 86 13 0 10 14 14 9 105 475 82 64 99 64 3 77 229 64 2 5 5 68 2 84 111 40 8 5 7 2 1 1 7 86 4 4 12 174 6 105 86 60 4 2 2 3 0 1 2 5 1 0 0 3 0 0 1 65 5 0 2 2 1 0 6 139 7 0 3 118 5 33 21 40 1 2 7 4 0 9 5 5 0 0 0 5 0 9 3 2 0 0 0 0 0 0 0 3 0 0 0 7 1 6 5 62 2 1 0 7 1 2 7 2 0 0 0 7 0 2 2 192 6 0 4 12 0 5 12 341 4 2 4 94 3 27 46 67 82 1 184 1 3 0 201 4 2 0 4 2 5 2 44 4 10 0 10 0 0 0 2 1 4 0 3 3 2 1 18 2 6 0 2 0 1 1 1 0 0 0 0 0 0 0 2 4 7 0 6 1 2 1 0 0 4 0 1 1 3 0 6 51 140 2 188 8 4 11 103 2 0 0 0 3 6 2 26 1 1 0 3 1 0 1 2 0 4 0 6 4 7 3 34 80 76 1 28 7 3 1 22 1 0 0 1 5 4 0 6 148 67 1 26 1 1 4 34 47 12 1 3 33 37 2 66 1
385 55 81 73 35 4 66 211 66 7 6 2 62 2 94 155 20 5 3 4 2 0 2 7 57 4 4 4 75 5 114 74 76 4 1 2 10 0 4 1 6 0 1 0 8 0 3 1 47 6 5 3 1 0 6 4 106 11 3 4 115 16 41 40 74 4 6 3 5 0 3 11 4 1 0 0 7 1 3 5 1 0 1 1 1 0 1 1 5 0 0 2 5 0 7 5 102 3 1 4 5 0 1 2 4 1 0 0 4 0 2 5 144 13 4 6 4 0 4 44 118 8 0 4 78 10 37 40 79 68 3 104 4 2 5 168 5 1 0 1 3 6 0 54 7 6 2 4 1 0 0 8 5 8 0 1 1 4 3 38 2 5 0 5 0 2 0 2 0 0 0 0 0 1 0 3 5 10 1 3 1 0 0 6 5 2 0 4 1 12 3 10 110 161 14 166 5 6 3 84 3 6 0 2 4 4 5 33 4 9 0 8 1 0 0 4 5 5 1 8 5 7 2 59 158 156 5 44 10 4 5 46 2 2 0 3 4 4 2 11 133 92 0 42 6 4 3 63 39 40 1 7 23 46 7 102 381 55 68 84 30 5 55 247 60 2 1 6 72 4 127 264 18 2 4 2 1 0 1 12 57 4 5 3 123 9 126 112 78 4 6 2 2 1 2 2 0 1 0 0 3 0 1 1 55 6 4 7 4 0 5 7 91 1 1 1 112 5 55 38 38 5 2 2 1 0 8 13 4 0 0 0 5 0 2 9 3 0 0 0 0 0 0 0 2 0 0 1 3 0 6 5 66 3 4 5 7 0 8 10 4 1 0 1 4 0 1 5 159 7 1 2 9 1 8 35 121 6 0 4 63 5 27 57 107 73 4 104 6 3 5 169 4 3 0 0 5 6 3 59 2 4 0 3 0 1 0 2 1 7 0 2 1 6 1 22 5 4 0 4 0 1 0 2 0 0 0 0 1 0 0 2 6 5 1 1 0 0 0 0 3 2 0 0 3 4 0 7 79 163 5 162 4 6 2 77 2 2 0 1 3 6 1 35 2 6 0 9 1 0 0 4 4 7 0 3 3 8 2 55 112 141 1 27 5 8 1 42 1 1 0 0 5 0 0 11 182 94 1 34 4 3 3 55 43 27 1 9 30 54 4 103 360 38 34 49 37 4 48 314 86 3 3 9 57 4 77 348 43 4 2 7 7 0 4 12 76 0 4 5 157 2 88 44 25 4 1 1 0 1 4 5 0 0 0 0 3 0 0 2 69 3 4 3 0 0 4 8 98 5 0 1 89 0 32 23 27 2 2 0 5 0 3 5 6 0 0 2 3 1 5 9 4 1 0 0 0 0 0 1 2 0 1 1 1 2 3 1 77 0 5 0 5 1 1 13 9 1 0 0 6 0 2 7 383 10 0 13 6 1 5 52 250 5 2 7 52 4 18 83 133 58 2 52 4 4 10 177 11 4 0 3 2 2 0 55 5 2 0 2 0 0 0 3 1 2 0 1 2 2 1 14 4 3 0 1 0 0 0 1 0 0 0 0 0 0 0 3 5 8 1 3 0 0 0 5 1 2 0 2 1 2 1 5 63 36 3 29 3 1 5 38 4 1 0 1 4 0 4 22 3 3 0 6 0 0 0 6 5 1 0 2 1 3 4 19 95 32 2 13 3 3 4 27 4 1 0 1 5 2 3 7 534 86 2 39 13 2 9 86 48 24 1 10 18 19 9 91 441 26 29 47 40 1 48 273 81 1 0 4 66 1 65 137 69 2 3 6 4 0 3 7 110 4 2 4 198 4 39 41 32 1 4 2 4 0 5 2 4 0 0 0 2 0 1 2 84 5 4 3 1 0 1 10 165 5 1 2 167 6 27 29 28 0 2 1 3 0 3 7 7 0 0 0 1 0 7 3 3 0 0 1 0 0 0 0 3 0 1 0 6 2 3 0 58 4 0 4 5 2 2 6 11 0 0 0 6 0 1 4 444 11 3 13 16 0 7 43 425 4 3 5 92 11 36 63 93 31 2 90 5 2 12 345 4 1 1 2 0 5 1 49 5 5 0 7 0 0 1 10 1 3 0 2 2 1 2 22 1 1 0 2 0 0 0 1 0 0 0 0 0 0 0 0 6 3 0 2 0 0 1 6 3 4 0 0 1 2 0 9 39 65 1 77 4 6 4 52 4 2 0 2 2 0 2 19 3 1 0 3 0 0 0 4 4 6 0 5 2 10 3 30 38 33 0 23 1 6 1 15 1 0 0 0 2 2 0 4 204 32 1 24 7 2 6 63 77 20 0 9 19 29 7 69 1
666 120 68 123 62 2 70 290 60 3 3 4 66 5 94 131 30 6 5 6 1 0 1 3 50 6 5 10 100 3 117 66 43 4 2 4 3 0 2 0 3 0 0 0 5 0 3 0 46 8 2 2 2 0 0 6 78 4 0 0 106 7 24 19 51 5 5 3 7 0 3 13 5 0 0 0 4 0 2 7 1 0 0 0 0 0 0 1 1 0 0 1 5 2 5 4 61 0 1 0 3 0 3 7 5 1 0 1 8 0 8 3 148 7 5 5 10 0 3 23 75 6 2 5 54 2 18 46 61 104 4 159 4 4 4 143 4 3 0 0 0 1 2 34 6 5 0 7 0 0 1 1 1 1 0 1 1 5 1 23 3 8 0 2 0 0 1 1 1 0 0 0 0 0 0 0 7 11 0 4 0 0 1 3 3 3 0 1 0 6 2 11 63 136 11 304 4 14 13 116 2 0 0 1 5 6 3 43 2 3 1 10 1 0 0 2 2 3 0 12 4 8 3 41 79 124 1 35 10 7 2 44 1 1 0 0 0 3 3 8 144 73 0 27 4 5 4 47 23 17 0 15 20 45 5 84 537 84 76 117 58 7 94 270 56 4 2 5 61 3 111 119 51 4 8 1 2 0 2 7 56 7 3 8 116 10 202 57 70 0 6 2 5 0 0 4 3 0 0 0 5 0 3 0 62 5 2 4 3 0 1 5 92 5 2 1 112 6 35 16 30 2 10 0 7 0 7 8 4 0 0 0 8 0 3 4 2 1 0 0 1 0 0 0 1 0 0 0 5 0 8 2 66 2 0 3 3 1 1 8 4 0 0 0 6 0 4 2 165 5 1 4 6 1 8 19 103 4 3 3 64 4 19 38 59 77 3 193 3 0 2 149 1 3 0 4 2 1 1 32 1 6 1 7 0 0 0 4 2 2 1 5 3 4 1 29 5 6 0 6 0 0 0 1 0 0 0 0 0 0 0 0 1 10 0 3 0 0 0 4 1 4 0 1 0 8 1 3 67 145 4 217 4 4 5 129 4 3 0 0 0 3 4 34 2 7 1 6 0 0 0 5 5 5 1 5 9 20 3 49 121 137 1 33 4 6 3 21 1 2 0 0 1 4 0 10 112 82 0 36 4 3 2 44 29 29 0 5 21 50 8 79 239 21 27 42 8 2 44 189 92 6 4 8 56 4 114 265 28 5 3 4 1 0 0 6 81 7 2 9 54 2 78 83 36 4 5 2 2 0 3 3 0 0 1 0 3 1 1 2 68 3 0 5 1 1 1 2 82 8 1 3 43 1 28 40 21 3 0 2 2 0 7 7 9 1 1 0 4 0 8 9 0 1 0 1 0 0 1 1 2 0 1 1 4 0 3 4 50 1 2 2 3 0 2 7 6 1 0 0 9 1 7 3 266 12 3 5 5 1 9 35 278 6 1 10 67 2 41 98 123 66 5 85 4 5 2 203 11 2 1 2 3 4 2 71 5 6 0 6 0 0 1 3 5 2 0 0 1 3 0 12 3 2 1 1 0 1 1 2 0 0 0 0 0 0 0 0 14 5 0 2 0 0 0 3 2 0 0 0 0 4 0 6 64 75 3 53 3 6 8 58 9 3 0 1 5 5 1 28 1 2 0 5 0 0 1 7 6 2 0 1 3 3 3 20 139 150 0 45 12 2 4 45 8 3 0 0 4 0 2 9 487 120 4 39 12 9 10 95 132 31 0 10 38 26 13 111 302 28 51 56 17 5 55 148 94 10 1 5 71 4 90 140 33 2 3 5 2 1 2 5 78 3 5 9 120 2 120 90 45 3 2 1 3 0 4 1 1 0 0 0 0 1 1 1 87 11 3 4 3 0 4 8 167 8 2 2 110 2 57 40 28 0 1 4 4 0 6 6 11 2 0 1 2 0 5 5 2 0 0 0 0 0 0 0 3 1 0 0 7 0 4 3 57 3 2 2 4 0 7 8 11 0 0 0 7 1 2 2 264 11 2 3 6 1 4 20 450 4 4 8 143 4 32 68 94 66 4 103 7 5 6 211 6 4 0 2 4 6 1 48 7 6 0 6 0 0 0 7 3 0 0 1 0 6 1 26 1 4 0 2 0 0 2 2 0 0 0 0 0 2 0 0 8 7 0 4 0 0 1 5 1 6 0 0 0 2 1 8 40 67 1 79 2 5 4 91 2 2 0 0 7 6 3 30 1 3 0 5 1 0 0 3 3 4 0 1 8 6 2 28 100 89 2 31 6 1 5 32 3 3 0 2 3 1 1 6 250 78 4 33 3 5 4 71 104 25 0 5 34 38 11 83 1
549 59 50 89 49 4 93 275 63 4 1 5 74 5 95 237 48 4 2 4 2 0 4 6 64 4 3 5 85 7 66 80 29 2 0 2 1 0 2 1 2 0 0 1 4 0 1 0 57 2 0 3 2 0 0 6 102 2 1 2 46 0 16 25 30 2 3 0 5 1 5 9 1 0 0 0 6 0 4 5 1 0 1 0 0 0 0 1 3 0 1 0 3 0 2 3 43 0 1 1 6 0 3 9 1 0 0 0 4 2 0 5 237 5 0 0 4 0 2 21 354 1 0 2 74 3 14 45 44 60 2 125 5 6 3 255 3 3 0 0 0 3 0 47 2 7 0 3 0 0 0 4 1 2 0 5 0 3 2 14 2 0 0 1 0 0 0 2 0 0 0 0 0 0 0 0 0 8 0 1 0 1 0 2 0 1 0 0 2 3 0 6 35 79 1 44 5 3 7 91 1 1 0 0 2 3 1 13 2 3 0 1 1 0 0 1 1 3 0 1 3 14 1 19 33 21 0 12 0 2 1 17 0 0 0 0 2 3 0 1 117 42 1 20 4 0 2 41 23 8 0 4 18 14 3 41 224 31 42 57 26 1 52 103 40 4 0 5 30 1 94 81 30 2 1 5 0 0 1 6 56 2 4 6 87 2 141 66 33 1 2 0 4 0 0 1 0 0 0 0 2 1 1 0 56 2 0 2 0 0 1 1 162 3 0 4 116 3 33 22 26 0 2 2 1 0 7 5 7 1 0 0 5 0 5 3 2 0 0 0 0 0 0 0 1 0 0 0 6 1 3 1 58 4 0 2 2 0 3 5 4 0 0 0 6 0 2 3 133 7 2 7 5 0 4 10 184 2 0 1 99 3 32 29 60 74 2 198 3 4 4 219 1 4 0 0 1 0 1 29 1 4 1 6 0 0 0 7 3 2 0 1 3 2 1 22 3 7 0 0 0 0 0 1 0 0 0 0 1 1 0 1 0 6 1 1 0 0 0 6 1 4 0 1 1 3 0 5 68 161 4 249 8 6 8 123 0 1 0 1 1 7 3 21 3 6 0 4 0 1 0 4 3 1 0 1 5 4 6 24 106 130 2 53 5 2 1 32 2 1 0 3 4 4 0 4 141 80 1 27 4 2 6 44 50 23 0 5 21 25 0 56 210 26 24 49 30 2 63 479 101 6 1 7 62 2 79 368 11 1 2 0 3 0 0 8 41 5 1 4 38 1 41 71 11 1 3 0 1 0 0 2 3 0 0 0 1 0 0 2 23 3 0 3 2 0 2 9 66 4 1 1 54 2 23 26 11 1 0 1 1 1 5 4 3 1 0 0 1 0 3 4 2 0 1 0 0 0 0 1 1 0 0 0 0 0 1 4 28 2 2 2 5 0 3 9 1 0 0 1 1 1 0 0 268 3 2 6 4 0 4 32 577 10 1 4 66 1 22 72 63 28 2 61 4 1 3 506 8 1 0 1 2 2 1 98 3 3 0 3 0 0 0 6 3 1 0 2 0 0 1 21 2 2 0 2 0 0 0 2 0 0 0 0 0 0 0 0 4 2 0 3 0 0 1 8 0 2 0 0 1 2 0 2 23 17 1 38 2 5 4 64 1 1 0 0 2 2 2 16 0 0 0 5 0 0 1 0 3 1 0 0 0 2 0 6 18 18 0 16 2 1 0 22 0 0 0 0 0 0 0 5 148 35 1 14 3 0 1 44 52 11 0 4 11 7 2 42 271 31 40 69 29 2 72 112 48 1 1 3 54 3 103 119 36 4 2 6 2 0 4 6 60 4 2 4 74 4 138 75 38 1 1 2 3 0 0 1 3 0 0 0 1 0 1 3 62 7 1 1 6 0 4 3 193 5 1 1 101 3 26 22 23 0 1 1 4 0 7 5 3 0 0 0 4 0 3 4 1 0 1 0 1 0 0 0 2 1 0 1 8 0 5 3 39 1 1 0 3 1 2 2 1 0 0 1 6 0 3 2 125 3 2 1 6 0 3 6 328 1 1 1 130 2 37 34 39 58 1 282 3 5 1 284 2 0 0 2 1 2 1 29 3 0 1 6 0 0 0 1 2 1 0 6 0 5 1 20 2 3 0 0 0 0 0 1 0 0 0 0 0 1 0 0 1 3 1 1 0 1 1 1 0 2 0 0 0 0 2 5 42 78 2 287 3 3 7 134 2 2 0 0 4 3 1 18 1 0 0 7 0 0 0 3 1 2 0 1 3 5 3 19 47 91 1 17 4 5 2 23 0 0 0 1 0 1 1 4 73 37 0 11 3 5 1 29 21 17 0 4 20 14 4 51 1
351 38 56 78 39 2 79 333 101 5 10 10 54 3 96 331 26 8 3 6 2 1 0 13 36 8 3 6 71 3 153 86 44 6 3 6 3 0 1 4 1 0 0 0 3 1 1 1 37 3 2 3 0 0 5 7 74 3 1 3 75 4 28 27 24 2 2 1 7 0 3 10 4 2 0 0 4 1 6 12 5 0 0 0 0 0 0 0 1 0 0 0 4 0 9 3 42 5 3 7 3 0 3 6 8 0 0 0 6 0 2 8 125 5 2 4 7 1 9 50 157 11 0 4 53 3 22 85 106 51 4 93 10 6 10 270 6 4 0 4 3 5 2 69 7 6 0 8 1 0 1 5 4 6 0 3 2 4 1 24 8 8 0 2 0 0 0 0 1 0 0 0 0 1 0 1 11 10 1 4 0 0 0 4 1 3 0 1 0 6 1 10 62 90 2 102 5 7 7 75 4 1 0 3 3 1 3 35 1 4 0 3 0 0 0 5 5 2 0 2 6 11 2 38 126 152 0 29 3 9 4 28 0 0 1 2 4 8 3 17 236 93 2 28 7 3 4 106 36 24 1 11 15 41 10 118 435 37 51 53 42 5 73 194 99 5 8 6 77 2 180 307 36 8 4 9 2 2 1 9 61 7 5 13 73 1 145 160 42 3 1 6 2 0 1 2 8 0 0 0 4 0 1 2 58 8 2 4 3 0 4 2 121 14 1 5 139 9 45 43 37 1 9 1 7 0 7 6 12 1 0 0 7 0 9 11 1 0 1 1 0 0 0 0 0 0 0 0 6 0 6 3 61 3 1 1 6 0 4 5 7 1 0 0 8 0 5 10 170 6 1 5 7 1 7 21 212 12 3 7 82 3 29 75 102 42 7 79 4 0 6 221 3 3 0 3 4 4 1 41 6 10 0 9 0 1 1 10 1 2 1 2 0 5 0 30 4 4 1 4 0 0 0 0 0 0 0 0 0 0 0 1 8 9 0 5 0 0 0 12 1 8 0 0 0 2 1 11 62 61 3 46 4 3 9 69 2 2 0 0 5 4 7 20 2 4 0 4 0 0 0 4 4 3 0 4 1 4 3 35 103 168 2 25 6 7 3 25 2 2 0 0 5 7 4 8 105 80 0 30 12 5 8 74 39 16 1 8 26 29 9 114 385 39 47 59 49 1 69 138 77 9 8 12 79 2 144 211 36 7 7 8 2 0 0 4 66 7 2 10 122 4 148 113 44 1 0 1 1 0 1 4 5 0 0 0 5 0 2 3 53 10 3 2 3 0 3 3 110 9 2 5 77 4 34 38 33 3 2 3 2 0 7 5 5 0 1 1 6 1 12 11 0 0 1 1 1 0 0 1 2 1 2 0 4 0 3 3 55 5 2 2 6 0 6 5 6 1 0 1 10 0 6 4 122 4 4 11 8 0 8 18 130 12 4 7 78 3 25 70 76 74 6 143 2 1 10 140 3 4 1 1 3 3 2 43 6 8 0 8 0 0 0 8 5 5 0 6 2 3 0 28 6 7 0 0 0 0 0 0 0 0 0 0 0 1 0 0 11 16 0 1 0 1 0 5 2 3 0 0 3 4 1 6 68 104 6 146 10 6 8 100 4 3 0 3 5 4 2 29 1 4 0 0 0 0 1 2 3 4 1 1 3 11 4 34 158 128 0 56 5 10 3 36 2 3 0 0 3 2 1 19 267 108 4 39 10 4 5 90 48 34 0 14 28 37 8 117 471 55 47 90 61 5 108 404 112 9 4 9 67 2 146 305 25 5 2 3 3 1 3 13 34 2 4 11 74 4 106 98 34 3 2 5 2 1 2 6 3 0 0 0 3 1 3 2 42 4 1 4 0 0 4 7 61 3 1 5 48 3 17 30 23 8 2 2 1 0 6 9 6 0 0 0 3 0 3 5 0 0 0 0 1 0 0 1 1 0 0 0 4 0 4 2 56 2 2 3 4 0 3 6 5 1 0 0 9 0 4 4 199 9 2 5 3 2 9 54 205 7 2 7 48 4 25 89 131 67 2 101 5 7 12 259 12 4 0 4 3 5 2 60 2 3 0 2 0 0 0 6 1 3 0 3 0 3 1 22 6 4 0 1 0 1 0 3 0 1 0 0 0 0 0 2 14 4 0 4 0 1 0 5 3 0 0 0 2 3 1 8 47 78 2 64 6 4 10 83 7 3 0 0 0 3 4 30 7 3 0 2 0 0 1 5 1 2 0 0 2 9 4 28 69 64 0 29 6 4 1 38 2 0 0 0 4 4 0 8 212 51 1 32 2 2 4 100 54 17 0 9 19 20 4 102 1
389 40 51 68 31 1 58 157 53 2 0 1 48 3 64 69 46 6 3 2 4 0 0 5 73 4 3 2 142 6 167 58 61 2 5 0 4 0 1 6 4 0 0 0 4 0 0 0 88 9 2 2 3 0 7 6 105 3 0 0 303 4 51 14 38 5 3 4 8 0 2 5 8 0 0 0 7 0 6 5 3 1 0 0 0 0 0 0 3 1 0 0 9 1 4 2 86 5 3 4 12 0 2 4 5 0 0 0 6 0 3 2 382 14 1 7 3 1 2 30 320 4 0 4 96 7 14 42 106 51 1 95 4 1 5 173 5 2 0 0 2 1 1 23 2 2 0 5 1 0 0 3 3 2 0 5 2 6 1 28 1 4 0 0 0 0 0 1 0 0 0 0 0 0 0 0 3 4 0 0 0 0 0 4 0 2 0 0 1 2 0 3 64 83 3 78 6 3 7 60 3 0 0 0 3 3 1 19 1 2 1 3 1 0 0 4 0 2 0 2 9 12 4 39 120 159 0 40 9 0 2 23 1 3 0 0 4 1 0 5 340 88 1 26 3 3 3 49 52 27 1 2 30 40 2 60 515 45 54 52 51 0 56 209 70 1 2 3 60 2 99 199 70 4 3 7 5 1 3 4 85 4 4 1 110 1 85 83 75 4 8 3 3 0 1 1 0 0 0 0 3 0 1 0 82 6 1 2 3 0 4 4 132 2 0 3 163 3 33 23 44 6 4 2 2 0 2 9 4 1 0 0 8 0 4 1 1 0 0 0 0 0 0 0 4 0 0 0 8 0 3 2 76 6 3 5 3 0 1 10 0 1 0 0 8 0 1 3 370 10 3 9 5 0 6 31 263 1 1 4 102 1 19 28 84 54 4 54 1 3 1 146 2 2 0 1 2 0 1 31 3 2 0 3 0 0 0 2 2 3 0 2 0 4 1 11 1 1 0 1 0 0 0 1 0 0 0 0 0 0 0 0 6 2 0 1 0 0 0 0 1 1 0 0 0 1 0 4 64 108 3 86 6 2 5 64 1 0 0 0 1 1 4 24 6 7 0 2 0 0 0 3 4 4 0 0 2 7 0 26 95 211 1 51 4 1 0 10 0 0 0 0 2 2 0 0 345 87 0 21 5 3 1 54 36 29 0 4 27 42 5 48 345 29 24 51 25 4 32 333 66 1 2 4 31 0 66 258 43 3 1 2 1 0 3 7 57 5 2 4 132 5 153 47 51 2 2 1 4 0 1 2 2 0 1 0 3 0 2 0 95 3 5 2 0 0 5 5 84 3 3 1 140 3 29 14 34 5 1 1 3 0 6 7 5 0 0 0 2 0 2 2 4 1 0 0 1 0 0 1 6 0 0 0 6 1 3 3 86 2 3 5 7 0 0 4 3 0 0 0 2 0 4 2 358 9 2 7 10 0 8 54 201 1 0 1 58 1 20 47 92 55 0 71 2 1 2 291 8 2 0 2 4 1 0 45 3 2 0 1 0 0 0 0 3 1 1 1 1 5 0 9 3 2 0 1 0 0 0 0 0 0 0 0 0 0 0 1 9 2 0 0 0 0 0 4 1 0 0 1 0 2 0 2 64 126 2 85 5 6 4 54 2 0 0 0 1 6 1 20 3 5 0 3 0 1 1 1 4 6 0 1 9 13 1 17 115 114 1 38 1 3 4 33 1 2 0 1 1 3 0 4 455 93 2 22 8 2 3 74 78 29 1 4 25 34 6 59 474 24 33 44 36 1 55 290 90 1 0 1 61 1 83 224 43 3 3 5 1 0 4 1 68 6 2 8 138 1 90 91 40 2 1 1 4 1 0 0 2 0 0 1 3 0 0 0 71 7 1 1 3 2 3 7 115 7 0 1 108 1 25 33 50 1 4 1 3 0 1 8 2 0 0 0 2 0 3 3 4 1 1 1 0 0 1 1 6 0 0 0 2 0 2 3 66 1 1 3 2 0 3 7 4 0 0 0 6 0 1 3 412 8 1 8 9 0 9 34 422 4 1 1 99 3 28 56 75 44 2 84 2 1 3 297 9 1 0 1 3 5 1 48 1 2 0 4 0 0 0 2 3 1 0 2 2 1 1 13 0 1 0 0 0 1 0 0 0 0 0 0 0 0 0 0 1 4 0 1 0 0 0 2 1 1 0 0 0 0 1 4 41 98 3 135 2 1 5 58 1 2 0 0 5 2 2 15 4 2 0 5 0 1 0 2 2 2 0 2 2 8 1 26 92 48 0 26 0 2 0 18 1 0 0 0 1 1 0 4 264 53 0 14 4 2 2 72 69 21 0 4 26 20 5 61 1
983 19 96 47 42 3 78 159 92 1 1 5 65 3 88 199 38 4 2 4 2 0 5 7 45 2 0 3 201 3 206 64 74 3 10 3 11 0 3 1 4 0 0 0 5 0 1 1 43 4 6 1 2 0 4 9 74 5 0 1 190 9 54 17 25 2 3 2 4 0 4 4 3 0 0 0 0 0 2 4 1 1 0 0 0 0 0 0 3 0 1 0 6 0 7 2 39 2 3 1 4 0 0 4 4 1 0 0 5 0 2 4 136 3 2 5 3 0 6 81 196 3 1 3 36 6 18 88 65 35 2 50 4 1 2 82 8 3 0 0 5 3 0 28 5 1 1 0 0 0 0 4 5 2 0 2 2 9 0 17 0 5 0 1 0 0 0 0 0 0 0 0 0 0 0 0 2 3 0 2 0 1 1 6 2 2 0 0 0 5 1 9 36 117 8 268 2 3 2 37 2 2 0 0 2 6 4 12 2 6 0 11 0 0 0 4 2 11 0 3 4 32 2 86 45 131 2 50 5 4 2 7 0 4 0 1 1 8 0 0 59 43 1 19 7 4 5 60 33 17 0 5 30 69 7 85 973 62 57 86 37 5 78 210 104 4 5 4 57 4 58 143 45 6 13 10 1 0 1 5 55 4 13 6 40 2 109 59 60 13 1 2 3 3 1 3 3 0 0 0 3 0 1 2 52 7 2 4 2 0 1 9 75 7 1 1 31 3 22 22 52 3 5 2 6 0 6 11 10 0 0 0 7 1 4 1 1 0 0 0 0 0 0 0 2 0 0 1 2 0 9 3 44 2 2 4 3 0 2 6 8 3 0 2 3 0 1 6 180 4 1 1 7 0 4 32 197 6 2 8 53 2 21 72 114 71 2 80 9 5 7 154 6 1 0 3 3 2 0 37 11 1 0 4 0 0 0 10 3 2 0 1 2 1 4 18 4 14 0 0 0 0 1 2 0 1 0 1 0 0 0 3 4 5 0 5 1 0 1 6 2 0 0 0 0 1 1 4 73 99 4 59 7 4 11 59 2 1 0 2 2 7 3 21 4 2 0 7 0 0 1 3 3 2 0 2 3 9 12 36 101 219 0 27 3 13 2 25 4 3 0 0 6 11 0 8 192 75 1 35 4 3 5 70 30 25 0 10 15 42 10 100 609 31 75 57 38 3 89 376 60 4 1 4 72 4 130 395 41 7 1 3 1 0 1 10 53 3 2 9 111 1 260 97 37 3 2 1 3 0 2 4 1 0 0 0 2 0 1 2 61 8 4 5 4 0 2 5 51 2 1 2 42 5 31 21 67 0 1 2 1 0 2 8 4 0 1 0 2 0 1 4 5 0 0 0 0 0 0 0 3 0 1 0 4 0 3 4 65 2 1 3 4 0 3 6 5 2 0 0 4 0 2 1 251 6 3 5 9 1 8 46 136 0 0 2 52 1 22 53 68 55 1 64 3 2 3 154 5 0 1 1 2 3 1 64 4 5 0 4 0 0 0 3 3 1 0 5 0 2 0 23 2 6 0 0 0 0 0 2 0 0 0 0 0 1 0 0 4 5 0 1 0 0 0 1 1 2 0 0 1 2 1 3 74 114 2 99 1 5 9 69 4 0 0 1 3 3 2 26 2 3 0 6 0 0 1 3 1 5 0 2 8 11 2 46 84 147 0 23 2 5 2 24 2 2 0 1 1 7 0 4 185 83 2 22 4 2 1 48 31 20 1 4 15 27 3 57 702 35 64 77 36 4 84 380 83 2 0 9 58 1 66 193 51 0 3 11 3 0 2 10 48 4 2 7 93 7 101 80 52 2 5 1 5 0 3 2 4 2 0 0 5 0 2 4 81 8 4 4 2 0 8 9 66 8 1 0 135 6 31 21 56 2 3 2 1 0 12 12 5 0 0 0 3 0 1 4 2 0 1 1 1 0 0 1 3 0 0 1 1 0 2 3 67 2 4 4 11 1 2 4 6 1 0 0 3 0 2 5 230 4 3 7 13 0 9 37 187 5 2 6 65 1 19 53 75 60 5 110 4 4 8 328 5 4 0 0 1 2 1 101 5 5 0 6 0 0 0 6 2 3 0 2 2 5 3 34 3 3 0 0 0 0 0 0 0 0 0 0 0 1 0 1 3 4 1 1 0 1 1 8 1 4 0 0 3 4 1 8 60 84 4 80 1 2 7 83 3 0 0 0 1 4 3 27 4 3 0 6 0 2 0 2 1 1 0 3 1 14 6 45 47 68 1 35 1 1 3 17 1 0 0 0 4 4 1 9 98 45 1 19 1 5 5 61 40 19 2 12 17 29 8 89 1
424 52 53 74 43 2 73 179 89 4 1 9 67 2 140 114 60 7 7 7 3 0 1 6 91 10 9 7 130 4 131 75 50 2 1 1 2 0 2 1 2 0 0 0 4 0 0 0 102 11 1 2 5 0 2 6 198 9 0 1 113 3 36 25 61 5 3 2 7 0 10 6 5 2 0 0 7 1 8 6 2 0 0 0 0 0 0 0 3 0 0 0 3 0 4 3 99 2 1 3 5 0 2 5 3 1 0 1 16 0 3 1 289 10 2 6 17 0 11 17 232 4 1 3 115 4 42 39 75 81 1 108 1 2 1 105 2 0 0 0 2 2 2 32 7 6 0 9 1 1 0 4 3 2 0 5 2 1 1 18 6 3 0 1 0 1 1 0 0 0 0 0 0 0 0 0 8 8 1 1 1 0 0 2 1 2 0 0 3 2 0 4 100 96 4 84 6 1 9 65 1 0 0 0 0 4 4 20 5 7 0 0 0 0 1 1 2 2 0 3 2 8 5 34 156 108 2 27 17 4 3 21 0 1 0 0 1 3 0 4 237 106 1 30 2 2 6 32 50 24 0 4 28 36 4 59 537 55 39 81 54 2 62 241 89 7 0 3 64 1 71 129 57 4 0 3 0 0 4 11 58 3 2 8 121 2 81 70 41 2 2 3 4 0 0 0 5 0 0 0 3 0 0 0 83 9 0 3 1 0 2 10 120 1 1 3 91 3 17 25 46 6 2 2 10 0 11 7 4 2 0 0 5 0 6 1 3 0 0 1 1 0 0 0 3 0 0 0 4 0 2 6 75 3 3 7 7 0 4 7 8 0 0 0 9 1 1 3 363 6 3 7 8 0 9 28 266 3 0 2 80 3 15 43 79 85 2 96 4 3 7 201 1 1 0 0 1 4 2 29 2 5 0 4 0 0 0 4 2 1 0 3 0 1 0 12 1 2 0 0 0 0 1 0 0 0 0 0 0 0 0 0 4 7 0 2 0 0 0 0 3 0 0 0 0 3 1 3 75 156 4 106 4 4 11 69 2 1 0 0 2 5 4 18 1 3 0 2 0 2 0 2 4 2 1 1 3 9 1 32 145 172 0 29 3 4 3 21 1 0 0 0 2 5 0 4 272 85 0 17 3 2 4 47 39 29 1 4 21 28 3 58 342 53 24 66 43 2 55 201 46 2 3 2 71 2 118 248 49 2 2 10 0 0 3 6 75 5 0 6 146 5 112 69 37 6 1 1 3 0 0 0 0 0 1 0 1 1 0 1 79 5 0 3 1 0 0 4 138 1 0 2 138 1 24 22 38 7 0 1 4 0 4 2 3 0 0 0 9 1 4 4 7 0 1 1 0 0 0 1 4 0 1 0 4 0 3 2 73 0 2 0 4 0 0 5 5 0 0 1 6 0 4 3 393 10 1 4 8 1 7 26 352 3 1 3 89 1 22 43 51 58 2 94 2 0 2 188 2 1 0 1 0 0 1 40 3 4 0 1 0 0 0 3 0 3 0 3 0 1 0 14 2 4 1 0 0 0 0 1 0 0 0 0 0 0 0 1 4 3 0 1 0 0 0 0 1 0 0 0 1 3 0 3 74 132 3 66 10 3 5 50 1 0 0 0 2 4 1 14 1 5 0 1 0 0 0 3 4 3 0 0 0 7 2 17 135 130 0 22 3 3 1 31 0 0 0 1 2 1 1 1 455 90 2 20 8 3 5 40 92 16 1 5 21 21 6 47 506 54 53 93 57 6 79 264 50 4 0 5 54 0 90 187 51 6 3 6 3 0 2 11 79 2 2 5 126 3 80 70 44 3 1 1 2 0 1 1 0 0 0 1 2 1 0 0 75 4 1 0 2 1 3 6 124 5 2 0 81 1 16 25 58 1 0 1 6 0 4 12 3 0 0 1 6 0 4 1 1 0 0 0 0 0 0 0 4 0 0 0 4 1 1 2 65 0 4 4 2 0 1 6 2 1 0 0 8 0 1 5 376 14 2 8 7 1 5 18 459 2 1 1 90 5 20 25 65 82 1 138 2 5 3 218 2 0 0 1 2 2 0 35 3 2 0 5 0 0 0 1 1 2 0 3 1 1 0 12 0 2 0 1 0 0 0 1 0 0 0 0 0 0 0 0 3 8 0 2 0 1 0 2 0 3 0 0 0 1 1 3 74 172 4 106 3 6 4 103 4 0 0 0 1 5 1 25 1 4 0 3 0 1 1 3 0 3 0 1 2 8 0 15 87 112 1 32 1 2 0 16 0 0 0 0 2 0 0 4 182 79 1 22 6 1 7 25 49 12 0 4 14 15 6 34 1
630 75 175 76 24 6 34 307 34 1 1 4 17 4 27 53 27 4 14 6 2 0 4 5 20 3 15 7 55 2 179 19 155 21 22 7 12 3 5 2 4 1 3 0 6 5 3 4 26 9 4 3 3 1 6 2 31 5 4 1 108 4 21 18 83 8 24 1 9 0 1 6 2 2 2 1 5 1 1 4 1 0 5 1 0 0 0 1 3 0 3 1 3 2 12 2 73 6 3 2 2 0 1 3 5 0 0 1 2 2 3 3 77 10 1 5 0 2 1 28 59 5 1 4 31 3 7 24 60 48 2 56 3 4 2 93 2 0 0 2 1 3 0 12 5 7 3 6 2 1 2 1 0 3 0 4 2 3 1 12 6 23 3 6 0 0 1 1 0 1 0 2 2 2 0 2 4 7 0 3 3 1 1 3 1 3 0 3 2 15 2 12 101 269 14 187 2 11 6 63 1 1 1 2 3 8 2 29 2 4 4 12 0 0 0 0 4 6 2 24 2 63 10 151 76 348 4 51 7 22 3 24 1 1 0 1 6 24 2 14 59 72 2 16 4 2 5 49 7 18 1 16 19 151 11 150 728 52 71 69 41 1 62 380 123 6 4 8 66 3 66 107 46 6 17 8 2 1 6 11 56 7 19 8 41 3 171 75 67 18 4 3 9 2 3 3 1 0 0 0 6 1 1 3 50 3 2 7 1 1 2 16 49 9 0 4 49 7 13 24 55 4 4 2 5 0 9 12 12 1 0 0 9 1 14 8 2 0 1 0 0 0 1 1 4 0 0 2 2 1 13 8 50 5 2 3 4 1 3 12 5 1 2 2 10 2 5 7 182 10 0 19 9 1 8 114 109 5 2 10 50 5 34 94 129 75 3 46 14 2 6 99 11 4 0 3 5 6 7 18 9 10 0 6 1 0 1 7 6 4 1 5 2 3 2 17 3 24 0 0 2 2 0 3 0 0 0 0 0 3 1 3 13 11 0 4 0 0 2 12 5 1 0 1 0 4 1 12 70 68 4 17 8 4 8 52 1 4 1 2 6 3 4 19 0 2 1 2 0 0 1 6 3 1 1 2 4 5 9 43 77 109 2 10 11 22 6 28 2 0 1 0 5 17 5 16 105 76 0 22 7 6 11 108 26 7 1 6 13 60 11 187 1309 52 102 70 45 5 52 86 83 15 9 22 39 6 77 184 40 14 17 10 5 0 2 8 38 6 13 16 64 7 201 58 78 12 7 3 6 2 3 4 2 0 0 0 3 2 4 4 43 10 3 5 0 3 3 2 26 8 0 2 32 5 22 8 33 6 4 5 3 1 5 9 13 4 1 5 6 1 10 19 3 0 2 0 0 0 1 1 0 0 0 0 3 0 16 5 41 1 3 3 7 0 1 9 7 2 1 1 8 0 7 19 43 5 1 7 4 0 7 19 28 13 1 9 34 2 23 63 97 46 5 56 14 4 7 71 16 4 2 2 3 4 4 30 12 11 2 11 3 1 2 10 2 1 1 2 2 5 4 23 3 14 1 3 1 6 0 3 1 1 0 0 1 4 0 2 12 15 0 3 1 1 4 13 2 4 0 2 0 12 2 19 41 59 3 60 11 8 9 37 1 4 1 3 1 5 10 26 5 2 0 9 0 0 1 1 1 4 4 5 4 25 16 94 42 104 2 24 15 20 5 30 4 0 0 1 7 15 7 28 128 41 2 19 11 12 16 92 17 9 1 13 20 62 17 193 1944 40 55 35 41 2 27 184 99 17 6 13 20 3 44 78 23 6 4 5 6 0 4 7 18 3 4 3 30 5 36 24 45 7 10 4 6 0 1 5 3 0 1 1 6 4 0 4 19 5 3 2 0 0 2 5 19 4 3 4 40 8 8 13 32 4 6 2 5 2 7 7 10 1 2 4 10 0 2 15 2 0 1 0 0 0 2 3 4 0 3 1 3 0 6 8 23 3 1 3 4 1 1 7 12 2 0 3 3 5 4 16 100 5 2 3 4 1 4 83 117 14 1 20 24 5 7 84 110 32 11 43 17 4 18 167 23 3 0 5 5 3 1 44 12 2 2 8 3 1 3 21 1 2 1 2 4 4 3 19 5 4 0 3 1 3 0 4 1 2 0 0 1 2 1 5 7 4 1 8 5 0 2 14 2 1 0 5 2 9 0 23 20 55 8 101 4 4 9 40 2 1 2 3 5 4 2 11 2 2 0 9 0 0 1 5 1 4 1 6 3 19 8 48 25 79 0 14 4 10 0 21 2 2 0 3 2 8 2 19 37 20 1 13 12 4 15 102 16 11 2 15 7 43 19 177 1
556 77 40 110 65 1 113 443 65 3 1 5 94 3 110 238 43 6 3 3 0 0 4 12 74 6 3 7 91 9 63 68 42 1 0 2 2 0 1 2 1 0 0 0 2 0 0 0 72 5 1 2 1 0 1 8 100 5 0 4 65 1 16 16 55 4 4 2 10 0 6 4 3 1 0 0 6 0 7 10 1 0 0 0 0 0 0 0 2 0 0 0 3 0 4 2 73 5 1 3 9 0 2 4 3 0 0 0 5 0 2 3 234 7 2 7 8 0 7 26 161 2 0 1 70 1 14 37 66 95 0 138 5 2 2 316 2 1 0 1 0 2 1 40 3 7 0 4 0 1 0 4 2 3 0 1 0 4 0 21 1 2 0 0 0 0 0 0 0 0 0 0 0 0 0 1 5 6 0 1 0 0 0 5 1 1 0 0 0 2 0 4 73 133 3 180 10 7 4 107 1 1 0 0 3 1 2 21 1 3 0 3 0 1 2 4 2 3 0 0 2 1 1 17 118 69 0 26 6 1 2 25 1 0 0 1 1 3 0 3 170 56 1 11 5 2 2 51 26 14 0 1 11 16 3 38 370 47 45 85 34 3 84 386 62 7 3 4 72 2 132 319 26 8 3 6 2 2 3 10 54 6 1 6 99 3 144 115 40 0 2 1 3 0 4 3 3 1 0 0 2 0 1 1 46 7 0 2 2 0 1 4 77 3 0 2 97 2 19 30 28 1 1 4 7 0 6 9 6 0 0 0 5 0 5 9 1 0 0 1 0 0 0 0 2 0 0 0 4 0 4 4 65 5 2 1 1 0 4 9 0 0 0 0 1 1 1 4 213 5 0 2 12 0 8 20 187 4 1 1 62 2 22 40 77 79 3 213 9 6 7 340 0 4 0 3 2 4 0 53 2 3 0 4 0 1 0 9 0 1 0 2 2 2 1 26 3 1 1 1 0 0 0 2 0 0 0 0 0 0 0 0 1 10 0 3 0 0 0 4 4 3 0 0 0 0 0 6 61 79 3 117 8 8 6 123 1 3 0 1 2 6 1 36 1 3 0 2 0 0 0 2 0 1 0 2 2 6 4 35 108 110 1 31 5 5 3 37 0 0 0 0 3 2 0 17 186 64 1 32 2 3 0 38 50 10 1 5 17 20 2 52 747 68 39 85 57 7 61 201 48 4 1 2 41 3 60 88 69 7 2 3 2 0 1 7 43 3 0 5 57 5 23 37 42 1 2 0 0 0 1 2 0 0 0 0 1 0 0 0 101 7 0 2 1 0 3 4 72 0 1 2 20 0 6 4 90 3 3 3 7 0 3 9 6 0 0 0 2 0 1 1 4 0 0 1 0 0 0 0 3 1 0 0 2 0 0 4 145 0 1 4 5 0 1 8 1 0 0 1 7 0 2 3 475 16 0 7 6 0 4 19 189 2 0 4 61 1 11 33 79 116 1 167 3 3 0 154 0 0 0 2 1 2 0 23 1 4 0 5 0 0 0 1 0 0 0 2 2 1 0 15 0 1 0 0 0 0 0 0 0 0 0 0 0 0 0 0 3 9 0 1 0 0 0 2 0 3 0 0 0 1 0 2 103 201 3 186 4 4 5 113 2 0 0 0 1 4 3 15 2 7 0 2 0 0 0 1 2 3 0 2 2 3 3 18 143 190 0 30 1 3 1 25 0 1 0 0 0 2 0 1 277 118 0 19 1 5 2 41 32 22 0 0 11 18 0 43 596 46 40 74 53 3 86 180 74 6 4 2 73 4 130 130 72 3 4 3 6 0 3 5 77 5 6 12 148 4 228 87 54 2 4 2 3 0 1 0 0 0 0 0 5 0 0 1 99 7 0 1 3 2 6 3 149 9 4 3 165 4 52 13 45 2 2 3 9 0 4 2 6 1 0 0 5 0 10 6 4 1 1 0 0 1 0 0 6 0 0 0 8 1 3 1 113 6 1 4 4 0 1 1 5 0 1 0 9 0 1 3 412 8 3 8 8 0 7 21 207 3 2 2 112 1 28 43 50 61 1 73 2 3 1 105 2 1 0 1 1 0 3 35 3 8 0 7 0 0 0 2 1 3 0 0 4 1 1 26 1 1 0 1 0 0 0 0 0 0 0 0 0 0 0 0 4 6 0 2 1 0 0 5 0 0 0 0 1 2 1 7 56 77 2 49 7 0 3 46 0 1 0 0 2 5 1 16 3 4 0 0 0 0 0 1 6 6 0 1 6 14 5 29 116 115 1 14 4 4 1 14 2 0 0 0 1 0 1 4 208 81 1 17 5 0 2 38 33 23 0 3 26 37 8 59 1
492 43 55 70 39 4 76 390 92 4 0 10 71 2 133 334 29 4 3 6 2 0 2 11 45 7 6 7 87 3 69 96 41 3 2 2 8 0 1 0 3 0 0 0 4 0 2 0 61 6 3 2 2 0 4 8 83 10 1 5 84 2 21 33 45 2 5 1 0 0 9 11 6 0 0 0 3 0 8 7 5 1 0 0 0 0 0 0 4 0 0 1 1 1 7 6 79 0 0 4 9 0 2 11 10 1 1 0 7 2 2 5 137 5 0 4 3 0 5 34 116 8 0 10 49 6 19 86 74 73 4 95 8 2 9 226 7 0 0 1 3 3 3 74 4 10 0 3 0 0 1 11 5 2 1 3 2 5 0 26 3 5 1 0 0 1 0 5 0 0 0 0 0 0 0 3 2 7 1 8 0 1 0 8 2 0 0 0 0 2 2 11 65 153 6 78 7 9 12 68 3 5 2 0 7 5 5 28 1 6 0 7 1 2 2 4 6 5 2 1 5 14 2 33 105 115 1 22 5 7 2 32 3 2 0 1 4 4 2 10 165 85 1 23 4 0 6 63 33 27 1 10 20 34 9 98 436 41 39 63 46 3 67 234 83 3 6 7 77 2 151 299 59 3 8 10 2 1 6 11 63 4 4 9 76 6 186 113 44 3 2 2 6 0 1 4 6 0 0 0 6 2 2 1 54 10 3 0 4 0 3 12 124 10 2 2 70 3 20 34 51 3 3 2 4 0 7 5 10 0 0 0 8 0 4 11 2 0 0 0 0 0 0 0 1 0 0 0 3 0 5 5 64 4 2 3 8 0 5 3 9 1 0 0 6 0 4 3 174 9 2 11 6 1 6 31 186 13 1 7 67 6 21 95 97 75 8 83 10 2 8 262 3 2 0 0 5 3 2 46 7 7 0 6 0 0 0 10 3 4 0 1 5 2 3 25 6 2 0 1 0 1 1 2 0 0 0 0 0 0 0 2 7 7 0 2 0 0 0 7 4 5 0 2 2 4 0 17 67 72 2 125 7 3 7 76 3 0 0 0 4 5 2 17 0 4 0 8 0 0 0 7 2 2 0 1 0 4 2 26 123 136 1 29 7 4 3 36 2 1 0 0 1 3 5 6 99 76 3 30 8 3 6 81 28 19 0 10 27 17 8 87 356 32 49 66 35 2 67 138 74 9 2 7 60 4 149 180 33 2 4 6 4 0 1 13 71 12 5 5 68 5 122 91 77 6 4 2 8 0 3 3 5 0 0 0 4 2 4 1 60 9 3 4 4 0 1 9 79 7 1 6 57 2 40 39 49 1 2 0 7 0 10 6 1 1 0 2 7 0 9 12 3 1 0 0 1 0 0 1 4 0 0 0 7 0 4 5 76 3 3 5 10 1 6 8 5 1 0 0 12 0 6 6 151 9 3 4 6 0 2 24 105 6 1 10 54 4 38 62 84 62 6 84 7 1 3 118 7 1 0 1 1 2 2 41 12 7 0 9 4 1 1 5 5 2 1 4 0 4 0 27 2 6 0 2 0 0 0 2 0 0 0 1 0 0 0 1 6 9 0 4 1 0 0 3 1 4 2 1 1 5 0 13 91 125 7 113 6 12 6 75 6 1 1 5 2 6 6 25 1 6 0 2 1 1 1 6 4 4 0 4 2 8 6 42 251 241 1 49 15 8 5 24 5 3 0 0 4 8 3 10 255 163 4 44 4 6 1 66 46 29 0 16 29 43 16 120 456 58 53 85 56 2 70 233 112 9 2 9 90 3 89 171 27 3 4 10 2 0 2 4 51 9 4 13 83 2 42 76 40 4 3 2 4 0 3 1 9 0 0 1 10 2 0 1 44 6 1 3 3 1 4 7 90 4 0 5 180 7 28 38 45 2 4 3 5 0 6 6 6 0 0 1 4 0 9 6 0 0 3 1 1 0 0 1 3 0 0 0 3 1 2 2 60 2 1 1 7 0 3 6 12 2 0 1 10 0 2 10 189 8 0 8 3 2 9 45 169 11 1 7 71 6 34 105 124 63 10 125 9 4 8 264 11 3 0 4 4 0 3 36 6 6 1 16 1 0 2 9 2 2 1 5 2 2 0 27 0 10 0 0 0 0 0 1 0 0 0 0 0 0 0 0 11 7 0 5 0 0 1 12 2 4 0 1 0 3 1 12 70 86 9 149 9 4 12 92 1 6 0 2 4 3 7 28 5 3 0 6 0 0 0 10 2 2 0 4 1 5 3 34 83 55 0 37 6 3 1 31 2 2 0 0 2 3 0 5 165 69 0 31 5 5 8 101 46 31 0 16 15 24 5 118 1
595 49 63 64 59 2 66 181 52 1 2 1 65 3 80 66 76 4 4 3 9 1 3 10 81 2 6 3 268 2 187 76 74 3 2 2 4 0 4 0 2 0 0 0 3 1 2 0 92 3 1 5 2 1 4 4 117 0 1 0 295 5 61 17 64 2 1 1 5 0 5 8 2 1 0 0 5 0 3 0 5 1 0 0 0 1 0 0 3 0 1 0 5 1 5 2 70 4 2 6 6 0 1 5 4 0 0 0 5 0 0 2 341 10 2 7 4 0 2 33 223 2 0 2 80 2 10 32 65 53 0 83 3 0 6 208 1 4 0 2 2 3 1 28 2 3 0 3 0 0 0 1 1 0 0 1 3 4 0 20 3 0 0 0 0 0 0 1 0 0 0 0 1 0 0 0 3 5 0 2 0 0 1 4 1 2 0 0 1 0 1 4 54 93 1 84 3 4 3 57 2 1 0 0 2 6 3 19 2 2 0 1 0 0 0 1 3 2 0 4 5 15 6 35 66 132 0 19 1 4 0 16 1 0 0 1 0 2 0 2 235 63 1 8 2 3 1 42 49 23 0 0 29 35 2 40 622 47 53 64 80 1 82 246 58 4 0 3 95 0 101 195 61 9 6 5 5 0 1 4 93 3 4 5 216 8 113 70 49 5 2 0 3 0 0 3 0 0 0 0 4 0 0 0 87 1 2 0 3 0 2 2 90 2 1 1 95 2 29 22 49 2 0 3 7 1 5 5 3 0 0 0 1 0 2 1 5 0 0 1 0 0 1 1 3 0 0 0 1 1 2 1 67 1 2 3 6 0 4 8 4 0 0 0 2 0 0 2 304 8 2 6 5 0 6 30 187 3 0 3 93 1 19 22 75 69 4 70 1 5 1 107 0 0 0 0 2 0 1 28 1 4 0 0 0 0 0 2 0 3 0 2 2 5 0 12 1 1 0 1 0 0 0 0 0 0 0 0 0 0 0 1 3 5 0 1 0 0 0 1 0 1 0 0 0 3 1 2 73 168 0 103 3 8 3 59 3 0 0 2 2 7 1 17 0 5 0 0 0 2 0 4 2 1 0 1 4 13 0 34 122 262 0 36 2 2 1 9 0 0 0 0 1 1 0 1 261 100 1 17 3 2 1 32 36 17 0 3 18 39 1 36 561 36 27 40 38 1 44 372 61 2 1 2 46 0 52 207 59 1 4 3 1 0 1 7 61 3 4 2 150 1 171 40 38 2 0 0 0 0 0 2 2 0 0 0 1 0 0 2 92 1 2 1 0 0 1 5 47 0 0 2 71 3 22 11 59 1 3 1 5 0 2 6 5 0 0 0 3 0 0 1 2 0 0 0 0 0 1 0 2 1 0 0 6 0 2 1 86 1 1 0 4 0 0 5 2 0 0 0 3 0 1 3 506 14 0 8 8 0 7 36 236 3 0 6 50 4 17 45 72 56 0 38 4 1 3 162 1 2 0 2 0 1 0 31 1 1 0 3 0 0 0 0 0 0 0 0 2 2 0 7 2 2 0 2 0 0 0 0 0 0 0 0 0 0 0 1 7 4 0 2 0 0 0 1 0 1 0 0 0 0 0 3 65 100 0 75 2 1 8 50 0 1 0 0 1 2 4 18 2 4 0 2 0 1 0 3 4 3 0 3 2 8 4 16 108 134 0 22 3 6 0 19 1 0 0 1 2 0 0 6 592 85 2 25 4 1 4 46 60 23 0 1 15 25 4 44 356 23 40 58 37 1 64 262 75 5 2 3 63 1 93 163 33 2 0 6 2 0 3 6 67 5 1 3 140 3 212 68 44 1 0 3 3 0 1 0 1 0 0 0 4 0 2 2 87 3 3 1 3 0 3 3 114 1 0 0 158 2 39 25 24 2 2 1 3 0 4 5 6 0 0 0 1 1 1 3 2 1 0 0 0 0 0 1 4 0 0 0 7 0 4 0 56 3 1 2 7 0 1 7 4 0 0 0 5 0 0 5 480 5 2 6 5 1 10 38 550 1 1 1 84 1 26 38 50 36 0 102 2 2 3 253 3 0 0 0 1 0 2 38 1 2 0 3 2 0 0 3 1 2 0 1 1 6 1 13 1 3 0 0 0 1 0 0 0 0 0 0 0 0 0 0 2 4 0 0 0 0 0 1 1 0 0 0 0 3 0 3 54 101 1 107 5 3 2 44 2 1 0 0 3 3 0 11 1 3 0 0 0 0 0 3 2 2 0 3 4 31 2 25 70 84 1 36 3 1 1 11 1 1 0 0 3 0 1 3 260 44 1 12 8 2 0 58 87 20 0 3 17 27 6 43 1
359 19 59 35 30 1 44 106 65 2 1 5 55 1 97 132 26 2 3 5 2 1 3 7 72 3 3 8 148 2 214 83 76 6 5 3 6 0 2 4 5 0 2 1 8 1 1 4 62 4 2 1 5 0 5 2 167 9 2 1 237 9 49 32 26 0 5 4 4 0 11 5 3 0 0 0 11 0 6 7 2 0 0 1 0 0 0 0 7 0 0 0 5 0 6 3 61 3 3 1 6 0 1 4 3 1 0 0 11 1 1 0 234 7 3 4 2 0 7 28 367 11 0 3 123 3 26 43 73 41 5 98 4 1 3 137 4 7 0 1 3 3 3 36 1 9 0 9 0 0 0 4 5 7 0 4 7 2 2 28 3 1 0 1 0 0 1 2 0 1 0 0 0 0 0 0 1 3 0 3 0 0 1 1 3 2 1 2 1 4 2 12 47 86 4 150 5 3 6 76 5 2 0 1 2 4 2 20 3 5 1 10 0 1 1 6 4 4 0 2 3 13 1 43 130 90 0 33 10 5 5 22 0 1 0 0 5 2 0 6 255 91 4 34 4 6 2 43 88 38 0 8 32 59 5 79 185 13 43 65 21 1 85 140 40 6 1 4 72 4 138 143 18 1 1 7 0 0 5 5 46 7 1 4 96 6 135 95 49 7 4 1 0 1 6 3 3 0 0 0 8 0 2 1 49 3 3 4 0 0 1 5 176 8 4 3 191 3 47 31 28 2 4 0 6 1 8 4 2 0 0 0 4 0 6 5 0 0 0 0 0 0 0 0 1 0 0 1 2 0 4 4 78 2 9 3 7 0 2 4 8 0 0 0 7 0 4 1 146 3 4 5 5 0 3 7 212 5 3 3 112 3 27 30 40 45 6 189 4 2 3 232 2 2 1 4 0 1 3 64 4 6 1 10 0 0 0 6 2 1 0 2 2 8 3 51 0 6 0 1 0 1 0 1 1 0 0 1 0 1 0 0 8 3 0 4 0 0 0 2 2 1 0 2 1 4 0 12 67 158 6 309 5 2 6 115 0 5 0 3 0 3 6 42 1 4 1 4 0 1 1 6 4 6 1 3 4 3 3 49 162 160 0 62 5 4 3 36 4 1 0 3 0 2 1 9 189 135 1 35 1 5 2 33 68 50 2 8 32 43 5 76 236 25 68 73 20 0 42 149 45 2 1 5 46 2 107 189 28 1 4 4 1 1 0 2 53 8 9 2 100 3 405 82 53 3 7 2 2 0 3 2 2 0 0 0 1 1 0 1 67 9 1 2 2 2 4 3 93 2 3 3 128 5 57 12 19 0 2 1 5 0 5 2 2 0 0 0 3 0 7 7 0 0 0 3 0 0 0 0 3 0 0 0 5 0 5 5 52 4 1 4 4 0 1 7 3 0 0 1 3 0 2 0 128 2 1 5 3 0 5 12 144 3 2 2 81 2 35 36 67 70 1 136 2 2 1 224 2 3 1 2 1 2 3 59 4 2 0 7 0 0 0 4 2 1 0 3 2 4 3 26 4 7 0 1 0 0 0 0 0 0 0 0 0 0 0 0 4 2 0 0 0 0 0 1 4 1 0 1 1 4 0 3 52 140 3 231 5 5 4 130 0 3 0 0 1 7 5 31 4 8 0 8 0 0 0 2 4 4 0 1 7 13 1 49 132 310 0 76 6 6 1 38 1 1 0 0 2 6 1 12 261 93 2 26 5 5 1 49 65 35 0 8 36 45 4 64 184 24 64 94 26 4 89 157 41 1 3 3 63 3 143 175 14 4 4 6 1 0 3 4 34 3 2 5 138 7 144 112 46 2 3 3 4 0 1 3 4 1 0 0 6 0 1 1 51 6 0 7 1 1 1 0 150 9 1 3 198 9 51 27 21 1 5 6 4 0 5 4 3 0 0 0 3 0 7 6 0 1 0 0 0 0 0 0 0 0 0 0 6 1 4 1 65 1 2 3 6 1 2 2 1 0 0 0 5 0 4 5 120 4 1 1 5 0 5 1 184 4 1 2 96 5 22 25 49 50 0 245 2 5 7 216 1 2 0 0 2 2 0 87 0 4 0 3 0 0 0 7 4 7 0 3 3 6 2 40 1 5 0 5 0 0 0 2 0 0 0 0 0 0 0 0 3 5 0 4 0 0 0 2 1 7 0 1 1 3 0 9 65 204 8 294 9 7 5 149 1 1 0 0 7 3 2 49 1 6 0 11 0 0 0 7 2 7 0 4 2 12 2 61 139 197 2 56 7 8 1 34 3 0 0 0 4 3 0 6 114 101 0 31 3 4 5 26 43 33 2 4 25 35 6 73 1
1335 38 28 57 55 2 51 278 124 6 2 6 61 2 75 248 35 2 8 6 9 0 1 6 68 4 4 10 75 2 42 61 24 2 3 0 4 0 2 1 2 0 0 0 4 1 0 0 55 4 1 1 0 0 4 8 79 5 3 2 146 5 27 29 36 1 3 1 4 0 4 7 4 0 0 0 5 0 3 6 1 0 0 0 1 0 0 0 3 0 1 1 2 2 5 6 38 1 0 1 2 0 1 9 4 0 0 0 3 0 6 5 222 11 2 7 9 2 12 122 164 3 4 0 79 5 19 112 96 44 7 61 5 1 5 130 7 0 0 0 0 2 0 27 7 2 0 3 1 0 0 9 1 4 0 2 4 1 0 18 2 5 0 1 1 0 0 1 0 0 0 0 0 0 0 0 5 3 0 2 1 0 1 6 1 1 0 1 2 4 1 3 49 72 2 75 2 2 10 55 1 1 0 0 0 2 3 11 1 2 0 2 0 0 0 6 1 3 0 1 4 3 1 17 34 25 1 12 5 3 2 17 1 0 0 1 2 3 0 11 181 37 0 20 4 3 6 83 32 13 1 7 23 11 10 72 1197 28 50 64 60 5 60 113 76 3 2 7 46 3 97 145 56 3 6 6 2 1 1 5 54 8 5 9 65 3 71 70 47 7 7 2 3 0 3 3 9 2 0 0 5 1 4 2 47 5 1 2 1 0 3 5 130 5 0 3 104 5 20 24 32 5 6 3 11 0 4 5 5 1 0 0 8 2 8 6 0 0 2 0 0 0 0 0 2 1 3 1 2 0 6 4 42 2 1 2 5 1 3 3 3 0 1 0 11 0 2 2 79 2 1 5 8 0 4 19 298 9 1 4 99 4 16 56 54 56 7 115 6 5 8 125 3 5 0 1 5 2 4 33 2 2 2 18 1 1 2 8 1 5 0 5 3 2 0 26 3 9 1 1 0 0 0 2 0 1 0 0 0 2 1 2 2 8 0 4 2 1 0 4 3 1 1 2 0 3 1 16 52 100 4 194 7 6 11 89 1 3 0 1 4 4 0 30 1 5 1 7 0 1 0 8 1 3 1 2 3 7 4 37 72 159 4 51 5 4 4 31 1 1 0 2 1 6 1 13 41 53 2 24 5 2 5 46 14 23 0 9 19 36 11 96 460 53 46 47 58 2 71 185 125 13 10 7 66 4 193 484 44 5 4 9 5 0 3 8 63 10 4 10 97 3 162 145 29 5 2 1 4 3 3 4 4 2 0 0 2 0 1 8 59 3 2 1 1 2 5 13 71 6 2 3 70 1 49 39 41 3 1 2 8 0 9 8 4 0 1 0 8 0 8 3 5 1 1 0 0 0 0 0 2 0 0 0 2 0 8 7 53 4 0 2 6 0 4 6 10 0 0 0 6 0 3 15 213 10 1 6 6 1 5 35 151 7 1 8 72 3 36 75 84 62 1 53 8 3 21 192 10 2 1 3 3 3 3 66 4 5 1 3 0 0 0 17 0 0 0 0 1 1 1 32 4 0 1 3 0 0 0 2 2 0 0 0 0 1 0 1 10 6 0 1 1 0 0 10 1 0 1 0 2 0 2 9 51 107 0 55 5 4 6 57 0 1 0 0 2 5 7 22 1 4 1 1 0 1 0 3 2 2 0 4 0 1 1 25 81 122 1 34 8 3 2 20 1 2 0 0 3 2 5 7 148 62 1 15 13 3 10 87 23 18 0 8 20 23 5 92 441 34 49 63 36 3 59 172 101 8 2 7 45 1 115 153 56 3 2 7 1 0 3 8 48 6 1 2 54 1 102 77 34 5 3 3 4 0 1 3 0 1 0 0 4 0 0 4 72 8 2 6 3 1 2 8 125 4 0 4 110 5 34 36 40 1 6 4 3 0 10 9 8 1 0 0 5 1 7 8 5 1 0 0 1 0 2 1 2 1 0 2 3 1 1 4 64 2 1 6 7 1 6 9 6 0 0 1 6 1 4 3 329 6 4 6 8 0 5 58 396 3 1 3 90 3 24 72 107 54 7 138 3 2 6 241 7 2 0 2 2 4 5 50 4 7 0 6 3 1 0 8 1 1 0 4 3 3 2 24 2 6 1 3 2 1 0 2 0 0 0 0 0 0 0 1 4 10 0 3 0 1 1 4 2 2 0 2 0 1 1 16 47 74 5 218 5 3 6 94 0 0 1 3 3 3 2 21 0 4 0 9 0 0 0 9 3 7 0 5 3 9 1 50 56 63 1 40 3 4 2 34 0 1 0 0 1 4 0 10 132 41 2 32 6 2 3 64 36 26 0 9 17 40 4 102 1
732 55 70 46 37 2 49 153 72 3 4 2 50 2 80 152 47 2 2 5 5 0 1 3 58 10 8 5 109 4 143 66 82 5 5 1 6 2 3 1 0 0 0 0 5 0 1 0 83 3 2 3 3 0 1 4 112 2 0 1 322 3 38 19 55 1 8 5 6 0 7 5 4 0 0 2 7 0 4 3 2 0 1 0 0 0 1 2 3 0 0 2 6 1 7 4 46 5 1 2 3 0 2 2 6 0 0 0 2 0 2 2 269 3 3 4 3 0 5 32 267 0 0 1 80 2 24 45 86 46 2 65 4 1 0 114 5 1 0 1 3 3 1 37 2 4 0 4 1 1 0 1 2 1 0 2 0 5 1 21 2 3 0 1 1 1 0 2 2 0 0 0 0 1 1 0 4 2 0 1 0 0 0 4 2 1 0 0 1 7 1 2 47 91 6 90 4 3 4 61 1 1 0 0 3 4 3 18 1 5 2 1 0 0 0 3 6 4 1 2 7 14 0 42 113 89 0 19 7 3 2 22 3 1 0 0 1 3 0 2 288 78 0 22 4 1 4 45 80 14 0 3 33 51 7 73 531 51 44 70 25 2 45 162 48 3 4 3 35 0 49 145 36 3 5 4 0 0 0 4 46 3 3 5 75 2 134 59 80 4 4 2 2 1 0 2 2 0 0 0 4 0 0 3 55 7 3 2 2 0 1 5 75 4 2 4 143 3 36 19 63 4 3 1 4 0 2 6 4 0 0 0 4 1 5 4 2 0 0 0 0 0 0 0 2 0 0 0 0 0 2 2 87 6 4 2 4 0 2 3 2 0 0 0 6 0 0 3 300 5 3 7 4 1 6 51 205 5 0 3 96 1 16 40 58 40 2 66 2 3 0 140 4 5 0 1 1 2 0 32 3 6 0 2 0 0 2 1 2 1 0 1 0 4 1 12 4 5 0 2 0 0 0 1 0 0 0 0 0 1 0 0 1 8 0 0 0 0 1 4 1 2 1 0 1 2 0 1 79 144 5 160 4 2 6 60 3 1 0 1 4 3 1 20 4 3 0 3 0 1 1 4 6 3 0 2 7 18 2 54 117 357 0 59 2 3 1 20 2 0 0 0 1 3 0 2 399 115 0 14 3 1 2 44 87 39 0 10 23 51 2 60 795 36 68 34 37 4 32 161 104 5 1 3 28 0 48 107 53 1 5 3 2 0 3 8 56 3 4 4 120 3 217 47 76 9 6 3 3 0 2 0 2 0 0 0 3 0 1 2 71 5 2 2 4 0 2 6 94 5 0 2 136 1 35 27 33 2 2 5 3 0 0 6 6 1 0 0 3 0 3 2 5 0 0 0 0 0 0 1 3 0 0 0 7 0 5 5 48 1 1 2 2 0 4 5 8 0 0 0 5 0 1 3 310 5 4 8 10 0 7 17 430 8 1 8 76 6 34 66 77 40 3 37 4 1 7 298 3 1 0 0 1 3 2 49 7 3 0 2 1 0 0 2 2 1 0 1 1 5 2 17 0 7 1 0 0 0 0 0 0 1 0 0 0 0 0 0 5 6 0 2 0 0 0 5 2 0 0 0 2 1 0 2 40 51 2 33 6 5 4 51 7 1 1 0 0 8 1 17 2 4 0 1 1 0 1 1 5 6 0 3 6 15 3 36 72 190 1 33 0 5 0 17 1 2 0 0 1 4 0 3 180 55 1 18 4 2 4 61 72 18 0 2 35 38 7 82 462 43 30 61 26 6 41 267 82 9 7 16 32 1 62 494 34 5 1 4 0 0 0 5 45 7 2 8 78 8 40 48 27 1 2 1 1 0 1 1 3 0 0 0 1 1 0 0 45 4 2 1 1 0 1 10 65 4 0 2 60 0 18 20 29 3 1 3 6 0 4 5 4 0 0 0 1 0 8 14 1 0 0 0 0 0 0 0 0 0 0 0 0 0 0 5 39 7 0 0 5 1 0 11 3 0 0 0 5 0 4 10 188 6 1 1 6 2 6 27 166 6 2 4 51 3 33 63 113 38 1 113 2 0 10 404 4 1 0 3 1 1 1 58 8 6 0 3 0 0 0 3 2 1 0 3 0 1 2 11 7 2 0 0 0 0 0 2 0 0 0 0 0 1 0 0 20 8 0 1 1 0 0 1 0 1 0 0 1 4 0 1 32 93 2 190 1 2 4 78 2 0 0 2 0 4 2 15 0 0 0 1 0 0 0 0 3 4 1 0 1 12 1 10 93 89 3 31 7 1 3 37 3 1 0 2 3 1 0 9 552 89 0 32 20 0 11 69 50 17 0 7 16 28 6 66 1
505 34 101 62 29 6 62 94 68 10 10 5 58 13 60 78 32 5 9 6 0 0 4 7 44 11 7 7 49 3 60 60 122 11 17 6 13 3 3 7 6 0 1 3 12 2 8 9 59 8 7 5 8 0 5 9 71 11 6 2 89 18 38 40 77 5 12 10 3 1 8 10 12 1 1 1 8 0 12 12 3 0 2 2 0 0 0 0 4 1 3 1 6 2 10 8 90 3 4 6 7 3 4 12 12 2 1 3 17 2 8 11 118 11 10 8 6 1 7 16 88 12 2 14 84 11 34 64 78 53 12 74 6 6 7 75 17 8 2 2 10 5 3 52 1 11 1 18 0 1 1 11 8 6 0 5 3 8 1 55 9 8 0 8 1 4 1 4 0 4 0 0 1 5 0 3 11 20 0 3 0 2 0 13 6 10 1 3 3 11 3 29 71 43 16 97 8 6 11 69 6 7 0 6 10 11 4 50 6 12 2 24 0 2 1 10 9 6 1 12 10 11 6 98 81 59 7 33 4 3 6 34 4 4 0 6 6 11 6 22 99 68 3 46 9 11 6 70 44 46 3 28 47 89 28 281 620 33 135 56 70 6 67 203 122 11 9 6 50 8 100 154 41 8 32 7 3 1 4 7 55 10 26 11 83 4 201 84 106 27 17 5 9 2 1 2 5 1 0 1 7 2 2 3 39 6 1 2 4 1 2 9 29 4 2 2 30 10 20 28 86 3 11 0 5 1 9 9 5 1 0 0 7 0 10 11 5 0 1 0 0 0 0 0 2 0 2 0 9 1 21 7 75 1 1 2 16 2 4 13 6 0 1 2 5 0 4 6 138 7 3 12 2 0 12 48 46 6 3 8 44 6 36 68 115 42 3 41 13 1 8 96 13 3 2 2 4 1 6 28 11 4 1 6 3 1 0 11 2 3 0 2 5 2 2 24 5 26 0 3 0 2 0 2 1 0 0 0 0 3 0 1 5 7 0 3 1 1 0 9 2 0 0 4 1 12 1 16 38 46 6 42 6 6 8 51 3 1 0 0 6 7 3 30 4 2 4 5 0 1 0 3 4 5 2 13 6 31 20 112 79 148 2 20 7 30 6 33 1 3 0 2 5 28 2 14 119 64 3 19 6 3 6 97 14 9 1 10 19 108 7 197 362 51 110 71 26 4 59 72 81 17 11 21 36 6 67 149 28 4 8 7 4 1 11 10 38 4 14 7 58 8 101 63 144 16 26 7 14 5 8 2 7 0 0 1 6 1 3 4 54 7 4 1 2 2 5 8 45 8 6 1 75 10 40 32 31 4 14 9 7 0 4 7 7 1 5 2 2 0 12 24 4 1 2 2 0 0 0 1 7 3 1 3 6 0 12 8 61 5 8 5 4 2 7 7 8 1 1 1 8 1 8 10 68 2 5 9 5 4 7 30 64 10 7 10 44 6 30 59 80 77 6 73 8 4 13 119 15 9 1 7 2 9 2 56 10 6 0 8 1 0 0 9 4 4 0 3 4 7 4 31 10 14 0 3 4 4 0 8 0 1 0 0 0 4 0 5 14 7 0 6 4 2 0 6 4 8 1 6 1 11 2 25 41 81 13 96 7 11 7 61 4 3 1 2 11 10 10 40 4 9 4 22 0 1 0 8 9 14 4 12 6 32 9 125 83 153 4 44 9 19 5 42 4 4 0 4 9 18 5 45 120 59 3 30 18 15 16 96 51 36 1 23 36 129 28 259 449 37 90 55 86 7 71 127 115 7 4 10 104 6 129 130 52 4 12 6 8 1 5 5 73 9 7 5 286 17 127 82 83 9 10 2 11 0 3 4 3 0 0 0 5 2 2 0 53 6 4 0 1 0 5 4 72 6 1 4 137 9 29 36 36 3 7 5 6 1 10 10 9 1 0 1 6 0 5 9 2 1 1 1 0 0 0 0 2 0 2 3 9 1 7 5 48 4 1 5 10 0 4 9 12 1 0 1 11 0 7 6 79 5 3 8 6 0 9 36 115 9 1 17 57 7 20 106 122 54 4 85 14 5 16 138 13 6 0 5 6 3 4 48 10 7 2 13 2 0 1 8 4 7 0 2 1 11 1 34 7 10 1 2 0 0 1 4 1 1 0 0 1 1 0 2 10 7 0 0 2 4 0 9 1 2 0 3 3 8 0 14 61 129 8 85 5 8 10 59 4 4 0 0 3 8 3 24 4 5 1 9 0 0 0 7 0 3 2 7 8 26 11 76 58 76 0 28 10 4 4 22 1 2 0 1 3 8 3 10 75 50 3 28 6 7 6 97 26 18 3 6 23 58 12 171 1
423 43 50 78 62 4 97 190 73 3 2 4 99 3 174 261 38 8 3 8 6 1 2 8 73 9 3 9 145 7 145 96 49 3 1 1 3 1 0 2 1 0 0 0 4 0 0 0 78 5 2 0 3 0 3 5 136 8 2 2 111 4 39 28 48 0 4 0 4 0 11 2 3 0 0 0 5 0 4 2 3 0 0 0 0 0 0 1 0 0 0 0 3 1 3 4 66 0 0 1 10 0 1 3 11 0 0 0 1 0 1 1 210 8 2 3 7 0 2 12 258 6 2 10 91 6 39 50 57 65 1 145 3 2 4 211 2 2 0 1 3 1 1 47 2 9 0 9 0 1 0 6 3 3 0 6 1 3 1 24 1 4 0 2 0 1 0 0 0 0 0 0 0 0 0 1 5 12 0 3 0 1 0 4 1 2 0 2 0 5 0 13 67 114 2 161 2 7 10 112 1 1 1 0 2 5 1 21 1 5 0 0 0 0 0 4 1 6 1 2 0 9 0 43 123 66 1 23 3 1 2 23 3 0 0 0 3 1 0 3 145 79 1 22 2 5 4 36 38 18 0 5 16 27 2 58 466 37 41 75 43 2 88 348 83 3 1 7 76 3 134 456 33 4 2 5 1 0 0 10 44 4 4 4 99 6 88 89 36 0 1 2 3 0 1 4 3 0 1 0 2 0 0 1 65 3 0 2 2 0 4 6 108 5 0 3 58 6 22 23 37 1 3 2 6 0 4 8 5 0 0 1 5 0 6 6 2 0 0 0 0 0 1 0 2 0 0 0 3 0 0 2 62 1 0 2 1 1 4 6 6 0 0 0 5 0 0 3 265 4 2 7 9 0 8 33 191 5 1 3 70 3 27 62 78 61 2 103 3 1 4 197 6 5 0 0 4 4 4 79 5 4 0 3 0 0 0 6 3 0 0 3 3 5 2 34 2 5 0 0 1 0 0 1 0 0 0 1 0 0 0 0 3 3 0 2 0 0 0 1 1 4 0 1 0 1 0 7 56 88 3 152 2 5 5 80 2 1 0 1 2 3 0 20 4 3 1 3 1 0 0 5 4 1 0 1 3 11 1 21 126 118 0 20 5 2 2 21 1 0 0 1 2 0 0 3 251 67 1 33 7 0 3 47 38 19 1 4 12 14 3 52 725 61 32 66 65 0 73 179 43 5 0 0 83 2 102 87 83 19 3 5 5 0 2 6 90 3 3 6 160 5 84 67 50 2 1 1 1 0 2 0 2 0 0 0 3 0 0 0 111 8 0 1 3 0 2 4 118 4 0 3 98 2 24 13 107 9 1 2 12 0 4 6 1 0 0 1 2 0 3 4 6 1 0 0 0 0 0 0 0 0 0 0 8 0 4 4 144 2 2 1 3 0 5 6 3 0 0 0 7 0 1 1 431 10 1 9 9 0 5 19 205 2 1 2 74 2 17 39 79 59 0 78 1 0 5 80 1 0 0 0 0 1 0 6 5 3 0 2 0 0 0 2 1 3 0 0 1 3 0 8 2 4 0 0 0 0 0 0 0 0 0 0 0 0 0 0 2 3 0 2 0 1 0 1 0 2 0 0 0 0 0 4 81 116 3 52 0 5 6 36 2 0 0 0 1 4 0 9 4 5 0 4 0 0 0 1 2 4 0 2 3 7 1 13 159 88 3 19 5 2 1 17 0 0 0 0 2 1 0 1 454 95 0 22 7 2 2 32 45 18 0 4 25 21 0 38 552 40 53 65 56 2 74 230 72 0 3 2 79 1 74 119 59 6 1 5 1 0 2 7 98 5 5 6 123 5 68 57 52 2 3 3 3 0 1 0 2 1 0 0 3 0 2 0 105 7 4 3 6 0 3 8 191 5 0 4 154 5 30 20 37 3 7 1 7 0 2 5 2 1 0 0 3 0 7 0 8 1 2 0 2 0 0 0 4 0 0 0 9 0 3 4 98 3 2 3 10 0 3 5 6 1 0 1 16 0 3 0 455 7 3 9 13 0 8 34 294 11 0 5 111 3 23 45 69 53 2 103 5 2 5 129 1 3 0 0 1 3 0 20 3 9 1 6 0 0 0 5 4 2 0 1 1 5 0 15 1 1 0 0 0 0 0 1 0 0 0 0 0 0 0 0 5 5 0 1 0 0 0 3 0 6 0 1 0 2 0 4 79 108 0 52 4 6 10 64 1 1 0 0 2 3 2 14 2 7 0 5 0 3 0 9 4 8 0 0 6 23 5 26 94 67 0 16 4 2 3 13 1 0 0 0 0 3 0 6 220 88 0 11 4 2 4 43 52 27 0 5 27 42 6 47 1
708 75 176 77 25 5 30 299 24 5 5 6 22 3 23 37 28 3 19 7 2 0 2 3 31 1 21 4 48 6 179 28 148 22 20 4 17 4 5 2 3 0 0 0 16 6 1 0 33 5 4 3 0 3 1 2 37 2 2 0 109 12 25 9 92 7 24 3 3 1 5 5 2 2 0 3 5 0 4 5 1 0 2 0 2 0 1 0 3 1 4 2 5 2 16 5 60 3 5 6 4 0 1 2 3 0 0 0 3 0 4 8 78 5 2 7 1 0 1 57 35 2 2 4 25 2 13 22 55 57 7 51 7 2 6 100 6 2 1 1 1 3 3 14 1 3 0 2 1 2 0 1 1 5 1 4 1 6 4 15 9 16 1 2 0 4 1 0 0 1 0 0 0 6 0 5 5 5 2 1 0 1 1 3 1 1 0 4 2 16 3 18 64 167 22 189 6 11 2 57 2 1 0 1 2 10 4 22 1 10 2 16 1 2 0 7 3 9 1 30 9 65 18 157 144 292 3 30 4 16 4 17 3 3 0 1 5 24 2 13 62 60 2 13 3 9 5 46 11 22 0 14 16 154 12 167 905 43 73 56 87 8 86 337 136 5 6 7 51 4 100 156 43 9 19 8 6 1 3 14 45 10 29 18 43 6 191 65 66 33 4 3 7 2 8 1 5 0 0 0 7 2 0 2 37 8 4 2 1 2 1 7 47 8 2 5 38 2 19 32 49 2 5 1 7 0 10 11 5 1 1 3 8 0 7 7 4 0 2 1 0 0 1 1 1 0 1 2 10 1 13 4 55 3 1 0 7 0 1 7 14 2 1 1 7 2 5 10 222 11 3 12 8 0 5 68 96 7 2 1 52 6 26 93 92 31 0 42 9 2 7 112 6 1 0 1 2 1 0 23 7 7 0 6 1 0 0 6 4 2 0 1 5 3 3 19 7 22 0 2 3 2 1 1 1 1 0 0 1 5 0 4 11 7 3 2 0 2 0 10 0 3 0 1 0 7 2 10 34 38 3 20 5 1 11 34 4 1 1 1 6 3 1 18 2 3 3 2 0 1 3 2 3 6 0 3 3 9 19 59 47 121 0 7 9 18 7 25 2 2 1 2 4 20 3 15 105 58 4 22 4 7 9 87 20 14 1 8 16 49 13 165 1363 51 119 53 43 9 50 73 90 21 13 18 47 2 78 110 48 7 9 10 3 3 1 6 34 5 7 16 62 6 174 54 78 14 9 3 9 5 5 7 4 0 2 2 5 1 2 4 38 8 2 1 3 1 4 5 20 6 2 5 34 6 23 24 35 6 9 1 6 1 8 8 9 1 5 9 3 2 10 18 9 1 2 0 2 0 0 3 1 0 1 4 4 1 9 11 40 1 3 2 6 1 1 9 10 3 1 2 6 1 5 12 48 9 4 6 6 2 6 17 40 13 0 12 35 6 26 72 103 43 3 36 11 4 12 74 12 3 0 1 3 4 4 32 19 9 0 6 6 0 3 4 4 2 2 3 5 8 3 25 10 10 1 0 0 1 1 1 3 0 0 0 1 2 1 3 22 11 1 3 1 1 4 9 6 6 0 1 3 5 2 12 37 66 7 47 5 10 7 43 3 1 0 6 4 5 2 30 3 3 1 8 1 4 0 7 5 5 1 14 5 17 11 94 48 88 2 28 5 15 6 41 1 4 2 4 10 22 4 22 90 45 4 21 13 9 21 77 10 13 6 18 19 71 21 218 2147 49 40 41 53 5 47 164 99 10 12 10 25 3 23 72 36 3 7 2 3 2 2 4 28 2 5 4 23 4 33 21 49 5 1 0 12 2 3 0 5 3 0 2 8 1 1 2 20 5 3 2 4 2 0 7 16 5 1 3 27 4 9 18 44 7 12 5 1 0 7 4 12 0 1 1 5 2 7 14 5 0 2 0 0 0 1 2 3 1 1 0 2 2 6 3 24 2 4 3 6 1 0 5 6 3 0 4 6 2 4 16 82 4 1 2 4 0 5 57 108 15 0 14 22 5 7 83 91 30 7 38 15 6 11 155 18 1 2 2 2 2 5 36 9 5 1 8 3 0 5 9 2 2 0 1 2 4 1 18 6 8 0 7 2 0 0 8 1 0 0 0 1 1 2 0 10 3 1 3 2 1 0 12 2 3 1 5 1 8 0 10 23 61 6 121 4 2 7 30 3 1 0 4 1 4 4 14 3 0 1 6 1 1 1 7 0 1 0 9 6 18 9 53 15 99 1 19 3 7 2 22 1 2 0 4 1 10 5 13 59 15 2 11 9 3 10 74 8 13 2 19 11 35 7 160 1
554 36 160 62 72 7 82 294 92 7 4 8 59 4 108 281 39 0 20 8 1 0 4 10 42 6 12 10 90 11 293 80 131 21 18 4 8 1 4 0 1 1 1 0 12 2 5 4 53 3 1 1 3 0 4 4 32 5 2 1 115 11 47 31 25 3 12 2 5 0 6 2 4 1 1 0 2 0 5 8 2 0 3 0 0 0 0 0 2 2 1 3 8 2 12 2 38 2 2 4 9 0 0 5 6 0 0 0 6 1 1 9 65 2 1 2 7 1 7 34 65 1 2 2 38 3 25 69 48 38 2 58 4 6 6 85 2 4 0 1 2 4 5 30 4 2 0 2 2 0 0 5 3 2 0 2 4 9 3 20 4 15 0 5 0 2 0 1 0 1 0 1 1 2 0 3 9 7 0 3 4 2 2 3 0 0 0 0 4 13 2 14 37 113 11 160 6 5 2 35 0 3 0 0 2 7 3 29 3 4 2 8 0 0 1 2 1 2 2 9 7 60 22 165 39 197 1 34 5 16 1 14 2 0 0 2 2 16 2 9 57 28 0 10 5 1 6 41 12 14 0 8 13 138 15 134 474 32 62 51 79 4 94 258 201 14 7 12 119 4 169 304 53 5 12 6 7 1 2 19 82 8 23 16 90 8 184 117 46 15 3 0 13 3 5 4 4 0 2 1 7 2 1 5 49 8 2 6 7 1 7 18 64 8 1 5 45 4 17 51 23 1 10 3 4 0 7 3 7 1 1 1 8 1 6 12 2 1 2 2 1 0 1 3 4 0 5 0 6 0 19 14 36 4 3 7 2 0 2 8 5 5 0 0 10 0 8 9 128 8 4 5 13 1 16 75 146 5 3 7 64 4 37 159 81 41 6 36 11 2 8 94 13 4 0 2 7 6 3 45 8 5 1 3 3 0 2 10 2 1 0 4 5 2 4 21 7 10 2 2 1 3 0 1 0 0 0 0 2 3 0 0 7 12 0 4 2 1 3 9 4 0 1 3 4 7 0 10 42 22 3 11 8 1 13 29 4 4 1 3 2 7 7 20 2 3 3 4 0 1 0 4 2 3 3 5 3 11 16 52 46 130 2 13 10 23 2 17 1 2 0 0 6 16 5 17 83 33 1 20 5 5 10 75 17 8 2 12 21 53 14 167 885 70 75 59 56 3 53 100 73 21 8 17 61 2 156 175 39 11 7 8 6 2 9 4 25 3 14 18 84 5 303 81 72 15 2 1 10 2 3 3 3 1 0 1 2 3 3 4 27 7 0 2 3 0 1 3 16 5 2 3 37 11 20 14 84 3 3 4 6 1 8 5 3 2 3 1 9 0 11 19 0 0 0 0 1 0 1 3 1 0 2 0 2 5 15 10 63 2 0 2 9 0 2 4 3 4 0 2 6 0 8 19 45 4 0 1 4 1 3 15 12 3 1 6 18 3 12 49 49 78 5 22 11 0 8 50 7 1 0 0 0 1 2 25 13 4 3 5 7 2 4 4 0 2 0 4 2 7 2 23 8 10 1 1 4 2 0 5 0 0 0 0 0 3 0 9 7 11 0 1 3 2 5 12 1 5 0 4 0 4 2 26 92 483 5 75 10 8 7 57 0 0 0 0 2 9 11 19 0 2 0 7 0 0 0 3 2 0 1 3 2 42 11 72 80 187 0 14 12 13 3 21 1 2 0 1 5 10 13 14 96 61 2 9 11 7 13 37 6 9 1 13 5 54 18 156 1362 49 52 47 77 3 50 325 101 11 3 14 46 3 51 319 35 8 7 7 2 0 2 12 27 5 7 7 45 1 32 48 36 14 4 3 20 3 2 3 7 1 0 1 13 1 2 4 19 10 0 2 2 1 2 7 24 7 2 4 45 9 8 19 25 2 11 4 6 2 9 12 15 3 2 1 3 1 9 14 4 0 1 0 0 0 0 2 3 0 1 1 1 0 6 4 13 1 2 1 6 0 0 12 12 5 0 1 6 0 5 14 85 4 1 8 5 0 2 85 97 16 2 11 21 7 18 107 109 46 6 66 14 4 21 202 17 3 1 4 5 6 5 48 6 4 0 6 3 1 0 18 3 2 0 5 2 5 1 17 5 6 0 0 2 1 2 5 0 0 1 1 1 5 2 4 10 5 0 3 3 1 0 15 6 3 1 5 1 10 2 18 31 56 9 71 2 5 9 47 0 1 0 0 1 2 2 21 0 1 1 10 0 0 1 5 1 5 7 5 1 9 8 48 26 66 2 14 6 9 5 22 1 0 0 1 5 7 3 15 52 19 1 9 5 2 16 85 16 7 0 21 6 29 11 186 1
427 40 36 84 46 5 74 353 90 6 2 12 58 2 102 245 40 4 3 7 0 0 3 12 65 1 1 9 110 1 91 90 29 1 0 2 4 0 1 3 3 0 0 0 4 1 1 1 59 7 2 3 3 0 0 10 101 3 1 7 74 6 26 29 31 2 4 1 3 0 5 13 3 1 0 0 5 2 3 12 0 0 0 0 1 0 0 0 0 0 0 0 3 0 4 3 52 2 2 6 4 0 2 14 2 1 0 0 7 0 3 4 235 1 0 4 10 1 8 42 229 3 0 5 71 2 41 58 81 69 1 165 5 0 4 300 4 6 0 1 2 6 2 57 5 6 0 6 0 0 0 8 5 3 0 0 1 2 0 20 1 0 0 1 0 1 0 1 0 0 0 0 0 0 0 0 5 2 0 2 0 0 2 5 1 1 0 0 1 2 1 12 45 84 2 196 8 1 6 114 1 2 0 0 2 2 1 15 2 2 0 5 1 1 0 7 3 1 0 2 4 6 0 21 90 69 0 35 5 2 2 26 0 0 0 0 2 1 1 8 243 62 1 12 5 0 6 67 55 17 1 5 22 17 9 77 378 45 54 58 42 2 50 210 97 9 3 10 64 3 116 294 30 5 5 3 4 0 1 8 66 16 3 4 117 2 157 95 46 2 1 4 5 0 2 5 2 2 0 0 4 2 2 1 49 5 1 2 1 0 5 10 117 7 0 4 156 7 37 29 43 2 6 1 2 0 8 6 8 1 0 2 5 0 4 9 0 1 0 1 0 1 0 0 1 0 1 1 2 0 5 6 34 1 1 2 6 0 1 7 8 3 0 0 8 0 5 7 158 3 6 5 5 0 2 48 167 4 0 7 73 8 30 63 79 61 1 123 4 2 4 237 2 2 0 2 2 1 4 68 7 5 0 6 2 0 0 9 3 5 0 2 3 4 0 34 2 5 0 1 0 0 0 0 1 1 0 0 0 0 0 1 10 3 0 7 0 0 1 10 2 0 0 1 1 4 1 10 50 117 8 173 5 4 8 95 3 2 0 1 1 5 2 28 2 7 0 4 0 2 1 5 2 5 1 4 2 9 3 32 84 143 2 45 5 7 5 27 0 2 0 1 1 0 0 13 207 47 0 22 6 4 9 62 39 19 0 8 29 30 7 101 450 47 40 89 56 2 104 433 54 8 2 6 53 9 142 391 37 2 1 3 2 0 1 7 48 3 3 3 89 1 67 44 35 0 4 0 1 0 1 3 1 0 0 0 3 0 0 2 53 5 1 2 1 0 5 8 49 4 0 0 38 2 17 22 36 2 4 3 6 0 6 6 2 0 0 0 1 1 4 4 5 0 1 1 1 1 0 3 2 0 0 0 1 0 2 1 54 1 1 3 7 0 2 6 1 0 0 0 2 0 2 7 291 9 0 5 5 2 6 31 146 5 1 3 52 1 5 34 62 76 1 126 3 1 5 242 3 2 0 2 0 5 0 64 6 2 0 1 2 0 0 4 2 0 0 1 0 3 0 28 1 0 0 1 0 0 0 0 0 0 0 0 0 0 0 0 3 11 0 4 0 0 0 3 0 0 0 0 0 0 0 2 61 159 0 233 5 10 6 71 6 3 0 0 0 4 0 34 2 3 0 5 0 0 0 6 4 4 0 2 2 19 2 29 95 181 1 49 3 6 2 34 1 0 0 0 0 1 0 8 225 68 0 24 6 4 2 39 44 22 0 1 12 25 2 56 401 25 49 62 47 1 71 210 73 4 3 3 63 2 98 202 62 9 5 4 1 0 7 7 96 6 2 6 183 6 158 77 46 1 3 1 4 0 1 1 2 0 0 0 8 0 0 2 100 7 6 5 2 1 3 4 229 3 0 3 298 4 37 31 32 2 4 2 11 0 3 7 4 0 0 0 6 0 4 2 6 0 0 0 0 0 1 1 3 0 0 1 10 1 4 1 59 2 1 1 7 0 6 4 6 0 0 0 3 0 2 3 210 8 2 4 14 1 1 13 244 6 1 3 161 5 32 44 37 58 4 139 4 3 5 127 3 1 0 3 3 3 2 38 1 6 0 4 0 0 0 8 3 4 1 2 3 4 1 26 0 6 0 2 0 0 0 0 0 0 0 0 0 1 0 0 1 5 0 3 0 0 0 4 1 2 0 1 1 0 0 7 60 104 3 195 7 1 8 81 1 1 0 3 0 3 1 16 3 8 0 3 0 1 0 2 4 2 1 2 3 6 1 28 74 103 2 36 3 7 1 26 2 0 0 0 3 1 0 5 116 61 0 13 3 6 2 35 43 19 0 1 29 43 10 64 1
423 51 36 72 44 1 66 278 54 4 0 9 67 2 86 149 43 8 2 4 3 1 2 4 70 6 1 10 140 5 135 65 32 1 1 1 1 0 2 2 0 0 0 0 1 0 0 1 75 1 0 3 3 0 3 1 139 6 0 0 190 4 34 21 53 2 2 1 6 0 7 9 2 0 0 0 2 0 5 6 1 0 0 1 0 0 0 0 3 0 0 0 4 1 2 1 70 0 0 2 6 0 2 4 2 0 1 1 9 0 3 3 277 7 2 2 5 0 2 4 446 2 0 1 81 4 21 25 63 69 2 157 3 2 1 445 1 2 0 1 2 3 1 51 4 3 0 6 0 1 0 3 2 0 0 0 1 4 0 24 2 2 0 0 0 0 0 4 1 0 0 0 0 0 0 0 4 3 0 1 0 0 0 0 1 0 0 0 1 3 1 2 56 95 2 92 1 2 11 89 3 1 0 0 2 2 2 12 3 10 0 1 1 0 1 4 2 2 0 2 2 15 2 27 90 67 0 18 3 6 2 21 1 0 0 0 0 1 0 3 214 60 1 18 2 4 0 35 46 24 0 1 19 26 7 36 327 35 33 80 24 1 44 194 52 1 1 1 33 2 74 114 36 6 0 6 1 1 1 5 50 4 1 9 52 3 97 59 52 1 1 0 0 0 0 1 0 0 0 1 0 0 0 1 60 7 2 2 2 0 0 5 85 2 0 0 63 0 9 22 55 3 1 3 6 1 3 8 8 0 0 0 5 1 1 3 3 0 0 2 0 0 0 0 5 0 0 0 4 0 1 4 82 3 0 2 7 1 2 9 7 0 0 1 2 0 3 3 423 10 1 8 7 1 4 13 261 2 2 0 72 4 16 32 121 82 2 195 5 4 4 312 2 3 0 0 4 3 0 29 1 1 0 7 0 0 0 1 0 1 0 2 1 1 0 12 0 3 0 0 0 0 0 0 0 0 0 0 0 0 0 0 2 8 0 2 0 0 0 0 0 1 0 0 0 1 0 2 88 157 4 175 3 3 2 139 5 0 0 0 2 2 3 11 5 5 1 1 0 0 2 3 3 2 0 1 1 6 2 11 181 186 1 61 6 0 2 29 1 0 0 0 4 0 1 6 439 121 0 26 3 1 6 51 48 27 0 2 13 17 1 36 272 21 27 57 30 2 71 237 61 2 0 6 71 1 138 212 29 4 1 8 4 1 0 7 81 4 1 4 189 4 257 92 33 2 0 0 2 1 3 3 1 0 0 0 2 0 1 1 56 7 2 2 0 0 4 4 149 3 0 2 194 2 62 20 19 2 0 2 2 1 4 11 1 0 0 0 3 1 5 3 1 0 0 0 0 0 0 1 4 0 0 1 3 0 4 0 32 4 0 6 6 0 2 2 1 0 0 0 4 0 1 1 325 4 1 0 9 0 2 16 383 5 2 4 123 1 21 37 71 63 0 98 0 2 2 311 1 4 0 1 2 2 0 71 3 2 0 4 0 0 0 3 1 0 0 0 3 2 0 15 2 2 0 0 1 0 0 2 0 0 0 0 0 0 0 0 4 5 0 0 0 0 0 4 1 1 0 0 0 2 1 3 60 67 1 57 2 2 0 80 0 0 0 0 1 2 2 16 2 0 0 3 0 0 0 0 3 4 1 2 7 6 1 22 112 82 0 21 4 0 6 26 2 0 0 0 0 2 1 5 388 64 1 17 2 2 4 28 68 12 0 1 21 21 5 41 292 31 28 61 23 2 55 291 64 4 1 2 48 2 99 208 25 1 4 3 1 0 2 5 56 7 3 5 90 1 68 76 37 2 3 2 3 0 0 0 1 0 0 1 1 0 0 0 38 8 0 1 5 0 1 4 94 1 2 4 61 1 14 19 28 3 3 3 3 0 10 6 7 0 0 0 2 0 2 5 3 0 0 0 1 0 0 1 2 0 0 0 3 0 1 2 52 1 2 5 5 0 2 5 3 0 0 0 5 0 1 2 360 7 0 4 4 0 3 20 411 4 1 1 64 1 21 28 53 84 3 119 2 1 3 306 5 0 0 2 2 2 1 57 1 2 0 6 0 0 0 6 2 1 0 1 1 1 0 14 3 1 0 0 0 1 0 0 0 0 0 0 0 0 0 0 2 6 0 4 0 0 0 4 0 0 0 0 0 1 0 4 72 233 3 213 4 4 6 102 0 1 0 1 3 3 0 21 1 0 0 1 0 0 0 1 4 0 1 0 1 13 1 17 151 197 0 58 7 4 4 25 0 0 0 1 1 1 0 2 320 109 0 23 1 3 4 39 70 10 0 3 15 19 1 43 1
357 33 31 66 35 2 57 167 58 3 1 4 57 0 129 215 33 5 1 9 4 1 2 5 70 10 3 11 106 5 102 82 64 3 0 2 4 0 2 2 3 0 0 0 4 0 1 0 70 7 3 6 0 0 3 2 188 9 0 1 146 3 32 24 63 3 2 0 6 0 11 4 3 0 0 0 7 0 5 5 0 0 0 0 0 0 0 0 2 0 0 0 8 0 0 0 96 1 4 3 6 0 4 4 1 0 0 1 7 1 4 0 244 9 1 4 10 1 7 5 253 4 1 2 100 4 25 33 73 61 1 125 2 2 5 154 4 2 0 3 1 4 1 48 2 4 0 14 0 0 0 6 1 7 0 5 1 1 0 21 2 2 0 1 0 0 0 0 0 0 0 0 0 0 0 0 3 10 0 0 1 0 0 0 1 8 0 0 0 5 1 3 81 187 4 208 6 5 8 97 1 0 0 0 4 6 5 27 5 6 0 4 0 0 0 3 1 8 0 3 3 7 1 33 158 163 1 40 5 7 4 33 2 0 0 1 1 2 0 4 185 96 0 38 6 1 4 29 51 27 0 4 10 34 2 73 506 56 38 84 55 1 75 253 77 2 1 7 82 5 146 278 45 10 4 4 4 1 4 6 62 4 1 8 141 4 184 82 47 2 2 3 3 0 0 0 1 0 0 0 1 0 1 0 78 8 3 3 0 0 2 6 115 5 1 2 89 2 26 26 52 3 5 3 8 2 7 6 2 0 0 0 8 0 5 1 3 0 0 0 0 0 0 0 4 0 0 0 2 2 3 3 95 3 0 4 8 0 2 4 3 0 0 0 6 0 2 2 290 7 3 8 6 2 6 18 263 5 0 4 80 4 27 40 69 66 2 116 0 2 4 134 2 3 0 1 1 2 1 36 2 3 0 2 0 1 0 2 1 5 0 0 1 1 0 19 3 2 0 0 0 1 1 1 0 0 0 0 0 0 0 0 5 9 0 2 0 0 0 1 1 2 0 0 1 1 0 1 76 101 2 105 9 0 3 71 0 1 0 0 1 7 2 16 4 3 0 4 0 0 0 2 1 3 0 0 5 9 0 23 141 84 0 27 10 2 2 8 1 0 0 0 3 0 0 2 257 90 0 12 3 4 1 47 41 25 0 1 18 20 3 52 372 22 31 60 32 1 74 174 88 3 2 4 55 1 96 152 39 7 1 6 1 0 6 13 67 5 6 8 105 1 110 61 48 6 3 2 4 0 1 3 2 0 0 0 5 0 1 1 84 8 1 3 4 0 5 6 138 8 0 2 97 3 32 30 31 1 4 2 5 2 10 4 8 0 0 0 7 0 6 2 1 0 0 0 0 0 0 0 5 0 0 0 2 0 2 5 88 3 0 5 8 1 4 5 6 0 0 0 6 1 3 0 324 11 5 9 16 0 10 18 365 5 2 4 120 3 27 42 58 54 4 116 6 3 6 201 2 3 0 1 0 1 0 26 1 6 0 9 0 0 0 2 1 2 0 2 1 1 0 15 2 3 0 1 1 0 0 0 0 0 0 0 0 0 0 0 5 5 0 1 0 0 0 1 0 1 0 1 1 4 1 6 67 104 3 106 10 3 8 79 4 1 0 0 3 1 1 21 7 3 0 7 1 0 0 6 2 5 0 1 4 6 2 28 139 120 1 27 5 3 0 19 2 1 0 0 1 0 0 5 381 123 2 31 6 3 1 47 58 34 2 6 28 40 7 59 470 44 42 48 23 3 45 270 80 4 1 4 53 1 76 204 47 5 5 3 5 0 2 7 69 5 3 2 80 4 52 60 45 1 5 1 1 0 2 3 1 0 0 0 1 0 1 0 81 2 3 4 1 0 1 16 90 5 1 2 67 3 27 21 58 9 0 3 2 0 4 9 6 0 0 0 5 0 6 1 6 0 0 0 1 0 0 0 0 0 1 1 0 0 2 2 86 3 1 4 4 0 6 5 8 0 0 0 6 0 2 1 404 13 7 7 9 0 13 26 395 6 1 3 70 2 22 69 90 54 1 86 6 2 3 241 6 4 0 3 2 3 0 43 8 4 0 2 1 0 1 5 3 2 0 1 0 1 0 25 1 1 0 1 0 0 0 0 1 1 0 0 0 0 0 0 5 3 0 2 1 0 0 1 1 1 0 0 1 0 0 5 63 107 2 38 6 5 3 60 4 1 0 0 2 3 1 12 6 2 0 3 0 0 0 6 2 2 0 2 2 8 4 27 128 59 0 24 2 3 6 25 1 0 0 0 0 2 0 1 445 69 1 23 4 3 5 49 87 23 0 9 19 30 0 74 1
552 57 153 64 80 11 82 215 112 8 2 8 58 4 106 290 29 4 14 6 5 1 8 6 33 4 12 4 91 6 305 85 129 17 16 3 8 0 9 3 3 0 0 0 13 2 3 0 31 4 2 1 2 0 6 14 45 5 1 3 121 11 39 32 31 2 12 2 1 0 6 7 7 0 0 0 7 1 5 10 5 0 3 0 0 0 2 0 2 0 2 1 4 0 13 0 27 1 6 2 1 1 0 6 3 0 1 0 7 1 2 9 106 3 1 4 7 2 4 49 90 4 1 4 37 3 17 86 47 41 4 66 4 4 8 67 9 2 2 0 2 3 0 38 6 5 0 7 2 1 1 9 1 4 0 3 3 6 2 25 1 19 1 5 0 3 0 1 0 0 0 0 0 1 0 5 3 3 0 1 2 1 0 2 0 3 0 0 1 2 0 10 35 125 13 142 4 7 4 51 0 2 1 1 1 7 3 21 3 6 1 7 0 1 0 1 3 6 1 10 5 62 17 154 24 175 1 28 2 19 1 13 1 2 1 1 2 22 1 10 47 28 1 20 10 3 6 41 14 22 2 8 24 118 11 142 469 38 58 54 83 6 78 185 172 10 5 10 105 1 158 273 47 9 20 12 6 0 1 19 88 10 11 11 83 3 148 104 64 20 6 4 6 1 5 1 10 4 1 2 5 2 3 3 51 8 5 6 5 2 7 17 79 6 1 3 44 5 33 54 30 7 7 5 7 1 8 6 6 0 1 4 6 0 12 9 5 2 4 0 1 0 0 3 4 0 3 0 1 0 14 9 20 5 1 0 9 1 4 7 6 1 0 0 10 1 2 12 167 6 3 7 7 2 9 64 138 9 3 8 65 6 50 133 98 52 7 49 6 7 14 95 11 3 0 0 6 8 3 49 9 3 1 7 1 1 3 5 2 4 1 6 3 6 0 25 5 23 1 1 0 1 1 1 1 0 1 0 2 1 0 0 7 9 2 6 5 0 3 9 0 2 0 3 1 4 2 13 43 20 2 18 8 4 7 45 7 2 1 2 5 3 4 22 3 3 0 4 0 1 2 4 3 4 2 8 6 10 12 49 57 119 3 17 8 22 6 25 3 2 1 3 5 20 1 18 106 52 1 23 4 5 11 90 20 17 2 11 25 40 22 193 982 104 91 47 54 8 49 89 77 25 6 13 38 2 87 205 37 12 14 7 3 0 3 2 23 3 12 10 79 8 277 70 75 4 9 2 7 3 3 0 1 0 1 0 11 0 5 3 20 6 3 0 2 1 3 5 10 3 2 1 40 4 20 19 90 8 6 0 5 0 7 8 6 3 0 5 7 0 12 17 5 0 0 0 0 0 0 2 0 0 3 0 5 1 12 3 36 3 1 2 4 1 1 3 5 3 0 5 8 1 7 19 39 3 1 3 1 0 2 22 16 11 1 6 23 0 13 60 81 79 0 70 7 4 4 56 9 3 0 1 2 2 3 20 14 5 0 5 2 1 1 12 4 0 0 2 0 5 5 21 4 14 0 3 5 3 0 1 0 1 0 0 1 1 0 1 10 5 0 4 6 3 7 5 1 1 1 0 0 8 0 19 116 364 4 107 5 7 11 41 0 3 1 0 1 7 4 16 2 8 0 6 0 1 0 4 1 2 1 4 3 23 7 82 77 194 3 17 11 14 5 21 3 2 0 3 3 11 7 16 82 63 3 10 19 8 15 59 9 16 2 15 15 67 13 135 1656 44 60 48 53 10 40 259 111 21 5 14 35 5 24 224 27 4 14 7 3 0 2 9 17 4 8 7 26 2 19 28 43 10 7 2 6 3 1 5 5 1 1 2 8 3 0 1 21 5 4 1 1 1 2 5 22 7 3 7 42 11 3 21 25 2 9 3 8 0 8 6 7 4 0 4 2 0 9 26 2 0 2 0 0 1 2 1 2 1 2 1 4 0 4 7 21 6 0 1 5 0 3 5 7 4 0 4 9 1 6 18 47 5 1 5 3 3 3 51 112 13 1 14 23 9 10 129 107 39 9 53 16 5 20 190 14 2 2 4 6 1 1 53 8 3 0 4 1 0 7 25 3 3 0 4 0 0 4 16 5 13 0 2 1 1 1 8 0 0 0 0 1 1 0 6 11 8 0 5 0 3 2 20 0 5 0 5 0 4 1 28 25 30 5 65 3 5 5 39 4 3 2 2 4 6 6 16 2 2 0 5 1 1 2 6 4 2 2 8 1 9 9 50 16 68 1 22 7 6 6 23 2 2 0 3 3 10 3 21 71 21 1 15 12 9 17 94 15 15 2 17 13 30 21 174 1
541 46 69 81 56 3 61 344 78 5 3 3 93 2 153 392 33 3 3 3 4 0 5 9 70 6 2 1 169 1 141 102 29 0 6 2 2 0 3 0 0 0 0 0 5 1 1 1 57 4 0 3 2 0 2 6 92 3 1 1 84 3 33 28 34 3 3 3 1 0 8 6 2 0 0 0 5 0 7 4 4 0 0 1 0 0 0 1 5 0 0 0 4 1 2 5 66 2 2 3 7 0 3 7 1 0 0 0 3 0 2 2 304 9 2 2 8 1 5 50 183 2 1 3 67 3 14 51 92 71 0 62 4 2 4 158 5 2 0 1 2 3 2 35 7 4 0 3 0 0 0 2 3 5 0 0 0 5 0 25 2 3 0 0 0 0 0 2 0 0 0 0 0 0 0 0 6 4 0 0 1 0 1 1 2 2 0 0 0 3 0 3 45 110 2 60 2 6 8 75 3 1 0 0 1 4 0 20 1 4 0 2 0 2 0 5 3 2 0 5 4 15 3 36 94 108 1 19 6 3 2 25 0 1 0 0 3 4 0 3 199 60 0 25 2 4 3 53 36 15 0 2 16 33 2 58 575 54 34 97 43 1 100 434 86 2 1 6 58 1 140 376 46 4 1 8 5 0 4 12 56 3 1 8 39 3 41 93 34 2 1 4 2 0 0 1 2 0 0 0 3 0 0 1 56 5 1 2 8 0 4 10 63 0 0 0 23 1 14 20 56 4 5 1 3 1 7 20 2 1 0 0 7 0 5 6 0 0 0 0 0 0 0 1 1 0 0 0 1 0 1 5 78 1 2 2 9 1 5 13 0 1 1 1 3 0 0 8 309 6 4 3 9 0 11 45 134 4 1 2 49 1 16 60 105 85 2 121 4 3 1 246 0 4 0 1 1 2 1 47 5 4 0 4 0 0 0 2 3 0 0 2 0 1 0 15 1 2 0 1 0 0 0 1 0 0 0 0 0 0 0 0 5 4 0 4 0 0 1 3 1 0 0 0 0 1 0 5 78 115 1 68 3 5 7 109 1 2 0 0 1 3 1 20 4 3 0 1 0 0 1 2 1 2 0 0 0 3 1 23 105 86 1 19 1 3 2 39 0 0 0 0 1 2 0 4 299 70 1 16 8 2 3 53 33 14 0 3 13 12 4 44 526 52 45 68 35 1 60 137 42 1 1 3 64 5 106 106 53 8 1 6 1 0 2 9 78 8 4 4 118 3 75 56 48 1 1 1 3 0 2 2 1 0 0 0 1 0 0 2 91 5 3 0 1 0 1 9 108 5 0 2 94 2 12 25 58 3 3 3 1 0 3 7 5 0 0 0 6 0 8 1 6 0 0 2 0 0 1 1 4 0 0 1 4 1 2 4 96 3 3 2 6 0 1 7 4 0 0 0 4 1 1 2 528 9 3 4 5 0 6 22 286 6 1 2 88 2 24 38 81 70 1 60 0 2 0 61 2 0 0 0 2 3 1 15 1 8 0 2 0 0 0 1 2 1 0 1 2 2 1 14 2 6 0 0 0 1 0 0 0 0 0 0 0 0 0 0 4 7 0 2 0 1 0 1 1 0 0 0 0 0 0 1 85 120 6 70 4 4 7 59 0 2 0 0 2 1 2 20 2 6 0 2 0 0 0 3 5 7 0 1 1 12 1 23 175 119 0 24 8 2 1 27 0 0 0 0 1 2 0 6 524 124 0 25 6 7 2 32 98 25 0 3 20 27 3 35 568 37 44 54 41 1 56 152 79 3 1 2 68 0 60 59 54 6 4 5 2 0 3 7 85 3 3 6 110 3 40 61 46 3 0 0 0 0 0 1 2 0 0 0 1 0 0 0 102 4 6 1 2 0 4 11 158 4 0 1 70 1 18 22 54 4 3 2 5 0 7 7 5 0 0 0 1 0 2 1 8 0 0 0 0 0 0 0 3 0 0 0 2 0 1 3 118 6 2 3 5 0 1 10 7 0 1 0 8 0 0 2 595 12 4 12 8 0 4 32 457 2 1 8 105 5 19 49 55 73 2 89 2 0 3 110 1 1 0 0 1 1 1 19 6 3 0 3 0 0 0 2 1 1 0 2 1 5 0 12 0 2 0 2 0 0 0 0 0 0 0 0 0 0 0 2 4 8 0 2 0 0 0 2 0 3 0 0 0 2 0 1 85 183 3 71 4 3 4 53 1 1 0 1 2 1 2 6 3 8 0 0 1 1 0 3 5 2 0 2 2 3 4 24 126 68 0 19 1 3 3 19 0 0 0 0 3 0 0 2 319 88 1 27 2 2 4 47 78 27 0 1 11 24 0 43 1
380 26 63 55 43 1 76 190 71 7 2 7 69 2 111 199 45 4 4 5 0 0 6 8 91 4 7 0 132 7 242 88 60 2 5 3 2 1 3 1 1 0 0 0 1 0 0 0 81 5 2 1 3 0 6 9 101 7 1 3 132 4 34 36 33 3 0 1 5 0 4 5 1 0 0 0 8 0 6 2 2 0 0 0 1 0 0 0 3 0 0 0 7 1 5 4 63 3 1 4 4 0 1 7 6 0 0 0 4 1 2 5 402 7 2 8 8 0 9 34 368 3 0 6 75 1 24 52 58 54 1 65 4 2 7 191 2 2 0 1 3 3 1 47 6 6 0 2 0 1 0 2 1 2 0 3 2 4 0 25 2 0 0 1 0 0 0 0 0 0 0 0 0 0 0 0 4 7 0 3 0 0 0 4 1 0 0 0 1 2 0 6 51 80 1 73 4 5 4 60 5 1 0 0 1 6 4 23 2 1 0 1 0 0 0 2 6 3 0 1 6 19 5 46 91 118 0 32 2 2 2 20 1 0 0 0 2 0 0 0 299 55 0 21 3 0 1 41 58 21 1 1 24 37 3 65 501 33 78 67 44 1 97 151 78 4 0 1 71 2 97 189 57 4 5 7 5 0 3 4 78 6 2 5 126 6 122 82 65 3 4 1 1 1 2 0 0 0 1 0 3 0 0 0 77 6 3 1 3 0 4 5 85 5 0 1 134 2 33 25 62 1 0 2 4 0 2 9 4 0 0 0 6 0 6 1 4 0 0 0 1 0 2 2 4 0 0 0 5 0 6 4 70 2 1 0 5 0 3 5 2 0 0 0 5 0 3 0 387 7 2 9 8 2 6 28 261 0 0 1 65 3 25 53 66 46 2 84 3 2 2 92 3 0 0 0 2 2 1 37 4 3 0 1 0 0 0 2 4 4 0 2 4 4 0 22 2 6 0 1 0 0 0 1 0 0 0 0 0 0 0 0 2 8 0 3 0 1 0 2 0 2 0 1 0 0 1 2 75 121 3 103 6 6 5 71 3 0 0 1 3 7 2 19 3 1 0 5 0 0 0 2 5 3 0 5 1 15 6 42 89 198 0 28 2 3 2 19 1 1 0 0 4 3 0 7 355 76 1 29 1 7 4 49 48 15 0 7 20 41 6 54 511 28 32 59 31 3 64 336 65 4 1 2 48 0 90 251 81 6 3 3 3 0 1 5 79 3 4 6 99 6 184 49 54 1 1 1 0 0 1 2 4 0 0 0 0 0 0 0 87 2 1 0 2 2 3 5 74 3 1 2 54 1 22 19 75 4 1 1 5 0 2 8 3 1 0 0 4 0 1 2 7 1 0 0 0 0 0 0 3 0 0 0 2 0 3 1 103 2 1 4 3 0 4 5 2 0 0 0 5 0 1 2 510 3 0 6 6 0 5 14 212 1 2 2 76 3 29 27 40 45 1 45 2 3 2 154 1 1 0 0 0 1 1 44 5 6 0 0 0 1 0 1 1 0 0 0 1 3 0 13 0 1 0 0 0 0 0 0 0 0 0 0 0 0 0 0 8 4 0 1 0 0 0 1 0 1 0 0 0 2 0 2 70 138 2 66 3 5 5 50 2 2 0 0 4 7 0 14 3 3 0 2 0 1 0 2 3 2 0 2 2 17 1 25 138 152 0 14 2 1 0 18 0 2 0 0 1 1 0 1 458 118 2 15 8 3 2 29 48 13 1 2 16 23 3 32 459 37 47 73 35 2 45 324 84 2 1 6 52 2 65 202 49 9 3 7 2 0 3 2 75 1 3 8 158 2 152 61 44 2 2 4 3 0 2 1 0 0 0 0 3 0 0 1 91 4 0 2 5 0 5 3 111 6 4 2 179 2 26 16 36 4 3 2 3 0 4 9 9 0 0 0 5 0 4 2 5 0 1 0 0 1 0 1 6 1 0 0 1 1 4 2 82 0 1 5 10 0 0 7 0 0 0 0 7 0 1 2 502 8 2 4 16 0 12 51 392 2 1 3 95 4 19 37 60 62 0 71 2 1 2 194 4 1 0 2 1 2 0 36 4 2 0 2 0 0 0 1 2 1 0 0 0 3 0 12 3 1 0 2 0 0 0 0 0 0 0 0 0 0 0 0 7 3 0 2 0 1 0 3 1 2 0 0 1 1 0 2 53 99 0 98 8 3 7 53 0 1 0 0 1 1 6 15 2 5 0 1 0 0 0 5 6 2 1 2 4 20 1 37 78 83 0 19 2 2 2 19 2 1 0 0 2 2 0 0 202 49 0 18 3 0 4 30 53 22 0 3 18 38 0 43 1
335 26 46 54 35 3 62 110 130 16 8 14 57 1 226 342 29 21 6 9 2 0 1 13 63 12 8 18 57 1 148 161 46 3 1 4 6 2 3 2 5 0 0 0 4 1 1 2 36 8 0 2 2 0 3 6 67 6 1 6 80 9 29 43 33 0 3 2 7 1 9 5 12 3 1 2 5 1 9 16 4 0 0 1 0 0 0 0 1 1 0 0 4 0 9 9 41 2 2 3 6 0 5 6 8 1 0 3 9 0 8 10 108 4 4 3 9 3 8 16 98 14 4 6 55 4 40 102 108 46 5 65 10 1 16 160 13 3 0 1 8 4 7 53 17 10 1 4 2 1 1 12 2 6 0 6 3 3 1 20 9 1 0 1 0 0 0 1 0 0 0 0 0 0 1 1 18 13 0 7 1 2 1 11 3 2 0 2 3 7 0 17 49 64 4 94 7 4 11 84 3 1 0 1 2 4 4 27 3 2 0 5 1 0 1 2 4 2 0 7 1 5 4 28 133 72 2 28 11 4 9 41 4 4 0 3 6 2 7 14 343 106 1 42 19 6 8 76 40 29 0 12 28 41 18 141 456 28 38 46 28 0 46 141 147 9 5 10 56 3 99 221 39 3 2 9 1 0 5 6 60 5 2 12 32 2 60 74 29 4 4 2 2 0 4 4 4 0 0 0 3 0 0 3 55 8 1 2 4 0 1 11 52 2 1 2 41 3 19 40 62 3 4 6 7 1 7 9 12 0 0 1 10 0 9 8 2 0 0 0 0 0 1 0 3 0 1 0 4 1 2 7 59 1 1 2 5 0 6 12 9 1 0 1 6 0 4 5 193 11 4 12 9 1 9 70 201 17 1 9 73 4 37 125 213 65 4 72 3 3 12 199 24 2 0 1 8 1 1 54 15 9 1 7 3 0 1 8 12 1 0 0 4 4 0 23 6 3 0 1 1 0 0 1 0 0 0 0 0 0 0 0 15 9 0 2 0 0 1 8 1 3 0 0 3 2 2 15 88 60 3 68 6 4 10 70 11 1 0 1 4 0 2 12 4 3 1 3 0 0 2 6 2 1 0 1 7 3 1 19 113 64 2 31 8 1 6 45 5 2 0 1 2 2 8 9 318 103 1 36 9 6 16 165 65 24 2 15 16 21 15 155 392 55 52 68 39 0 54 109 86 10 8 12 52 2 147 200 48 11 7 10 3 0 2 7 55 11 8 12 49 1 124 101 50 2 3 1 1 0 3 2 7 0 0 0 6 0 2 4 71 17 2 3 1 0 4 7 84 8 0 13 56 4 19 20 62 7 5 6 3 0 6 8 15 2 1 2 6 0 16 4 4 1 1 0 0 0 2 0 5 0 0 3 1 1 11 13 93 3 4 5 7 0 5 7 4 2 0 1 14 0 3 8 165 13 5 8 7 2 12 9 102 8 3 8 76 5 33 52 105 60 3 72 5 4 5 55 1 1 1 6 1 3 4 22 13 14 0 8 1 0 0 4 4 3 0 4 2 6 0 20 5 9 1 2 0 2 0 0 1 0 0 0 0 0 0 0 17 13 1 3 1 0 1 4 2 1 0 1 0 2 3 12 87 89 4 78 10 4 13 58 3 4 2 1 2 5 6 30 11 7 0 4 0 0 0 2 1 5 0 5 4 3 5 29 226 158 2 41 20 8 5 36 5 1 0 0 6 4 4 14 357 179 2 44 14 11 5 68 50 31 0 11 39 33 14 134 422 28 30 40 25 3 51 341 131 8 3 6 41 1 55 301 26 4 5 2 1 0 3 10 53 1 2 4 49 3 30 44 42 1 1 3 5 0 1 3 3 0 0 0 6 0 0 1 85 5 1 4 5 0 2 12 101 4 3 2 63 5 25 22 28 3 4 0 3 0 5 14 7 0 0 0 2 0 2 4 6 0 0 0 0 0 1 1 5 0 0 0 2 1 3 4 68 2 2 1 3 1 3 15 7 0 1 0 8 0 1 7 443 8 3 12 9 1 11 113 326 9 0 5 80 7 24 137 124 38 7 60 2 2 5 265 10 0 0 3 6 3 5 76 7 5 0 6 0 0 0 7 4 4 0 4 2 3 1 15 1 2 0 3 0 0 1 3 0 1 0 1 0 1 0 0 8 4 0 0 0 0 0 9 5 1 0 0 0 4 1 4 50 28 3 45 5 4 5 38 3 2 0 1 3 0 2 10 3 4 0 2 0 1 0 3 7 5 1 2 1 9 1 15 73 24 0 12 5 1 2 20 2 1 0 1 2 2 0 4 351 64 3 32 4 1 6 103 90 23 0 4 29 19 5 97 1
568 55 40 101 55 4 101 413 96 4 3 7 90 4 124 233 51 6 2 10 6 0 1 10 89 4 3 4 182 5 103 84 46 4 1 0 3 0 1 2 2 0 0 0 2 0 0 3 81 7 1 2 0 0 6 6 129 5 1 1 160 2 38 29 46 4 2 3 7 0 6 10 0 0 0 0 5 2 7 2 6 0 1 0 0 0 0 0 0 0 0 0 7 1 0 5 66 2 3 1 9 1 2 14 1 0 0 0 6 0 0 2 280 11 2 5 12 0 5 31 205 0 0 2 84 3 16 51 76 59 1 92 4 6 1 299 2 1 0 0 3 1 2 47 3 4 0 2 0 0 0 1 1 4 0 3 1 1 0 21 2 3 0 1 0 1 1 1 0 0 0 0 0 0 0 0 2 2 0 2 0 1 1 4 0 1 0 0 0 4 0 1 43 91 0 41 3 3 5 66 0 1 0 1 0 6 1 25 2 4 0 1 0 0 0 4 0 3 0 1 4 12 1 20 59 52 0 13 6 1 1 17 1 0 0 0 2 0 2 4 137 45 0 19 4 2 3 49 38 16 0 3 19 24 1 40 430 62 40 89 46 3 69 322 77 6 1 2 72 1 116 167 48 2 1 6 1 0 1 5 58 2 0 8 64 1 73 74 39 1 2 2 0 0 0 2 1 0 0 0 1 0 0 0 62 7 1 1 3 0 1 8 83 1 0 2 34 3 15 22 56 3 4 1 2 0 5 15 4 0 0 0 3 0 7 5 5 0 0 1 2 0 0 1 2 0 0 0 4 0 1 3 86 3 1 4 6 1 4 8 10 1 0 0 6 0 3 2 274 11 1 10 6 4 3 25 239 3 2 3 65 1 28 55 105 95 1 160 4 5 5 276 5 3 0 2 4 6 1 54 7 6 0 3 0 0 0 2 3 0 0 1 2 3 0 11 0 0 0 3 0 0 0 2 0 0 0 0 0 0 0 0 5 6 0 1 0 0 0 6 0 0 0 1 0 2 0 2 94 119 3 95 5 3 9 103 4 1 0 0 1 3 0 19 1 0 0 0 1 0 0 6 3 1 0 2 4 4 2 22 150 138 1 34 6 4 3 32 1 0 0 0 0 0 0 2 320 99 1 27 4 3 4 65 50 22 1 4 17 23 2 39 436 29 33 52 50 4 78 152 71 2 3 5 115 2 185 205 45 2 3 7 1 0 2 12 101 3 3 10 219 5 162 123 60 2 1 2 3 0 0 1 2 0 0 0 2 0 2 1 80 6 1 4 6 1 0 4 196 4 0 1 193 2 49 38 40 4 1 3 2 0 6 3 3 0 0 0 3 1 11 3 1 0 0 0 0 0 0 0 3 0 0 1 4 0 1 4 73 2 1 3 6 0 1 2 3 0 0 0 10 0 6 3 318 1 3 2 10 0 6 13 309 3 1 3 134 2 23 39 50 55 0 74 3 1 6 77 2 2 0 0 0 4 1 30 1 4 0 4 0 1 0 2 2 2 0 1 1 2 1 19 6 0 0 0 0 0 0 0 0 0 0 0 0 0 0 1 5 8 0 0 0 0 0 5 1 0 0 0 1 2 0 5 43 82 2 52 5 5 11 62 2 1 0 1 1 1 2 22 4 5 0 0 0 0 0 5 2 7 0 0 1 9 5 32 124 88 0 24 2 1 4 19 1 1 0 0 3 3 1 2 275 102 0 12 4 5 2 22 64 20 0 1 24 33 5 41 444 53 64 94 47 3 73 262 63 2 1 1 61 4 79 145 41 9 2 6 2 0 1 15 67 6 2 4 82 7 58 64 45 4 1 2 1 0 1 6 3 0 0 0 1 0 0 0 91 5 1 5 2 0 4 9 106 4 0 3 60 1 21 16 50 2 3 4 3 0 5 13 3 1 0 0 6 0 3 11 5 0 0 0 2 0 0 0 2 0 1 2 6 1 3 3 65 4 1 2 6 0 2 8 3 1 1 0 5 0 0 5 334 9 1 10 5 2 6 14 396 4 2 2 68 1 17 43 74 105 2 127 1 1 7 181 6 2 0 2 1 4 0 27 4 6 0 3 0 0 1 4 3 4 0 1 3 3 1 18 0 3 0 0 0 0 0 0 0 0 0 0 0 0 0 0 3 7 0 2 0 0 0 2 1 0 0 0 0 3 0 0 81 161 2 122 3 8 3 91 4 1 0 0 2 3 1 24 0 4 0 5 1 1 0 2 2 2 0 2 4 9 1 29 136 116 2 37 4 5 2 46 1 0 0 0 5 2 0 5 272 105 1 26 4 2 3 40 65 12 0 3 21 19 2 60 1
551 39 43 54 47 0 68 245 83 1 2 10 71 3 106 250 42 2 2 3 1 0 4 8 54 2 4 9 109 8 99 67 28 5 0 0 1 0 0 1 4 0 0 0 1 0 0 0 59 4 4 1 0 0 2 7 104 4 1 1 70 1 34 33 31 1 2 2 5 0 2 11 6 0 0 0 3 0 7 5 2 0 0 0 0 0 0 2 3 0 0 0 3 0 7 2 46 6 2 1 9 0 1 12 6 1 0 0 7 0 3 8 219 9 1 7 7 0 6 38 260 9 2 8 57 2 27 66 98 81 1 141 8 3 3 311 3 2 0 2 0 3 3 52 8 0 0 7 1 1 0 6 3 2 0 3 2 3 0 13 0 1 0 1 1 0 0 1 0 0 0 0 0 0 0 1 10 6 0 3 0 0 0 5 1 3 0 2 0 2 0 7 55 91 2 199 5 2 5 120 2 1 0 0 1 4 1 18 3 1 0 6 0 0 1 1 3 1 0 2 3 5 3 30 76 79 1 32 3 1 4 28 0 2 0 0 2 0 0 7 235 62 0 26 12 3 8 78 47 20 1 5 17 14 10 68 361 37 60 71 28 4 58 210 70 4 8 7 60 1 132 249 35 3 4 5 1 0 3 6 48 6 3 5 114 5 185 99 47 3 4 3 0 1 1 2 4 1 0 0 2 0 0 3 61 6 1 3 3 0 2 4 117 5 1 0 154 3 34 42 27 0 4 1 5 0 6 11 7 3 0 0 3 0 7 9 1 1 0 0 0 0 1 1 3 0 0 0 5 0 2 1 51 5 1 2 0 0 4 8 0 1 0 0 7 1 2 3 135 5 4 3 6 1 10 22 187 7 0 4 86 2 27 64 82 69 3 107 3 7 4 237 4 2 0 0 4 4 1 57 5 4 0 8 0 1 0 9 2 4 0 5 1 4 1 23 5 9 0 2 0 0 0 1 0 0 0 0 0 0 0 1 7 8 1 3 0 0 0 5 0 3 0 0 0 2 2 5 60 150 4 169 8 9 7 109 3 2 0 0 3 6 2 31 4 2 0 5 0 0 0 6 3 6 0 3 2 17 5 40 96 168 2 44 8 10 3 26 0 3 0 0 1 3 2 11 211 73 1 26 9 8 7 60 45 16 0 5 14 23 10 95 391 44 45 86 45 2 91 419 68 9 3 5 66 3 102 352 37 5 2 10 1 1 3 6 51 6 2 4 107 6 71 94 46 4 3 0 1 0 1 1 0 0 0 0 0 0 1 1 57 7 0 3 1 0 8 4 67 3 2 0 60 4 21 22 42 2 6 3 4 0 8 13 4 1 0 0 4 0 3 8 6 0 1 0 0 0 0 0 2 0 0 0 2 1 4 5 48 0 0 3 13 0 4 8 4 0 0 0 2 0 2 3 236 8 1 4 7 0 4 36 133 6 1 1 69 3 15 38 80 77 1 117 6 2 2 235 3 2 0 2 3 5 1 79 3 5 0 4 0 1 0 6 2 2 0 1 1 1 0 27 1 4 1 2 0 0 1 2 0 0 0 0 1 1 0 0 7 5 0 1 0 0 0 4 0 1 0 0 0 3 1 0 67 180 2 167 5 5 3 102 3 0 0 0 1 3 2 42 2 3 0 3 0 2 0 3 2 2 0 2 3 13 2 25 80 219 2 48 2 3 2 34 1 2 0 1 0 4 1 7 185 92 1 21 5 5 3 45 25 16 1 4 15 24 2 57 358 53 39 73 54 6 82 192 65 7 3 4 62 5 137 158 57 5 3 4 5 2 2 10 86 3 5 6 151 5 177 79 48 2 2 1 2 0 3 3 2 0 0 0 2 0 2 1 105 4 4 3 6 0 8 7 235 6 0 3 295 4 56 27 32 2 4 3 6 0 6 9 1 0 0 0 4 0 4 4 4 0 1 0 0 0 0 1 2 1 0 0 6 0 1 4 58 4 1 4 5 0 3 5 4 1 0 0 6 0 5 3 192 5 0 1 13 0 3 15 291 4 2 3 141 2 37 33 47 84 0 137 0 2 4 152 3 1 0 3 2 1 3 39 5 8 0 5 1 1 0 5 3 2 0 2 3 5 1 25 1 5 0 2 0 0 0 1 0 0 0 1 0 0 0 0 3 6 1 2 0 1 0 1 1 0 0 0 0 0 0 4 52 122 3 206 3 5 8 84 1 0 0 1 2 3 1 25 2 3 0 3 2 1 0 0 2 3 1 3 6 10 1 28 76 92 1 39 6 4 3 23 0 0 0 1 0 3 2 7 87 60 0 20 2 7 1 30 51 22 0 1 26 31 9 53 1
665 54 60 68 37 3 58 121 73 2 3 0 65 3 78 102 51 9 8 3 3 0 1 5 68 8 6 5 104 6 91 60 78 6 2 1 8 1 1 1 4 0 0 0 6 2 2 0 99 4 2 2 4 0 4 8 107 5 4 3 275 5 32 6 44 5 8 1 7 1 7 4 6 0 0 0 4 0 5 2 1 1 0 1 0 0 0 1 1 0 0 1 7 2 4 2 79 4 1 2 5 0 0 4 5 0 0 0 8 0 1 6 326 9 1 8 5 1 8 46 288 5 0 4 101 4 18 52 77 60 4 69 4 1 6 133 3 1 0 1 2 2 1 28 3 4 1 3 0 2 1 3 3 4 0 5 1 5 0 14 4 1 1 3 0 0 0 1 0 0 0 0 0 1 0 1 4 4 1 3 0 0 1 4 0 2 0 0 2 6 0 5 69 72 5 92 3 3 2 51 3 1 0 1 4 4 1 8 4 6 0 3 0 1 1 1 3 3 1 6 7 11 4 39 95 93 1 26 3 4 5 13 0 0 0 0 1 2 0 3 324 90 0 16 5 1 5 58 53 27 0 4 28 56 8 63 559 32 59 48 33 2 39 163 60 3 2 3 51 1 46 148 35 4 4 1 1 1 2 5 46 3 4 4 66 3 109 55 77 7 5 4 5 0 1 1 3 0 0 1 1 0 1 2 57 2 2 3 1 1 1 6 82 2 0 1 110 5 25 17 55 1 7 1 4 1 4 8 3 0 0 0 4 0 2 1 3 0 0 0 0 0 0 0 3 0 0 0 5 1 2 1 81 0 2 3 4 1 0 6 4 0 0 1 4 0 1 5 325 8 4 7 3 2 7 39 225 1 2 1 80 3 11 37 66 57 1 80 1 3 4 111 6 3 0 0 3 2 2 36 3 3 0 2 0 0 0 1 3 0 0 2 1 2 0 14 1 7 1 2 0 0 0 0 0 0 0 0 0 0 0 0 3 9 0 2 0 0 0 1 0 2 0 1 1 1 0 2 81 160 6 188 5 8 3 60 0 1 0 2 2 8 3 26 5 2 0 5 1 2 0 4 3 5 1 5 5 18 3 45 132 314 1 64 4 5 1 22 0 0 0 0 2 2 0 2 417 126 0 14 3 2 3 44 77 33 0 4 32 36 4 48 747 47 44 40 49 4 58 213 97 4 0 3 64 5 67 152 71 6 3 5 4 0 7 6 87 5 3 6 123 3 164 83 42 2 2 0 4 0 4 2 0 0 0 0 3 0 2 1 109 3 3 0 3 0 4 10 148 7 0 1 143 2 50 34 39 5 1 1 0 0 1 6 3 0 0 0 4 0 5 0 1 0 0 0 0 0 1 1 4 0 0 0 5 0 3 2 73 1 2 5 4 0 0 5 5 0 0 0 4 0 3 3 371 8 3 4 13 0 10 42 404 2 5 1 118 0 27 40 55 39 2 52 3 1 2 164 3 0 0 1 0 1 1 31 5 1 0 3 1 0 0 2 3 3 0 2 2 5 1 14 3 2 0 0 0 1 0 0 0 0 0 0 1 0 0 0 7 4 0 1 0 1 0 1 0 0 0 0 0 1 0 1 54 56 2 33 2 2 5 51 0 2 0 0 2 2 1 14 0 2 0 2 0 0 0 2 4 4 0 0 4 12 4 27 76 59 0 20 1 1 3 16 0 0 0 1 2 1 2 1 251 71 1 25 5 4 2 51 57 24 0 0 21 34 3 53 619 32 38 48 32 7 52 290 89 1 0 2 37 1 42 156 53 3 2 4 1 0 1 10 63 2 0 7 70 4 51 41 32 3 1 1 2 0 1 2 1 0 0 0 1 0 0 0 88 4 2 2 1 0 1 10 93 5 0 1 78 2 22 15 45 2 3 3 3 0 6 7 1 0 0 0 2 0 4 0 2 0 0 2 0 0 0 0 1 0 1 0 4 1 1 2 82 1 3 4 2 0 6 5 3 0 0 0 5 0 1 4 531 12 1 9 15 0 13 86 321 5 1 5 75 2 30 71 98 50 1 70 2 4 2 279 10 0 0 1 2 2 2 38 2 1 0 3 0 0 0 1 2 0 0 1 0 1 0 12 1 2 0 0 0 0 0 1 0 0 0 0 0 0 0 0 7 3 0 2 0 0 0 6 1 3 0 0 1 0 0 5 61 89 1 188 1 7 5 56 1 2 0 3 3 6 1 9 5 8 0 4 0 0 2 3 4 7 0 2 2 9 3 20 88 91 1 22 4 1 1 16 2 0 0 0 1 2 0 5 230 83 0 23 4 4 4 76 61 27 0 2 15 30 5 51 1
281 34 52 65 19 2 73 234 54 2 2 6 56 2 124 229 43 3 0 7 0 0 3 4 55 5 3 4 111 10 156 90 45 2 3 1 3 0 2 4 1 0 1 0 3 0 0 5 75 5 0 4 0 0 4 9 138 5 0 6 170 7 22 23 44 3 3 3 4 0 2 10 4 0 0 0 2 0 4 3 1 0 1 0 0 0 0 2 3 0 0 1 4 1 2 2 81 3 4 4 6 0 2 8 2 0 0 0 6 0 2 11 195 6 1 4 4 0 9 13 202 5 3 5 106 3 22 24 68 60 0 158 3 3 5 196 6 4 0 1 3 5 0 67 3 3 0 3 0 0 0 3 3 5 0 3 1 8 0 22 4 2 0 1 0 1 0 0 0 0 0 0 0 0 0 0 4 5 0 2 0 0 0 5 2 6 0 0 1 5 0 5 68 154 1 210 4 2 4 94 1 1 0 0 3 5 3 30 2 9 0 10 1 0 0 2 3 4 0 6 1 6 4 42 173 136 3 43 4 6 4 41 0 0 0 0 2 1 0 0 237 96 0 28 6 4 1 30 43 29 1 6 22 37 0 80 431 45 44 62 37 1 81 321 51 1 1 4 82 4 156 329 35 4 5 5 3 0 1 5 81 5 2 3 109 1 178 114 39 3 0 2 3 0 5 1 1 0 0 0 1 0 1 2 70 8 1 2 1 0 2 6 115 6 1 2 84 2 29 18 36 1 1 2 5 1 6 8 3 0 1 0 3 0 5 2 1 0 0 0 0 0 0 0 3 1 0 0 2 1 3 5 77 3 0 3 4 0 2 8 3 0 0 0 4 0 2 1 379 9 7 10 8 1 8 34 189 6 0 5 80 2 28 50 79 51 1 112 4 3 2 199 2 2 0 0 1 1 1 51 2 5 0 2 0 1 0 7 0 1 1 2 3 6 0 16 3 0 0 1 0 0 0 0 0 0 0 0 0 0 0 1 5 3 0 2 0 1 0 4 1 3 0 0 0 5 0 4 63 73 3 85 2 7 2 79 4 1 0 1 5 4 0 17 4 3 0 3 0 0 0 3 2 5 0 2 4 7 1 24 113 45 0 24 3 3 1 17 2 0 0 0 1 2 0 2 339 64 2 23 4 5 4 36 50 20 1 9 21 23 2 49 361 30 40 36 37 1 59 169 107 6 2 5 68 2 91 101 47 2 2 9 5 0 0 9 82 6 2 2 90 5 69 79 53 2 1 2 2 0 0 1 3 0 0 0 1 0 0 1 96 7 0 1 1 0 3 7 156 3 2 5 99 4 30 21 58 1 2 1 5 0 11 7 6 0 0 0 7 0 0 3 2 0 0 0 0 0 0 0 2 0 0 0 4 0 5 3 87 3 2 4 7 0 0 7 5 0 0 0 8 0 3 5 377 8 2 10 12 1 9 28 418 11 3 4 94 2 38 53 83 51 2 96 5 4 5 154 3 3 0 1 3 2 0 26 6 7 1 7 0 0 0 6 3 4 0 2 1 3 0 21 2 3 0 0 0 0 0 0 0 0 0 0 0 0 0 0 3 6 0 2 0 0 0 2 0 3 0 2 1 1 0 3 76 90 3 113 4 2 4 60 0 2 0 0 0 1 1 10 6 2 0 5 0 0 0 3 3 3 0 5 3 7 4 17 152 125 1 27 5 4 4 20 1 0 0 0 2 3 1 2 378 118 3 33 5 2 7 65 66 26 0 5 23 30 6 68 434 35 33 48 41 0 59 245 88 4 2 5 53 3 62 184 43 3 0 13 1 0 0 10 62 4 2 2 56 2 38 43 31 2 2 1 0 0 1 0 2 0 0 0 2 0 1 1 77 8 4 3 0 0 0 6 119 2 0 2 64 1 15 23 53 2 3 3 4 1 8 10 8 0 0 0 3 0 2 4 3 0 0 0 0 0 0 0 2 0 0 0 4 0 1 3 78 1 1 4 6 0 1 7 7 0 0 0 6 0 0 1 580 12 3 8 10 0 15 36 460 5 0 5 61 4 22 72 88 77 2 89 4 2 3 211 2 1 0 2 0 1 0 50 8 3 0 3 0 0 0 6 2 2 0 0 2 1 0 12 0 3 0 0 0 0 0 1 0 0 0 0 0 0 0 0 4 3 0 0 0 0 0 6 0 5 0 0 1 1 0 2 101 100 1 42 3 1 6 54 0 1 0 0 1 1 2 13 4 7 0 1 0 0 0 6 2 4 0 1 4 11 2 11 108 59 0 20 3 2 2 28 3 1 0 0 0 2 0 3 415 88 1 34 4 2 3 60 74 21 2 6 26 20 1 51 1
430 58 65 62 51 4 66 180 52 6 3 0 57 3 73 79 53 1 6 3 1 0 4 6 59 5 1 3 153 4 168 78 61 4 7 1 5 0 0 1 6 0 1 0 3 0 0 1 77 7 5 2 0 0 2 3 138 2 0 1 275 5 44 15 51 1 1 6 2 2 5 7 2 0 0 0 3 0 3 2 2 1 0 0 0 0 0 0 0 0 0 0 8 0 3 4 67 5 2 0 5 0 0 9 4 0 0 1 5 0 0 1 346 8 3 7 10 1 5 33 298 1 0 1 97 4 17 45 82 61 1 96 1 7 3 173 7 1 0 1 1 3 0 36 7 2 0 5 0 0 0 1 0 3 0 2 2 2 0 26 3 2 0 1 0 0 0 3 0 0 0 0 0 0 0 1 4 7 1 0 0 0 0 1 0 1 0 0 0 0 0 2 68 78 2 76 3 3 5 78 1 1 0 0 4 5 1 21 3 7 0 2 0 1 1 1 1 4 0 1 3 12 5 34 109 129 1 33 3 4 2 27 1 0 0 0 0 2 0 1 326 88 3 20 2 3 1 52 58 23 0 2 40 37 6 55 568 50 53 66 38 2 72 230 64 3 2 5 59 1 83 149 61 9 4 7 6 0 2 12 81 3 1 8 95 3 93 72 65 0 10 2 4 0 3 3 1 0 0 0 4 0 0 1 100 5 3 2 5 2 2 6 141 1 1 1 135 2 30 28 41 4 1 6 4 0 6 4 5 0 0 0 5 1 5 4 4 1 0 0 1 0 0 0 3 0 0 1 3 3 5 1 101 1 3 2 5 0 2 5 5 0 0 0 7 0 2 1 371 10 2 7 6 0 4 32 272 3 3 1 97 4 14 19 62 75 1 59 3 1 4 105 3 1 0 0 3 3 1 30 3 1 0 1 0 0 0 3 1 1 0 1 3 3 0 14 5 3 0 0 0 0 0 1 0 0 0 0 0 0 0 1 2 4 0 0 0 0 0 1 0 2 0 0 0 3 0 4 66 159 2 83 4 4 5 55 3 0 0 2 1 5 4 17 5 7 0 3 0 1 0 2 2 6 0 2 8 9 3 34 99 209 1 42 8 4 3 20 0 1 0 0 2 2 0 1 276 85 0 22 5 0 3 18 58 33 0 0 23 50 2 63 345 22 33 57 15 2 32 341 52 4 0 4 48 1 74 270 35 2 2 3 2 0 1 7 64 2 2 3 120 3 173 50 61 3 5 1 3 0 2 4 2 0 0 0 6 1 0 0 63 2 4 3 3 0 2 4 80 2 0 1 138 1 30 22 34 4 3 1 4 0 4 6 4 0 0 0 2 0 5 6 2 0 0 0 1 0 0 0 2 1 0 0 4 0 5 6 63 4 1 5 1 0 2 7 2 0 0 0 4 0 4 1 342 8 3 11 7 0 4 31 181 3 2 3 82 1 16 43 83 67 3 71 2 0 2 238 7 5 0 1 1 3 1 58 5 2 0 3 0 1 0 2 4 1 0 0 1 3 0 17 0 0 0 0 0 1 0 0 0 0 0 0 0 0 0 1 5 1 0 0 0 2 0 2 1 0 0 0 0 2 0 2 80 127 5 122 3 4 6 60 1 3 0 0 2 4 1 28 5 5 0 4 1 1 0 3 7 5 0 0 6 10 1 34 108 137 2 41 6 3 2 33 0 0 0 0 0 3 1 6 445 104 1 24 4 3 5 55 67 24 0 7 28 41 4 59 379 20 28 48 27 1 57 306 90 2 2 3 57 0 76 236 39 2 5 6 4 0 5 9 53 3 2 0 165 7 129 78 48 2 1 1 3 0 2 4 1 0 1 0 3 0 0 0 69 4 3 0 1 0 2 12 105 3 1 4 125 5 39 24 27 1 2 1 1 0 1 8 3 0 0 0 1 0 5 2 1 1 0 0 0 0 1 0 3 0 0 0 7 0 4 3 59 4 0 7 3 0 2 7 2 0 0 0 2 0 2 1 434 13 3 13 12 3 8 40 409 5 1 3 81 2 25 52 59 46 2 102 8 4 1 337 6 1 0 0 2 2 1 44 4 0 0 5 1 0 0 3 1 0 0 2 5 3 2 21 1 3 0 0 0 0 0 2 0 0 0 0 0 0 0 0 0 3 0 1 0 0 0 3 1 1 0 0 0 1 1 3 52 94 3 129 0 3 5 55 2 2 0 1 2 3 1 19 3 4 0 2 0 0 0 0 3 3 0 2 3 15 2 20 65 108 0 25 1 2 1 29 1 0 0 0 0 4 2 3 212 58 1 20 3 4 4 58 60 14 0 6 29 28 5 56 1
459 51 64 83 52 3 69 272 42 4 1 7 70 5 123 166 38 9 4 3 1 1 1 11 78 3 6 9 139 8 162 90 54 5 1 2 4 0 1 3 4 0 0 0 5 0 2 1 70 2 2 4 4 0 6 7 73 6 2 1 137 0 18 21 67 3 4 2 2 0 3 9 4 0 0 0 5 0 1 1 3 0 0 0 0 0 1 0 2 0 0 0 9 0 1 2 75 2 1 4 6 1 0 7 4 0 0 0 6 0 2 3 228 8 0 7 6 0 7 29 120 5 0 3 58 4 21 30 64 86 2 117 1 3 6 254 4 1 0 1 1 2 2 52 4 11 0 1 0 0 1 5 1 1 0 2 3 5 1 21 3 6 0 3 0 0 0 0 0 0 0 0 0 0 0 1 3 7 0 3 0 1 0 3 2 5 0 0 0 1 0 4 114 152 4 171 6 5 8 97 2 0 0 2 0 1 3 34 1 3 0 4 0 1 0 0 2 4 0 5 7 13 0 36 141 158 2 27 3 4 2 28 1 0 0 1 3 3 0 10 158 84 1 23 3 8 2 44 41 25 0 3 16 35 8 48 713 84 58 111 70 2 80 278 60 4 2 3 83 2 80 211 56 8 0 9 1 0 3 4 79 6 4 7 110 4 85 73 45 3 1 1 1 0 0 1 0 0 0 0 0 0 1 0 64 11 0 2 5 0 1 5 81 4 1 2 53 0 25 22 62 1 3 5 9 1 8 8 3 0 0 0 4 0 2 2 3 0 0 1 0 0 0 0 3 0 1 0 5 0 1 3 84 2 1 3 8 0 2 6 2 0 0 0 7 0 5 6 245 9 2 8 8 1 8 45 109 1 0 1 56 4 23 48 96 107 0 151 2 5 1 203 3 5 1 1 1 4 1 30 2 3 0 8 1 0 0 3 1 0 0 1 3 3 0 16 0 4 0 1 1 0 0 0 0 0 0 0 0 0 0 0 5 5 0 2 0 0 0 2 0 2 0 0 1 2 0 1 92 177 1 97 5 3 9 95 4 1 0 1 4 4 2 10 1 4 0 1 0 0 0 3 2 3 0 3 4 11 2 16 102 153 1 27 2 4 3 29 0 0 0 1 2 2 0 6 154 95 1 29 3 2 2 52 36 11 0 1 13 18 2 54 497 56 68 75 62 3 76 192 54 1 2 2 80 2 77 105 53 1 3 5 1 0 2 5 82 11 2 3 129 8 119 60 60 5 3 2 1 0 2 3 1 0 0 0 2 0 0 0 92 9 0 2 1 0 4 0 84 7 1 2 107 2 22 10 64 2 3 4 2 1 6 9 2 0 0 0 8 0 2 0 8 0 0 0 2 0 0 0 4 0 0 0 6 1 5 0 99 3 0 3 6 1 0 5 2 0 0 0 9 0 2 1 393 9 3 7 9 0 7 15 178 9 1 3 83 4 25 39 63 88 2 103 3 0 5 136 5 1 0 0 1 3 0 21 5 6 0 8 0 0 1 6 2 3 0 1 0 5 0 19 2 4 0 2 0 0 0 0 0 0 0 0 0 0 0 0 2 6 0 1 0 0 0 2 1 1 0 1 0 0 0 1 88 142 1 108 11 3 7 91 1 3 0 1 1 3 1 13 2 8 0 2 0 1 1 1 6 2 1 2 6 14 4 39 199 127 1 33 6 1 5 14 1 0 0 1 2 4 3 4 314 113 1 32 3 4 6 35 54 27 0 5 21 43 0 41 559 57 43 77 65 2 88 221 87 4 3 1 91 3 94 127 77 7 2 6 7 1 1 11 98 5 0 7 89 8 57 64 58 1 1 2 5 1 1 1 2 0 0 0 1 1 0 1 128 8 3 6 3 3 1 5 127 4 1 2 75 1 22 26 62 3 4 0 10 1 8 14 3 0 0 0 3 1 9 4 3 0 0 0 0 0 0 0 3 0 0 0 2 0 2 1 86 2 2 2 5 0 4 7 9 0 0 0 12 0 1 3 506 16 3 4 19 0 12 36 272 6 0 1 94 3 21 53 82 69 1 109 4 2 4 147 1 0 0 1 1 7 1 22 4 5 0 3 0 0 0 6 2 1 0 2 1 6 0 15 3 0 0 0 0 1 0 0 0 0 0 0 0 0 0 0 3 14 0 0 0 0 0 4 0 2 0 0 0 2 0 5 75 121 3 70 5 3 5 75 1 1 1 0 2 4 1 8 4 2 0 6 0 0 0 2 2 1 0 2 3 6 1 31 129 59 0 18 8 3 3 22 1 1 0 0 1 2 0 1 204 84 2 17 1 0 5 43 33 17 0 4 16 22 7 44 1
303 46 39 61 43 0 92 267 77 5 2 7 71 4 142 441 29 2 1 4 3 1 1 8 46 3 2 7 66 2 64 127 36 2 5 0 3 0 1 2 1 0 0 0 3 0 2 1 58 6 2 1 3 0 3 6 78 7 1 1 99 3 25 50 38 3 2 4 6 0 10 9 4 0 0 0 4 0 3 8 2 0 0 0 0 0 0 1 2 0 0 0 1 0 2 5 59 0 0 4 4 0 4 11 6 0 0 0 6 1 3 6 213 9 2 5 4 1 6 20 163 5 0 9 75 2 19 48 115 64 1 152 5 2 7 280 5 2 1 2 3 4 1 60 7 7 0 5 0 0 0 2 2 3 0 5 1 0 0 20 2 3 0 0 0 0 0 2 0 2 0 0 0 0 0 1 8 6 0 2 0 0 0 5 2 2 0 0 1 3 2 7 64 110 3 90 5 2 4 122 1 2 0 1 2 0 1 21 4 4 0 2 0 3 0 3 1 8 0 0 1 4 1 26 135 64 0 30 7 1 2 36 1 0 0 1 3 3 0 1 391 84 1 42 1 1 4 66 38 16 0 7 18 27 3 50 460 38 40 84 39 3 85 241 95 3 3 2 82 5 129 168 28 7 3 9 3 0 3 8 92 8 3 4 99 5 101 83 36 4 1 1 2 0 1 1 3 0 0 1 2 1 2 0 68 5 1 5 3 0 1 11 112 8 0 3 72 1 35 32 48 3 4 2 10 0 10 9 3 0 0 0 5 1 4 2 2 0 0 0 0 0 0 0 5 0 1 0 5 0 2 3 76 4 1 5 5 1 4 8 6 0 0 0 5 0 2 3 279 6 4 8 11 1 9 38 243 5 0 4 91 5 32 75 79 98 3 114 8 0 5 207 5 1 0 0 3 4 2 44 2 8 0 5 0 0 0 5 3 4 0 2 4 3 0 22 2 1 0 0 0 0 0 2 0 0 0 0 0 0 0 0 4 2 0 3 0 0 0 4 1 2 0 0 1 0 0 6 112 118 0 65 5 1 3 96 2 1 0 0 4 5 0 15 2 5 0 3 0 1 2 2 3 4 0 1 2 13 2 20 103 70 1 32 5 3 0 25 2 1 0 0 2 1 0 1 327 87 1 31 1 3 1 63 43 17 0 4 18 24 2 67 379 35 31 59 34 0 56 155 86 5 4 7 53 1 133 208 49 6 2 6 2 0 1 4 77 5 3 7 106 0 76 86 50 1 1 2 3 0 2 2 2 0 0 0 2 0 0 4 77 6 0 0 3 0 4 7 95 2 0 1 115 3 30 47 44 2 4 0 6 0 4 13 6 0 0 1 3 0 9 6 1 0 0 1 0 0 1 0 2 0 0 0 2 1 4 4 83 4 2 6 7 0 6 7 7 0 0 0 8 0 2 3 232 12 0 10 5 1 10 27 231 7 0 3 91 6 35 55 100 66 2 127 8 2 6 141 2 2 0 1 2 1 0 29 3 10 0 5 0 0 0 5 4 3 0 2 2 6 0 19 0 2 0 1 0 1 0 1 1 0 0 0 0 0 0 0 12 5 0 2 0 1 0 2 1 1 0 2 2 1 0 5 79 120 2 97 6 2 6 74 5 1 0 0 2 3 3 20 2 9 0 1 0 0 0 3 2 5 0 3 3 7 1 18 153 137 1 33 7 4 2 31 2 0 0 0 1 4 0 4 476 93 3 40 10 4 6 56 57 32 0 10 35 21 7 76 432 46 34 59 35 2 51 310 96 3 3 4 75 4 70 190 56 4 4 6 3 0 1 11 74 8 0 4 74 1 48 51 43 2 3 2 0 0 1 5 4 0 0 1 1 0 0 2 84 8 3 2 2 0 0 11 132 2 0 1 80 2 21 29 35 4 1 7 2 0 2 10 6 0 0 0 5 0 1 4 5 0 0 1 0 0 1 1 3 1 0 0 5 0 1 0 78 5 0 5 4 1 6 10 2 0 0 0 0 0 2 6 403 11 1 12 11 1 13 37 345 7 1 5 99 1 22 82 114 59 2 93 2 1 8 262 5 3 0 1 4 2 1 63 5 4 0 3 0 0 0 5 3 1 0 0 1 1 1 20 2 1 0 1 0 0 0 0 0 0 0 0 0 0 1 1 9 5 0 2 0 0 0 3 0 1 0 0 1 1 1 3 85 66 3 91 5 0 2 62 3 3 0 1 0 4 1 10 1 5 1 3 0 0 0 4 4 3 0 2 1 3 0 27 79 54 0 25 1 0 1 33 1 0 0 0 0 0 1 5 336 68 0 29 4 4 5 82 72 18 0 1 27 27 2 50 1
544 34 93 59 30 8 64 97 92 14 4 18 65 3 74 131 27 3 7 7 2 0 4 12 30 9 7 13 47 6 44 70 106 5 14 5 14 2 1 8 7 2 1 2 3 5 7 4 53 12 5 3 5 1 5 11 68 18 3 8 123 24 43 45 29 2 16 7 7 0 8 6 9 2 3 2 6 0 13 19 2 0 4 1 0 2 0 1 2 0 0 1 10 1 8 10 55 3 5 8 15 1 4 8 6 2 0 1 14 0 5 12 233 7 7 4 5 2 6 19 75 8 3 12 68 11 35 73 87 54 10 80 13 4 14 167 8 9 2 7 6 8 4 56 5 4 2 12 1 1 4 15 3 7 1 8 6 3 4 53 10 8 1 2 3 2 1 8 1 1 0 0 1 2 1 5 5 12 1 7 1 1 0 12 2 6 0 7 3 15 5 36 45 38 12 79 8 7 13 85 2 5 0 9 6 7 13 38 7 7 2 11 1 0 4 10 2 5 2 15 7 18 9 83 57 29 3 23 10 9 5 42 2 3 0 1 7 5 4 20 93 53 2 35 1 1 8 77 29 39 3 21 41 91 22 264 501 43 93 80 18 3 45 162 103 8 3 13 45 1 79 134 30 8 23 7 1 0 3 10 49 3 15 10 34 6 141 54 89 18 9 4 6 0 3 4 4 0 0 0 3 0 0 1 48 9 6 6 0 0 7 9 49 5 1 4 27 2 26 29 45 2 3 2 2 0 9 13 10 0 1 2 4 0 6 8 4 0 2 3 0 0 1 5 0 0 1 0 7 1 18 7 76 2 7 7 8 0 6 8 8 0 1 1 10 0 3 12 185 10 1 6 6 0 6 36 86 7 1 10 66 6 26 99 132 63 2 63 17 8 12 175 18 4 1 2 1 5 4 39 4 4 0 9 2 0 0 8 3 6 0 1 4 4 2 31 4 23 0 5 0 2 1 3 0 2 0 0 1 1 0 1 4 8 1 7 0 2 1 6 1 2 0 1 2 3 2 10 57 63 6 71 7 5 12 80 4 6 0 4 4 7 5 31 2 3 2 7 0 0 1 4 6 4 4 7 4 14 22 85 107 187 0 30 13 26 9 34 7 2 0 1 3 22 1 17 197 77 3 36 9 4 3 127 39 24 1 11 18 82 9 183 455 46 125 48 45 9 61 198 89 19 12 18 32 8 68 198 37 6 15 5 7 0 6 3 38 5 10 15 64 8 158 64 132 18 31 8 16 6 4 3 8 0 0 1 15 4 5 7 44 8 5 3 4 1 4 12 42 10 7 3 65 11 40 26 28 1 14 5 1 0 9 7 6 2 2 1 8 0 9 24 4 0 1 1 1 1 4 2 3 0 2 4 5 1 15 13 30 6 4 2 8 1 3 6 5 1 1 1 9 3 7 22 48 4 2 4 3 1 7 43 53 6 1 10 44 4 29 102 100 41 13 42 13 2 8 90 17 4 1 1 8 4 7 53 10 8 0 9 5 1 0 15 5 4 1 1 5 7 4 47 13 15 0 9 0 3 0 3 3 0 0 0 1 3 0 4 17 6 1 3 1 3 2 8 5 4 3 3 3 10 5 32 33 53 9 62 5 9 4 57 4 6 2 4 8 11 9 30 0 13 1 12 1 1 3 9 6 15 0 11 10 42 14 122 59 122 1 38 7 14 4 24 2 2 2 3 8 14 5 36 101 51 7 18 20 13 8 90 40 25 5 12 33 126 29 246 595 42 86 56 39 6 51 160 140 9 4 8 50 5 67 103 26 7 8 11 1 1 3 6 44 7 7 6 49 4 76 58 70 10 16 8 6 1 6 3 9 0 0 1 7 1 0 1 41 9 5 3 7 0 4 9 45 10 3 7 51 6 31 23 36 6 9 2 7 1 6 15 18 1 1 0 5 0 8 6 4 0 2 0 1 1 0 0 2 2 0 1 3 1 4 5 48 3 5 6 6 0 4 10 16 3 0 4 5 0 5 12 72 5 2 8 5 2 8 62 141 16 2 15 60 12 29 113 156 67 12 107 10 2 20 411 16 3 3 4 5 3 2 47 11 6 0 7 6 0 0 17 2 3 0 5 5 6 3 22 5 7 0 4 0 1 1 7 1 1 0 0 2 1 1 2 6 8 0 9 2 2 2 14 1 4 0 3 1 4 1 20 42 96 8 123 9 9 12 63 4 4 1 7 1 6 5 31 2 4 0 12 0 2 2 7 5 8 1 8 7 28 5 83 35 65 5 41 4 7 1 31 3 4 1 4 5 6 0 13 48 36 2 27 10 8 10 118 34 24 2 13 21 58 13 207 1
663 48 45 80 72 4 87 406 90 2 1 8 73 2 90 216 37 3 2 10 5 0 3 12 58 5 1 4 117 3 57 55 29 1 1 0 1 0 1 1 0 0 0 0 5 0 0 3 49 5 0 1 1 1 3 9 76 3 1 2 111 5 26 20 53 0 2 0 4 0 5 12 1 0 0 0 3 0 1 4 2 0 0 1 0 0 0 0 1 0 0 1 0 0 1 0 49 2 3 3 4 0 3 10 1 0 0 0 5 0 4 6 296 5 0 11 7 3 6 39 186 0 0 3 44 4 27 57 77 58 4 148 2 5 7 355 8 2 1 0 2 0 1 68 2 0 0 4 1 0 0 4 1 1 0 1 1 5 0 17 0 2 0 2 0 0 0 2 0 1 0 0 0 0 0 0 5 7 0 0 0 0 0 2 0 3 0 0 0 1 0 4 59 88 3 231 3 3 4 106 1 3 0 1 2 3 3 22 2 5 0 2 0 0 1 3 1 4 0 2 0 8 1 25 48 58 0 32 3 1 2 16 1 0 0 0 2 1 0 2 189 50 0 22 2 5 4 51 24 9 0 2 6 18 1 54 429 42 71 62 70 5 92 379 80 4 6 2 85 1 118 299 52 5 5 7 6 0 4 10 95 7 9 5 218 11 211 104 49 4 3 6 6 0 5 2 4 0 0 0 5 0 2 0 66 6 2 1 4 0 3 5 132 7 1 3 205 7 45 30 43 3 3 2 1 0 4 3 3 0 0 0 4 1 6 3 0 0 1 0 0 0 2 0 0 1 0 2 13 1 5 4 33 0 1 0 5 0 4 6 3 0 0 0 10 0 1 2 144 2 1 3 8 0 4 18 142 4 1 2 104 4 38 40 44 55 3 92 5 6 3 172 1 3 0 0 1 1 0 44 4 3 0 4 0 0 1 2 2 1 0 1 5 6 3 30 2 4 0 0 0 2 1 0 0 0 0 0 0 0 0 1 5 5 0 1 0 0 0 2 3 3 0 2 3 5 1 4 41 100 7 221 1 4 4 59 0 2 0 5 1 3 2 32 1 9 0 6 0 2 0 2 1 3 1 1 4 17 8 35 48 94 2 33 5 4 0 14 1 2 0 0 2 9 2 3 71 45 1 14 3 7 3 26 25 15 1 7 28 38 12 71 405 51 33 78 54 5 87 328 76 2 3 4 63 2 162 339 26 3 0 3 0 0 1 8 60 2 5 7 50 3 78 93 27 1 1 1 0 1 0 2 1 0 0 0 0 0 0 2 62 4 1 2 2 0 0 7 55 0 1 3 26 4 13 28 22 3 1 2 0 0 2 10 10 1 0 1 1 0 6 8 3 0 0 0 0 0 0 2 6 0 0 0 3 0 3 5 49 2 2 2 9 0 4 8 5 0 0 0 6 0 4 4 353 12 4 11 6 0 8 31 300 4 0 2 40 1 25 44 100 78 0 104 2 3 3 234 6 3 0 2 5 3 1 60 4 2 0 3 1 0 0 3 1 1 0 1 2 1 1 28 2 3 0 2 0 0 0 1 0 0 0 0 0 0 0 1 7 4 0 1 0 0 0 1 2 1 0 0 0 2 0 1 65 124 2 89 5 5 10 90 2 1 0 0 0 2 3 25 3 0 0 1 0 0 0 2 3 1 0 1 2 4 1 28 108 61 1 32 5 1 3 31 0 0 0 0 2 3 0 7 396 70 0 24 6 4 3 71 85 10 2 0 15 14 3 70 412 34 49 78 58 2 98 292 58 7 4 6 91 3 144 194 41 6 8 6 3 0 3 7 86 4 8 3 193 3 170 109 55 2 6 0 6 1 2 1 3 0 0 0 6 2 3 2 70 12 2 4 2 0 3 3 143 7 5 1 209 3 58 35 22 1 9 3 3 0 10 4 4 0 0 0 13 0 6 2 1 0 1 0 0 0 0 0 2 0 0 1 13 1 2 3 47 0 0 4 4 0 1 2 4 0 0 0 13 0 2 4 229 4 1 1 5 1 3 23 331 8 3 6 104 2 34 48 50 45 0 87 4 4 5 139 6 2 0 2 3 3 1 42 2 4 0 7 0 1 1 7 2 5 0 3 1 4 0 28 2 3 1 0 0 0 0 1 1 0 0 0 0 0 0 1 7 6 0 1 1 0 1 7 0 4 0 0 3 6 1 10 42 71 2 83 3 5 5 59 5 1 0 1 8 4 4 33 1 8 1 3 0 1 0 5 1 5 1 2 7 18 5 39 64 83 1 21 8 8 2 20 0 0 0 0 1 3 0 4 148 45 2 21 5 4 7 43 60 19 1 2 31 34 10 81 1
550 39 76 56 24 6 37 107 57 3 3 9 37 1 38 84 25 4 3 4 1 1 1 1 23 3 5 11 115 1 189 54 93 5 9 7 9 0 4 3 3 2 1 0 6 2 4 0 76 9 3 2 2 0 1 0 60 3 3 3 164 9 49 9 42 5 6 3 2 1 5 9 2 0 0 0 3 0 5 10 4 1 0 0 0 0 0 0 0 0 1 0 5 0 12 3 87 3 2 6 5 0 2 6 6 1 0 1 4 0 2 7 314 9 3 5 2 0 8 25 112 5 1 3 51 3 14 43 109 66 2 115 3 2 6 161 7 2 0 2 3 3 1 32 4 1 0 4 1 0 0 5 3 3 0 1 1 3 0 20 6 7 0 4 0 1 0 1 1 0 0 0 1 1 0 0 3 11 0 2 1 0 0 4 1 2 0 1 0 4 1 7 42 119 12 241 2 4 5 96 3 3 0 0 4 5 4 29 0 10 1 4 0 0 1 6 2 9 0 10 3 25 2 64 108 136 2 49 12 7 2 40 1 3 0 1 2 2 0 11 273 77 2 36 4 8 6 79 43 34 3 14 30 97 8 103 622 73 53 75 42 4 50 251 76 5 5 6 45 1 62 158 42 2 12 8 2 1 0 3 55 7 13 7 38 2 138 43 55 15 3 3 3 0 1 3 2 1 0 0 2 0 0 1 53 12 1 0 4 0 2 6 55 5 1 0 33 3 17 16 56 3 1 4 2 1 8 10 4 0 0 0 12 0 11 12 4 0 2 1 0 0 0 0 1 2 1 0 1 0 12 7 86 3 2 5 5 0 4 6 3 0 0 0 8 0 4 4 283 12 2 18 12 1 8 60 213 7 2 3 45 5 23 58 95 83 2 109 3 0 3 179 8 3 2 1 2 3 1 34 6 5 0 6 0 0 1 5 2 2 1 1 2 2 0 21 5 12 1 2 0 0 0 1 0 0 0 0 0 0 0 0 6 12 1 0 0 0 1 1 0 3 1 0 0 1 0 5 73 92 3 63 9 2 8 75 2 2 0 1 0 3 6 30 0 6 1 6 0 0 0 2 2 2 1 5 1 14 14 42 109 190 1 22 14 23 1 32 2 2 0 0 5 14 2 10 267 85 2 24 6 8 3 82 39 19 0 6 17 43 11 103 841 44 89 44 28 3 67 264 68 4 3 5 42 4 122 241 32 3 7 5 0 0 4 7 46 5 4 5 109 6 269 59 47 7 6 0 2 1 2 1 2 0 0 0 4 1 2 1 53 3 1 3 1 0 4 8 58 4 1 4 58 6 26 17 38 3 1 0 6 0 6 6 7 0 0 0 4 0 2 3 5 0 0 0 0 0 0 1 1 0 1 0 8 0 6 5 57 2 3 2 2 0 1 3 5 0 0 1 4 0 1 2 189 2 0 5 3 0 1 41 68 3 0 1 32 4 23 48 70 56 2 62 3 1 1 239 3 2 0 0 1 2 2 66 3 5 0 2 1 0 1 5 3 1 0 3 0 7 0 36 3 6 0 1 0 0 0 1 0 0 0 0 0 0 0 0 3 2 0 2 0 1 1 6 1 0 0 0 1 3 0 7 46 120 1 111 6 5 10 63 4 2 0 0 4 5 2 21 2 5 1 3 1 1 0 1 3 6 2 3 4 21 5 69 84 240 3 32 5 6 3 23 0 2 0 0 1 5 0 9 174 79 1 21 3 6 2 66 45 12 0 3 13 61 4 72 699 52 64 82 57 5 72 377 71 3 2 3 65 5 88 159 36 3 7 5 0 0 2 5 43 4 3 4 90 7 130 70 46 8 2 3 5 0 2 3 2 0 0 0 3 0 3 2 68 7 0 2 3 0 3 3 64 5 0 2 121 4 44 24 33 1 5 2 3 0 5 8 6 0 0 0 3 0 1 5 0 1 0 0 0 0 0 1 2 0 0 0 5 0 3 5 66 2 2 2 3 0 3 7 1 2 0 1 5 1 1 5 223 9 0 6 4 0 4 41 194 2 1 3 64 1 20 68 85 74 3 110 5 1 6 433 6 1 0 1 1 1 2 81 4 2 0 8 0 0 0 6 1 2 0 2 3 7 0 31 0 3 0 0 0 1 0 1 0 0 0 0 0 1 0 1 1 6 0 1 0 0 0 1 1 1 0 0 1 2 0 4 41 70 1 114 6 3 8 74 2 0 0 0 1 6 3 28 3 3 0 2 0 1 0 4 3 2 0 2 2 18 6 47 49 82 0 29 3 5 1 15 2 2 0 0 3 2 0 4 115 49 1 16 2 0 9 71 44 16 1 6 19 34 2 71 1
426 53 25 89 48 3 91 335 59 0 0 3 77 0 140 206 56 5 1 6 3 1 4 10 107 4 1 3 146 6 96 76 46 4 2 0 3 0 0 0 1 0 0 0 3 0 2 0 113 6 3 0 2 0 3 5 157 5 0 1 135 2 37 26 44 1 2 2 5 0 3 11 3 0 0 0 8 0 7 5 0 0 0 0 1 0 0 1 5 0 0 0 4 0 0 4 87 5 1 4 6 1 4 5 4 0 0 0 7 0 1 0 242 9 1 5 8 1 3 17 212 3 0 0 110 2 20 42 56 80 0 113 3 3 5 214 0 3 0 3 1 0 0 42 7 5 0 3 0 0 0 2 0 3 0 1 2 0 0 17 0 2 0 0 0 0 0 0 0 0 0 0 0 0 0 0 8 4 0 0 0 0 0 0 0 5 0 0 0 0 0 3 74 120 0 57 8 1 5 57 1 0 0 1 1 5 1 18 3 6 0 4 1 0 0 3 4 1 0 2 2 10 3 10 180 107 1 17 2 2 1 28 1 0 0 0 0 1 2 3 274 107 0 19 7 2 3 35 51 20 0 2 21 18 3 44 440 34 49 82 40 1 65 287 75 3 1 4 65 0 97 201 32 9 3 4 2 0 4 9 77 3 2 10 114 4 103 58 46 5 3 1 0 0 0 4 0 0 0 0 3 0 0 0 73 6 0 1 3 0 2 4 83 1 0 3 65 2 27 18 40 5 3 4 3 0 5 9 4 0 0 0 2 0 5 3 2 0 0 0 0 0 0 0 4 0 0 0 6 0 0 3 77 3 1 3 6 0 2 9 5 0 0 0 7 0 2 4 344 7 3 6 13 1 5 19 262 4 0 3 68 1 35 36 80 66 0 111 2 2 5 259 3 0 0 0 3 1 2 32 8 4 0 1 0 0 0 2 0 0 0 2 0 1 1 23 0 2 0 2 0 0 0 0 0 0 0 0 0 0 0 0 6 8 0 3 0 1 1 4 0 0 0 0 0 0 0 1 71 166 4 125 3 5 7 86 1 1 0 0 4 5 0 17 1 4 0 1 1 0 1 2 4 4 0 2 3 7 1 18 161 168 1 33 3 4 2 25 1 0 0 0 2 2 0 4 297 100 0 18 3 1 2 44 50 14 0 9 22 22 5 51 330 27 26 65 42 4 41 186 48 1 2 2 60 2 100 190 58 10 7 3 2 0 4 8 82 2 2 9 105 5 90 60 56 4 2 1 5 1 0 1 2 0 0 0 1 0 1 2 76 5 0 3 0 0 0 3 162 4 1 1 138 5 34 28 38 5 2 2 3 0 5 5 5 0 0 0 2 0 1 4 4 0 0 1 0 0 0 0 4 0 0 0 7 0 4 3 81 2 0 4 6 0 1 5 5 0 0 0 3 0 1 6 501 14 3 4 7 1 3 17 366 2 3 1 92 1 18 25 75 40 0 82 1 2 5 114 3 0 0 1 4 3 0 42 0 2 0 4 0 0 1 5 2 1 0 2 0 1 3 15 2 0 0 1 0 0 0 1 0 0 0 0 0 0 0 0 1 3 0 1 0 0 0 4 3 5 1 1 1 2 0 6 68 96 2 33 1 2 6 59 2 0 0 0 5 0 3 17 5 5 0 1 0 1 0 5 5 6 0 0 4 5 1 21 165 129 0 27 3 4 1 27 3 1 0 0 1 1 1 4 500 108 1 28 5 1 3 43 99 30 0 4 26 32 6 54 580 75 38 99 43 2 73 205 70 2 1 3 63 2 98 130 49 9 4 10 5 0 4 7 75 1 2 6 131 3 75 69 40 5 0 0 2 0 0 1 1 0 0 0 1 1 1 1 95 5 0 2 9 0 5 4 129 5 2 1 75 1 22 25 39 5 1 3 6 0 1 10 6 0 0 0 5 1 6 3 2 0 1 0 0 0 0 1 2 0 0 1 4 0 1 1 79 0 3 3 7 0 3 7 4 0 0 1 3 1 3 5 392 6 1 7 7 1 6 17 648 8 1 3 82 6 18 28 64 74 1 113 3 2 5 179 3 2 0 0 1 0 0 26 0 3 0 5 1 0 1 4 0 1 0 1 0 4 0 14 1 3 0 1 0 0 0 0 0 0 0 0 0 0 0 0 3 11 0 2 0 0 0 3 0 1 0 0 1 0 0 2 60 129 1 64 4 6 9 85 0 2 0 0 0 2 2 25 1 2 0 1 0 0 0 1 4 0 0 1 1 13 0 18 108 82 1 26 6 2 0 20 1 0 0 1 3 3 0 2 167 59 2 20 6 0 0 29 58 17 2 2 14 21 4 38 1
375 71 77 112 34 3 78 224 57 4 2 5 54 0 86 140 28 3 3 7 4 0 4 5 56 5 6 2 94 4 120 84 71 3 4 0 5 0 1 2 6 0 0 1 10 1 3 0 60 15 3 9 3 0 3 5 101 5 1 1 157 10 27 24 57 6 7 5 5 1 10 12 1 0 0 1 6 0 6 4 2 0 0 0 0 0 0 1 1 0 0 0 6 0 2 4 79 3 3 5 5 0 3 8 6 0 0 0 11 0 2 4 132 4 2 9 5 1 2 27 102 4 1 0 87 6 23 46 71 108 6 188 4 3 10 235 2 2 0 4 3 8 2 57 4 3 0 9 0 1 0 7 2 4 0 3 0 3 0 38 3 7 0 4 0 0 0 2 1 0 0 0 0 0 0 1 2 4 0 7 0 0 0 1 1 3 0 1 1 7 0 8 86 129 13 239 9 4 11 126 3 2 0 3 2 9 2 36 3 5 1 7 0 0 0 5 4 11 0 6 0 8 0 56 102 93 1 43 3 6 1 34 1 3 0 0 2 4 0 9 133 74 0 21 1 6 3 59 48 28 0 7 26 52 7 104 423 58 98 79 37 5 59 268 58 6 2 5 57 5 115 266 28 1 5 3 0 0 2 6 40 5 4 10 114 6 183 99 61 5 3 4 7 1 3 1 5 0 0 0 6 0 3 2 54 5 2 3 3 0 1 2 77 4 3 1 117 6 53 28 44 2 5 4 4 0 2 4 3 0 0 0 0 0 9 2 1 0 0 0 0 0 1 1 0 0 0 0 3 0 6 5 60 1 3 6 7 1 5 5 4 0 0 0 10 0 5 4 130 5 0 3 5 1 6 47 132 5 0 3 45 4 28 49 62 72 1 122 5 3 7 215 5 6 0 0 0 6 2 51 2 4 0 7 0 0 0 4 2 6 0 1 1 4 1 39 0 4 0 0 1 0 0 2 0 0 0 0 0 0 0 1 4 7 0 2 1 0 0 6 1 2 0 3 4 7 0 5 58 144 3 168 6 5 6 107 1 4 0 4 5 6 5 43 4 9 0 9 0 0 1 4 1 8 0 4 8 26 2 62 116 120 0 42 2 8 2 21 2 0 0 1 2 2 1 10 176 69 3 34 4 8 3 46 40 29 1 4 23 48 5 96 354 29 43 31 15 2 39 350 58 6 2 3 38 0 73 375 28 1 4 3 1 0 0 4 45 3 3 6 103 4 100 35 80 6 9 1 4 1 0 8 2 0 0 0 1 0 3 4 55 7 0 2 4 0 3 4 68 3 0 2 123 4 26 18 36 1 5 0 2 0 6 12 1 0 0 0 4 0 1 13 2 0 2 0 0 1 0 0 0 0 2 0 3 0 6 6 69 1 2 1 5 1 2 13 2 1 0 2 5 0 1 8 469 7 3 9 4 0 8 56 190 6 0 5 38 5 9 60 109 34 3 62 4 4 4 144 10 7 0 0 0 1 0 51 5 5 0 5 1 0 0 2 3 2 0 5 2 6 0 15 2 2 0 1 0 1 0 0 0 0 0 0 0 0 0 3 0 7 0 1 0 0 2 6 1 5 0 0 0 5 0 4 52 69 4 51 3 5 5 37 1 1 0 1 3 1 3 24 4 5 0 2 0 0 0 4 3 5 0 5 7 24 3 34 88 131 2 27 3 5 3 27 0 1 0 0 5 3 2 8 509 93 2 23 3 4 6 72 87 23 0 12 27 45 8 96 444 24 34 51 42 1 50 331 78 3 1 0 50 1 48 128 81 2 5 3 6 1 2 10 79 3 2 4 213 1 102 46 55 2 3 3 3 0 1 5 2 0 0 0 4 0 1 0 99 4 3 3 3 1 6 10 133 5 2 1 208 7 41 17 31 3 4 1 2 0 3 8 5 1 0 0 2 0 3 2 2 0 0 0 0 0 0 1 2 0 0 0 4 0 3 2 74 4 4 3 2 1 2 10 12 0 0 0 5 1 1 4 481 6 1 8 12 0 6 49 462 9 0 6 92 2 25 56 66 32 2 70 4 0 2 301 5 4 0 0 3 3 1 34 4 2 0 5 0 0 0 7 1 3 0 1 1 7 1 15 1 2 0 2 0 0 0 0 0 0 0 0 0 0 0 0 2 2 0 0 0 1 1 4 0 1 0 0 0 1 0 6 33 63 3 92 6 2 5 48 0 0 0 0 0 2 1 17 3 3 0 1 0 0 0 3 3 4 0 4 5 21 5 33 55 20 0 21 0 1 0 12 1 0 0 2 0 1 0 5 191 40 2 15 4 1 7 47 66 15 0 4 22 41 2 62 1
463 63 43 95 54 2 86 246 57 2 0 3 83 1 161 237 43 4 1 7 4 0 1 15 92 7 2 6 143 3 122 84 32 1 4 0 0 0 1 2 0 0 0 0 3 0 0 0 91 8 2 3 1 0 2 7 165 5 2 1 128 0 21 18 59 5 0 2 7 0 6 6 2 0 0 0 6 1 7 1 3 0 0 0 0 0 0 0 2 0 0 0 3 0 2 1 100 3 1 3 6 0 2 3 3 0 0 1 4 0 2 2 289 12 1 2 8 0 4 13 271 1 1 1 93 2 21 32 47 108 1 95 2 6 2 213 3 2 0 0 3 3 0 35 5 5 0 2 0 1 0 4 0 1 0 1 0 2 0 14 1 2 0 1 0 0 0 0 0 0 0 0 0 0 0 0 5 7 0 2 0 0 1 0 0 0 0 0 1 2 0 4 77 125 1 83 6 4 7 66 2 0 0 0 0 3 3 21 6 5 0 2 0 1 0 0 2 3 1 3 3 11 1 24 139 93 0 11 3 7 2 22 1 0 0 1 1 2 0 3 218 102 1 23 1 1 2 30 40 25 0 5 21 26 4 30 362 40 47 75 34 4 57 222 48 2 1 2 55 2 116 228 41 4 3 4 3 0 3 4 62 6 3 7 96 3 130 73 54 6 3 0 3 0 1 1 2 0 0 0 3 0 0 0 82 5 1 2 2 0 4 7 89 7 1 2 107 5 16 14 38 3 7 0 9 0 4 8 1 0 0 0 4 0 5 2 3 0 0 0 0 0 0 1 7 0 0 0 4 0 4 4 79 2 1 3 5 1 1 2 3 0 0 1 7 0 2 3 406 4 5 5 10 1 7 12 279 3 0 2 61 2 24 42 53 89 0 113 2 1 1 226 2 3 0 2 2 1 0 47 1 10 0 6 0 0 0 1 0 2 0 2 1 9 1 15 1 3 0 3 0 0 0 0 0 0 0 1 0 0 0 0 6 5 0 0 0 0 0 4 2 2 0 1 1 0 0 3 76 151 3 151 3 10 9 82 2 0 0 1 3 4 1 24 3 3 0 7 0 2 0 1 3 4 0 1 5 6 1 38 174 194 0 24 6 3 3 24 0 0 0 0 0 6 0 3 267 87 0 22 6 2 4 29 48 23 0 4 21 36 3 40 302 34 27 64 25 3 59 168 63 2 0 3 45 1 109 231 60 7 1 8 5 0 2 4 69 3 5 3 108 2 123 56 45 0 1 0 2 0 2 0 2 0 0 0 0 0 1 0 89 6 0 1 5 0 7 5 144 5 2 0 115 2 31 20 38 1 4 2 5 1 4 3 4 0 0 0 4 0 3 5 4 0 1 0 0 0 0 0 3 0 0 0 5 0 1 2 92 0 0 2 3 0 3 6 9 1 0 0 3 0 2 3 456 11 0 7 5 0 7 34 320 3 1 8 88 0 25 52 50 65 1 76 0 3 2 139 0 3 0 0 3 5 0 31 5 7 0 4 1 1 0 3 1 2 0 1 0 5 0 8 5 0 0 1 0 0 0 1 0 0 0 0 0 0 0 0 7 3 0 1 0 0 1 4 1 2 0 0 0 0 0 4 100 101 0 64 2 1 4 53 3 1 0 0 0 2 0 23 3 5 1 4 0 0 0 0 7 1 0 1 4 2 3 20 141 120 0 11 13 2 3 22 1 0 0 0 2 0 1 7 563 108 4 21 5 5 5 49 95 29 1 7 27 21 7 47 490 46 58 78 35 3 57 191 64 4 1 2 71 2 116 144 61 5 3 10 3 0 0 3 85 7 4 3 136 4 70 78 56 1 0 2 7 1 0 1 0 0 0 0 1 0 0 0 86 10 1 0 6 0 3 2 135 3 2 2 74 2 20 16 67 3 2 2 13 0 11 5 3 0 0 0 4 0 8 1 1 0 0 0 1 0 0 0 5 0 1 0 4 0 1 3 76 1 2 1 5 0 1 2 2 0 0 0 8 1 0 2 339 6 1 5 12 0 7 24 556 1 1 4 85 3 21 37 58 74 0 140 4 0 3 215 5 1 0 0 2 0 0 26 2 8 0 5 0 0 0 3 1 2 0 1 0 1 0 22 0 2 0 0 0 0 0 0 0 0 0 0 0 0 0 0 6 6 0 4 0 0 0 0 1 1 0 0 0 2 0 0 77 149 3 94 4 6 8 104 2 1 0 0 1 3 3 16 4 4 0 3 1 0 0 1 2 2 0 1 1 8 2 22 115 87 1 20 7 2 0 14 0 0 0 0 3 0 0 4 201 66 0 30 0 2 4 39 49 19 1 1 15 25 4 47 1
366 41 92 94 32 3 62 152 70 8 2 3 62 2 72 149 28 7 8 4 2 0 3 6 45 9 8 7 94 4 112 67 79 10 6 6 10 2 2 4 4 0 0 1 11 0 2 1 46 5 6 4 2 0 4 9 96 10 3 3 147 5 40 46 66 3 5 7 5 0 9 6 5 0 0 0 5 1 10 7 1 0 1 1 0 0 0 0 4 0 0 4 6 1 7 2 85 5 1 7 4 0 2 9 4 0 0 1 9 3 5 2 109 5 3 4 6 0 5 29 90 5 1 3 77 8 29 56 76 100 5 168 5 4 5 183 7 1 0 2 5 3 0 65 3 5 0 11 1 0 0 9 5 3 0 3 5 9 2 32 4 6 0 4 0 1 0 1 0 0 0 0 0 0 0 0 7 10 1 4 0 0 0 3 1 7 0 1 3 5 0 16 89 137 8 198 10 9 5 126 4 3 0 0 5 8 4 38 5 10 3 9 0 1 0 9 4 6 0 6 9 15 0 69 100 109 4 63 8 6 4 46 1 2 1 1 2 11 0 9 135 69 1 31 7 3 3 64 36 41 0 9 20 72 9 127 347 83 95 85 31 4 65 236 81 3 4 6 59 5 114 244 19 7 3 5 0 0 2 7 47 3 5 8 107 7 195 102 79 5 5 0 7 0 6 2 1 0 0 1 5 0 1 6 61 2 5 0 3 0 1 4 81 5 5 4 108 8 49 23 21 2 3 3 1 0 4 8 5 0 0 0 2 0 2 10 2 0 1 0 0 0 0 0 2 0 0 1 7 0 9 4 61 4 1 2 4 0 4 6 5 0 0 0 8 1 4 5 118 6 0 4 7 0 7 34 114 3 1 1 69 4 30 48 83 88 3 178 5 6 5 188 4 2 1 2 4 3 3 45 1 7 0 2 1 0 0 6 3 1 0 8 2 6 2 32 1 2 0 4 0 0 0 3 0 0 0 0 0 0 0 0 2 5 0 8 0 0 0 2 1 2 0 0 2 7 0 8 75 141 4 196 9 5 10 95 3 4 0 1 2 4 3 29 3 3 0 5 0 0 0 4 1 4 0 7 5 23 3 65 114 142 0 31 8 4 1 28 1 1 0 0 3 3 2 14 147 83 0 31 5 7 3 50 44 26 0 5 29 55 5 98 358 18 61 37 13 3 45 341 63 6 3 7 24 1 69 365 34 3 2 3 3 0 2 4 40 3 2 2 99 5 106 21 84 4 4 4 5 1 2 3 3 0 0 0 8 0 4 1 65 2 6 2 3 0 2 4 68 7 1 2 112 2 22 18 41 5 5 2 2 0 4 9 6 0 0 1 5 0 2 5 1 1 0 0 1 0 0 0 2 1 0 0 5 0 6 3 80 3 2 3 6 1 2 8 9 0 0 0 6 0 1 3 401 10 4 12 5 0 8 58 154 0 0 1 46 3 9 63 112 39 1 47 2 1 3 166 15 8 1 3 3 2 1 75 11 1 0 2 0 0 1 6 3 5 1 1 3 4 1 21 1 2 0 0 0 0 0 2 0 0 0 0 1 1 0 0 11 7 0 1 0 0 3 4 0 1 0 1 1 1 1 6 50 47 6 59 5 1 5 36 3 3 1 0 1 3 1 21 3 8 0 2 1 0 1 2 1 7 0 2 3 51 3 61 87 106 1 23 3 5 1 23 1 1 0 0 3 5 2 9 528 79 2 25 3 5 8 79 87 32 2 10 26 50 8 105 399 23 56 54 31 0 37 345 91 3 1 1 62 1 45 112 90 0 4 9 5 0 1 7 121 5 4 6 223 3 89 40 65 4 5 2 5 0 6 1 3 1 0 0 1 0 0 1 107 9 2 3 4 0 2 9 152 5 1 1 212 8 31 13 39 1 2 3 2 0 1 6 5 1 0 0 4 0 2 2 4 0 0 0 0 0 0 1 5 0 0 2 6 1 2 2 79 3 1 4 1 1 2 7 6 0 0 0 6 0 0 3 385 1 4 4 4 0 8 40 394 9 3 6 108 7 21 62 77 28 2 74 7 2 3 318 5 1 0 1 2 5 1 29 4 4 0 4 0 0 0 10 1 2 0 1 2 3 0 16 0 3 0 0 0 0 0 0 0 0 0 0 0 0 0 0 7 3 1 2 0 0 0 4 1 2 0 0 2 6 1 4 49 59 8 85 4 4 4 45 1 0 0 0 3 3 0 17 3 3 0 8 0 0 0 1 2 6 0 1 7 23 2 47 51 37 0 13 0 4 2 8 0 0 0 0 3 6 0 1 192 42 0 19 8 1 3 59 68 15 2 4 22 52 5 55 1
469 48 33 79 63 2 94 264 79 4 1 9 86 3 151 357 55 6 4 2 2 0 6 11 67 7 2 2 132 4 103 87 36 0 1 1 2 0 2 4 2 0 0 0 2 0 1 0 93 3 1 4 5 1 4 9 132 5 1 2 115 1 33 37 48 2 3 2 6 0 8 8 2 0 0 0 3 0 5 6 2 1 2 0 0 0 0 0 4 0 0 1 0 0 4 5 74 1 0 1 9 0 2 7 0 0 0 1 9 0 1 1 215 9 1 3 5 0 9 28 209 2 0 2 77 3 23 53 64 66 2 126 3 0 1 178 5 1 0 3 0 1 1 57 6 5 0 2 0 0 0 5 4 4 0 1 0 3 0 34 1 3 0 0 0 0 0 1 0 0 0 0 0 1 0 1 6 5 0 2 0 0 0 1 1 4 0 0 0 1 0 3 73 88 3 102 8 6 5 84 1 5 0 0 2 5 2 27 3 5 0 3 0 1 1 3 1 3 0 1 3 6 2 18 100 134 1 29 4 3 0 33 1 1 0 1 3 1 0 3 203 73 0 14 5 1 2 45 42 20 1 3 20 21 4 59 419 51 64 117 65 2 111 338 72 6 1 5 107 6 168 360 44 5 1 6 4 0 3 8 72 5 1 5 129 3 123 134 50 4 4 4 4 0 2 2 2 0 0 0 3 0 0 2 69 4 1 3 0 0 1 6 104 8 1 2 82 6 32 25 39 6 3 2 2 0 10 11 3 0 1 0 6 0 5 4 3 0 0 0 0 0 0 0 3 0 0 0 4 0 2 6 47 2 2 3 3 0 4 6 4 0 0 0 7 0 1 4 184 8 0 8 6 0 6 25 127 3 1 3 65 4 22 48 71 79 2 130 3 3 3 178 2 3 1 0 1 3 2 65 4 5 0 8 0 2 0 7 3 2 0 4 1 2 1 24 1 3 0 0 0 1 0 0 0 0 0 0 1 0 0 1 6 7 0 0 0 0 0 5 1 0 0 0 0 2 0 5 55 101 1 141 6 11 7 103 5 2 0 0 2 4 2 28 1 5 0 1 0 0 0 4 1 2 0 2 6 18 1 30 100 75 0 19 12 1 3 29 0 0 0 0 1 4 0 6 197 62 1 21 3 3 4 43 22 12 0 3 18 26 4 67 848 49 36 49 48 0 44 144 53 1 2 5 40 0 49 95 117 11 2 4 0 0 0 4 85 9 2 1 112 2 50 37 51 2 0 1 0 0 0 0 0 0 0 0 0 0 0 1 153 4 1 1 4 0 3 2 149 1 0 0 91 0 11 16 125 4 1 5 2 1 4 5 7 0 0 0 5 1 6 1 5 1 0 0 0 0 0 0 11 0 0 0 5 1 2 0 163 3 0 4 3 0 1 5 7 0 0 0 8 1 1 1 701 5 1 2 7 0 8 26 273 3 3 4 85 2 14 36 54 42 0 36 5 1 0 49 1 1 0 0 2 0 0 10 4 6 0 2 0 1 0 1 0 0 0 1 0 5 0 15 3 4 0 0 0 0 0 0 0 0 0 0 0 0 0 0 3 3 0 1 0 0 0 2 0 0 0 0 1 1 0 3 93 152 2 63 3 3 9 33 1 1 0 1 0 3 1 7 10 9 1 0 0 0 0 2 5 4 1 0 3 2 2 16 144 86 0 17 8 1 2 13 0 0 0 0 2 2 0 0 255 102 1 19 3 3 4 26 34 28 0 2 25 25 6 35 742 48 23 53 41 4 50 115 59 0 1 1 39 1 38 69 99 1 0 3 4 0 1 5 126 6 4 3 110 3 30 33 57 2 1 1 1 0 1 0 1 0 0 0 2 0 0 0 141 5 0 2 1 0 3 5 153 3 0 2 117 0 13 12 126 3 0 2 2 0 3 10 2 0 0 0 3 0 0 2 6 1 0 0 0 0 0 1 3 0 1 1 7 1 1 1 126 0 1 5 6 0 3 0 6 0 0 0 7 0 0 3 567 13 2 11 15 1 6 19 379 3 1 2 132 3 20 33 79 48 0 52 0 2 2 82 1 1 0 0 2 1 0 18 2 6 0 3 0 1 0 1 1 0 0 0 0 3 0 9 0 5 0 0 0 0 0 1 0 0 0 0 0 0 0 0 3 7 0 1 0 0 0 2 1 0 0 1 0 2 0 1 91 129 5 49 4 2 7 47 4 0 0 1 1 1 3 11 2 7 0 4 0 0 0 0 4 2 0 1 6 10 1 17 169 89 0 16 3 1 2 19 1 1 0 0 2 1 0 1 317 110 2 16 4 3 3 36 53 24 1 3 21 21 0 35 1
203 25 96 84 13 2 58 104 28 2 6 5 40 3 223 206 35 5 3 4 1 0 3 7 73 5 8 8 171 4 439 154 72 4 6 3 4 0 2 0 2 0 0 0 3 0 2 1 91 8 5 5 2 0 2 3 135 5 1 3 137 2 70 23 11 3 5 1 3 0 7 3 2 0 0 0 5 0 8 2 0 0 0 0 0 0 0 1 0 0 0 0 12 0 10 7 55 1 2 1 8 0 3 2 3 0 0 0 3 0 3 1 91 4 1 3 3 0 2 1 101 2 1 0 106 1 31 15 27 61 2 98 2 3 2 92 0 2 0 0 1 4 2 52 2 4 0 6 0 1 0 0 1 2 0 1 1 2 1 28 7 12 0 1 0 0 1 1 0 0 0 0 0 0 0 1 7 7 0 1 0 0 0 1 0 6 0 0 0 2 0 3 38 150 7 190 7 11 3 100 2 2 0 1 6 4 5 50 3 4 0 3 0 1 0 3 4 1 0 5 7 17 10 61 165 340 3 53 9 15 2 28 1 0 0 0 10 3 2 13 127 114 0 22 5 8 0 22 48 24 0 1 59 49 8 70 299 54 68 75 26 1 57 180 54 1 0 2 45 2 168 212 30 7 3 3 1 0 2 3 56 8 3 5 115 3 206 104 56 8 1 5 2 0 5 3 3 0 0 0 2 0 1 0 59 3 2 2 6 0 4 1 122 5 2 3 166 5 42 15 29 1 3 6 5 0 6 3 2 0 0 0 5 0 5 2 0 0 0 1 0 0 1 0 3 0 0 0 7 0 4 3 62 2 1 3 3 0 0 5 3 0 0 0 4 0 4 2 108 5 3 2 4 1 5 14 116 2 0 1 100 1 23 31 55 77 3 173 1 3 1 204 5 2 0 0 2 2 4 68 2 4 0 8 0 1 0 4 2 1 1 1 1 2 0 23 1 7 0 2 0 1 0 0 0 0 0 0 0 0 0 0 1 5 0 1 0 0 0 3 0 2 0 0 1 2 0 1 80 201 5 216 6 13 7 122 1 2 0 1 3 2 1 34 1 3 0 3 0 0 0 0 2 5 0 3 2 16 1 47 150 260 1 80 5 3 2 33 4 0 0 0 1 2 0 3 171 131 0 28 8 3 0 29 51 27 0 4 31 32 3 53 193 22 96 75 19 3 60 120 27 4 2 0 51 1 188 129 21 8 3 5 2 0 4 5 79 2 6 11 168 4 307 133 72 8 2 3 4 0 2 2 3 0 0 0 5 0 3 2 94 5 5 1 2 0 3 2 153 8 1 4 207 6 77 30 18 0 5 2 1 1 5 4 2 0 0 0 10 0 11 8 0 0 1 0 1 0 0 0 1 0 0 0 6 0 3 5 65 1 3 1 7 0 1 1 3 0 0 0 7 0 6 1 111 4 5 2 3 0 3 1 118 2 1 2 138 6 37 23 27 60 2 136 3 0 1 91 1 3 0 2 1 0 2 47 2 2 0 5 0 0 0 6 3 3 0 2 0 5 2 60 1 8 0 3 0 0 0 0 0 0 0 0 0 0 0 2 2 9 1 3 1 2 0 1 1 3 0 0 0 4 0 3 50 138 1 176 7 7 7 109 2 2 0 1 2 7 1 46 4 7 0 4 0 0 0 6 2 8 1 4 9 16 2 83 183 256 2 66 6 8 4 31 0 1 0 0 2 4 2 7 152 115 2 26 7 4 3 16 55 36 0 1 44 62 6 75 195 27 65 71 21 3 62 125 44 2 3 6 42 2 117 134 18 5 3 4 3 1 0 5 63 4 4 3 133 2 240 91 61 3 3 1 4 0 1 4 1 0 0 0 2 0 2 0 71 4 3 1 3 0 0 4 148 3 0 3 207 5 45 19 16 0 4 2 2 1 1 1 3 0 0 0 3 0 5 3 1 0 0 0 0 0 0 0 1 0 0 0 3 0 6 6 39 0 1 2 6 0 4 3 6 0 0 1 2 0 3 1 207 3 0 2 3 0 4 13 278 1 1 2 113 3 27 27 33 69 0 152 2 1 2 199 3 2 0 1 4 3 1 52 3 1 0 4 0 0 0 4 1 2 0 2 2 4 1 30 1 5 0 2 0 0 0 0 0 0 0 1 0 0 1 0 1 5 0 3 0 1 0 3 1 5 0 1 0 1 0 6 58 157 5 348 3 6 5 106 2 2 0 2 5 3 0 36 3 8 0 1 0 0 0 1 3 1 0 3 2 15 5 46 123 239 2 49 5 3 2 29 0 0 0 0 0 2 0 6 239 101 2 27 2 4 3 24 85 32 0 4 37 45 4 60 1
228 40 28 64 27 4 54 225 41 2 1 4 32 4 74 136 19 6 0 2 1 1 1 10 32 3 0 2 63 1 66 41 24 1 0 0 0 0 0 1 0 0 0 0 3 0 0 1 56 4 2 2 1 0 1 4 96 2 0 2 67 2 10 16 27 2 1 3 4 0 1 5 5 0 0 0 4 0 2 1 1 0 0 0 0 0 0 1 2 0 0 0 4 0 0 1 60 2 0 3 1 0 2 2 3 0 0 0 4 0 1 4 129 8 1 4 2 0 7 16 106 1 0 2 53 2 10 29 52 71 2 144 5 2 3 300 2 0 0 0 0 0 1 53 1 3 0 4 0 0 0 1 0 1 0 2 2 4 1 13 5 5 0 0 0 0 0 0 0 0 0 0 0 0 0 1 1 3 0 1 0 0 0 1 0 2 0 1 1 1 1 1 75 173 5 149 8 6 2 83 0 0 0 2 2 3 0 15 2 3 0 1 0 0 1 4 3 1 0 4 4 6 1 27 152 131 1 40 1 1 2 32 2 2 0 0 1 2 0 6 191 86 1 18 2 3 2 28 36 24 1 3 15 23 3 41 275 46 47 70 67 0 84 208 57 2 1 1 93 4 168 277 38 9 6 3 3 0 1 4 73 8 2 5 177 3 158 118 34 2 1 1 1 1 1 1 0 0 0 0 0 0 0 1 67 6 0 0 3 2 3 6 112 4 0 0 149 8 35 15 26 1 0 2 6 1 8 2 4 0 0 0 4 0 2 1 2 0 0 0 0 0 0 1 1 1 0 0 6 0 3 2 52 1 1 2 6 1 3 2 1 0 0 0 4 0 4 1 96 2 1 1 9 0 3 4 78 0 3 2 84 1 19 27 45 50 0 85 4 3 2 166 3 0 0 0 1 1 0 41 1 2 0 9 0 0 0 3 2 2 0 1 2 4 0 19 1 3 0 1 0 0 0 0 0 0 0 0 0 0 0 0 1 4 1 0 0 0 0 1 0 0 0 0 0 3 0 8 37 48 2 52 3 5 4 55 1 1 0 0 3 9 2 7 3 5 0 1 0 0 0 4 0 6 0 1 3 3 0 30 59 51 1 12 1 3 0 14 1 0 0 0 2 1 0 0 62 33 0 11 1 2 1 28 11 9 0 4 11 20 2 34 331 35 51 56 32 1 39 171 45 2 1 2 55 1 58 84 29 7 0 3 3 0 0 5 49 2 1 4 66 5 51 43 46 5 1 2 0 0 2 1 0 0 0 0 0 0 1 0 56 5 1 2 1 0 1 5 65 1 1 7 38 0 7 13 31 1 0 1 2 0 5 8 1 0 0 0 4 0 4 3 0 0 0 0 0 0 1 2 3 1 0 0 6 0 2 3 69 1 2 4 4 1 1 7 6 0 0 1 2 0 2 0 410 7 2 5 10 0 5 17 302 1 0 1 50 2 13 31 53 70 0 93 0 2 1 201 3 1 0 0 0 2 0 29 3 2 0 2 0 0 0 3 3 1 0 0 2 0 0 14 1 2 0 0 0 0 0 1 0 0 0 0 0 1 0 0 7 2 0 1 0 0 0 3 0 0 0 0 1 4 0 0 66 69 2 55 5 3 2 64 3 1 0 0 1 3 0 10 4 1 0 4 0 0 0 2 2 0 1 1 1 9 1 23 103 71 1 17 2 1 2 23 1 0 0 0 1 2 0 2 259 76 1 16 4 1 1 32 61 15 0 5 20 19 3 37 337 23 25 38 35 0 43 70 55 0 1 1 46 1 62 43 42 5 2 9 2 0 7 4 57 6 0 4 150 3 127 49 44 1 0 1 1 1 0 1 2 0 0 0 2 0 0 0 90 8 2 1 3 0 3 4 137 4 0 0 98 2 31 14 43 1 1 1 6 0 5 3 1 0 0 0 3 0 3 2 3 0 0 0 0 0 0 0 2 0 0 1 3 0 2 1 73 1 0 1 6 0 0 3 0 0 0 1 7 0 1 1 294 4 2 2 4 1 7 10 474 3 1 3 100 3 33 43 43 29 1 51 1 3 2 30 2 2 0 0 1 1 0 14 5 6 0 5 0 0 0 3 2 1 0 1 2 3 0 15 1 2 0 1 0 0 0 0 0 0 0 0 0 0 0 0 6 6 0 1 0 1 0 0 1 0 0 0 0 2 0 1 65 80 1 33 3 7 6 30 1 4 0 0 2 6 1 8 3 1 1 1 0 0 0 1 7 2 0 3 5 6 3 8 80 89 0 15 1 0 1 13 1 0 0 0 2 5 1 2 215 59 1 19 0 2 3 30 55 18 1 3 11 10 4 40 1
366 28 57 41 24 1 68 106 116 7 6 4 69 8 134 134 34 10 16 8 2 0 2 7 54 7 15 14 75 8 260 116 57 12 3 2 6 1 3 6 2 0 0 0 12 1 2 1 36 14 1 0 3 1 3 10 93 1 1 8 113 11 38 41 40 2 4 4 4 0 9 4 10 1 0 1 3 0 14 11 0 1 1 0 1 0 1 0 3 1 0 0 7 0 19 12 59 1 3 4 5 2 9 4 9 0 1 0 6 0 11 6 231 3 3 10 5 0 10 35 179 14 1 7 66 8 31 79 98 45 4 57 9 5 6 171 11 4 0 1 6 5 0 49 8 7 0 21 0 0 1 7 2 6 1 4 3 4 1 40 9 13 0 0 1 1 1 1 0 0 0 0 0 2 0 2 17 10 1 2 0 3 1 6 0 6 1 4 0 12 3 16 56 44 5 114 8 2 3 52 7 6 1 0 6 5 2 32 1 4 0 9 1 1 0 8 1 6 1 7 12 6 19 53 106 104 1 24 16 10 6 32 4 2 0 0 9 7 10 12 180 75 2 22 9 7 7 98 48 18 0 17 32 44 13 167 542 32 32 66 31 6 30 235 151 6 3 11 40 2 39 140 46 5 4 2 1 0 1 5 47 3 2 10 39 5 49 51 32 6 4 1 1 0 1 3 5 1 0 0 4 0 1 1 48 5 3 3 4 0 2 10 58 7 1 6 21 2 15 23 47 1 6 3 3 0 4 10 13 2 1 0 5 1 7 11 12 1 0 0 0 0 1 2 3 2 1 0 5 0 4 1 84 1 2 5 7 1 6 10 14 1 0 1 5 1 6 14 303 15 4 10 6 0 10 72 225 15 3 6 49 4 31 107 169 62 2 58 7 1 14 162 12 6 0 6 2 2 5 36 16 8 0 8 1 0 1 3 5 2 0 4 1 1 2 10 6 5 0 0 0 0 1 2 0 0 0 0 0 1 0 1 15 13 0 10 1 1 0 6 1 2 0 1 0 2 2 10 97 54 1 26 11 3 8 63 5 3 1 1 2 2 4 17 2 0 0 5 2 1 1 4 3 2 3 2 4 1 1 23 128 78 4 21 6 12 5 30 8 2 1 3 4 6 1 12 398 100 5 41 15 6 14 149 72 28 0 16 19 27 11 148 490 49 77 56 46 4 78 102 103 10 9 12 52 3 114 203 50 10 7 9 3 1 2 7 67 8 12 7 90 5 246 88 79 8 9 2 5 0 3 0 5 0 0 0 3 0 2 1 63 14 2 3 4 0 2 6 59 3 1 3 65 5 35 16 29 2 10 4 6 1 8 6 3 1 1 0 10 1 7 11 5 0 5 0 1 0 1 0 2 0 0 3 7 0 18 7 61 7 3 3 7 0 5 6 7 0 0 1 9 0 4 13 151 6 1 2 3 0 6 35 75 5 1 3 55 0 32 76 92 52 3 58 4 5 5 65 14 5 0 1 4 2 3 26 7 2 1 2 0 0 1 3 0 3 1 4 3 7 3 24 10 14 0 1 2 1 0 0 0 0 0 0 0 1 0 0 16 10 0 5 1 0 0 10 2 0 0 0 1 4 1 8 59 91 10 114 4 2 7 47 3 2 1 1 6 9 9 21 5 10 0 4 0 2 1 2 3 6 0 9 8 17 7 65 114 260 3 37 12 27 5 27 4 1 0 1 7 11 3 14 213 87 2 27 13 8 9 107 33 29 1 10 39 66 11 139 646 51 41 52 35 0 23 229 161 7 0 9 36 1 29 188 43 5 1 4 1 0 2 6 47 5 4 7 67 1 81 34 58 1 4 3 5 0 3 1 3 0 1 0 1 0 1 0 57 4 4 3 5 0 2 3 53 7 2 3 100 2 34 30 64 4 5 5 2 0 5 8 11 0 0 0 4 0 3 3 4 0 0 0 0 0 0 2 2 1 0 0 6 0 3 3 61 2 2 4 7 0 3 9 13 1 0 1 6 0 2 9 250 11 4 9 9 2 9 86 243 10 0 17 60 3 26 195 197 48 7 53 9 2 11 263 24 4 0 2 6 3 4 60 12 5 1 5 0 0 0 10 1 0 2 2 4 4 3 17 3 1 0 2 1 0 0 1 0 0 0 0 0 0 1 0 9 8 0 3 2 0 1 12 2 1 0 0 0 1 0 11 63 56 5 56 3 1 10 49 1 1 0 1 2 1 0 13 3 5 0 4 0 0 0 3 1 7 2 7 3 16 3 33 71 41 3 15 4 1 1 21 3 1 0 0 1 6 2 4 207 58 2 27 6 3 6 163 39 22 2 5 25 44 7 124 1
236 26 38 45 21 2 44 171 59 3 0 4 53 3 137 205 28 7 2 5 3 0 3 10 78 1 4 5 266 2 299 96 27 0 1 2 3 0 0 0 1 0 0 0 4 0 1 0 55 8 0 1 2 0 3 7 152 1 1 1 392 2 73 25 20 2 4 4 8 0 5 3 5 0 0 0 5 0 6 3 3 0 0 0 0 0 2 0 1 1 0 0 1 0 2 5 64 0 0 2 2 0 2 2 7 0 0 0 6 0 2 2 238 7 0 6 6 0 6 20 347 3 0 3 87 2 25 39 84 29 1 79 6 5 4 221 4 2 0 1 1 2 2 39 4 0 0 3 1 0 0 2 1 2 1 0 2 1 2 13 4 1 0 0 0 1 0 0 0 0 0 0 0 0 0 0 3 5 0 3 0 0 0 2 1 0 0 2 0 1 0 3 48 64 2 79 4 4 0 47 6 0 0 1 3 1 3 14 2 4 0 1 0 0 0 1 4 2 0 0 2 5 1 16 137 104 1 40 7 2 3 31 0 1 0 0 1 1 0 5 367 96 1 27 5 6 6 46 52 26 0 4 17 20 10 32 264 50 45 84 23 0 40 166 56 6 4 2 40 2 102 143 26 2 3 6 2 0 3 3 41 4 1 1 66 3 117 85 34 5 1 2 0 0 1 2 2 0 0 0 0 0 0 0 54 3 2 2 2 0 0 4 87 3 0 1 69 0 31 13 32 4 8 3 2 0 5 5 7 0 0 1 2 0 4 5 2 0 0 0 0 0 0 0 2 0 0 0 3 0 4 5 70 2 2 2 5 0 5 6 4 1 0 0 1 0 2 1 230 5 0 3 5 0 4 21 239 2 0 3 64 2 20 28 74 94 2 212 3 1 5 254 6 0 0 0 2 0 2 34 1 1 0 5 0 0 0 3 1 1 0 1 0 3 0 12 2 7 0 3 0 0 0 0 0 0 0 0 0 0 0 0 1 8 0 2 0 0 0 3 0 1 0 0 0 1 0 0 74 228 3 216 7 5 6 172 3 3 0 1 1 1 3 25 1 3 0 2 0 0 0 1 2 5 0 1 2 12 0 24 178 408 1 80 5 8 1 33 0 0 0 2 0 3 0 3 317 120 0 22 3 3 1 42 60 21 0 4 20 24 4 38 538 32 24 41 31 2 51 228 66 1 0 4 51 0 81 141 47 1 0 4 3 0 3 4 72 4 1 4 125 1 135 58 28 0 2 0 1 0 0 1 3 0 0 0 1 0 1 0 97 2 3 2 2 0 1 8 139 3 2 2 126 3 25 26 38 1 2 2 1 0 4 3 5 0 0 0 1 1 2 1 3 0 0 1 0 0 0 1 3 0 0 0 2 0 3 2 65 2 2 2 1 0 4 5 4 0 0 0 6 1 0 5 396 5 4 6 9 0 6 36 395 8 0 2 115 3 23 53 54 55 0 96 3 1 5 271 4 3 0 4 1 0 3 48 5 5 0 2 0 0 0 4 1 1 1 1 0 1 3 13 0 2 1 0 0 0 0 0 0 0 0 0 0 0 0 0 3 5 0 3 0 0 0 2 2 1 0 0 0 1 1 1 60 132 2 113 1 5 3 91 1 2 0 0 2 2 3 9 2 4 1 0 0 0 0 2 3 1 0 0 4 4 0 15 103 94 3 37 3 1 2 24 0 0 0 0 2 0 0 4 307 86 1 25 5 3 5 47 81 19 2 3 30 15 2 38 243 19 30 53 20 1 32 244 49 4 2 6 56 1 109 278 28 3 2 4 1 0 0 4 73 4 3 4 80 3 149 77 37 0 4 0 3 1 3 0 1 0 0 0 3 1 1 1 77 6 0 2 2 0 3 3 148 7 3 0 80 1 30 27 35 0 2 4 7 0 6 3 3 0 0 0 4 0 3 2 2 0 0 1 0 0 0 1 0 0 0 0 3 0 2 2 58 2 0 2 5 0 2 3 4 0 1 0 7 0 2 4 429 5 1 6 4 0 4 23 398 3 0 5 111 5 22 39 47 71 3 108 3 3 8 287 5 1 0 1 1 1 0 59 4 6 1 4 0 0 1 2 1 5 0 1 0 1 2 15 3 1 0 0 0 0 0 0 0 0 0 0 0 0 0 0 6 3 0 3 0 1 1 2 1 0 0 1 1 0 1 2 56 149 2 131 3 3 4 97 1 1 0 1 0 2 1 17 0 4 1 2 0 0 0 4 2 2 0 0 0 9 1 18 136 142 1 30 4 2 2 22 0 1 0 1 1 2 1 4 353 84 0 20 4 2 9 45 85 10 1 3 28 12 6 36 1
557 23 61 33 55 6 72 49 96 8 7 6 51 8 45 43 31 4 5 10 5 0 2 7 50 7 2 8 37 5 21 51 60 8 6 11 5 1 5 6 13 2 0 0 19 0 3 5 54 10 4 2 4 3 4 8 117 18 3 7 104 17 28 57 76 4 11 6 13 0 10 7 17 0 0 1 13 0 5 7 5 0 1 1 0 0 0 2 6 3 1 2 3 1 6 3 94 7 6 3 9 0 8 2 26 7 1 1 10 1 3 5 155 5 6 10 7 0 2 16 176 28 5 17 122 16 32 91 99 42 16 103 17 6 24 156 13 7 0 3 6 9 1 33 8 11 1 24 2 0 4 29 3 2 0 6 3 5 4 51 5 6 1 2 1 1 2 4 1 2 0 0 0 0 0 3 13 6 1 16 0 1 2 14 5 11 1 10 6 13 3 41 68 37 11 67 7 4 13 82 3 3 2 4 4 5 6 32 4 7 2 13 1 0 1 24 3 9 1 13 4 11 6 43 56 29 2 28 6 6 3 27 4 2 0 2 3 11 1 8 58 55 2 42 7 6 5 83 39 37 3 28 27 58 15 228 1045 13 48 27 25 1 31 50 104 10 4 6 43 0 28 38 16 4 6 5 2 0 2 4 34 9 5 9 29 5 18 33 69 7 8 3 9 1 4 2 7 2 1 1 11 1 2 2 35 6 5 6 1 0 1 2 50 11 3 5 57 6 13 36 275 1 7 4 4 1 10 4 8 0 0 1 8 0 11 5 4 2 1 0 0 0 1 0 8 2 0 1 7 0 5 5 129 2 4 3 10 1 1 7 5 1 0 3 13 2 3 4 254 6 8 14 9 1 6 75 114 15 1 10 64 8 29 72 110 21 7 52 8 2 5 50 15 4 0 4 8 2 5 13 5 5 0 8 1 0 2 10 2 5 1 3 5 7 2 24 1 4 0 3 1 1 1 1 1 0 0 1 0 1 0 0 7 7 0 8 0 1 2 8 1 3 0 4 2 2 1 26 97 69 6 32 5 2 7 52 3 1 0 1 4 1 4 22 5 1 1 7 1 0 1 9 3 7 2 9 4 9 3 42 201 57 0 17 3 5 5 23 4 1 0 3 5 7 1 7 182 78 2 31 7 7 8 110 49 33 0 20 23 64 13 135 593 34 52 29 34 5 47 102 91 15 2 8 42 5 37 80 62 3 6 6 4 1 3 8 49 8 2 10 37 3 38 35 64 5 3 1 3 1 4 4 8 0 0 0 7 0 1 0 72 6 3 2 9 0 1 9 109 13 2 3 150 8 15 16 92 5 5 5 11 0 5 8 25 9 1 4 4 2 3 11 5 3 1 1 0 0 1 1 3 1 1 1 4 3 3 3 96 3 4 3 11 0 1 6 17 4 0 3 13 1 4 16 256 5 3 2 11 0 10 27 219 18 2 36 60 6 29 88 95 38 6 83 23 5 24 334 10 2 0 3 2 2 0 27 13 6 2 11 4 1 2 30 3 3 1 9 4 5 3 28 3 3 1 3 2 0 5 0 0 0 0 1 0 1 1 1 9 12 1 8 3 0 0 28 4 1 0 1 5 8 5 32 47 39 11 71 1 4 11 54 3 3 2 2 1 2 2 18 3 6 0 2 0 3 1 7 3 2 1 5 7 19 6 42 61 24 1 16 6 2 3 19 2 3 2 5 6 2 3 15 104 32 2 22 11 5 15 82 20 21 0 21 16 38 16 165 921 30 94 45 14 2 41 254 89 7 1 3 17 1 27 199 23 2 1 1 0 1 3 8 25 0 0 5 32 3 37 34 31 1 5 0 3 1 0 2 1 0 0 1 4 1 3 1 38 1 0 0 1 0 2 6 14 1 0 0 33 8 8 8 241 4 2 1 1 0 2 9 6 0 0 0 1 0 1 3 3 0 0 0 1 0 0 0 2 0 1 0 4 0 1 2 161 0 2 1 3 0 2 8 11 1 0 2 1 0 0 4 398 11 4 5 8 0 2 103 156 4 0 9 31 4 6 97 134 27 2 62 5 2 3 119 9 0 2 2 4 1 0 21 7 0 0 1 2 0 0 4 3 1 0 0 0 5 2 14 3 1 0 2 0 0 0 1 0 0 0 0 0 0 0 0 6 4 0 0 2 0 0 3 0 0 0 0 1 1 0 11 86 105 9 108 1 5 3 42 1 0 0 0 0 2 0 16 2 3 0 3 0 0 0 3 1 3 1 2 3 25 2 61 131 38 1 18 1 0 0 9 1 0 0 0 0 1 0 3 273 67 0 10 10 0 7 103 32 8 0 2 5 21 1 71 1
545 28 60 44 44 4 68 61 96 9 6 7 62 3 50 32 30 3 5 10 0 0 6 7 52 8 2 11 52 4 27 63 51 7 4 1 12 1 1 1 9 2 1 1 15 1 0 2 51 10 5 4 1 0 5 5 136 21 7 12 119 13 27 48 71 4 17 2 10 0 9 5 23 0 2 0 12 1 6 5 6 0 4 1 1 0 0 0 4 2 2 0 1 0 5 2 67 4 4 2 15 1 5 2 31 5 0 1 10 0 6 5 187 3 4 11 4 2 9 19 196 27 4 20 113 12 40 92 95 47 12 109 15 3 37 160 10 5 1 2 6 1 2 43 9 8 0 19 2 1 3 28 3 5 2 4 2 4 1 30 4 4 0 3 0 1 0 3 0 2 0 0 0 2 2 1 8 10 1 13 1 0 2 17 3 7 1 7 4 11 3 29 71 47 17 79 7 3 19 88 6 2 0 3 6 4 4 24 4 8 1 12 0 1 2 11 8 5 2 10 7 12 5 56 52 41 3 29 3 2 10 26 5 3 0 3 5 0 1 6 65 60 1 44 9 4 9 68 33 39 1 35 29 48 18 202 937 25 45 40 32 3 50 57 85 5 3 10 39 0 22 68 42 4 6 3 2 0 0 6 43 7 8 6 24 3 18 43 68 2 9 1 9 0 4 2 14 0 0 0 14 1 2 1 55 5 4 4 4 0 2 7 54 15 5 10 60 13 21 26 238 1 6 3 10 0 6 7 6 1 0 0 7 1 7 8 2 0 0 0 0 0 1 0 6 0 0 1 11 0 3 4 120 1 1 2 7 1 5 3 7 1 3 1 13 0 7 6 255 2 5 4 4 0 11 68 102 13 0 10 86 11 25 64 136 31 7 41 8 2 9 60 13 0 0 0 0 0 3 33 5 4 0 11 0 2 0 15 4 3 0 5 2 4 2 31 3 3 0 4 0 0 2 0 0 0 0 0 1 1 0 2 7 11 0 7 1 1 0 4 4 5 0 6 1 3 1 13 103 69 7 34 12 4 11 64 0 1 0 1 4 5 2 30 6 8 1 9 0 0 1 3 2 1 2 6 12 3 3 45 162 75 3 22 6 3 5 21 2 3 0 0 4 4 1 4 192 72 1 43 5 3 7 102 46 33 1 16 33 45 11 154 548 32 70 26 40 4 32 123 91 10 0 13 47 2 38 88 49 5 4 4 5 0 3 6 66 7 5 8 62 7 55 43 50 3 1 2 8 1 0 2 6 1 1 0 9 1 2 3 82 6 4 2 5 2 3 5 92 9 3 10 148 10 25 25 91 5 3 0 10 1 7 6 15 3 1 4 4 0 7 6 6 1 0 1 1 0 1 1 6 0 0 0 7 0 5 5 91 2 2 4 2 1 3 2 15 9 0 3 9 1 3 15 281 7 2 5 9 1 6 21 223 18 1 19 85 7 26 73 102 31 3 89 16 6 35 369 4 2 0 5 3 4 4 25 12 2 0 9 5 1 1 27 2 2 0 5 4 2 0 20 0 4 0 0 0 0 0 1 1 0 0 1 0 0 0 0 5 7 0 10 3 0 2 20 3 3 0 5 2 9 3 25 52 61 10 69 6 4 7 66 3 1 0 2 1 2 3 18 4 2 1 9 0 1 1 11 2 2 2 4 4 13 7 37 58 28 3 20 3 5 8 17 3 0 1 3 4 3 2 14 111 49 0 20 5 1 9 80 36 15 0 17 25 41 18 125 1011 37 75 57 35 6 46 283 60 7 2 5 18 2 33 221 27 0 2 0 1 0 1 7 22 1 0 5 33 4 35 38 31 2 7 2 5 1 1 3 3 1 0 0 3 0 1 3 33 1 1 1 3 0 0 3 17 0 2 0 38 3 8 9 267 6 3 1 0 0 2 11 3 1 0 0 0 0 1 11 6 0 0 0 0 0 0 0 6 0 1 0 3 0 3 0 123 1 0 1 2 0 0 5 12 0 0 1 2 0 1 5 416 9 0 9 7 0 3 78 135 4 1 4 45 0 12 54 103 30 4 41 6 4 5 140 6 4 0 1 2 5 1 25 7 0 1 2 3 0 1 5 2 0 0 0 1 3 0 9 2 0 0 1 0 0 0 1 0 0 0 2 0 1 0 2 5 4 0 0 1 0 1 5 1 0 0 1 0 2 1 3 73 92 3 109 0 2 3 43 0 1 0 0 0 3 0 16 1 3 0 4 0 2 0 0 0 3 1 2 1 19 3 50 170 52 0 14 0 0 2 9 1 0 0 0 0 0 0 3 249 63 0 9 5 2 8 91 20 7 2 5 6 21 3 49 1
528 59 50 91 66 4 98 295 69 4 2 3 90 4 148 260 55 9 1 4 4 0 2 8 78 4 4 8 175 6 208 117 36 3 1 1 2 0 2 0 0 0 0 0 1 0 0 1 75 5 1 2 4 1 3 4 99 6 0 2 89 0 23 20 66 0 2 4 4 0 7 11 2 0 0 0 3 0 2 1 5 0 0 0 0 0 0 0 1 0 0 0 2 1 6 2 76 5 0 1 4 0 1 2 4 0 0 0 8 0 2 1 205 9 0 2 8 0 6 27 169 0 0 1 76 1 23 31 62 82 2 116 2 4 4 219 3 0 0 1 0 3 0 41 1 3 0 2 0 1 0 2 2 2 0 1 2 1 1 18 2 5 0 0 0 0 0 0 0 0 0 0 0 0 0 1 2 8 0 3 0 0 0 3 0 2 0 0 0 0 1 0 75 109 1 127 2 2 5 88 1 1 0 0 0 6 1 19 3 2 1 5 0 0 0 0 2 5 0 0 2 13 3 27 124 147 0 22 4 1 1 24 2 0 0 0 3 4 0 3 149 93 2 18 0 3 0 33 16 19 0 3 16 24 7 40 300 41 63 82 35 1 79 145 41 3 3 5 60 3 178 198 31 3 3 1 5 0 1 2 66 9 10 6 146 6 261 130 53 2 2 3 5 0 0 2 0 0 0 0 4 0 1 0 83 0 1 0 1 0 4 0 135 2 0 3 136 2 41 30 36 1 2 3 4 1 4 1 4 0 0 0 4 0 6 4 2 0 0 0 0 0 0 0 0 1 0 0 7 0 9 4 84 0 1 2 4 0 1 4 2 0 0 1 5 1 2 4 151 8 0 2 4 0 1 16 141 1 0 0 95 1 19 29 30 88 1 151 4 4 5 130 1 1 1 2 0 3 0 47 4 10 0 2 0 0 0 1 3 3 0 1 4 4 0 25 3 8 0 3 0 0 0 0 0 0 0 0 1 1 0 0 4 6 0 1 1 0 0 2 0 0 0 1 1 2 0 5 79 221 4 186 5 4 6 134 0 0 0 2 4 1 2 37 1 7 0 6 1 0 0 3 2 7 0 2 6 6 4 28 161 303 2 38 3 8 1 27 0 1 0 0 1 5 0 6 152 104 2 15 3 4 4 18 41 33 0 6 31 32 5 49 249 35 58 71 30 2 73 126 73 2 2 5 68 1 230 165 31 11 3 7 0 0 1 3 58 5 6 11 192 6 385 146 51 5 1 1 6 1 0 0 1 0 0 0 3 0 3 2 87 7 1 4 5 0 0 3 147 3 3 1 172 2 71 14 20 0 8 3 5 0 9 6 2 0 0 0 10 0 12 3 3 0 0 0 0 0 0 0 4 0 0 0 4 0 7 2 66 1 1 1 8 0 3 1 4 0 0 0 8 0 2 1 163 7 3 3 4 0 2 1 131 3 0 1 113 3 33 29 46 63 0 98 6 0 3 99 1 3 0 0 2 0 1 34 5 5 0 3 1 0 0 2 3 1 0 1 1 3 2 26 2 3 0 1 0 0 0 0 0 0 0 0 0 0 0 1 5 8 0 0 0 0 0 3 1 1 0 0 2 4 0 4 52 101 4 103 3 8 7 78 2 1 0 0 1 3 4 35 5 4 0 1 0 0 0 2 5 4 0 1 6 7 3 38 192 235 2 33 11 9 1 23 3 0 0 1 2 3 0 7 293 150 1 16 4 2 3 24 55 21 0 3 23 35 5 58 404 64 79 112 61 6 92 158 41 1 1 0 79 6 191 165 50 5 1 3 1 0 4 7 78 2 5 8 193 6 173 120 53 4 3 1 4 0 2 0 0 0 0 0 2 0 3 1 70 0 0 4 1 1 1 4 85 5 1 3 115 2 28 13 42 6 3 3 7 0 6 7 2 0 0 0 6 0 7 4 1 0 1 0 0 0 0 3 3 0 0 0 3 1 4 5 78 0 3 3 5 0 3 4 1 0 0 0 4 0 0 2 131 3 1 2 5 0 3 6 91 1 1 3 63 1 19 22 43 100 1 163 0 2 2 144 1 0 0 1 1 0 1 33 1 5 0 10 0 0 0 0 2 4 0 1 2 6 2 30 1 6 1 0 0 0 0 1 1 0 0 0 0 0 0 0 3 8 0 1 0 0 0 0 0 2 0 0 0 3 0 2 76 252 2 190 6 10 5 111 3 1 0 0 1 7 3 28 2 5 0 1 0 0 0 4 5 1 0 0 3 11 1 44 200 247 1 36 11 7 2 31 0 0 0 0 3 1 1 9 172 106 0 12 3 6 2 20 36 18 0 1 24 32 4 44 1
513 39 29 41 35 1 47 161 70 3 3 0 34 2 72 63 88 6 1 4 3 0 2 8 81 7 2 5 123 1 89 33 64 1 5 0 2 0 1 1 1 0 0 0 5 0 0 0 117 5 2 3 1 0 1 6 161 2 1 1 273 4 37 16 66 0 4 2 5 0 4 7 7 0 0 0 7 0 1 2 5 0 0 0 0 0 2 1 5 0 2 0 5 1 2 0 121 3 1 2 7 0 0 7 5 0 0 0 9 0 4 1 426 5 0 3 7 0 2 20 449 6 2 6 105 2 21 32 72 41 1 54 3 0 4 130 4 0 0 0 0 1 2 20 4 4 0 3 0 0 0 4 1 1 0 1 1 1 1 7 0 2 0 0 0 0 0 1 0 0 0 0 0 1 0 0 4 6 0 4 0 0 0 4 2 0 0 0 1 2 0 4 79 86 4 65 5 7 8 44 3 1 0 0 3 0 2 14 4 3 1 3 0 1 1 0 4 1 1 0 6 10 1 28 140 77 2 21 4 2 1 11 2 0 0 0 2 3 0 2 402 94 2 18 7 4 5 41 73 20 0 9 22 27 6 53 496 45 39 65 26 0 53 190 49 4 1 1 30 2 61 166 76 2 1 6 5 0 1 6 60 4 3 5 75 2 89 53 54 3 3 0 1 0 0 3 1 0 0 0 2 0 0 1 117 5 1 1 3 0 0 4 135 6 1 2 80 3 19 10 55 5 0 3 5 0 7 3 6 1 0 0 5 0 2 1 1 0 0 0 0 0 0 0 0 0 0 0 1 0 1 5 92 1 3 5 5 0 2 6 9 0 0 0 5 0 2 4 455 11 1 9 5 0 4 19 365 7 0 0 94 3 17 38 67 63 2 73 4 1 1 130 2 0 0 0 1 0 0 23 7 4 1 2 0 0 0 4 1 2 0 2 1 3 0 12 1 1 0 0 0 0 0 0 0 0 0 0 0 0 0 0 6 7 0 0 0 0 0 0 0 1 0 0 0 0 0 2 77 146 2 78 5 4 6 47 1 0 0 0 1 4 1 14 5 5 1 2 0 0 0 0 4 5 0 2 6 9 1 18 165 247 0 31 5 1 0 19 1 1 0 0 0 4 0 1 402 106 1 23 8 4 6 59 67 16 1 2 20 32 6 46 353 19 38 36 29 0 46 174 71 5 4 5 62 3 101 300 32 2 4 5 4 0 5 4 79 2 1 6 139 5 151 71 58 3 5 0 3 0 1 1 3 0 0 0 2 0 1 3 67 5 0 3 2 1 1 3 158 5 0 2 184 2 51 23 29 1 2 4 4 0 2 3 7 0 0 0 3 0 3 4 3 1 0 0 0 0 0 0 0 0 0 0 5 0 2 4 65 1 1 3 1 0 4 3 6 0 0 0 4 0 4 3 354 4 0 6 9 1 9 33 309 7 0 5 105 2 29 56 90 44 0 72 5 3 1 252 6 1 0 1 0 4 2 44 8 5 0 4 0 0 0 3 4 4 0 1 3 4 0 14 3 1 0 2 0 0 0 1 0 0 0 0 0 1 0 0 4 3 0 0 0 0 0 4 0 4 0 1 2 4 0 3 53 73 3 76 7 0 6 55 3 1 0 2 1 0 1 22 5 5 0 1 1 1 1 1 4 6 0 3 2 4 1 31 98 79 1 28 6 2 2 27 1 0 0 1 1 0 0 3 403 68 3 31 5 4 5 70 53 29 2 3 30 31 7 62 389 21 19 43 25 2 33 204 89 1 2 4 55 0 66 172 52 1 5 3 0 0 1 9 65 0 2 0 62 1 54 43 27 2 0 0 2 0 1 2 5 0 0 0 1 0 1 1 77 2 0 2 3 0 1 8 101 4 1 3 64 3 12 40 45 3 1 2 0 0 4 6 2 0 0 0 7 1 2 2 5 0 1 0 0 0 0 1 4 0 0 0 1 0 2 1 71 1 1 1 5 0 2 4 5 0 0 0 1 0 1 5 559 11 1 11 7 0 10 53 473 3 0 2 64 1 22 78 90 60 4 99 4 1 2 403 8 3 0 0 0 1 2 52 4 2 0 3 0 0 0 2 1 1 0 1 1 1 0 7 1 1 0 0 1 0 0 1 0 0 0 0 0 0 0 0 2 1 0 0 0 0 0 4 1 2 0 0 0 0 0 6 77 99 3 181 5 3 2 64 4 0 0 1 2 1 1 14 3 1 0 3 0 0 0 2 4 1 1 2 2 13 2 26 79 49 0 29 2 0 1 33 1 0 0 0 2 3 0 1 348 59 1 29 1 1 2 74 82 14 0 5 15 27 6 55 1
774 46 104 40 34 3 50 94 73 5 11 9 54 4 96 62 37 11 5 5 3 0 10 6 52 6 13 9 109 9 304 79 63 11 7 2 11 4 3 3 3 0 0 0 6 1 2 0 45 4 3 1 4 1 6 5 75 4 2 1 106 13 51 31 23 3 7 2 4 2 1 5 12 0 0 0 9 0 12 6 4 1 1 0 0 0 0 0 5 0 4 1 6 0 20 7 44 3 3 1 4 0 2 5 12 0 0 1 7 1 7 5 180 4 2 5 4 1 5 22 266 10 2 10 59 8 29 64 67 36 4 48 9 7 6 120 5 4 0 1 1 3 4 21 7 2 2 3 1 1 2 5 1 4 0 5 3 9 3 32 8 14 0 2 3 3 2 4 2 0 0 0 2 4 1 2 9 5 0 1 2 1 2 8 4 0 1 1 3 6 2 23 35 63 6 107 8 7 8 37 5 3 2 1 3 4 5 22 4 5 2 12 1 1 0 4 1 5 6 10 6 27 8 77 68 147 2 26 10 6 3 29 2 2 0 1 11 12 5 7 150 69 0 14 9 5 4 50 56 20 1 9 29 49 27 151 1004 51 48 64 45 1 38 241 131 10 3 5 53 5 50 127 34 5 8 8 1 1 4 7 38 3 9 6 35 8 58 59 54 3 3 3 6 2 3 3 3 1 1 0 9 0 0 2 43 5 2 7 1 0 6 7 39 5 5 10 34 7 16 32 28 2 9 2 4 0 9 9 7 2 1 0 3 0 1 11 0 0 1 0 0 0 1 1 5 0 0 0 3 0 11 5 44 3 2 3 7 1 4 7 7 1 0 2 10 0 3 9 195 7 3 9 8 1 5 84 118 14 3 8 38 6 24 95 131 58 1 66 11 0 9 161 13 5 0 5 5 3 1 41 12 9 4 11 2 0 1 9 8 4 0 5 2 3 1 26 5 12 2 2 2 0 0 1 0 0 0 1 0 0 0 0 10 9 1 3 0 1 0 5 3 4 0 2 1 3 0 12 43 34 4 44 5 4 8 66 4 1 1 3 4 3 6 22 3 1 2 3 0 0 1 5 2 5 1 4 3 8 9 41 55 138 3 24 12 12 4 35 4 1 0 0 7 9 0 16 277 62 2 28 6 5 2 122 51 18 3 7 24 35 15 165 433 48 68 60 26 3 49 172 108 9 4 11 45 3 72 238 45 4 4 5 1 0 2 5 52 7 13 13 47 1 181 45 49 8 6 2 6 0 6 2 6 0 0 0 5 0 0 1 62 6 1 2 1 0 2 2 46 7 1 4 61 5 24 27 44 5 3 3 3 1 7 8 7 0 0 0 7 0 10 12 7 0 1 2 0 0 0 0 4 1 0 0 5 0 10 9 81 4 0 3 3 0 2 10 10 0 1 0 6 1 8 9 282 11 4 13 2 0 5 45 99 8 1 7 40 1 24 89 129 65 6 77 7 2 9 117 7 2 0 3 6 0 3 50 4 5 0 7 4 0 0 3 4 2 0 3 0 6 1 20 5 6 1 0 0 0 0 2 3 0 0 0 0 0 0 2 14 9 0 2 2 0 1 6 0 5 0 1 1 3 1 8 42 82 3 81 7 3 6 73 3 3 0 3 5 4 3 15 4 8 0 6 2 0 1 4 5 2 0 5 3 9 9 52 133 199 3 53 5 12 6 40 3 1 0 2 4 10 2 10 373 93 2 34 13 9 11 99 26 19 2 12 27 50 16 116 462 19 35 25 32 1 45 294 152 6 6 14 46 0 44 129 35 2 6 4 5 0 5 14 65 4 8 2 76 4 101 46 55 2 2 4 5 1 2 4 4 0 0 1 8 1 0 2 71 7 2 6 5 1 8 12 81 3 0 1 105 1 33 23 31 3 3 3 1 0 5 4 11 0 0 1 4 0 7 10 7 0 1 0 0 0 0 1 3 0 0 0 0 0 7 3 54 1 0 6 5 0 2 13 8 1 1 1 4 0 1 9 358 9 3 8 12 1 6 116 370 8 7 5 71 8 30 152 155 35 5 60 12 5 8 254 25 4 0 2 5 3 1 64 5 3 0 5 0 0 1 11 5 3 0 2 2 1 1 13 5 5 0 0 0 1 0 0 0 0 0 0 1 0 0 1 10 6 0 3 1 0 0 11 3 2 0 0 1 2 1 11 40 50 2 73 6 5 4 47 4 3 0 0 4 2 2 19 1 4 0 0 1 2 0 8 3 5 0 1 4 9 6 40 44 61 2 30 6 4 1 20 1 0 0 1 2 2 1 5 186 54 2 32 5 0 7 107 67 23 1 7 20 35 6 133 1
427 61 40 73 52 4 78 222 63 7 3 4 75 4 107 118 60 10 3 3 3 0 3 3 80 3 3 5 104 3 113 64 61 2 2 0 5 0 1 1 1 0 0 0 0 0 0 0 133 8 1 2 2 0 3 3 201 5 0 4 151 2 29 18 69 4 4 1 5 0 9 8 4 0 0 0 6 0 4 1 9 0 1 0 0 0 0 0 4 0 1 0 6 0 3 2 127 0 0 2 8 0 1 5 7 1 0 0 6 2 2 2 301 7 0 7 3 1 3 24 280 5 0 0 101 2 23 32 78 98 1 102 1 4 4 165 1 0 0 1 1 2 0 47 3 11 0 4 1 0 0 3 2 2 0 5 1 3 0 11 4 3 0 1 0 0 0 0 1 0 0 0 0 0 0 0 2 8 0 0 1 0 0 0 0 2 0 1 1 0 0 2 97 118 1 61 4 1 4 70 2 3 0 0 3 1 1 9 4 9 0 2 0 1 0 3 1 1 1 1 3 8 2 17 175 110 0 19 2 3 5 23 1 0 0 0 1 1 0 1 239 99 0 20 6 3 3 36 52 22 0 4 32 31 5 52 521 62 42 83 24 0 62 259 47 3 0 3 65 3 54 140 47 8 1 5 3 0 1 7 65 2 3 3 122 4 84 65 55 2 2 1 3 0 0 2 3 0 0 0 5 0 1 1 93 4 3 3 0 0 3 3 111 3 1 2 84 1 23 18 57 1 3 3 3 0 5 6 2 0 0 0 3 0 7 3 2 0 0 0 0 0 0 0 5 0 0 0 6 0 3 4 96 3 1 3 7 0 2 6 2 0 0 0 5 0 1 2 376 9 5 7 8 0 5 21 302 4 0 4 85 6 21 27 72 74 1 130 2 4 2 212 1 0 0 0 3 1 0 29 2 4 0 3 0 0 0 2 2 1 0 4 3 3 0 7 0 0 1 1 0 0 0 0 0 0 0 0 0 0 0 0 3 8 0 5 0 0 0 1 1 1 0 0 1 1 0 1 89 165 4 119 1 6 6 75 3 4 0 0 1 2 0 20 2 13 1 2 0 0 0 0 2 3 0 3 2 6 2 34 156 117 1 28 3 3 0 24 0 0 0 0 4 3 0 2 319 98 0 25 4 2 4 35 38 20 0 2 32 23 4 42 369 34 28 52 25 0 54 221 49 4 0 2 62 3 124 237 33 5 1 5 1 0 4 4 62 4 2 2 138 4 130 67 40 0 3 0 2 0 1 2 1 0 0 0 1 0 0 0 74 4 1 3 2 0 2 6 133 3 0 0 121 7 22 17 47 3 1 0 5 1 4 11 5 0 0 0 1 0 4 10 0 0 0 0 0 0 0 0 4 0 1 0 0 0 3 5 71 2 3 3 5 0 4 7 4 0 0 1 5 0 2 0 392 8 4 6 10 0 0 25 362 6 0 4 82 2 21 47 67 62 2 85 4 1 2 142 3 2 0 0 1 2 0 31 3 9 0 2 0 1 0 2 2 3 0 3 0 2 1 26 1 2 0 0 0 0 0 0 0 0 0 0 0 0 0 0 3 1 0 2 0 0 0 1 1 1 0 1 1 0 0 4 73 133 1 53 9 2 1 66 2 1 0 0 1 2 2 26 4 4 0 2 0 0 0 1 1 2 0 0 2 5 0 22 162 92 1 32 1 5 3 30 2 0 0 0 1 1 0 5 506 90 1 29 2 3 2 64 86 19 1 3 23 15 6 48 609 51 43 106 45 5 80 277 59 3 0 4 59 1 102 159 50 4 2 2 2 0 5 6 75 5 3 2 110 2 77 74 39 2 2 5 1 0 0 1 1 0 0 0 1 0 0 0 80 2 3 4 3 0 2 4 136 4 1 3 80 2 12 18 45 5 3 2 2 0 6 10 5 0 0 0 5 0 1 5 6 1 0 0 0 0 0 0 7 0 0 0 0 0 3 1 62 1 2 6 7 0 3 5 4 0 0 0 5 0 1 2 343 13 0 5 7 0 4 19 496 1 1 0 99 4 21 39 65 65 0 171 2 3 2 211 1 1 0 1 3 2 1 36 5 2 0 4 2 0 0 2 1 2 0 2 0 4 1 14 0 0 0 0 0 0 0 1 0 0 0 0 0 0 0 0 4 3 0 1 0 0 0 2 1 0 0 1 0 0 0 4 65 125 2 67 3 7 3 76 1 5 0 0 4 2 1 28 4 6 0 1 0 0 0 3 2 3 0 3 3 12 2 19 83 91 2 23 4 5 1 15 0 0 0 0 1 1 0 1 179 82 0 26 2 3 1 35 59 21 0 3 21 23 0 42 1
609 56 52 61 68 3 99 393 57 2 2 5 112 4 131 292 48 3 2 6 5 1 3 10 73 2 5 11 213 2 124 104 49 3 2 1 6 0 0 2 1 0 0 0 4 0 1 2 68 7 2 1 3 1 1 4 121 5 0 0 188 3 36 23 45 0 4 1 6 1 7 5 4 0 0 0 3 0 3 3 3 0 0 0 0 0 0 0 1 0 0 0 5 0 3 3 53 4 0 0 4 1 0 3 3 0 0 0 5 0 1 0 223 3 1 4 6 0 6 23 216 2 2 5 93 1 20 47 56 48 2 76 6 2 3 208 1 2 0 0 2 2 2 51 1 1 0 2 0 0 0 3 0 0 0 2 0 6 0 17 2 1 0 0 0 0 0 1 0 0 0 0 0 1 0 0 7 6 0 3 0 0 1 1 0 0 0 0 0 5 0 7 40 93 6 94 3 2 3 66 0 1 0 0 3 1 3 7 1 4 0 3 0 0 0 2 2 2 1 1 4 5 4 17 71 45 1 12 2 1 1 15 5 1 0 0 0 0 0 3 278 57 0 17 2 2 3 33 31 15 0 3 13 19 4 31 422 44 53 58 48 2 51 210 87 3 3 4 58 3 77 288 40 6 3 6 0 0 3 8 73 7 3 2 97 5 98 89 50 4 2 2 3 0 0 2 1 1 0 0 3 0 1 0 73 5 3 1 2 1 5 7 123 2 0 1 118 1 44 32 54 4 2 2 8 0 3 7 7 0 0 0 5 0 3 4 2 0 0 0 0 0 0 2 4 1 0 2 6 0 5 4 74 1 2 4 5 0 2 6 9 0 0 0 5 0 1 2 372 5 3 3 5 1 9 20 486 5 2 0 97 1 29 29 68 49 2 65 3 1 3 142 5 4 0 0 1 2 0 55 4 4 1 1 0 0 0 2 1 1 0 1 2 5 1 9 2 6 0 1 0 0 0 1 0 0 0 0 0 0 0 0 4 2 0 1 0 0 1 0 1 2 0 0 0 2 0 2 64 82 6 96 7 3 2 58 2 2 0 1 4 1 4 13 3 4 0 4 0 0 0 3 2 4 1 1 2 6 4 19 103 189 0 30 4 4 1 24 2 1 0 0 1 2 0 5 254 87 0 23 6 2 1 31 75 19 1 7 28 24 5 51 532 42 37 56 61 1 59 234 69 0 1 4 52 2 116 280 55 4 0 3 4 0 3 3 75 2 1 7 120 6 158 73 52 0 1 2 2 0 2 1 1 0 0 0 5 0 2 0 101 7 2 2 1 0 2 6 134 3 0 4 110 0 26 12 70 2 0 3 4 0 6 7 5 0 0 0 5 0 4 1 6 0 0 0 0 0 0 2 4 0 0 1 10 1 3 4 113 3 2 2 1 0 4 6 1 0 0 0 6 0 3 1 365 8 3 6 9 0 5 16 301 4 2 4 75 2 29 47 48 67 0 56 2 0 4 117 1 4 0 2 3 0 0 29 3 5 0 3 0 0 0 1 1 0 0 1 2 4 2 12 0 6 0 1 0 0 0 0 0 0 0 0 0 0 0 0 3 5 0 1 0 0 0 1 0 0 0 0 2 2 0 1 88 138 4 60 5 4 5 51 2 0 0 0 3 5 1 20 6 6 1 2 0 1 0 0 4 4 0 1 2 8 2 17 127 96 1 19 5 5 2 22 1 2 0 0 1 1 0 0 280 94 1 15 6 3 3 43 86 30 0 3 34 27 6 40 464 20 33 49 28 4 60 318 81 4 2 1 50 1 81 274 46 0 1 9 3 0 1 11 68 3 1 2 117 3 89 55 46 4 4 2 1 0 0 4 2 0 0 0 1 0 0 0 83 8 2 2 4 0 3 8 126 0 1 2 115 2 25 18 47 1 0 2 4 0 3 9 3 0 0 0 3 0 3 3 1 0 0 0 0 0 0 0 6 0 0 1 1 1 2 2 49 1 1 2 2 0 1 5 5 0 0 0 5 0 0 2 487 13 1 5 13 1 10 40 463 5 2 8 107 1 26 72 67 34 1 81 1 4 1 334 5 3 0 1 1 1 0 47 2 2 0 4 0 0 0 5 2 2 0 3 0 2 0 28 0 4 0 0 0 0 0 1 0 0 0 0 0 0 0 1 3 8 0 1 0 0 0 6 0 2 0 0 0 0 0 6 59 73 4 104 1 4 4 46 1 1 0 1 3 6 1 19 4 2 0 0 0 0 0 3 4 1 0 2 6 9 1 30 62 59 0 22 0 2 3 17 0 0 0 0 0 1 0 4 190 48 1 15 4 4 3 54 67 19 1 3 18 25 3 38 1
416 23 50 40 62 3 57 63 117 13 5 10 62 5 44 66 43 5 4 13 4 0 5 4 79 10 5 10 337 4 50 80 47 4 4 0 5 1 3 3 14 2 1 0 17 2 2 4 43 12 4 5 3 0 2 9 122 17 6 15 177 14 23 45 41 4 12 2 8 0 9 6 22 6 0 3 8 0 5 10 0 0 4 1 1 0 0 2 3 0 1 0 5 0 3 3 42 2 3 3 13 1 4 3 24 1 1 2 16 2 5 14 60 5 2 7 13 2 8 16 200 23 5 21 94 13 51 105 115 37 8 93 18 3 28 181 8 1 2 2 3 5 1 37 15 9 0 22 6 1 2 18 6 8 1 6 3 1 2 43 7 3 0 3 0 1 0 3 1 0 0 0 0 1 1 2 7 6 2 10 4 3 4 13 3 6 0 4 1 9 2 27 46 25 9 56 14 1 17 90 8 2 1 4 8 5 5 18 2 3 1 12 2 0 0 8 2 2 2 8 7 6 7 48 50 37 0 15 11 0 4 26 4 1 1 2 3 0 1 15 58 51 6 41 6 7 8 107 45 35 1 19 20 33 13 192 1690 14 37 29 29 1 40 59 122 5 1 3 50 1 46 82 80 1 4 5 4 0 3 7 105 2 7 12 390 0 32 51 42 4 4 3 3 1 1 3 1 0 1 0 3 0 2 2 68 7 0 6 3 0 4 6 86 8 0 7 91 4 12 26 18 0 2 2 6 0 4 0 13 0 0 0 4 0 5 9 2 0 1 0 0 0 0 0 1 0 1 0 3 1 2 6 41 4 2 3 4 0 9 3 13 0 0 0 8 1 2 4 80 2 4 5 2 1 7 28 102 8 2 8 74 2 23 89 90 27 5 41 5 2 6 50 13 3 0 0 3 2 4 35 5 8 0 7 1 0 1 4 2 6 0 1 4 7 0 25 5 2 0 0 0 0 0 1 1 0 0 1 0 0 0 0 6 6 1 5 0 0 1 6 1 5 0 0 1 5 2 5 21 18 3 28 8 2 12 47 3 4 0 0 6 6 1 15 1 1 2 4 0 0 0 6 4 2 0 1 1 16 6 23 27 15 0 13 12 3 4 21 2 2 1 1 3 2 1 6 112 41 0 35 5 8 7 77 34 22 0 15 27 36 10 139 577 24 56 50 82 4 71 181 132 6 0 7 106 1 70 88 30 3 4 7 5 1 2 11 46 5 6 6 350 7 104 51 43 5 4 2 8 0 2 1 11 0 0 1 5 0 0 3 38 1 3 4 7 0 7 11 72 10 0 3 104 8 33 30 33 2 5 2 13 1 4 5 29 2 0 5 8 0 2 11 4 0 2 0 1 0 1 0 5 1 0 0 1 1 4 4 31 1 2 6 4 0 3 8 23 7 2 5 5 1 6 9 75 4 3 3 7 3 8 49 184 43 0 21 68 2 19 110 102 37 5 86 28 3 29 282 4 1 1 2 5 2 2 30 5 6 0 8 3 2 2 40 2 0 0 2 3 5 1 18 6 1 0 1 0 0 0 0 1 1 1 0 0 0 0 3 4 3 0 3 5 1 2 34 3 1 0 4 3 9 0 16 30 35 9 75 5 5 10 54 1 2 0 1 3 3 1 23 2 1 1 2 2 1 0 7 2 4 2 5 4 14 9 55 53 48 4 20 4 2 3 14 0 3 0 1 2 3 2 10 49 33 1 13 5 2 6 77 18 6 2 20 9 45 18 154 1199 25 82 34 90 5 69 354 193 8 4 13 94 1 64 289 19 1 5 2 4 0 2 12 17 2 1 2 206 2 71 64 26 0 11 1 4 1 7 4 1 0 0 0 1 2 0 1 18 1 0 0 1 0 8 10 19 1 1 0 55 6 9 21 11 0 4 2 2 0 1 8 6 0 1 0 0 1 1 9 1 0 0 0 0 0 0 0 3 0 0 0 0 0 2 1 12 1 2 4 1 0 2 15 4 0 0 2 2 0 1 12 96 4 0 4 5 1 7 176 132 3 0 4 20 1 8 191 127 15 2 24 11 1 11 139 19 6 1 3 6 4 1 35 6 1 0 3 0 1 0 5 3 0 2 0 3 4 1 13 1 3 0 0 0 1 0 0 1 0 0 0 0 0 0 2 6 0 0 2 0 0 2 16 0 0 0 0 0 4 3 12 11 43 3 77 2 2 2 31 1 2 0 0 0 2 1 5 0 2 0 2 1 1 1 2 3 5 0 2 1 27 6 79 13 10 0 15 0 0 0 9 0 1 0 1 0 2 0 4 79 9 0 11 3 0 1 141 16 6 0 2 4 35 2 96 1
301 40 43 74 33 3 76 302 63 7 1 3 55 2 95 262 25 3 3 6 1 0 4 7 62 2 2 7 55 8 75 70 24 3 0 1 3 0 3 4 5 0 0 0 2 1 0 1 64 3 1 2 4 0 3 7 111 5 0 2 70 3 22 15 41 2 4 6 3 0 1 9 3 0 0 0 4 0 5 1 3 0 1 0 0 0 0 1 2 0 0 1 4 0 4 2 71 3 0 2 6 0 4 10 4 0 0 0 5 0 3 5 341 8 1 3 4 0 5 20 290 4 3 3 77 2 15 51 78 89 2 153 2 3 7 291 4 2 0 1 0 5 0 74 2 3 0 5 0 0 0 3 3 2 0 4 2 4 0 18 2 3 0 1 0 0 0 1 0 0 0 0 0 0 0 1 3 6 0 1 1 1 0 6 1 2 0 0 0 0 0 3 74 124 1 150 1 5 4 127 2 1 0 2 1 4 1 36 0 2 0 4 0 0 0 0 4 0 0 2 5 6 1 30 114 142 1 41 5 0 1 25 1 0 0 0 1 2 0 6 342 82 0 33 3 2 6 45 52 15 0 0 18 20 4 53 309 37 46 112 31 5 94 431 64 5 1 9 66 4 148 320 32 7 3 10 1 0 1 11 53 5 0 7 92 3 166 124 28 5 2 1 1 1 3 1 2 0 1 0 2 0 0 1 48 7 3 2 2 0 2 7 77 4 1 2 121 1 25 22 38 3 2 3 1 0 5 5 0 1 0 0 4 0 10 4 2 1 0 1 0 0 0 0 0 0 0 0 1 0 7 5 44 5 1 4 5 0 2 6 1 0 0 1 4 0 3 2 142 5 0 8 6 0 3 19 75 0 0 1 52 0 11 33 75 82 3 192 4 3 8 424 1 1 0 1 1 1 1 83 0 6 0 4 0 0 0 3 0 3 0 4 0 2 0 27 0 5 0 0 0 0 1 0 0 0 0 0 0 0 0 1 3 7 0 2 0 0 0 4 1 1 0 0 0 1 0 4 69 134 4 138 6 4 5 128 1 1 0 0 3 8 2 40 0 4 0 4 0 0 0 1 2 2 0 1 3 5 0 31 100 154 0 39 4 10 1 27 0 0 0 1 2 3 2 11 177 84 1 22 1 5 3 51 24 12 0 2 20 16 0 54 513 36 19 74 39 1 57 292 87 6 0 2 42 3 51 185 63 2 0 4 2 0 2 6 59 3 1 6 49 3 19 48 47 0 0 3 0 0 0 2 2 0 0 0 1 1 1 2 90 8 2 2 3 0 2 9 90 4 0 3 34 2 6 15 53 3 2 2 5 0 3 12 6 0 0 0 4 0 7 4 9 1 0 0 1 0 2 1 4 0 0 0 6 0 1 3 107 3 1 3 8 0 2 6 4 0 0 0 3 0 1 6 493 12 1 8 4 0 9 22 309 9 0 5 67 5 11 54 73 70 2 81 5 3 1 181 9 2 0 0 2 0 1 19 5 9 0 3 0 1 0 6 2 1 0 4 1 4 0 11 1 3 0 2 0 0 0 0 0 0 0 0 0 0 0 0 4 4 0 2 0 0 1 3 0 0 0 0 0 1 0 2 80 122 1 64 2 1 6 67 2 0 0 0 2 2 0 10 2 7 0 2 0 0 2 2 3 2 0 0 3 9 1 10 129 192 0 31 3 2 4 31 1 0 0 1 0 0 1 9 476 113 2 24 9 3 3 58 79 23 0 4 11 19 3 39 429 39 37 64 39 2 48 262 70 2 4 2 46 2 64 103 48 5 4 2 1 0 2 6 59 4 2 9 135 5 148 49 51 2 4 2 1 0 2 1 3 0 0 1 1 0 0 0 78 3 0 0 1 0 3 0 139 4 1 3 179 3 31 23 39 2 2 1 6 0 6 9 5 0 0 0 2 0 1 2 3 0 1 0 0 0 0 0 1 0 0 0 3 0 2 3 80 1 3 2 5 0 1 8 7 0 0 0 4 0 1 2 528 6 1 7 9 0 7 21 330 2 1 2 93 0 24 38 74 51 1 71 1 1 2 141 5 2 0 1 2 2 0 30 2 2 0 2 0 0 0 3 2 1 0 2 0 3 1 15 0 4 0 2 0 0 0 1 0 0 0 0 0 0 0 0 5 6 0 1 0 0 0 3 1 1 0 0 0 3 0 4 52 119 6 56 5 3 3 59 3 0 0 0 0 4 1 15 6 4 0 3 0 0 0 2 2 4 0 1 3 13 3 25 99 151 0 35 3 3 4 23 1 1 0 0 1 3 0 2 408 87 0 18 3 0 6 43 94 24 0 4 33 28 6 57 1
285 36 46 75 23 3 78 230 82 7 7 10 83 8 205 314 24 6 4 12 2 0 3 9 68 3 4 8 102 3 185 145 36 4 2 2 4 0 4 2 2 0 0 0 2 0 3 1 50 7 1 4 5 1 7 8 71 2 3 3 71 11 55 37 27 2 1 1 2 1 9 12 4 0 0 1 5 1 7 15 1 0 0 0 0 0 0 0 3 0 0 0 4 0 6 13 49 1 0 5 5 0 4 13 3 0 0 0 6 1 1 4 125 4 2 12 7 0 6 41 102 8 1 3 51 5 28 78 98 60 6 118 8 1 10 244 14 6 0 4 3 6 5 66 5 8 0 4 0 0 0 5 3 2 0 4 3 2 2 35 4 5 0 2 0 0 0 4 0 1 0 0 1 2 1 1 9 8 0 3 0 1 1 3 0 0 0 1 1 4 0 9 60 90 2 54 8 4 7 81 0 3 0 0 6 4 3 36 3 1 0 4 0 0 0 4 2 1 0 1 4 6 3 42 122 111 7 35 4 4 3 41 6 0 0 0 4 4 2 17 262 87 1 28 7 7 5 96 51 15 1 9 28 29 17 113 443 56 35 90 31 2 57 258 100 9 3 12 50 2 108 230 40 5 3 13 2 0 0 7 58 6 1 13 40 4 88 105 57 4 2 2 6 0 4 0 4 0 1 0 6 0 1 2 50 10 1 4 1 0 3 11 64 6 1 5 45 2 19 32 51 2 0 4 0 0 9 6 6 0 0 1 10 0 11 5 1 0 0 0 0 0 0 1 1 0 0 3 3 1 5 6 75 3 3 3 5 0 3 6 6 0 0 0 11 0 3 7 212 17 2 11 8 0 9 55 190 1 0 2 67 6 35 117 156 82 3 80 8 2 7 273 5 1 0 2 2 7 0 63 10 7 1 6 1 0 0 9 6 1 0 2 2 1 1 19 4 4 0 0 0 0 0 0 0 0 0 0 0 0 0 1 5 9 0 5 0 2 0 5 0 4 0 1 0 5 0 10 77 82 5 65 7 1 9 76 2 3 0 0 7 2 4 20 2 2 0 4 0 0 0 6 4 7 1 1 4 3 1 28 123 135 1 45 14 6 1 28 1 1 0 1 2 7 4 8 235 72 2 33 9 7 6 93 38 22 0 4 18 23 8 97 403 64 48 70 33 4 56 132 69 9 7 15 55 3 129 217 33 8 1 12 3 0 2 7 61 7 7 8 73 4 115 82 68 6 2 4 5 0 2 4 4 0 1 0 6 0 2 9 51 9 4 2 0 0 2 7 68 6 0 6 45 1 32 23 56 6 7 5 9 0 11 8 6 3 0 2 4 0 7 10 3 0 0 0 0 0 1 0 1 1 0 1 5 1 2 9 80 4 4 3 7 0 4 6 11 2 0 1 8 0 3 11 150 7 3 9 5 1 6 13 97 6 0 3 60 3 31 55 100 85 5 119 9 4 8 139 5 5 1 2 1 3 4 46 7 11 0 6 0 2 2 6 3 5 0 2 2 3 1 27 7 9 1 0 0 0 0 1 0 2 0 0 0 0 0 2 5 10 0 5 0 0 0 4 1 2 0 3 3 0 1 15 115 110 9 83 9 5 12 87 4 1 0 1 2 5 2 35 4 7 0 5 0 1 2 7 3 9 0 2 5 7 3 46 229 136 4 36 9 4 3 41 1 3 0 0 2 6 1 11 292 156 2 37 11 7 6 78 49 26 2 8 27 43 7 117 362 49 37 106 52 4 82 334 88 7 2 11 80 4 97 204 35 3 5 11 0 2 4 8 64 10 5 10 64 5 50 69 42 1 1 3 5 0 2 3 4 0 0 1 5 1 2 1 47 8 2 4 6 2 2 10 110 7 0 5 142 11 41 42 35 5 3 3 4 1 7 19 8 1 0 2 5 0 9 9 3 0 0 0 0 0 1 0 1 0 1 1 5 0 4 2 64 2 0 5 6 1 3 8 11 1 0 0 6 1 3 9 211 11 1 13 4 0 4 44 184 5 1 9 68 6 19 80 110 69 6 159 16 1 16 353 5 4 1 2 3 5 4 70 4 3 0 8 0 0 0 12 3 2 0 6 3 7 2 34 2 2 0 0 0 0 0 5 0 0 0 0 0 1 0 3 3 5 0 4 0 0 1 9 0 3 0 3 0 4 1 18 76 60 4 108 4 3 9 91 3 2 1 1 1 5 3 17 3 4 0 6 0 1 0 4 3 6 0 2 2 12 1 36 66 34 0 26 13 4 4 33 3 0 0 0 0 3 2 10 120 49 1 35 3 4 8 88 41 28 1 10 14 25 11 117 1
216 24 24 59 33 1 44 161 28 2 1 2 55 0 82 81 25 5 1 5 0 0 0 4 46 7 1 4 77 3 74 55 36 2 0 1 3 0 1 2 0 0 0 0 1 0 0 0 45 3 1 2 3 0 2 2 101 1 1 0 82 3 20 18 33 0 3 2 2 0 7 4 4 0 0 0 7 0 2 1 0 1 0 2 0 0 0 1 1 0 0 0 5 0 1 3 72 7 2 5 3 0 0 3 0 0 0 0 6 0 0 2 176 8 0 4 3 0 4 11 119 2 0 3 60 3 17 21 35 76 0 124 1 0 1 223 4 1 0 1 1 2 0 24 5 3 0 2 0 0 0 2 2 2 0 0 0 1 0 11 1 1 0 0 0 0 0 0 0 0 0 0 0 0 0 0 3 8 0 0 0 0 0 1 0 1 0 0 0 0 0 0 75 195 1 130 3 5 4 99 5 3 0 0 2 1 1 16 3 6 0 1 0 0 0 2 0 3 0 2 3 3 0 18 157 211 2 44 4 4 4 33 2 1 0 0 0 1 0 3 214 89 1 36 2 2 3 22 38 22 0 2 16 15 2 37 318 43 51 61 53 2 78 141 61 5 2 0 85 5 151 161 35 7 4 9 4 0 2 8 71 7 2 4 219 3 206 106 34 4 1 2 2 0 3 2 0 0 0 0 1 0 1 0 64 5 1 1 1 0 2 4 126 5 0 0 197 4 37 36 26 2 0 1 8 0 2 7 1 0 0 0 6 0 2 1 2 0 0 0 1 0 0 1 4 0 0 0 7 0 1 3 58 0 0 1 3 0 2 2 1 0 0 0 4 0 0 2 91 3 2 1 3 0 1 9 84 3 0 2 71 1 26 23 41 57 0 84 0 3 2 125 0 1 0 1 1 2 1 24 5 4 0 4 0 0 1 3 0 0 0 3 0 3 0 15 2 3 0 0 0 0 0 1 0 0 0 0 0 0 0 2 2 1 0 2 0 1 0 0 0 0 0 0 0 2 0 2 43 84 3 40 6 6 5 59 1 2 0 0 0 5 1 18 2 3 0 1 0 2 0 1 2 4 0 1 5 17 2 19 77 63 0 15 1 1 4 16 0 0 0 1 1 1 0 2 69 49 0 7 2 0 0 23 17 9 0 3 20 22 0 32 459 29 21 55 25 2 43 219 58 3 1 0 23 0 23 104 51 8 3 5 4 0 0 5 51 3 0 2 55 0 15 36 41 0 0 0 2 0 0 0 2 0 0 0 0 0 1 0 70 6 1 0 1 0 4 5 72 2 0 0 40 2 11 7 64 2 0 1 2 0 5 5 4 0 0 0 3 0 2 1 3 0 0 0 0 0 0 2 3 0 0 0 4 1 1 3 81 2 0 2 2 0 2 4 2 0 0 0 5 0 1 1 539 10 2 10 10 0 8 27 303 1 0 3 45 1 12 42 76 45 1 68 2 2 4 172 2 1 0 0 3 1 0 19 4 3 0 0 0 0 0 1 1 2 0 0 1 0 1 5 2 0 0 0 0 0 0 0 0 0 0 0 0 0 0 0 4 4 0 1 0 0 0 2 0 0 0 0 0 0 0 0 66 54 0 25 4 1 6 36 0 0 0 0 2 3 0 11 2 2 0 1 1 0 0 0 4 3 0 1 1 8 1 5 69 34 3 10 2 2 3 13 0 0 0 0 3 0 0 2 275 56 1 20 2 2 4 37 63 14 0 2 19 12 1 40 349 31 27 35 25 2 38 58 66 3 0 0 39 0 55 40 73 6 3 4 5 0 2 2 70 3 3 3 176 4 143 41 44 1 1 0 3 0 0 0 1 0 0 0 1 0 0 0 114 3 2 0 6 0 3 2 124 4 0 2 116 0 23 19 46 4 1 1 1 0 7 4 2 0 0 0 5 0 3 1 6 0 0 0 0 0 1 1 3 0 0 0 5 0 4 1 66 1 1 3 5 0 2 5 2 0 0 0 6 0 0 2 355 3 1 4 5 1 10 17 461 3 0 2 97 3 16 36 41 46 0 37 3 0 2 28 3 1 0 0 0 0 0 8 3 4 1 1 0 0 0 2 1 2 0 0 0 2 0 11 0 0 0 0 0 0 0 0 0 0 0 0 0 0 1 0 3 3 0 1 0 0 0 1 1 0 0 0 1 1 0 0 64 69 1 35 1 3 5 22 2 0 0 0 1 2 2 6 3 4 0 4 0 0 0 2 7 1 0 0 3 4 1 15 78 91 1 10 3 2 0 9 0 0 0 0 2 1 0 0 175 53 1 18 3 2 4 28 58 15 0 5 20 17 4 27 1
641 52 32 85 70 4 81 425 69 3 3 2 66 3 101 273 58 9 2 7 2 0 2 8 65 3 1 9 125 6 74 83 38 3 0 0 2 0 0 2 2 0 0 0 2 0 0 1 89 5 1 2 2 0 0 2 128 4 0 0 93 1 25 21 60 3 1 1 5 0 6 4 2 0 0 0 7 0 1 4 2 0 0 0 0 0 0 1 5 0 0 0 7 0 2 0 80 2 2 2 5 0 0 6 1 0 0 0 5 0 2 1 309 7 1 4 8 0 3 20 246 0 1 1 78 1 16 33 63 74 1 149 0 2 3 307 1 3 0 0 1 0 0 52 3 4 0 3 0 0 0 3 1 1 0 1 1 1 0 20 2 2 0 0 0 0 0 1 0 0 0 0 0 0 0 0 2 1 0 1 0 0 0 1 0 1 0 0 0 2 1 4 57 99 0 97 8 7 3 99 1 1 1 0 3 3 2 10 3 1 0 1 0 0 1 2 0 3 0 1 2 10 2 14 121 68 0 17 5 1 2 29 2 0 0 0 1 2 0 1 147 56 0 10 0 0 0 43 27 7 1 2 15 16 2 26 310 45 33 84 41 2 57 329 71 3 2 6 42 1 121 271 31 4 2 6 1 1 5 5 68 8 1 7 97 2 117 85 34 5 2 2 1 0 1 3 1 0 0 0 2 0 0 2 75 5 0 3 1 0 2 4 101 7 1 2 87 3 18 14 38 5 2 1 4 0 2 8 2 0 0 0 0 1 9 12 1 0 0 0 0 0 0 0 1 0 0 0 6 0 2 2 58 6 2 1 5 1 1 6 5 0 0 0 6 0 2 2 254 12 1 11 5 1 4 23 194 5 0 4 74 1 21 36 77 76 2 225 3 3 4 392 1 2 0 0 0 1 0 65 4 9 0 4 0 0 0 4 0 0 0 1 1 2 1 24 4 3 0 1 0 0 0 0 0 0 0 0 0 0 0 0 6 3 0 2 0 0 0 2 1 3 0 0 0 0 0 6 64 108 3 157 7 4 6 128 0 0 0 2 5 0 1 30 1 1 0 4 0 0 0 2 1 2 0 1 2 0 5 20 117 163 0 32 5 6 0 28 0 1 0 1 4 4 0 11 232 80 1 28 4 0 4 58 39 13 0 2 18 16 3 49 599 78 56 84 44 4 77 206 62 2 4 1 51 0 95 127 43 8 3 7 5 0 3 7 61 7 2 7 116 6 97 63 54 3 0 1 1 0 1 3 1 0 0 0 2 0 0 0 85 7 2 2 1 0 3 4 108 2 1 0 90 2 36 16 62 6 3 4 3 0 3 9 4 0 0 0 3 0 2 0 1 1 0 0 0 0 0 0 3 0 0 0 3 0 0 2 88 7 3 2 5 0 2 3 3 0 0 0 3 0 0 2 372 3 1 7 6 0 5 38 216 5 0 1 92 1 23 29 74 60 2 84 2 2 1 160 3 1 0 1 0 3 0 25 3 3 0 5 0 1 0 2 2 2 0 2 2 3 0 10 0 3 0 2 0 1 0 1 0 0 0 0 0 0 0 0 3 5 0 1 0 0 0 1 1 2 0 0 0 0 1 3 63 128 4 103 3 7 3 74 0 2 0 1 0 4 1 29 7 6 0 2 0 0 0 4 1 2 0 0 8 9 0 36 125 237 0 44 1 3 0 15 1 1 0 0 0 2 0 1 354 97 1 12 1 3 1 48 59 21 2 2 24 26 1 44 461 63 61 78 53 5 73 192 53 2 3 5 73 3 98 141 54 6 5 4 5 0 2 15 75 1 3 6 167 4 198 89 44 2 1 3 2 0 1 3 4 0 0 0 1 0 0 1 105 4 3 2 2 0 4 5 122 1 0 1 111 4 40 19 41 5 1 1 2 0 5 8 5 0 0 0 3 0 4 2 5 1 1 0 0 0 0 0 3 0 0 0 7 0 3 3 68 1 1 5 3 0 4 5 1 0 0 0 7 0 2 1 448 3 1 1 9 0 2 17 302 2 2 2 107 2 28 31 53 72 2 96 6 1 4 109 2 1 0 1 0 2 1 19 1 2 0 2 0 1 0 1 1 0 0 2 0 7 0 25 3 4 0 1 0 0 0 2 0 0 0 0 0 1 0 0 3 5 0 1 0 0 0 2 3 2 0 0 0 1 0 2 56 137 2 96 1 6 3 87 1 1 0 0 5 3 1 14 0 6 0 4 0 0 0 1 2 7 1 0 3 18 3 29 112 134 0 30 6 2 0 10 0 2 0 0 3 2 0 1 299 85 0 12 3 3 2 25 50 17 0 3 21 35 2 51 1
296 35 24 76 30 2 52 223 64 4 2 3 41 2 53 138 32 5 0 3 1 0 4 6 37 4 2 4 47 1 34 46 23 4 0 1 0 0 1 2 1 0 0 0 0 0 0 1 58 6 0 3 1 0 4 6 62 1 1 2 27 0 8 16 36 0 7 1 2 0 1 6 5 0 0 0 3 0 6 4 2 0 0 0 1 0 1 0 6 0 0 1 1 0 0 2 63 1 1 2 6 0 3 8 4 2 0 1 5 1 1 4 256 4 0 6 5 0 8 20 156 9 1 3 33 4 17 42 79 64 4 131 5 3 6 244 3 1 0 0 3 2 1 34 8 3 0 4 0 1 0 3 0 3 0 2 0 1 0 14 7 2 0 0 0 0 0 3 0 0 0 0 0 0 0 0 4 6 0 3 0 0 0 5 1 1 0 0 0 0 0 3 48 85 3 157 5 4 8 102 1 1 0 0 2 3 4 22 2 2 0 1 0 1 1 3 2 1 0 1 1 1 2 16 93 55 0 23 3 2 1 26 0 2 0 0 4 2 0 8 253 68 0 32 4 2 2 52 29 12 1 9 9 16 4 49 298 36 34 77 40 0 65 300 54 2 0 7 46 2 98 177 19 3 1 3 4 0 0 9 37 5 0 3 72 3 47 70 28 1 2 3 3 1 1 4 0 0 0 0 0 0 0 0 52 6 0 1 2 0 2 8 49 3 0 2 36 0 13 15 30 2 1 4 4 0 3 8 2 0 0 0 3 0 8 3 1 0 0 0 0 0 0 0 1 0 0 0 0 0 3 4 45 0 0 2 5 0 2 3 4 0 0 0 1 0 1 4 185 3 1 3 6 0 1 31 112 2 1 2 53 1 13 42 72 72 1 116 6 3 4 370 1 1 0 1 2 2 0 46 3 3 0 5 0 0 0 4 0 2 0 2 0 3 0 9 2 2 0 1 0 1 0 3 0 0 0 0 0 0 0 0 1 8 0 2 0 0 0 3 0 0 0 0 0 2 0 2 54 68 2 74 4 4 3 76 1 2 0 0 2 1 1 25 3 1 0 3 0 1 0 3 0 6 1 4 4 6 1 15 91 56 0 18 2 3 4 37 0 0 0 0 0 5 1 5 175 45 0 20 2 1 1 35 27 16 0 2 5 20 2 33 349 45 35 72 38 1 53 208 59 4 3 4 52 1 93 126 43 7 2 3 2 0 2 4 43 4 2 10 72 3 52 69 33 1 2 3 2 0 1 1 1 0 0 0 1 1 1 1 56 5 1 0 1 2 3 3 58 2 0 1 37 1 14 17 30 2 1 3 4 0 11 12 3 0 0 0 3 0 5 8 2 0 0 0 0 0 0 1 1 0 0 0 3 0 1 3 64 2 1 0 8 0 4 2 3 0 0 0 6 0 2 4 278 4 0 7 8 1 7 16 197 4 0 4 54 2 11 32 60 66 0 124 0 2 6 131 0 0 0 0 1 4 0 27 4 2 0 5 0 0 0 3 1 1 0 2 2 1 1 18 2 2 0 0 0 0 0 1 0 0 0 0 0 0 0 0 7 8 0 4 0 0 0 6 0 1 0 0 0 0 1 1 50 136 3 65 10 7 7 80 0 3 0 0 0 3 1 23 0 3 0 0 0 0 1 1 0 2 1 2 6 9 1 18 94 84 0 28 3 2 0 43 1 0 0 0 1 3 0 2 196 59 1 12 4 4 2 31 36 18 0 2 9 21 3 35 568 21 36 40 40 0 45 80 38 3 1 1 57 0 74 48 56 3 2 3 6 0 1 4 79 4 4 5 132 5 97 39 41 0 1 0 6 0 0 0 1 0 0 0 4 0 0 0 91 9 0 0 4 0 2 5 156 4 0 1 91 1 26 10 41 1 3 0 5 0 2 5 1 0 0 0 4 0 4 1 2 0 0 0 0 0 0 0 3 0 0 0 4 0 1 1 56 2 0 6 2 0 2 1 4 0 0 0 1 0 0 0 242 5 1 2 8 0 7 17 445 2 0 1 112 2 21 16 37 39 0 50 1 2 3 28 0 0 0 1 1 0 0 5 3 2 0 4 0 0 0 2 1 0 0 1 3 5 1 8 1 1 0 0 0 0 0 0 0 0 0 0 0 0 0 0 4 6 0 1 0 0 0 1 1 3 0 0 0 2 0 1 55 109 0 60 1 4 3 34 2 3 0 0 0 2 1 5 0 6 0 3 0 0 0 0 3 4 1 4 4 14 2 19 67 97 0 18 2 2 0 10 0 1 0 0 0 3 0 0 99 60 0 16 2 0 0 18 38 12 1 0 22 29 1 37 1
543 39 28 64 59 3 82 267 71 2 1 3 92 1 141 209 80 5 2 4 6 0 2 12 126 5 3 3 220 1 111 87 51 3 2 0 2 0 2 2 0 0 0 0 3 0 1 0 136 2 3 5 4 0 6 4 233 3 1 3 153 3 35 28 49 2 1 0 5 0 8 10 3 0 0 0 6 0 3 2 2 0 0 0 0 0 0 0 5 0 1 0 10 1 1 5 72 4 2 2 3 0 1 7 3 0 0 0 8 0 0 2 255 10 1 6 6 1 11 24 202 2 0 3 148 4 25 38 62 66 0 97 2 1 6 171 3 0 0 0 0 3 2 30 4 1 0 0 0 1 0 5 4 0 0 1 1 6 1 15 2 0 0 0 0 0 0 0 0 0 0 0 0 1 0 0 7 4 0 1 0 0 0 1 0 3 0 0 1 1 1 2 69 103 0 56 2 2 2 59 0 0 0 1 1 0 4 11 4 3 0 1 1 0 0 1 1 4 0 1 7 12 1 14 120 60 0 10 9 1 2 15 0 0 0 0 3 2 0 2 199 55 1 23 6 0 1 37 42 16 0 3 25 19 3 45 367 29 37 51 36 2 70 268 74 2 0 6 79 1 126 319 33 4 1 2 2 0 2 10 87 5 2 7 114 3 138 79 24 1 1 1 2 0 0 0 1 0 0 0 2 0 1 2 84 4 1 2 2 0 6 6 183 0 0 0 133 2 32 33 23 4 2 2 3 0 3 7 2 0 0 0 2 0 3 6 1 0 0 0 0 0 0 0 1 2 0 0 7 0 1 5 41 0 2 0 5 0 2 5 2 0 0 0 1 0 3 2 351 3 1 6 9 0 2 18 409 1 0 1 112 2 19 38 48 72 2 136 1 1 3 243 2 0 0 0 1 5 2 41 2 4 0 2 0 0 0 4 1 1 0 1 1 4 0 12 0 2 0 2 0 0 0 0 0 0 0 0 0 0 0 1 4 4 0 1 0 0 1 4 1 2 0 0 0 1 0 1 44 84 1 180 4 4 2 97 1 2 0 0 1 2 2 23 2 4 0 2 0 1 0 1 4 2 0 1 3 7 3 26 80 119 0 37 2 1 3 16 1 0 0 0 4 1 1 5 251 50 1 17 4 2 4 31 49 12 0 5 22 15 2 37 345 38 25 64 49 1 64 204 63 0 1 4 78 1 123 196 43 10 4 7 3 1 3 7 73 1 0 2 151 2 91 90 43 0 0 1 2 0 2 0 4 0 0 0 1 0 1 1 110 9 2 3 6 0 6 4 177 3 1 4 159 3 39 15 42 3 2 2 10 0 8 6 1 0 0 0 5 0 0 1 6 1 1 0 0 0 0 0 5 0 0 0 5 1 3 2 100 1 1 8 6 1 2 5 3 0 0 0 8 0 1 3 380 6 0 5 5 1 6 13 318 4 1 4 95 1 20 34 59 60 1 71 1 6 5 162 3 2 0 0 0 2 0 45 0 2 1 6 0 0 0 3 1 2 0 1 1 2 0 19 1 1 0 2 0 0 0 0 0 0 0 0 0 0 0 0 3 1 0 3 0 0 0 2 0 3 0 0 1 4 0 3 80 114 2 104 5 3 7 65 2 2 0 0 3 2 2 16 6 5 0 2 1 1 0 1 3 7 0 0 5 4 2 19 173 126 0 35 2 1 1 9 0 0 0 0 1 2 0 4 334 92 2 17 4 2 3 33 93 28 0 4 17 30 5 40 552 39 43 94 61 1 99 240 66 2 0 4 51 4 107 156 66 4 1 4 2 1 1 7 70 5 2 7 97 5 84 83 37 1 0 0 5 0 0 0 0 0 0 0 2 0 0 0 79 6 1 6 2 0 3 4 199 2 0 2 85 2 22 28 39 2 0 4 7 1 6 9 5 0 0 0 2 0 3 2 6 0 0 0 0 0 0 0 4 1 0 0 6 0 4 5 68 3 0 7 2 0 3 5 6 0 0 0 8 0 1 1 318 10 2 3 8 0 9 23 580 4 0 3 140 2 17 34 54 65 3 149 4 6 3 170 1 1 0 0 1 3 2 50 5 3 0 2 0 0 0 4 1 2 0 1 2 4 0 16 2 1 0 0 0 0 0 0 0 0 0 0 0 0 0 2 4 5 0 2 0 0 0 2 0 1 0 0 1 3 1 2 78 89 2 84 4 7 6 92 3 3 0 0 3 3 1 16 2 6 0 2 0 0 1 5 5 2 0 2 4 6 0 19 87 60 0 26 5 3 1 23 1 0 0 0 3 2 0 3 144 68 1 22 3 3 0 34 49 16 1 2 20 23 3 43 1
1668 57 83 52 45 6 47 191 60 6 5 5 64 1 46 49 20 3 13 5 0 0 1 1 29 7 6 7 66 3 71 54 80 6 9 3 8 1 2 4 6 1 0 0 10 3 2 1 36 7 5 3 1 1 7 7 40 15 1 1 60 9 32 21 60 5 8 5 3 0 6 7 6 1 1 0 9 1 3 6 2 0 1 1 0 0 1 1 1 2 1 1 7 5 6 9 48 2 8 7 7 0 4 5 5 0 0 1 10 0 2 9 125 9 6 6 5 1 6 29 47 3 2 7 36 9 23 67 70 61 4 49 7 3 4 83 9 2 0 3 9 4 1 46 7 5 2 15 1 1 0 5 3 8 1 5 7 10 3 23 7 8 0 6 1 1 0 4 1 1 0 0 0 1 1 5 4 3 0 4 0 3 4 6 1 4 0 0 5 11 2 19 55 156 11 55 8 5 7 56 12 3 0 0 8 4 4 31 3 6 0 7 1 1 2 6 8 7 3 6 4 28 6 63 39 26 2 20 3 4 6 17 4 1 0 4 5 14 0 9 21 47 1 30 1 6 8 53 19 23 1 12 27 54 11 188 2145 53 50 58 67 9 71 426 58 4 7 8 68 3 58 98 22 1 3 4 2 1 3 2 31 3 3 1 86 7 22 42 36 4 4 4 5 0 2 6 4 1 0 2 5 0 1 2 22 1 2 5 2 4 3 4 31 9 1 6 23 5 9 20 24 5 6 0 4 1 5 2 6 0 1 1 7 0 3 5 0 1 0 0 0 0 0 0 4 0 0 0 0 0 1 7 34 1 1 0 5 1 2 3 4 1 0 0 6 0 3 0 116 2 3 0 5 2 4 35 38 2 2 1 34 11 8 62 65 65 0 49 7 8 10 70 11 5 0 1 4 8 4 38 2 1 1 8 0 1 3 2 5 5 1 5 1 6 0 22 3 4 2 2 0 1 0 2 0 2 0 0 0 5 0 1 7 3 0 2 1 0 0 2 1 6 1 0 1 3 1 14 41 141 5 26 6 3 6 53 3 3 0 0 3 5 0 15 1 4 0 5 0 1 0 6 0 4 0 5 4 42 3 45 21 16 1 13 0 0 7 14 5 4 0 1 2 3 1 7 37 33 2 20 3 1 5 57 23 17 0 14 11 26 8 114 903 36 51 38 33 1 33 109 93 10 5 6 33 4 31 58 32 5 8 4 1 0 3 9 39 7 5 4 53 0 82 36 61 10 0 3 4 1 2 2 0 1 0 0 4 0 3 1 49 7 0 1 1 1 3 11 73 8 0 2 60 2 12 24 132 3 12 4 4 0 4 4 27 3 0 1 3 0 2 2 3 2 0 1 0 0 1 1 5 1 0 2 3 0 3 3 72 3 0 3 7 0 0 1 9 4 1 4 8 0 3 11 248 9 0 6 8 0 4 73 249 11 4 22 64 9 24 105 149 48 5 78 27 3 28 395 8 1 1 2 3 4 1 29 9 8 0 10 0 0 1 18 1 1 0 3 1 1 1 19 3 6 0 1 0 3 0 3 0 2 0 0 1 1 0 0 8 14 1 5 0 1 2 18 4 3 0 1 1 3 1 9 68 80 9 53 3 1 9 54 7 2 0 0 2 0 4 12 3 3 1 6 0 0 0 9 4 5 1 6 4 13 3 25 121 106 0 14 5 6 1 17 4 4 0 0 2 7 2 10 106 40 2 22 6 6 5 117 34 28 3 10 16 48 10 125 1112 40 42 50 34 4 47 525 96 5 1 5 35 0 38 152 56 3 3 2 2 1 1 10 52 0 1 7 90 4 45 46 33 2 1 2 5 0 0 0 3 0 0 0 6 0 1 0 45 2 3 1 4 0 1 12 40 0 0 0 65 3 8 13 58 0 2 1 2 0 0 12 7 0 0 1 1 0 1 4 2 0 0 0 0 0 0 2 1 0 1 0 4 0 4 0 48 3 2 1 3 0 0 11 7 0 0 0 6 0 1 5 413 7 4 11 8 1 10 110 234 14 2 9 45 1 19 76 123 51 0 44 5 2 6 291 9 0 0 0 1 2 2 38 6 0 0 2 2 0 0 3 1 0 0 0 0 3 0 9 1 4 0 0 0 0 0 0 0 0 0 0 0 1 0 0 10 4 0 0 2 0 1 8 0 2 0 1 0 4 3 1 41 112 3 84 2 3 8 55 4 0 0 1 1 3 2 11 0 3 1 3 0 0 0 3 2 3 0 4 4 36 2 23 35 69 0 14 1 3 0 12 2 0 0 0 1 3 0 3 93 48 0 13 4 1 10 76 14 14 2 2 7 24 4 52 1
1215 50 35 51 52 2 61 238 145 6 1 5 63 3 70 239 43 5 4 6 4 0 3 9 50 4 5 7 80 2 44 60 36 1 1 0 4 0 1 0 3 0 0 0 4 0 0 0 54 6 0 2 6 1 4 4 105 4 2 1 180 3 24 22 41 0 1 2 2 0 4 6 0 0 0 1 1 0 4 4 2 0 0 0 1 0 0 1 5 0 0 0 3 1 1 7 40 1 1 1 8 0 2 6 3 1 0 0 6 0 1 5 225 9 1 5 12 0 10 119 178 5 0 6 78 4 32 111 122 40 3 47 3 1 5 125 13 2 0 1 1 2 1 27 2 5 0 3 0 0 1 9 3 2 1 0 0 7 0 11 3 6 0 1 0 0 0 0 0 0 0 0 0 0 0 0 7 9 0 3 1 0 2 8 3 2 0 1 0 3 0 3 35 95 2 88 3 1 2 58 4 0 0 0 1 3 1 20 3 2 0 2 1 1 0 5 1 2 1 1 4 1 1 16 34 29 1 13 4 2 3 30 0 0 0 0 1 3 0 8 172 46 0 20 4 5 10 89 32 8 0 4 28 13 8 79 712 40 55 59 52 3 51 133 93 7 5 7 56 2 102 155 41 5 6 7 2 0 2 6 47 6 3 9 62 9 66 65 46 13 5 5 6 1 3 1 8 0 0 2 7 0 2 1 56 6 1 1 3 0 3 8 150 14 0 5 109 8 15 43 36 2 7 5 10 1 13 7 9 1 1 2 7 1 6 7 0 0 1 1 0 0 2 0 3 0 0 1 5 0 8 7 58 2 1 4 10 0 3 3 7 0 0 0 18 1 7 13 92 9 3 7 3 0 1 32 311 11 2 7 108 7 20 56 69 49 4 138 6 6 11 144 2 4 0 2 3 2 1 22 5 7 1 17 0 1 1 17 2 5 0 3 2 4 5 29 2 4 1 0 1 1 0 2 0 0 0 0 0 0 0 1 9 11 0 4 1 1 0 8 3 3 0 9 0 6 1 14 48 90 8 232 11 8 17 116 1 1 0 3 2 3 1 52 3 4 2 8 0 1 0 8 0 5 0 7 2 12 6 41 76 121 3 43 4 5 4 49 1 0 0 0 4 8 3 25 58 68 2 36 5 2 2 51 31 27 0 16 17 36 8 106 452 28 42 46 36 3 86 220 105 6 8 9 87 3 226 466 42 6 3 4 3 1 5 13 62 7 3 5 87 2 213 156 39 2 3 0 2 0 2 6 1 0 0 1 3 1 0 1 56 5 1 3 6 0 6 15 77 1 1 3 75 2 46 34 51 3 4 2 4 0 8 7 1 0 0 0 3 0 5 16 1 0 0 0 0 0 0 1 5 0 1 1 5 0 8 6 39 3 3 3 8 0 4 8 4 0 0 0 5 0 3 11 265 4 4 3 8 1 6 60 117 7 2 7 61 3 33 83 71 47 2 57 8 3 14 219 5 2 0 0 4 4 4 61 6 3 0 5 0 1 0 18 1 3 0 3 1 2 2 24 1 7 0 1 1 0 0 2 0 0 0 0 0 0 0 0 6 4 0 3 0 0 0 8 2 0 0 2 3 2 0 7 59 74 3 47 4 3 1 52 6 0 0 1 1 3 4 17 0 2 0 4 0 0 0 3 7 1 0 1 5 7 2 18 101 125 0 28 7 6 5 21 2 1 0 1 7 2 3 9 142 58 1 20 7 3 4 82 24 14 0 7 17 25 6 90 488 36 61 52 40 3 62 209 79 3 5 6 64 2 91 129 49 4 4 6 6 0 5 9 59 1 5 3 62 4 104 59 45 2 3 4 3 0 3 3 4 2 0 0 5 2 2 1 77 4 3 4 4 1 3 8 101 9 1 6 113 10 29 46 31 2 6 4 5 0 5 7 3 1 0 0 6 0 3 5 1 0 0 0 0 0 0 0 3 0 1 0 5 0 7 6 53 3 1 3 7 0 3 6 8 0 0 2 8 1 0 6 355 8 3 3 5 1 6 87 337 6 2 5 90 5 11 81 73 63 5 130 7 3 9 265 3 6 0 0 4 2 3 34 4 3 0 10 1 0 0 11 3 2 0 0 3 0 2 27 0 8 0 4 2 0 0 1 0 0 0 0 1 0 0 0 7 1 0 2 0 0 2 7 1 5 0 2 0 8 0 15 47 69 4 285 6 5 7 94 1 3 0 0 1 6 4 30 5 2 0 9 1 0 0 9 0 3 0 4 4 10 4 35 43 84 3 30 3 3 3 13 0 1 0 1 4 2 0 7 103 39 0 26 6 3 2 62 52 26 0 9 23 30 1 95 1
561 46 61 49 47 8 42 102 109 16 8 17 54 6 108 220 54 10 6 8 4 0 5 6 35 7 10 13 30 5 142 93 57 14 8 2 5 1 0 6 3 1 1 0 8 2 6 4 28 12 0 2 2 1 2 5 40 10 0 3 107 11 27 34 54 4 9 0 4 1 5 11 7 4 1 1 9 1 13 19 3 0 6 1 1 0 0 1 1 1 3 2 1 0 12 5 44 3 1 5 7 0 2 7 10 0 0 2 7 1 7 9 207 5 1 6 8 0 8 47 134 9 1 6 51 9 21 71 99 41 4 53 7 0 12 119 9 3 0 0 2 5 5 48 16 6 0 9 2 0 1 10 3 4 2 4 1 0 0 31 9 11 2 1 1 3 1 0 0 1 0 0 2 1 1 3 18 11 0 3 2 0 2 8 1 4 0 2 3 7 1 16 43 73 6 101 6 2 16 67 1 4 0 4 4 3 6 23 3 4 0 6 0 0 0 4 2 6 2 11 2 7 4 40 105 195 2 32 10 8 4 46 4 0 1 2 6 7 2 11 279 113 1 21 20 4 13 84 39 17 1 9 22 36 17 152 536 41 42 57 31 3 60 168 112 7 10 13 70 3 116 163 56 11 3 11 2 0 3 7 55 11 12 12 94 2 132 112 48 8 4 0 4 0 2 4 3 0 0 0 4 0 3 1 72 2 2 8 0 1 1 7 85 7 0 2 48 4 32 32 50 3 4 1 7 1 11 6 10 0 0 0 12 1 8 8 4 0 0 1 0 0 0 0 4 0 1 0 1 1 12 4 72 2 2 3 8 1 0 8 10 1 1 0 11 1 4 7 202 11 2 14 5 0 11 94 172 9 0 7 71 8 26 106 119 46 3 62 2 3 8 173 9 3 0 1 3 3 3 42 5 8 0 6 0 0 0 11 4 2 0 5 5 2 1 23 5 11 1 1 0 0 0 0 0 0 0 0 0 0 0 0 9 16 0 4 0 0 0 5 1 1 0 0 2 2 2 16 63 111 4 55 2 3 15 71 8 3 0 1 3 2 2 25 3 3 0 1 1 0 1 4 1 1 0 3 3 11 3 29 81 108 1 26 12 12 2 24 1 2 0 1 4 6 5 9 259 95 0 27 12 9 10 105 49 16 0 5 18 26 13 120 508 35 53 59 43 2 78 114 104 8 7 6 80 5 252 493 31 7 7 13 1 0 6 9 70 6 10 14 97 1 241 202 37 2 3 1 3 1 0 3 2 1 0 0 13 0 2 1 51 11 2 2 2 0 8 9 66 12 1 3 124 10 56 38 23 1 2 0 2 0 4 7 10 1 1 1 7 0 13 12 1 0 0 0 0 0 0 0 3 1 0 0 4 1 11 5 39 3 0 3 9 1 2 3 6 2 0 0 9 0 7 9 59 7 2 8 5 1 8 14 77 3 0 11 54 4 35 63 55 38 5 53 7 1 13 88 3 4 0 1 7 2 7 49 4 5 1 4 0 1 0 7 1 3 1 4 2 7 3 41 4 3 0 2 1 0 0 3 1 0 0 0 0 2 0 1 13 15 0 2 1 0 2 3 0 2 0 4 1 7 0 15 46 42 3 111 7 4 3 45 3 2 0 2 3 4 2 27 6 3 1 5 0 0 1 4 2 0 1 5 4 7 1 43 95 76 0 26 11 1 15 24 1 0 0 0 4 3 2 8 311 88 1 23 11 4 13 50 23 16 1 6 28 39 11 119 1511 25 7 34 22 1 23 215 143 13 3 12 25 1 39 354 24 1 2 7 0 0 0 2 20 2 0 6 9 1 8 34 12 1 1 1 1 0 0 2 0 3 0 0 1 0 0 4 27 3 0 2 1 0 1 6 24 2 1 2 21 0 4 21 25 0 1 2 1 0 5 5 7 0 0 1 1 0 4 8 1 0 0 0 0 0 0 0 3 0 0 0 0 0 0 1 32 0 1 0 3 0 1 13 8 0 1 1 3 0 1 9 236 3 1 8 11 0 11 112 249 10 2 1 34 1 15 162 167 34 3 37 9 2 12 204 28 4 1 3 3 3 2 76 15 1 0 5 0 0 3 10 6 3 0 1 3 0 0 11 2 0 0 0 0 1 0 0 2 0 0 0 0 0 0 0 11 4 0 0 0 0 0 5 2 0 0 1 0 3 0 2 28 24 0 33 2 0 4 48 5 0 0 1 0 1 1 9 1 1 0 2 0 0 0 1 1 0 0 0 1 1 0 7 31 34 0 14 1 0 0 31 2 0 0 0 1 0 0 10 365 38 1 32 7 4 7 164 61 16 0 3 9 8 8 100 1
262 28 46 60 37 3 99 201 74 5 2 7 77 5 137 405 16 5 1 6 2 0 0 8 42 10 1 4 82 4 78 124 33 4 3 2 5 0 2 2 5 0 0 0 10 0 3 2 52 6 2 8 1 0 6 3 92 8 1 3 157 5 39 44 28 2 2 1 3 0 12 12 2 1 0 0 7 0 8 3 2 0 0 1 0 0 0 0 1 0 0 0 5 0 2 4 62 2 6 4 6 0 9 6 7 0 0 0 3 0 0 7 117 5 4 2 7 2 3 9 136 6 0 4 81 2 32 37 76 74 5 154 6 4 8 304 0 3 0 0 3 4 0 93 1 6 0 8 0 0 0 11 4 1 1 4 1 5 0 39 1 5 0 2 0 0 0 0 0 0 0 0 0 0 0 1 6 6 0 3 0 0 0 2 3 5 0 3 1 3 1 7 76 112 7 202 4 3 6 120 5 2 0 3 3 2 3 29 3 7 1 6 0 0 0 4 1 2 0 1 0 11 2 44 162 131 2 61 3 3 1 32 1 2 0 1 3 3 1 5 174 97 1 39 4 4 3 46 44 17 0 3 20 28 8 70 399 41 48 68 38 3 60 261 89 4 3 5 65 4 105 471 32 2 1 7 3 0 1 4 44 6 2 10 42 5 49 102 30 5 4 2 5 0 0 2 2 0 0 1 1 0 2 0 60 8 1 2 4 0 2 7 73 6 0 3 154 6 20 30 51 2 4 4 4 0 6 11 5 1 0 0 5 0 6 12 1 0 1 1 0 0 1 1 2 0 0 0 1 0 0 1 72 1 2 3 5 0 5 8 5 0 0 0 2 0 4 6 209 11 3 14 4 1 15 31 150 5 3 6 58 3 22 74 124 72 1 140 6 4 8 301 4 1 0 1 0 2 0 75 3 6 0 4 0 0 0 8 2 3 0 4 1 4 2 24 4 2 0 0 0 0 0 3 0 0 0 0 0 1 0 0 5 5 0 1 4 0 0 3 1 2 0 2 2 2 0 6 81 89 6 150 6 6 7 91 5 1 0 1 4 4 4 18 3 4 0 5 0 0 0 4 4 2 0 1 1 14 2 29 99 59 2 33 7 1 4 43 1 1 0 0 1 0 3 8 195 80 0 34 7 5 4 85 30 19 0 1 11 30 5 77 322 25 43 49 39 1 57 106 69 7 4 6 52 3 81 149 39 10 2 3 2 2 3 6 75 5 5 6 64 5 61 64 73 4 3 3 4 0 2 1 3 0 0 0 4 0 1 2 86 7 0 5 3 0 0 9 111 9 2 3 117 6 35 19 56 5 4 4 5 0 9 5 4 0 1 0 9 0 4 1 2 1 0 0 0 0 1 1 4 0 0 0 4 0 4 4 96 4 3 3 9 0 7 3 10 1 0 0 10 0 1 6 275 11 7 8 10 0 6 18 180 4 0 3 94 10 21 48 78 54 2 116 5 1 5 95 6 5 0 1 1 3 0 21 5 7 0 4 0 0 0 3 4 4 0 3 1 2 1 26 7 5 0 1 0 0 0 0 0 0 0 0 0 0 0 0 7 14 0 4 0 1 0 2 1 2 0 2 1 2 2 8 98 157 7 166 6 3 5 76 1 1 0 1 3 4 2 16 8 8 0 5 0 1 1 2 3 7 1 2 3 6 3 30 188 200 6 50 4 5 5 24 2 1 0 0 5 2 1 7 483 139 1 48 3 2 4 54 64 49 0 12 21 30 4 71 383 22 41 43 27 2 49 202 92 3 1 4 81 2 90 164 38 5 4 4 1 0 4 8 69 6 2 8 56 2 47 65 28 3 2 0 1 0 2 3 5 0 0 0 3 0 1 0 74 7 1 4 2 0 3 10 113 6 0 0 60 2 28 36 43 1 5 3 6 2 2 12 5 0 1 0 5 0 5 6 2 0 0 0 0 0 0 0 4 0 1 0 1 0 3 1 89 1 1 6 8 0 4 15 6 0 0 0 8 0 2 6 475 12 3 14 12 1 15 58 273 5 0 7 69 4 36 80 103 77 3 112 2 3 5 183 7 1 0 3 2 2 1 39 6 6 0 6 0 0 0 3 4 2 0 2 1 2 2 20 1 1 0 0 0 2 0 0 0 0 0 0 0 0 0 1 3 4 0 2 1 0 0 8 1 1 0 0 1 2 1 6 91 70 0 111 5 3 4 76 4 4 0 1 2 2 0 16 4 4 0 3 0 0 0 4 2 3 0 1 2 3 2 21 88 45 3 30 4 0 4 33 1 1 0 0 2 2 1 5 492 97 2 34 5 3 8 67 81 33 1 4 17 18 7 81 1
426 44 47 93 53 4 82 298 96 2 1 8 68 4 118 232 44 3 1 7 5 1 1 10 59 6 4 6 114 5 124 78 33 1 3 1 0 0 0 3 4 1 1 0 2 0 2 1 86 10 3 0 1 0 1 8 113 10 2 3 55 1 36 28 20 2 1 2 5 0 6 12 4 1 0 0 6 0 6 8 1 0 0 0 0 0 1 1 1 0 0 0 2 1 4 3 55 1 3 6 11 0 2 5 2 0 0 1 7 0 3 5 206 8 1 3 15 2 6 35 211 2 5 4 70 2 32 74 87 79 3 180 6 1 6 289 7 2 0 0 1 2 2 57 3 2 0 8 1 0 0 2 1 1 0 4 0 3 1 29 4 1 0 1 0 0 0 0 0 0 0 0 0 0 0 0 5 9 0 4 2 1 0 9 0 4 0 0 1 1 1 3 51 76 1 215 1 5 6 124 2 0 0 0 1 3 1 20 2 1 0 3 0 0 0 2 3 2 0 0 5 12 2 35 56 69 0 24 5 4 5 29 2 0 0 1 1 6 2 6 188 47 0 23 6 3 8 77 43 20 0 3 24 22 10 79 272 44 49 81 21 3 61 298 53 8 1 4 60 5 134 317 26 3 4 4 1 0 2 11 74 3 8 12 115 3 174 89 31 5 2 1 3 1 3 4 2 0 0 0 2 0 3 1 43 7 2 2 4 0 3 4 86 6 1 0 122 4 31 29 31 2 1 5 4 0 5 15 4 0 0 0 10 0 4 9 1 0 0 0 0 0 0 1 1 1 0 0 2 0 5 3 56 3 4 3 5 0 3 9 5 0 0 1 9 0 2 5 111 4 3 6 5 1 6 14 146 3 2 6 70 3 31 36 71 94 4 171 3 3 6 292 4 2 0 3 1 4 0 83 8 3 0 12 0 0 0 2 2 2 0 1 6 5 1 31 6 4 0 0 0 0 0 0 0 0 0 0 0 1 0 2 8 5 0 2 0 2 0 3 0 0 0 0 0 4 0 7 70 127 10 168 5 4 11 117 5 1 0 1 3 1 2 30 0 4 1 1 0 0 1 3 4 3 0 7 2 4 0 28 122 167 3 47 7 1 4 38 3 4 1 0 2 5 0 6 194 94 1 33 6 5 2 54 34 22 0 4 20 25 6 97 528 49 45 79 30 1 49 270 58 4 4 7 44 10 83 262 29 4 1 5 0 0 2 5 30 1 2 6 64 4 68 55 35 2 2 2 0 0 0 7 0 0 0 1 1 0 0 2 51 7 1 3 2 0 2 9 57 3 1 1 29 1 10 22 50 2 1 3 3 0 9 14 7 1 0 0 3 0 3 11 2 1 0 1 0 0 0 4 3 0 0 0 4 0 3 4 64 3 4 3 4 0 5 15 7 1 0 0 9 0 1 7 275 12 2 6 7 1 4 76 141 5 0 5 36 2 11 80 145 87 0 101 5 6 5 215 2 4 1 2 3 2 0 55 1 2 0 3 1 1 1 6 7 3 0 3 1 6 0 12 5 2 0 4 0 0 1 2 0 1 0 0 0 0 0 0 5 2 0 1 1 1 1 4 1 3 0 1 0 2 0 6 78 144 2 94 7 7 11 80 8 3 0 1 3 5 1 33 3 3 0 3 1 0 0 1 3 3 0 1 6 9 0 32 126 205 0 49 2 5 1 47 2 2 0 0 3 2 2 12 340 91 4 32 6 9 9 99 53 15 1 2 13 27 3 84 407 67 54 94 38 3 68 169 64 2 1 8 69 4 99 124 67 7 3 2 3 0 3 7 85 8 4 3 201 4 98 80 61 4 2 2 6 0 2 0 2 0 0 0 2 0 3 1 101 5 2 2 2 0 4 2 197 4 0 2 137 0 42 23 41 2 6 3 8 0 9 8 6 0 0 0 9 0 4 3 5 0 0 1 1 0 0 0 1 1 0 1 6 1 0 3 59 1 1 4 9 0 3 7 6 0 0 0 6 0 1 7 209 4 1 6 7 0 5 18 326 5 1 0 150 0 25 41 56 87 3 164 6 4 2 223 2 3 0 3 0 3 0 47 7 3 0 2 0 0 0 4 1 1 0 1 2 4 0 18 4 5 0 1 0 0 0 1 0 0 0 0 0 0 0 0 4 8 0 2 1 0 0 2 3 1 0 1 1 1 0 2 67 158 2 164 4 5 13 112 0 1 0 1 1 7 2 21 3 4 0 1 0 0 0 1 3 4 0 1 3 16 5 27 66 96 0 53 5 2 3 25 1 0 0 1 2 2 1 7 117 62 0 15 5 1 2 40 52 21 1 3 16 27 6 60 1
380 24 116 74 28 0 49 109 44 2 5 6 40 3 97 119 22 3 6 3 0 0 6 4 48 4 9 4 120 7 187 76 102 8 21 5 9 0 2 6 6 0 0 0 11 0 2 2 48 7 4 3 2 0 5 6 51 11 1 3 165 11 39 25 27 3 9 3 5 0 5 5 3 0 0 0 1 1 7 6 1 0 1 1 0 0 1 0 2 0 0 0 5 1 8 7 52 2 8 8 7 0 1 6 7 0 0 0 8 0 2 3 88 3 4 4 2 1 3 11 72 9 3 2 55 6 25 43 68 67 4 106 8 5 5 155 4 6 0 2 2 5 4 56 3 6 0 6 0 0 0 4 3 5 0 5 4 10 2 31 4 14 0 6 0 0 0 2 0 0 0 0 0 0 0 1 3 5 0 4 0 0 1 3 2 5 0 2 3 4 0 11 70 203 12 270 6 15 8 94 1 3 0 2 8 12 3 48 4 8 1 14 0 1 1 8 4 7 1 15 10 40 6 84 81 315 3 75 5 9 2 34 1 0 0 1 1 6 1 11 112 73 0 20 5 5 5 66 38 34 1 15 40 87 3 135 604 43 89 58 63 1 67 280 75 2 5 7 93 6 123 269 32 4 4 2 3 0 3 6 79 2 10 3 177 4 262 117 46 4 6 3 3 0 5 2 4 0 0 0 3 0 1 5 33 4 1 4 1 1 1 5 67 2 1 5 85 7 46 33 28 0 2 4 6 1 2 6 2 0 0 0 4 0 7 9 1 0 0 0 1 0 0 1 2 0 0 1 7 0 6 4 39 3 1 1 2 0 2 13 2 0 0 0 5 0 1 6 113 6 0 9 1 0 10 30 121 11 1 7 61 2 35 59 77 84 3 88 6 1 3 162 10 4 0 2 2 5 3 56 4 2 0 7 0 0 2 7 5 7 0 4 2 3 1 29 4 7 0 0 0 0 0 2 0 0 0 0 0 0 0 1 3 3 0 4 0 0 0 6 0 3 0 1 1 2 0 10 68 122 2 39 3 6 4 78 3 2 0 0 6 7 4 26 3 3 0 2 0 0 0 3 1 2 1 2 5 25 7 36 67 150 3 31 6 7 4 31 3 1 0 0 0 5 2 8 138 73 0 21 14 2 4 68 41 16 2 7 22 44 8 106 518 37 72 62 41 3 56 212 102 12 6 8 52 2 72 204 41 5 4 7 1 0 0 5 55 6 6 7 60 3 47 43 84 5 6 7 2 1 3 3 4 1 0 1 5 0 1 2 51 7 2 2 5 1 6 5 71 6 2 2 61 4 17 28 30 2 5 4 6 1 9 8 5 0 0 0 4 0 6 14 2 0 0 1 2 0 0 4 5 0 0 1 9 1 2 4 76 7 1 4 10 1 4 15 7 0 0 0 5 1 2 9 166 6 3 9 8 3 11 60 111 7 4 7 43 3 23 100 117 66 5 73 3 5 1 102 9 2 0 0 3 4 3 36 6 8 1 4 1 1 0 8 3 4 0 4 2 5 1 17 4 9 0 3 0 1 0 2 0 0 0 0 0 0 0 0 9 9 0 2 0 0 0 4 1 3 0 1 0 5 1 7 69 211 5 137 7 5 4 56 5 3 0 2 2 10 3 28 3 3 0 6 0 0 0 4 4 5 0 4 10 30 2 59 98 224 3 53 6 3 3 34 1 3 0 0 5 6 1 7 273 99 1 22 11 6 11 107 44 27 0 8 26 53 9 125 601 63 51 48 46 5 50 271 111 0 1 3 71 2 50 114 59 4 1 3 7 0 1 13 71 6 3 7 264 7 73 57 44 1 4 3 2 0 3 2 9 0 0 0 4 1 3 2 68 4 3 3 3 1 0 10 90 3 1 2 132 5 42 30 40 2 4 1 1 0 0 9 7 1 1 0 4 0 3 5 1 0 0 0 1 0 0 1 4 0 1 1 6 0 6 2 51 5 0 8 1 0 2 6 5 1 0 1 8 1 1 7 233 6 1 10 6 2 12 97 222 7 1 12 75 7 22 105 132 74 4 109 6 4 11 234 12 1 1 2 6 7 3 39 4 1 0 5 0 0 0 8 2 0 0 3 4 6 2 20 2 1 1 1 0 2 0 0 0 0 0 0 0 0 0 0 4 3 0 0 1 0 1 11 1 1 0 3 0 7 0 10 58 111 4 71 5 7 9 45 2 4 0 0 2 3 1 8 2 5 1 5 0 0 1 10 2 3 0 3 5 14 2 32 59 51 0 10 4 1 2 22 2 0 0 0 3 3 0 6 165 41 4 29 6 3 5 109 47 14 1 9 20 32 13 97 1
480 46 37 60 42 4 74 223 157 4 0 5 65 2 118 259 69 4 1 7 4 0 1 11 96 2 3 7 113 2 106 89 30 1 0 0 1 0 2 1 5 0 0 0 0 0 0 0 90 5 1 2 4 0 5 6 226 3 0 5 188 3 40 40 32 1 1 1 0 0 5 7 5 1 0 0 2 0 6 4 3 0 0 1 0 0 1 0 4 0 0 0 2 0 0 1 44 2 4 1 6 0 0 8 1 0 0 2 7 1 0 3 296 5 3 7 12 2 13 54 425 5 4 1 148 2 34 96 72 46 4 89 4 0 4 223 5 3 0 2 1 3 3 49 8 3 0 2 0 2 0 2 5 1 0 1 0 0 0 17 2 4 0 0 0 0 0 0 0 0 0 0 0 0 0 3 6 2 0 3 0 0 0 4 0 1 0 0 1 6 0 4 47 60 0 29 1 6 5 63 1 0 0 0 3 3 3 18 2 5 0 4 0 0 0 4 4 1 0 1 3 7 1 15 50 48 0 8 2 2 3 16 3 2 0 0 1 1 0 4 155 43 0 16 10 1 4 62 54 15 1 4 9 17 6 56 367 52 40 83 35 0 39 156 73 5 5 9 41 0 81 170 23 5 2 10 0 1 3 3 44 3 4 5 53 1 203 75 23 2 1 4 5 0 1 0 6 1 0 0 3 0 0 1 45 4 1 2 0 0 3 8 84 14 1 3 45 5 35 24 46 3 1 4 13 0 3 10 10 3 0 0 7 1 5 8 3 0 0 2 0 0 1 1 6 0 0 0 3 1 3 6 43 2 0 2 3 0 4 10 18 1 0 1 10 1 2 9 184 4 4 4 9 0 5 12 360 14 0 9 81 2 30 44 90 80 4 226 12 3 20 400 4 5 0 0 1 1 2 36 5 3 0 9 1 2 0 12 3 0 0 8 1 0 2 24 2 12 0 2 0 0 1 3 0 0 0 0 0 0 0 0 3 7 0 10 1 0 0 11 0 1 0 1 1 2 3 9 43 74 12 162 9 11 13 153 4 0 0 2 4 7 4 28 5 2 0 3 0 0 0 6 2 0 0 4 2 2 3 22 64 140 0 35 7 6 7 37 3 0 0 2 2 3 1 17 247 63 0 26 5 3 6 62 47 17 2 16 18 21 8 91 558 30 22 36 31 2 35 311 150 4 0 5 56 0 48 266 54 3 3 3 0 0 3 10 68 3 2 3 99 2 36 49 54 1 0 2 0 0 1 3 1 0 0 1 0 0 1 2 112 5 1 0 4 1 5 16 113 2 4 3 74 2 19 25 44 5 1 0 3 0 7 7 5 0 0 0 2 0 1 8 4 0 1 0 0 0 2 1 3 0 0 0 7 0 3 0 97 2 2 10 5 0 0 12 3 0 0 0 4 1 4 5 461 11 2 8 10 0 12 114 268 6 0 6 71 1 38 102 102 41 2 36 3 1 4 194 8 3 0 1 4 2 2 31 10 0 0 2 0 0 0 4 3 1 0 0 2 2 0 11 3 3 0 0 0 0 0 1 0 0 0 0 0 0 0 0 3 6 0 1 0 1 2 4 1 1 0 0 1 0 0 3 54 45 1 34 0 1 1 48 3 1 0 0 3 2 1 20 5 1 1 2 0 0 0 1 0 3 1 2 6 12 2 12 140 103 0 17 1 2 3 22 2 1 0 1 2 1 0 2 298 71 1 20 6 0 6 104 52 26 0 4 20 30 9 68 450 32 31 54 40 3 45 117 70 6 2 3 50 3 69 58 52 4 3 7 3 0 7 5 95 5 5 10 83 5 68 47 41 2 0 1 2 0 0 0 0 1 0 0 1 0 1 0 102 8 4 2 3 0 2 12 308 4 1 0 231 8 31 25 56 5 2 3 11 1 6 6 6 0 0 0 4 0 3 3 1 0 0 1 0 0 0 1 6 0 0 1 5 0 3 2 106 2 1 2 7 0 5 4 6 0 0 0 9 0 0 3 276 8 1 4 6 0 10 23 465 7 0 6 194 6 25 62 68 52 0 115 2 3 8 224 2 1 0 2 0 3 0 20 6 5 0 4 0 0 0 6 2 5 0 3 6 5 0 12 1 1 0 1 0 0 0 1 0 0 0 0 0 0 0 0 11 9 0 3 0 0 0 4 1 5 0 1 0 0 0 4 61 133 1 190 1 4 6 80 4 1 0 0 1 2 3 11 2 6 0 7 0 1 1 5 3 8 0 5 3 8 3 19 89 89 1 25 1 1 1 21 0 1 0 0 1 1 0 2 156 59 0 22 6 3 5 54 32 34 0 7 17 28 7 62 1
170 16 59 75 30 2 79 147 42 2 0 4 62 3 172 164 14 1 2 4 1 0 5 9 56 3 3 6 130 11 147 132 44 2 4 2 5 0 3 2 6 0 0 0 7 0 2 0 76 7 3 5 4 0 2 4 182 8 2 5 212 10 59 38 22 2 1 1 7 0 4 3 2 0 0 0 5 0 7 4 1 0 0 1 0 0 0 0 3 0 2 1 4 0 5 3 80 2 4 6 9 0 6 5 4 0 0 0 9 1 2 0 131 6 2 3 3 3 1 2 210 5 1 0 123 8 22 26 31 57 3 176 4 1 6 143 3 2 1 1 3 2 2 74 2 9 0 6 0 0 0 0 0 4 0 8 1 7 1 55 4 2 0 1 0 0 0 2 0 0 0 0 0 0 0 1 5 0 0 4 0 0 1 4 4 1 0 1 3 6 0 10 46 144 9 232 4 2 9 143 1 2 0 2 5 2 2 47 2 11 0 8 0 0 0 8 6 9 0 3 4 10 2 53 151 181 2 51 4 6 2 31 1 1 0 1 2 3 0 7 146 96 3 37 4 4 1 32 67 40 2 10 31 46 6 94 305 37 36 69 26 2 69 261 50 2 4 3 57 3 111 184 27 3 3 8 0 0 5 4 31 5 3 7 100 3 196 90 48 3 2 0 6 1 2 1 1 0 0 0 4 0 1 2 53 8 1 1 1 0 7 2 109 7 2 3 103 2 36 23 33 1 2 2 6 0 9 9 5 0 0 0 4 0 1 4 4 0 1 0 0 0 0 0 1 0 0 0 1 0 2 5 94 2 0 6 3 0 4 8 7 0 0 0 4 0 5 3 214 9 3 7 5 1 5 22 220 8 2 3 82 10 17 39 77 77 2 114 3 0 7 262 4 2 0 1 3 3 3 62 4 4 0 6 0 0 0 6 3 2 0 1 3 2 1 36 5 6 0 1 0 0 0 2 0 0 0 0 0 0 0 0 3 7 0 3 0 0 0 2 0 3 0 2 0 3 0 2 73 123 7 131 7 4 8 115 1 3 0 0 1 4 0 25 3 5 0 4 0 1 0 4 1 5 0 3 0 5 2 23 174 128 1 47 5 2 2 44 0 0 0 0 3 1 0 2 279 127 1 41 0 7 5 68 90 29 1 9 24 21 1 73 215 33 45 86 33 0 82 153 52 4 1 7 68 2 166 171 21 4 4 2 2 1 2 2 68 8 3 5 118 2 146 105 48 3 3 4 4 0 3 5 10 0 0 0 4 0 3 2 74 5 0 2 2 0 5 2 169 9 1 8 153 10 39 32 32 2 6 4 2 0 4 5 1 1 0 1 6 1 12 6 1 0 0 0 1 0 2 0 2 0 0 0 2 1 4 2 79 2 5 3 8 0 3 2 3 0 0 0 10 0 3 2 127 2 3 6 8 0 3 4 158 9 0 5 100 7 37 47 40 70 4 178 4 5 9 222 3 3 0 0 1 3 4 51 5 8 0 6 0 0 0 11 2 7 0 6 1 8 1 53 2 5 1 3 0 0 0 0 0 0 0 0 0 0 0 1 3 4 0 7 0 0 0 2 3 4 0 3 1 1 0 8 68 164 5 227 6 7 5 140 2 3 0 1 2 1 4 37 3 5 0 7 0 1 0 8 4 4 0 1 1 12 2 50 142 141 1 59 6 7 3 34 0 0 0 1 6 1 2 6 165 90 1 35 8 2 1 42 60 43 0 5 27 40 4 76 302 35 56 54 35 1 68 128 69 3 0 5 58 1 110 107 36 2 2 3 2 0 1 7 65 9 4 6 142 4 255 91 53 3 3 2 4 0 1 1 2 0 0 0 3 0 0 0 73 3 1 4 1 0 6 12 151 12 1 2 195 7 22 32 31 2 9 1 8 0 6 3 5 0 0 0 5 0 4 4 3 0 0 0 0 0 1 0 1 0 0 0 3 0 3 4 77 1 3 0 4 0 3 2 7 0 0 0 11 0 2 3 253 10 3 15 6 0 5 12 366 14 1 3 118 2 24 47 69 66 5 142 5 5 9 215 3 3 0 0 0 0 2 47 2 6 1 11 0 0 0 10 2 4 1 8 3 2 1 26 2 3 0 3 0 0 0 0 0 0 0 0 0 0 0 1 7 11 0 4 0 0 1 4 2 2 0 1 0 1 0 9 67 86 6 169 2 5 12 101 3 0 0 1 3 2 2 27 3 2 1 10 0 0 1 8 2 3 0 3 3 4 3 39 99 76 3 30 8 2 4 23 5 0 0 2 6 3 1 1 202 78 2 29 4 1 2 35 54 40 0 3 23 48 8 77 1
336 30 62 34 34 0 49 85 83 2 14 7 47 5 132 116 43 11 17 8 2 0 4 5 54 12 21 9 70 3 312 91 53 5 2 4 9 2 3 2 3 2 0 0 14 0 0 3 44 6 3 2 3 0 4 5 65 7 3 4 150 8 35 32 34 3 1 5 5 0 11 2 7 1 0 0 6 0 14 6 4 1 1 1 0 0 0 0 3 1 0 1 3 0 15 5 43 1 2 2 10 0 1 7 4 0 1 0 11 0 3 7 167 9 3 6 6 0 3 30 215 9 5 6 67 6 37 70 105 45 6 74 5 1 10 154 5 3 0 2 5 3 2 53 5 6 0 7 1 0 1 13 2 3 0 7 3 2 1 33 10 20 0 0 1 1 0 2 0 0 0 0 0 1 0 1 11 18 0 6 3 1 0 7 2 3 1 1 1 5 1 16 48 52 12 151 5 1 12 67 2 3 0 0 7 2 3 34 3 3 0 9 0 0 1 6 5 6 1 9 3 8 9 43 153 159 0 19 14 9 6 46 1 1 0 1 6 8 3 10 241 111 1 39 4 6 7 81 67 28 1 11 45 50 16 126 464 62 50 57 42 1 42 137 134 2 2 7 61 3 61 123 40 9 4 5 0 0 3 8 51 6 3 8 63 2 87 77 39 1 3 3 2 0 2 4 3 0 0 0 2 1 0 1 59 6 3 3 1 0 2 7 67 2 0 6 34 8 12 34 80 7 3 3 4 0 6 14 13 2 0 0 7 0 6 5 0 0 0 0 0 0 2 1 7 0 0 0 2 0 2 5 83 0 0 6 4 0 2 15 12 0 0 1 7 1 5 7 237 13 3 11 6 1 14 73 191 15 1 9 44 0 32 130 195 86 3 92 13 1 11 175 12 7 0 4 8 2 1 43 4 10 0 2 1 0 0 8 1 1 0 5 1 3 3 20 3 8 0 1 0 0 0 0 0 0 0 0 0 0 0 0 7 7 0 4 0 0 0 11 0 3 0 0 0 2 1 11 106 121 3 82 11 4 13 88 2 1 1 1 4 2 3 15 7 3 0 8 0 0 0 2 4 4 0 1 2 3 6 26 128 128 1 36 9 2 1 39 2 2 0 0 5 5 0 11 253 91 5 46 12 10 3 126 59 27 1 12 17 19 11 111 440 35 50 51 37 0 50 94 105 12 5 11 52 2 101 291 43 6 7 5 1 0 6 9 62 4 7 7 83 3 232 84 64 6 3 4 10 0 4 1 6 0 1 0 10 0 2 2 83 3 2 2 1 2 3 8 66 10 3 0 96 7 35 33 44 2 8 3 6 0 5 10 7 0 0 0 4 0 6 8 2 0 0 0 0 0 0 1 4 0 0 2 5 0 14 7 69 5 2 4 4 1 3 14 5 1 0 3 8 1 4 12 196 13 1 6 8 0 9 49 95 8 1 8 57 5 31 83 132 45 2 72 3 2 9 45 8 3 0 4 3 5 3 23 7 12 0 10 1 1 2 2 4 2 0 4 1 4 1 24 6 7 0 1 1 2 1 3 1 0 0 0 0 1 0 0 9 10 0 6 1 0 0 7 2 4 0 2 0 7 0 8 60 99 1 111 9 10 7 51 3 2 0 1 2 7 3 30 1 3 0 5 0 1 0 7 2 4 1 3 6 13 9 46 93 222 2 32 8 9 4 33 2 1 0 2 4 5 3 6 290 96 1 30 7 6 9 96 62 15 2 2 36 41 9 132 534 58 31 45 23 0 24 181 121 5 0 4 40 2 36 174 29 2 5 5 4 1 1 6 37 3 2 5 74 5 76 43 29 4 3 2 3 2 2 1 2 0 0 0 2 1 4 1 56 5 4 1 3 0 3 6 76 7 0 1 63 0 27 29 66 1 5 2 2 0 2 6 8 1 0 1 4 0 3 2 1 0 0 1 0 0 0 2 7 0 0 1 2 2 3 3 78 4 1 0 6 0 4 7 11 1 0 1 2 0 1 5 391 15 1 16 6 0 6 94 328 4 1 17 82 4 23 135 201 55 2 59 11 1 9 355 14 4 0 4 8 3 0 54 9 4 0 3 1 0 0 10 3 1 0 1 2 2 0 18 0 1 1 1 0 0 0 0 0 0 0 0 0 0 0 1 9 4 0 2 1 0 1 11 2 3 0 0 2 2 0 3 51 68 3 54 4 0 2 52 4 1 0 1 2 0 4 10 2 0 0 1 1 0 0 6 3 1 1 1 4 10 2 15 86 52 0 20 2 5 0 32 2 1 0 0 3 3 0 8 285 71 3 23 10 1 8 174 69 15 0 2 13 23 5 97 1
512 51 33 81 44 2 46 233 48 2 0 7 59 3 116 147 48 7 3 4 0 0 1 7 61 3 3 3 112 3 144 76 51 5 1 1 1 0 1 1 1 0 0 0 1 0 2 1 73 3 1 3 2 0 1 5 99 5 1 0 121 0 28 17 58 2 3 1 7 1 3 5 0 1 0 0 3 0 6 2 2 0 0 1 1 0 0 1 1 0 0 0 6 0 3 1 83 5 4 2 6 0 0 6 6 0 0 0 4 0 1 1 303 13 1 9 8 1 6 12 184 1 0 2 57 3 12 27 85 74 0 114 3 3 8 239 5 2 0 0 3 1 0 40 2 5 0 2 0 0 0 2 2 1 0 2 0 1 0 14 0 4 0 1 0 0 0 1 0 0 0 0 1 0 0 0 4 6 0 1 0 1 0 5 0 2 0 0 0 1 1 2 104 216 2 158 7 2 4 95 1 1 1 0 2 4 2 16 2 3 0 3 0 0 0 2 3 1 0 0 1 8 2 20 165 195 1 28 4 5 1 15 1 0 0 0 1 2 1 3 249 127 0 26 1 4 1 35 57 16 0 5 19 23 2 42 980 61 42 72 49 1 71 260 56 2 0 1 47 2 54 134 78 10 2 8 4 0 1 5 71 3 2 5 131 2 71 52 42 2 2 2 0 0 1 0 1 0 0 0 2 0 1 0 88 11 0 0 1 0 2 1 89 1 2 2 56 2 15 12 83 7 1 4 4 0 6 6 4 1 0 0 3 0 2 1 1 0 0 0 0 0 0 0 3 0 0 0 7 0 0 2 101 0 1 0 6 0 1 4 2 0 0 1 4 0 1 1 441 8 1 8 9 0 5 49 137 0 0 4 64 1 12 29 82 72 1 68 1 0 2 98 2 0 0 0 1 2 0 9 1 5 0 4 0 0 0 0 1 1 0 1 2 4 0 12 1 1 0 0 0 0 0 0 0 0 0 0 0 0 0 0 5 7 0 1 0 0 0 4 0 2 0 0 0 0 0 0 100 209 1 80 6 4 9 63 3 0 0 0 2 4 1 11 2 15 0 2 0 1 0 1 2 8 0 1 5 15 0 18 136 159 1 36 4 1 2 18 0 0 0 0 1 1 0 0 234 92 0 19 1 2 0 48 27 21 0 4 12 17 1 49 446 45 55 69 34 4 63 239 41 2 1 3 39 2 118 138 33 4 3 8 6 0 3 3 51 1 2 4 101 4 162 60 49 7 4 2 0 0 0 0 1 0 0 0 1 0 2 1 65 4 1 2 2 0 2 2 61 3 0 1 69 1 29 5 44 7 2 1 4 0 6 9 5 1 0 0 2 0 4 2 3 0 0 0 0 0 0 0 4 1 0 1 7 0 6 4 97 3 0 2 4 0 2 4 3 0 0 1 3 0 4 3 342 10 3 9 7 1 7 19 127 5 0 2 38 1 18 23 50 77 1 100 2 1 3 165 2 0 1 0 2 5 0 28 3 7 0 1 0 0 0 0 2 0 0 1 0 1 1 18 3 4 0 0 0 0 0 0 0 0 0 0 0 0 0 0 7 5 0 0 0 0 1 2 0 1 0 0 0 0 0 3 73 228 4 214 0 7 5 71 0 2 0 1 1 2 2 14 1 8 0 1 0 1 0 1 2 5 0 3 8 15 2 51 188 277 0 43 8 4 4 22 2 1 0 1 2 3 1 1 404 138 1 23 5 2 1 31 46 15 0 4 30 47 5 39 451 49 40 64 43 3 74 250 101 4 0 5 64 1 133 198 60 5 1 9 3 0 4 12 89 4 2 7 130 2 187 87 33 1 1 3 2 0 3 2 2 0 0 0 2 1 1 0 94 14 3 3 5 1 3 9 146 4 1 3 131 2 52 21 31 2 3 2 7 0 5 11 3 0 0 0 7 0 1 1 3 1 0 0 0 0 0 0 3 0 0 0 1 0 3 5 71 5 5 3 3 1 3 8 2 0 0 0 7 0 2 6 423 5 1 6 17 2 18 30 264 4 0 5 92 3 36 61 62 54 0 112 1 4 9 152 2 4 0 0 2 2 2 42 4 4 0 3 0 0 1 2 0 0 1 2 1 3 1 19 1 1 0 1 0 1 0 0 0 0 0 0 2 0 0 1 2 6 0 1 1 0 0 4 1 1 0 1 1 2 0 4 58 54 2 55 6 0 4 64 0 0 0 1 3 1 3 12 3 3 0 3 0 0 0 1 4 1 1 1 2 11 3 18 101 60 1 21 2 1 0 25 1 1 0 0 2 1 1 1 295 79 3 20 5 2 2 49 54 18 0 4 24 25 2 45 1
436 51 65 89 43 4 75 235 66 3 2 7 80 2 108 154 34 1 4 5 2 0 1 5 65 4 5 2 116 6 126 94 53 3 5 1 4 0 5 2 2 0 0 0 3 1 2 2 62 8 2 7 5 1 0 6 83 4 1 1 101 4 28 33 50 3 5 3 2 1 10 6 4 0 0 0 9 0 5 4 6 1 0 0 0 0 0 4 4 1 0 1 4 1 4 6 75 5 4 1 4 1 2 7 1 1 0 0 14 0 4 4 171 7 2 10 8 0 6 24 134 9 1 5 67 6 29 50 84 88 0 124 5 3 5 279 6 2 0 1 3 4 0 37 6 4 0 10 1 0 0 7 5 7 0 1 0 2 2 27 5 6 0 2 0 0 1 0 0 1 0 0 0 0 0 1 6 7 0 2 0 0 0 6 1 3 0 1 1 2 1 9 81 153 5 123 5 5 8 72 2 2 0 1 4 6 1 27 4 5 0 4 0 0 0 5 7 6 0 2 7 11 1 33 144 180 1 48 3 3 7 36 3 0 0 1 3 3 0 5 148 101 7 41 1 7 2 49 46 23 3 6 20 35 5 92 553 58 66 81 59 4 81 196 102 4 4 10 75 6 154 259 72 7 9 7 5 0 6 14 79 3 7 10 77 2 207 117 55 6 3 2 3 1 2 2 3 0 1 0 1 0 1 3 74 8 5 3 5 1 1 5 84 2 1 3 67 1 30 26 56 4 4 2 10 0 8 9 2 3 0 0 4 0 8 4 1 0 1 0 0 1 0 0 1 0 0 0 6 0 11 2 76 1 1 5 6 1 2 6 10 0 3 2 6 0 1 5 183 10 1 7 7 1 14 31 169 8 0 4 74 4 23 80 98 79 2 87 7 4 10 155 3 2 0 1 0 3 3 32 5 8 0 6 0 0 0 7 1 1 0 0 4 7 1 24 8 7 0 3 1 0 0 1 0 0 0 0 0 0 0 0 6 10 0 3 0 0 0 3 1 3 0 1 2 2 0 8 69 95 1 128 4 2 7 61 2 3 1 0 1 4 5 30 2 4 0 5 0 0 0 4 6 4 0 4 7 7 7 36 66 124 1 21 5 8 2 30 1 1 0 1 6 4 3 10 107 69 1 25 4 6 6 61 23 23 0 7 21 40 3 78 490 48 58 68 32 3 56 173 81 7 6 9 54 4 84 166 38 3 8 7 0 0 0 8 63 9 6 11 87 2 105 51 59 4 7 3 4 0 3 0 1 1 0 0 7 0 3 1 62 2 1 10 2 0 3 7 69 8 0 2 52 4 20 23 47 8 4 7 4 0 8 11 3 0 1 0 5 0 5 8 3 2 0 1 0 0 0 0 5 0 1 0 4 0 7 3 80 5 7 5 4 0 5 15 6 0 0 1 7 1 12 8 158 9 2 9 6 1 2 23 87 10 1 3 67 4 24 63 104 67 3 97 5 2 9 118 1 6 0 3 2 0 1 52 10 10 0 7 0 0 1 2 4 8 0 3 2 2 1 23 7 11 0 0 1 1 0 0 1 1 0 0 0 1 0 0 7 11 0 6 0 1 0 8 2 3 0 1 1 3 0 10 95 186 11 118 6 5 9 67 2 2 0 3 6 3 4 41 7 9 0 9 0 1 1 5 3 12 0 7 2 11 2 51 159 225 6 40 12 8 8 38 3 1 0 2 2 8 3 13 225 120 2 41 10 13 1 87 39 28 0 12 21 45 11 139 591 70 52 83 46 2 73 331 102 8 3 7 58 1 103 130 41 2 5 8 1 0 0 10 54 6 2 15 96 0 139 81 36 3 2 0 1 2 1 5 5 0 0 0 7 0 0 0 48 10 2 2 2 0 1 7 87 4 1 4 134 7 22 24 31 4 4 5 3 1 9 13 4 0 0 0 4 0 2 5 1 0 1 0 0 0 0 1 2 0 0 1 5 2 4 2 53 1 0 4 8 2 3 18 7 0 0 1 7 0 1 10 163 7 1 6 8 0 5 102 133 6 4 3 57 8 17 85 149 60 4 124 7 3 16 266 12 0 0 1 3 1 1 51 4 4 1 13 0 0 1 12 2 5 0 3 1 4 2 23 3 6 0 2 0 0 0 2 0 0 0 0 0 1 0 1 3 5 0 9 0 0 1 6 3 5 0 3 3 2 1 9 75 77 2 111 4 3 9 86 0 0 0 1 1 5 2 24 2 2 0 7 0 0 0 6 1 3 0 2 6 12 1 42 61 61 0 29 5 4 3 28 1 2 0 2 6 3 0 10 160 50 0 23 5 3 5 126 31 14 0 15 12 25 6 103 1
1059 49 96 34 22 3 32 101 57 5 7 4 30 1 46 74 27 4 8 4 2 0 1 3 33 4 13 6 68 4 199 48 75 11 12 2 10 1 2 2 5 0 0 0 12 2 2 0 32 4 3 2 0 0 3 4 55 2 1 3 216 16 35 16 49 2 7 2 5 2 4 7 4 2 0 0 5 0 3 3 1 0 1 0 1 1 0 1 1 0 0 1 5 1 5 5 69 2 4 4 7 0 2 4 5 1 0 0 4 0 2 3 215 9 3 4 5 0 3 45 142 6 1 3 41 3 19 64 80 39 4 63 5 3 6 78 4 5 0 3 3 3 0 26 4 5 1 11 1 0 1 3 1 3 1 3 2 3 1 24 4 12 0 4 0 1 0 2 0 0 0 0 0 0 0 1 7 9 0 3 0 0 0 5 1 1 0 5 2 7 3 10 59 109 8 178 4 4 9 62 4 1 0 2 3 3 2 24 0 6 0 8 0 0 1 6 3 4 4 14 7 30 7 70 96 215 2 45 4 9 0 21 1 1 0 1 2 4 0 12 139 72 0 27 5 1 5 68 31 28 1 10 28 65 11 117 842 66 81 53 44 3 53 184 100 7 6 4 49 1 55 141 61 6 11 7 1 0 5 8 53 4 12 3 53 1 127 58 55 10 4 4 6 0 3 2 3 0 0 0 4 3 0 2 57 4 5 3 2 1 4 10 69 1 1 3 42 7 22 18 54 6 7 2 5 0 5 16 5 0 0 0 4 1 6 8 2 1 0 0 0 0 0 2 2 0 0 0 3 1 7 5 57 3 3 6 3 0 5 8 6 0 0 2 7 1 2 1 178 7 5 10 8 1 4 38 125 6 4 2 67 1 30 94 103 70 1 88 1 4 3 133 6 1 0 2 4 3 3 56 7 4 0 1 0 0 0 7 2 1 0 2 2 2 4 15 8 11 0 4 0 0 0 0 0 0 0 0 0 0 0 3 2 11 0 2 0 0 0 5 2 2 1 0 1 3 0 10 67 82 5 125 9 6 3 69 6 0 0 4 3 4 4 31 5 3 1 7 0 0 1 4 2 3 2 2 3 9 6 40 99 190 2 33 5 13 2 33 1 2 0 0 5 5 2 15 225 73 2 34 7 4 3 102 44 24 1 6 21 40 9 108 809 40 79 62 36 0 52 139 74 13 7 11 40 0 89 295 25 6 11 4 1 1 3 6 35 3 10 12 68 6 272 71 50 6 6 8 3 2 3 2 4 0 0 1 5 0 0 3 39 4 5 2 1 0 2 6 37 6 0 2 58 6 44 19 27 2 6 3 1 0 6 6 5 0 0 0 4 0 6 14 1 1 1 1 0 0 0 2 3 1 0 2 4 1 11 13 41 4 1 4 8 0 2 7 4 1 0 0 1 1 8 5 127 4 3 2 0 0 8 47 57 0 1 2 40 5 19 71 97 53 4 77 5 1 5 129 9 1 0 1 3 4 2 57 7 5 0 6 1 0 1 3 4 1 0 4 0 7 3 24 8 11 0 1 0 2 0 1 1 0 0 0 0 2 0 0 16 10 0 4 0 3 0 4 2 1 0 1 2 4 2 2 45 91 5 98 9 8 4 66 2 1 1 2 6 2 4 44 2 3 1 4 1 0 1 3 3 3 1 5 6 29 7 52 72 195 3 36 11 5 6 22 3 4 0 1 2 10 4 16 299 75 1 23 10 5 9 75 41 27 0 5 23 52 11 132 1213 19 56 34 21 3 33 243 116 4 3 6 40 0 36 159 36 2 3 5 0 0 2 9 47 0 4 6 65 7 92 39 45 1 5 0 5 0 1 4 3 0 0 0 5 0 2 2 43 7 0 6 1 0 0 13 51 3 2 4 81 5 27 14 45 2 6 0 3 0 7 6 6 0 0 0 7 0 4 2 2 0 0 0 0 0 0 1 2 0 0 1 6 0 3 4 41 2 1 1 1 1 3 5 6 1 0 0 0 0 3 5 208 4 3 4 3 1 5 85 261 12 1 6 59 4 21 91 101 29 4 70 9 4 12 254 10 4 0 2 1 1 1 64 7 4 0 5 1 0 0 7 3 1 0 6 3 4 0 28 2 3 0 1 1 0 0 2 0 0 0 0 0 1 0 2 3 1 0 3 0 0 0 3 6 3 0 0 1 3 0 6 45 57 7 132 2 5 2 58 4 2 0 1 5 4 2 17 2 4 0 7 0 0 1 8 3 7 0 1 2 14 0 45 49 85 3 29 3 4 4 14 4 3 0 1 1 3 0 4 167 45 2 21 6 6 2 97 46 20 0 12 17 40 4 93 1
413 39 95 46 18 1 29 112 30 1 4 1 30 2 50 79 22 3 4 2 1 0 2 4 47 2 4 5 103 4 153 40 111 3 8 1 4 0 1 0 4 0 0 0 6 0 2 0 62 3 3 2 3 0 6 5 65 2 1 3 213 10 36 5 58 0 5 0 2 0 0 8 2 0 0 0 3 0 2 2 2 0 0 1 0 0 0 0 1 1 0 0 3 1 3 1 98 8 4 7 1 0 0 3 2 0 0 1 4 0 2 1 323 7 1 8 3 1 6 31 108 2 1 2 52 3 11 32 67 53 4 68 2 0 0 176 4 0 1 1 1 2 1 25 5 4 0 2 0 0 0 1 2 2 0 1 1 7 0 22 2 5 0 1 0 0 0 1 0 0 0 0 0 0 0 0 1 2 0 1 0 1 0 2 0 2 0 0 1 8 0 5 75 290 4 344 6 7 5 57 1 3 0 2 1 8 2 24 5 9 0 12 0 0 0 6 7 5 0 7 4 22 3 70 106 204 5 70 1 5 2 17 3 1 0 1 1 2 1 6 356 92 1 31 4 2 10 54 61 42 1 10 23 82 5 92 663 70 67 80 51 3 57 227 83 1 4 1 47 3 53 139 57 6 11 2 2 0 1 3 45 7 6 6 74 7 179 50 58 8 1 1 5 0 3 1 2 0 0 0 5 0 1 3 71 8 3 2 2 0 2 6 70 2 3 2 23 2 17 22 62 4 4 1 4 0 6 5 7 0 1 0 6 0 7 2 2 2 0 1 0 0 0 1 1 0 0 0 5 0 11 8 84 2 1 2 10 0 1 6 2 0 0 0 6 0 1 4 234 12 4 10 6 0 5 44 220 4 1 2 45 3 24 59 107 85 3 89 2 1 3 213 5 2 0 0 3 5 1 36 3 3 0 8 0 0 0 2 2 2 0 1 3 3 0 17 5 4 0 0 0 1 0 0 0 0 0 0 1 0 0 0 5 1 0 1 0 1 0 5 1 3 1 0 0 2 0 1 77 170 5 47 3 8 6 62 4 1 0 0 2 6 3 21 2 2 1 3 0 0 0 3 2 2 1 3 2 16 12 47 159 150 1 33 10 15 6 18 2 2 0 1 4 7 3 12 209 90 0 29 4 1 3 74 49 19 0 6 27 49 3 88 812 33 85 46 33 1 52 248 67 6 3 7 49 2 73 248 35 3 4 2 3 0 4 9 53 2 6 5 90 5 186 58 67 10 7 4 2 1 1 2 1 1 0 1 4 0 1 0 43 2 1 3 0 0 5 7 49 3 0 4 59 0 29 20 58 2 5 0 1 0 4 7 4 1 0 0 1 0 3 6 4 0 1 1 0 0 1 0 2 0 0 0 3 0 4 1 64 4 3 2 5 0 4 6 2 0 0 0 3 0 3 5 161 6 1 5 8 1 7 42 70 1 0 2 54 1 17 59 97 53 6 43 7 1 3 260 8 2 0 2 2 2 1 63 4 3 0 7 0 0 1 0 2 6 0 1 0 6 1 27 1 4 0 1 0 0 0 1 0 0 0 0 0 0 0 0 4 3 1 2 1 0 1 2 1 3 0 1 0 3 1 7 63 138 5 95 1 7 6 77 3 5 0 0 3 6 1 24 4 3 1 2 0 0 0 3 1 5 0 2 6 18 1 56 110 167 0 49 2 5 2 28 0 2 0 0 1 10 0 8 284 93 2 38 0 6 3 71 40 15 0 8 24 45 6 74 383 50 67 75 39 1 72 329 72 2 1 2 61 4 75 172 32 3 7 4 3 0 2 9 36 1 3 3 96 6 251 64 79 6 4 4 6 0 2 1 3 1 0 1 6 1 0 0 55 4 2 4 5 0 3 9 89 4 1 2 149 7 35 26 40 3 5 6 1 0 3 11 3 0 1 0 5 0 2 5 2 0 0 0 0 0 0 0 0 0 0 0 8 2 4 2 46 3 1 8 2 0 3 9 3 0 0 1 2 1 1 3 147 7 0 4 8 0 7 53 177 8 2 1 63 3 11 55 113 82 5 125 4 4 7 445 5 2 0 1 1 2 1 75 4 2 0 1 0 0 0 4 1 1 0 5 3 10 1 33 1 2 0 3 0 1 0 0 0 0 0 0 0 0 0 0 4 7 0 2 0 0 0 3 1 0 0 2 3 2 0 5 52 105 8 173 5 9 4 92 4 1 0 3 2 7 1 26 2 2 0 3 1 0 0 6 3 2 0 1 2 20 4 58 56 136 2 33 1 2 2 29 4 0 0 2 4 5 0 3 117 41 0 22 3 2 0 67 37 13 0 13 26 31 5 85 1
