3295 306 220 457 335 15 418 1284 309 16 10 20 348 16 480 691 284 34 8 37 13 0 3 43 314 19 13 27 575 27 605 346 177 15 7 8 10 1 3 4 7 0 0 0 9 0 3 0 369 25 3 12 13 2 13 26 402 10 4 5 253 8 109 76 211 11 6 9 33 1 27 32 11 1 0 0 22 0 23 14 12 0 0 0 1 1 1 2 7 0 0 2 15 1 14 15 292 11 4 13 35 1 9 27 15 0 0 0 26 2 8 13 836 37 5 30 31 2 22 128 485 11 2 17 291 8 102 162 300 349 2 380 14 10 17 575 3 4 0 3 8 19 4 105 13 12 0 12 1 1 0 10 3 6 0 6 1 15 3 77 7 11 0 2 0 2 1 1 0 1 0 0 0 1 0 0 14 33 0 10 0 4 0 14 5 3 0 0 1 8 1 12 254 581 11 337 20 32 36 340 8 2 0 2 5 21 10 90 5 13 0 6 2 3 2 9 12 10 0 13 14 58 8 136 345 401 1 98 21 17 7 80 4 0 0 0 9 14 3 6 416 260 2 79 16 15 7 174 101 57 1 9 73 106 16 203 0
3347 237 188 281 216 6 265 576 396 18 4 29 322 6 359 500 350 30 13 33 15 1 6 25 411 31 11 40 485 22 270 284 214 9 9 8 8 4 14 6 6 0 0 0 15 0 1 5 461 39 7 11 8 0 15 20 453 27 4 9 347 13 111 132 340 6 14 8 45 0 25 24 20 1 0 2 24 0 30 22 14 0 0 0 1 0 3 4 7 1 1 2 26 2 6 14 394 5 5 12 32 0 10 16 21 1 0 1 42 1 10 14 1155 31 5 28 42 1 32 180 654 21 5 9 417 15 140 285 383 285 10 301 18 6 17 420 16 6 0 3 6 14 5 100 22 19 1 27 2 1 1 17 10 16 0 11 6 11 3 72 8 8 0 1 0 3 1 3 0 1 0 0 0 0 0 0 12 38 1 6 3 2 1 11 10 16 0 0 1 8 2 14 359 451 12 224 26 16 27 284 10 4 0 1 8 11 6 71 14 21 1 9 1 2 0 11 20 13 1 5 15 34 14 123 444 225 1 77 31 6 16 132 6 1 0 0 12 9 0 21 627 357 2 101 31 19 26 254 134 97 2 18 105 140 25 273 0
3798 364 255 430 526 28 554 1291 382 11 21 20 519 15 623 701 263 21 14 37 19 1 17 45 292 29 17 38 621 23 483 432 188 14 9 9 13 4 4 4 10 0 0 0 19 2 3 4 304 34 5 14 11 3 14 35 304 15 2 8 248 17 78 95 248 19 14 11 31 0 27 34 12 0 0 2 25 1 28 22 14 1 0 1 3 0 2 3 15 1 0 1 18 5 15 17 253 12 6 13 26 3 6 37 15 0 1 2 43 1 13 13 602 23 6 19 33 3 27 173 408 8 1 15 278 14 91 215 307 294 6 290 24 12 23 418 12 9 0 1 7 12 5 103 15 26 0 18 2 0 1 13 5 3 1 8 3 12 4 84 12 18 0 3 1 3 0 3 1 1 0 2 0 1 0 2 13 40 0 12 0 4 0 18 4 13 1 2 6 9 1 27 236 421 15 240 26 21 45 265 5 0 0 1 2 17 13 89 5 12 0 7 0 3 0 13 6 9 0 12 13 43 15 147 228 274 0 59 19 18 11 77 2 3 0 3 12 9 2 18 259 186 0 58 11 11 8 207 43 43 0 11 61 97 17 271 0
2408 229 295 359 294 9 435 876 506 40 13 25 405 21 503 587 218 33 27 50 19 2 13 49 375 37 16 63 486 28 302 378 221 25 10 8 30 1 10 16 15 2 0 0 29 3 7 6 289 50 6 16 16 2 22 40 359 32 5 19 358 31 131 144 195 13 19 14 40 2 51 52 23 5 1 2 35 0 40 27 13 0 6 2 2 0 1 4 19 0 0 0 29 0 13 18 265 7 16 23 40 1 21 41 26 1 3 2 51 2 15 36 437 28 8 32 40 0 46 169 485 38 5 36 330 24 126 340 446 386 14 456 30 16 38 643 29 12 0 15 15 15 10 132 39 35 1 40 2 3 1 41 11 14 2 15 8 22 4 111 13 14 0 6 0 1 0 5 2 0 0 0 0 1 1 1 25 49 2 17 0 5 4 43 7 17 1 2 2 17 3 38 329 336 24 267 32 23 57 329 17 11 1 3 18 23 19 112 11 12 4 24 2 2 1 14 16 17 2 16 19 42 8 176 276 180 2 82 32 15 16 118 7 2 0 3 17 7 4 30 293 236 5 118 16 18 29 314 89 67 1 42 73 159 21 459 0
3816 387 256 417 373 20 408 1188 323 18 4 17 392 11 387 551 285 37 8 23 17 2 9 40 309 24 6 45 564 25 265 328 184 14 10 8 7 1 7 8 7 0 0 0 13 0 1 3 357 25 6 6 9 1 14 25 295 13 1 6 196 4 63 71 261 15 14 11 32 0 27 39 14 0 0 0 17 0 17 13 9 0 0 1 1 0 0 1 8 0 0 0 18 1 2 15 372 8 8 10 32 0 7 23 19 0 0 0 29 1 8 8 993 34 2 24 19 4 25 146 438 11 1 11 250 10 77 184 336 398 6 406 21 13 13 628 9 5 0 0 4 19 2 106 17 28 0 13 0 0 0 10 2 5 0 6 5 18 0 75 7 5 0 2 0 0 0 6 0 1 0 0 1 0 0 2 14 28 0 10 0 2 0 10 2 3 0 1 1 5 0 5 270 656 11 343 17 25 35 343 6 2 0 1 9 19 6 69 9 14 0 6 0 1 0 11 5 15 1 7 13 70 4 120 366 283 0 82 8 3 5 91 1 1 0 0 5 6 0 4 468 278 3 79 11 16 10 164 85 60 2 8 69 109 4 165 0
2009 175 179 240 157 7 247 674 640 42 27 53 276 9 347 745 207 33 18 30 14 2 9 53 331 31 13 46 239 15 159 326 209 15 9 7 15 1 4 17 20 1 0 1 22 2 9 11 320 41 9 26 13 1 19 53 339 40 1 21 160 16 75 156 208 7 16 10 26 1 37 41 34 6 0 1 35 1 39 42 10 3 1 0 0 0 2 2 20 1 1 1 21 1 9 23 299 8 8 18 42 3 14 55 36 2 3 5 44 2 24 37 819 46 14 40 46 7 45 219 740 40 6 37 301 13 170 503 649 272 23 313 29 11 38 592 64 21 0 11 17 11 10 194 46 38 2 25 2 1 3 41 19 5 0 18 13 19 2 99 26 21 0 5 2 4 0 6 0 1 0 0 0 0 0 5 46 35 0 16 0 1 6 26 20 11 2 6 6 14 2 31 338 229 12 135 31 13 41 277 18 12 1 2 12 8 19 90 12 20 1 13 1 1 3 13 16 14 1 4 13 28 16 116 455 188 5 96 37 14 23 123 17 0 0 1 19 15 9 44 886 390 11 155 47 28 44 525 219 87 3 29 105 116 58 534 0
3178 204 186 274 200 7 294 653 396 21 4 17 308 5 391 497 330 25 13 35 10 0 9 29 431 25 8 42 513 23 298 333 186 9 11 6 12 0 7 8 13 0 0 2 10 2 2 3 465 24 4 16 13 0 13 25 462 29 5 15 400 11 129 115 299 15 10 9 26 1 32 17 18 1 0 0 22 2 25 22 15 0 1 2 1 0 1 1 19 1 1 0 22 3 18 25 399 10 8 9 39 3 12 28 20 3 0 1 41 0 10 19 1199 28 7 32 34 1 34 201 642 14 6 17 440 12 134 262 354 286 6 305 19 7 18 429 24 4 0 4 9 10 7 102 17 32 0 21 0 2 0 16 9 12 1 13 6 10 1 62 11 9 1 10 0 0 0 2 0 0 0 0 0 0 0 2 25 37 0 10 3 1 1 15 13 9 0 5 3 5 0 12 343 421 7 194 21 20 35 293 10 7 0 2 8 17 17 91 15 13 0 7 1 1 1 15 15 16 0 2 20 44 7 108 435 267 3 74 32 11 11 89 3 1 1 0 10 8 0 23 604 356 7 100 23 22 28 241 140 92 0 18 119 115 27 303 0
1947 176 303 306 175 15 341 546 648 47 28 54 351 13 480 561 155 35 28 56 17 3 14 51 296 49 23 73 231 16 338 419 245 19 14 19 23 5 24 17 20 2 4 0 15 7 3 14 277 53 13 29 13 1 20 51 268 48 5 24 172 30 105 190 144 17 25 12 37 3 49 51 43 4 2 9 35 6 61 43 18 0 3 2 2 0 3 2 8 4 5 2 13 1 21 34 256 19 13 18 60 2 34 44 39 4 2 8 46 2 24 47 463 45 12 47 47 7 46 200 394 31 6 25 288 35 157 495 603 330 21 362 60 16 39 496 49 16 1 12 24 26 13 156 41 44 2 64 6 1 4 49 19 17 2 15 14 18 6 119 28 24 2 6 1 2 3 10 1 0 0 1 0 2 1 3 42 53 4 28 7 4 6 44 14 17 0 4 5 22 2 54 298 244 28 257 31 23 63 354 18 10 0 5 20 14 15 124 20 10 1 21 0 0 2 28 15 15 5 20 23 50 27 193 370 274 9 85 61 29 25 163 8 6 0 5 23 20 6 52 470 319 10 151 40 29 29 456 105 88 0 43 90 161 44 664 0
2978 286 264 405 267 14 395 1173 333 13 7 17 342 8 422 583 208 21 10 39 15 0 12 38 256 23 9 35 644 27 366 279 238 11 17 7 14 3 4 7 8 1 0 0 18 0 9 4 321 19 4 11 12 0 19 34 371 18 4 6 417 10 120 88 225 12 14 14 31 0 36 42 18 0 0 0 23 1 19 12 13 2 3 0 3 0 0 2 8 2 0 0 19 1 1 10 373 11 6 19 30 0 13 32 14 0 0 0 26 1 13 8 968 33 4 25 47 2 23 125 660 17 3 15 280 12 110 201 330 299 8 393 16 8 14 550 18 8 0 3 11 14 3 112 12 25 0 23 1 0 0 13 8 5 1 5 1 28 2 72 8 11 0 0 0 0 0 3 0 0 0 0 0 0 0 1 11 28 0 12 1 0 1 11 6 7 0 1 5 11 0 13 267 511 8 436 19 24 26 316 4 7 1 1 5 22 9 69 5 22 0 10 1 2 0 15 18 14 2 6 17 122 10 188 331 259 3 95 13 6 6 83 2 1 0 0 3 6 2 4 624 308 1 73 17 15 15 202 111 89 2 14 65 188 9 221 0
2767 220 207 342 258 18 397 1061 426 23 6 33 359 25 443 642 249 32 11 41 12 0 5 38 342 34 12 46 416 19 309 380 251 13 9 6 14 2 9 6 11 0 2 0 10 0 5 5 364 41 16 20 21 1 13 36 411 33 1 15 310 10 119 135 232 8 15 9 34 1 35 35 20 1 0 2 31 0 29 24 16 0 3 0 1 0 0 2 16 0 0 0 26 1 13 15 359 10 9 15 43 0 22 39 23 1 0 1 46 2 9 20 909 33 11 29 31 1 24 167 473 19 2 17 379 19 143 272 418 330 18 332 23 15 20 486 17 11 0 11 12 14 2 137 22 32 1 41 0 2 0 15 14 12 2 11 6 15 3 87 7 9 1 1 0 1 0 2 1 0 0 0 1 1 0 0 29 49 1 10 1 1 0 17 7 8 1 3 4 10 1 19 301 362 18 218 26 18 43 351 9 5 4 1 9 17 10 98 11 17 1 12 0 0 0 20 15 16 3 8 23 35 10 138 381 281 4 99 20 9 11 112 5 1 0 1 13 12 2 18 536 327 3 106 27 18 11 276 111 96 1 18 71 145 19 318 0
3339 429 205 458 242 18 343 1313 292 13 10 20 284 7 380 511 213 19 8 27 13 1 13 23 259 27 15 28 346 23 397 320 193 9 8 1 5 0 5 6 1 0 0 0 4 1 2 3 323 37 6 5 6 0 14 34 367 17 4 9 204 2 86 85 247 11 15 15 28 1 17 30 15 1 0 0 25 0 16 18 8 0 1 2 1 0 0 6 15 3 0 1 18 0 22 8 331 11 8 15 26 2 13 34 17 0 0 1 31 1 9 23 1060 35 7 35 37 5 24 137 520 7 3 17 281 12 97 159 323 415 6 516 21 12 18 571 11 7 1 5 6 4 2 114 10 28 0 25 1 1 0 6 12 4 0 7 6 14 2 70 8 16 0 2 0 0 0 4 0 0 0 0 0 2 0 1 25 29 0 13 0 1 2 9 1 6 0 0 1 6 0 12 310 573 4 342 18 18 40 342 4 4 0 0 6 15 7 76 10 19 1 10 0 2 0 11 14 17 0 7 13 35 6 103 418 363 4 102 25 16 8 109 2 3 0 1 6 16 4 14 646 348 3 85 18 10 20 210 112 65 0 13 87 89 14 215 0
2832 273 234 373 316 15 420 1243 371 18 8 22 363 17 523 875 248 20 9 26 16 0 12 40 343 22 24 46 479 17 516 402 165 11 7 8 13 0 7 10 6 0 0 0 19 0 3 4 354 26 8 6 6 1 19 42 490 13 4 2 355 12 123 112 181 12 8 9 38 1 23 32 12 0 0 0 32 1 19 26 13 0 0 0 0 0 2 1 7 0 0 0 19 1 13 19 266 2 3 14 29 1 6 33 9 0 0 1 28 1 11 12 812 28 5 23 46 3 24 133 649 9 0 11 402 11 116 229 303 333 8 407 19 14 14 611 12 4 0 2 6 19 9 134 13 17 0 14 2 0 2 16 4 12 0 5 6 11 1 89 10 7 1 2 1 2 0 2 0 0 0 0 1 0 0 1 21 27 0 11 0 1 1 12 3 4 0 2 2 9 0 17 248 357 9 292 30 27 38 320 6 3 0 2 6 15 13 95 4 21 0 11 1 1 1 15 14 15 1 6 13 40 10 121 355 346 2 95 20 7 7 98 4 1 0 2 5 7 3 17 516 244 1 94 17 9 4 182 99 55 1 3 86 116 17 197 0
2973 279 292 317 284 10 329 920 263 11 7 12 318 11 372 506 248 31 22 33 16 0 6 25 319 27 22 32 540 21 539 324 268 18 11 6 16 0 3 7 7 0 0 1 13 1 2 0 344 30 11 10 8 2 12 28 427 12 6 6 415 11 108 65 231 17 23 6 34 3 25 26 12 1 0 0 27 1 19 7 8 0 1 0 0 0 2 1 8 2 1 0 26 2 23 15 341 7 8 8 29 2 8 22 14 2 1 0 41 2 9 9 856 25 4 26 29 2 22 111 500 13 4 12 361 14 84 167 274 360 6 409 13 7 12 409 7 2 0 4 6 9 1 109 13 22 0 19 0 1 1 8 10 8 1 9 5 14 2 72 9 19 0 4 1 0 0 1 0 0 0 1 0 0 0 0 22 24 0 5 0 1 0 8 7 11 1 1 3 13 3 12 317 579 15 439 18 21 34 350 4 11 0 2 13 19 15 84 5 16 1 12 2 2 0 8 8 16 1 7 15 78 6 182 458 714 7 151 12 19 8 81 5 4 0 1 6 18 1 17 524 332 1 91 7 13 16 168 136 87 3 14 118 175 19 248 0
2274 218 208 370 245 12 384 1068 498 35 18 42 376 15 488 860 192 25 14 26 16 0 15 54 309 40 12 28 340 20 263 358 185 17 7 9 13 1 14 17 16 0 0 0 12 0 6 4 335 31 10 17 13 0 16 39 394 27 2 20 220 10 121 176 180 10 14 8 28 0 44 49 27 1 0 2 25 3 35 30 11 0 3 3 1 0 1 4 5 0 2 1 20 5 6 8 284 9 12 11 38 3 17 37 28 0 2 0 40 1 6 28 749 38 12 35 48 3 40 195 710 32 3 25 351 22 131 409 458 312 15 357 33 8 39 741 29 16 0 5 14 25 4 195 32 38 0 32 2 4 2 33 14 16 0 22 3 21 2 107 11 15 1 1 0 3 0 4 0 1 0 0 2 1 0 3 37 30 1 16 1 0 2 29 3 15 0 3 6 10 1 33 256 278 9 221 21 24 44 345 16 4 0 2 9 21 4 119 12 19 1 18 1 3 0 19 18 12 0 7 14 31 9 131 324 164 1 76 43 8 16 132 12 3 0 0 6 6 1 15 543 285 7 122 22 17 27 344 171 92 0 16 94 111 19 351 0
3203 265 260 379 321 17 394 1023 226 12 14 14 276 13 382 498 199 21 16 29 8 1 11 22 247 31 17 27 616 14 744 346 218 17 8 8 11 1 6 2 5 0 0 0 16 2 2 4 327 27 9 15 7 0 11 21 382 19 5 5 482 5 130 64 227 10 12 15 22 0 27 23 7 1 0 0 23 2 22 8 8 0 1 0 0 0 1 3 9 0 0 0 24 1 15 19 329 12 8 11 20 2 9 27 13 0 0 1 26 2 9 9 713 28 4 24 26 2 20 114 404 5 1 9 308 11 71 146 249 277 10 404 8 14 10 420 3 5 0 4 2 15 1 114 12 26 0 17 0 0 1 15 7 7 1 5 7 9 2 64 6 16 1 5 0 0 2 2 0 0 0 0 0 2 0 1 19 26 0 7 0 1 1 10 1 7 0 0 2 8 1 7 237 670 11 451 21 35 30 307 5 6 1 5 10 30 7 91 11 19 0 9 0 0 0 11 11 22 0 8 17 80 10 167 453 883 4 159 30 16 6 86 2 1 0 0 15 8 0 14 508 331 2 73 13 7 9 154 109 74 0 9 120 169 18 216 0
2265 239 303 403 233 6 420 953 415 23 10 30 314 17 409 627 177 33 13 39 5 1 5 46 285 29 14 32 457 24 303 373 278 12 18 8 20 2 10 8 12 0 1 2 25 1 5 4 298 34 10 20 15 2 14 32 341 22 0 21 512 18 129 125 196 6 18 8 41 0 37 43 19 0 0 0 29 1 24 25 12 4 0 0 0 0 1 3 10 1 1 3 20 1 20 16 306 12 9 17 31 1 17 35 25 0 0 0 39 1 11 20 582 32 14 33 32 4 26 141 502 30 6 19 322 17 122 222 406 301 13 448 21 12 24 699 22 10 1 4 16 17 5 144 22 22 1 33 3 2 0 25 8 16 0 16 8 22 3 108 11 13 0 7 0 2 0 3 0 0 0 0 0 1 0 2 13 31 1 20 1 1 1 15 5 9 0 5 4 15 1 22 323 422 27 516 29 19 41 384 12 9 0 1 9 17 14 109 13 22 2 11 1 2 4 18 18 18 0 14 14 79 7 225 355 356 3 136 22 14 5 112 4 3 0 0 9 5 0 17 460 376 2 145 18 11 13 255 150 82 0 19 117 188 18 345 0
2143 192 185 304 234 11 327 1043 408 23 9 20 361 14 397 829 195 16 13 26 8 0 13 49 334 27 12 24 437 15 280 310 175 5 7 5 9 1 7 11 9 0 0 0 9 1 5 3 289 28 6 18 12 1 13 38 523 27 2 12 327 18 122 152 179 7 16 17 21 1 19 30 24 1 1 2 26 3 33 23 14 1 2 3 0 0 0 1 13 1 2 1 17 0 8 16 302 5 8 19 25 2 10 31 26 0 0 0 25 2 21 12 836 35 7 45 45 4 31 131 1080 32 9 29 384 20 123 297 374 293 14 388 30 9 27 1175 15 15 1 5 15 12 6 193 23 25 0 29 2 0 0 33 8 9 0 14 7 10 2 96 7 13 1 6 0 3 0 7 0 0 0 0 0 0 0 1 24 33 1 15 1 1 0 34 4 7 0 1 5 14 0 21 277 310 9 208 26 16 33 330 16 7 2 4 10 14 15 90 16 8 1 11 0 2 4 21 13 13 0 10 13 39 10 115 345 229 5 83 25 14 14 111 9 3 0 0 8 11 1 17 642 295 3 115 24 14 16 267 163 85 4 25 69 130 13 320 0
3310 294 160 357 262 12 288 924 255 16 3 18 245 6 320 342 227 19 9 30 8 1 10 34 304 17 8 33 378 11 171 207 154 13 5 4 6 0 3 2 8 0 0 0 9 0 2 3 313 29 2 4 5 1 11 27 292 11 1 5 167 7 49 61 257 12 2 8 26 2 22 32 9 0 0 1 23 0 15 10 11 1 2 1 1 0 0 4 14 0 0 0 16 1 2 10 341 7 2 9 15 1 3 26 16 0 0 0 31 1 6 14 986 39 9 24 31 1 16 118 636 13 3 16 259 10 86 155 290 290 6 388 15 9 12 500 5 4 0 3 5 8 1 80 12 16 0 21 0 0 0 8 5 3 0 3 5 6 1 48 6 11 0 3 0 1 0 3 0 0 0 0 1 0 0 0 15 33 0 5 2 0 0 6 0 4 0 0 1 6 1 10 272 444 10 219 21 14 25 285 6 7 1 1 4 11 2 58 3 16 0 7 0 1 0 5 18 10 0 4 9 40 7 69 318 211 1 60 13 7 7 86 1 4 0 1 3 1 0 5 548 239 0 72 10 12 12 172 107 53 1 10 52 91 9 144 0
3670 392 240 488 409 17 494 1309 355 15 7 14 415 9 416 597 265 42 6 38 17 1 9 45 317 23 6 35 573 28 289 365 203 11 3 6 9 1 4 4 4 0 0 0 6 0 2 3 357 33 6 12 14 0 22 34 289 14 4 7 193 9 72 80 293 14 9 11 45 1 41 43 11 0 0 0 35 0 14 11 12 1 0 2 0 0 1 1 4 0 0 1 24 2 5 6 350 13 5 9 25 3 9 33 17 1 0 1 22 0 11 9 805 23 9 21 47 2 20 168 427 10 2 5 258 6 90 194 360 362 6 432 14 8 17 528 12 6 0 2 7 14 2 107 17 25 0 20 0 1 0 11 6 8 0 11 3 23 2 81 2 13 1 2 0 0 1 2 0 0 0 0 0 0 0 1 14 36 0 8 1 1 0 17 2 15 0 0 1 7 1 8 295 573 9 276 23 23 38 350 1 6 0 0 4 19 6 84 10 22 0 7 0 4 2 13 11 17 0 10 15 69 4 154 258 242 3 66 17 7 8 76 1 1 0 0 17 4 1 11 344 254 1 85 9 9 7 199 66 64 1 11 60 98 4 227 0
2317 202 209 302 206 11 312 812 326 14 8 14 310 3 394 535 209 36 6 31 12 0 9 39 324 31 8 22 416 14 323 332 218 5 9 2 10 1 4 4 8 0 0 0 9 3 3 3 381 27 7 12 11 0 14 23 506 33 2 18 361 4 76 116 225 10 14 12 31 2 26 40 25 1 0 1 26 2 18 16 13 1 1 1 0 0 0 4 17 2 0 0 24 4 8 14 412 5 7 10 34 2 13 31 22 1 0 1 28 1 4 17 1240 43 9 24 40 1 30 96 1084 25 2 25 392 15 107 208 327 317 4 459 21 9 11 915 9 7 0 4 9 8 3 102 22 28 1 30 1 2 1 28 6 11 1 6 3 7 4 61 7 5 0 4 0 1 1 0 0 0 0 0 0 0 0 1 6 35 0 16 0 1 0 20 3 7 0 1 2 3 3 17 365 377 17 242 26 17 25 373 13 7 0 2 9 8 3 65 7 28 1 6 2 4 2 14 7 15 0 6 13 33 7 77 563 290 6 94 16 7 18 92 6 1 0 1 9 6 1 10 794 397 0 141 18 17 11 233 172 103 1 15 100 96 12 229 0
2900 239 232 276 180 11 260 523 451 21 10 28 245 8 296 404 245 26 16 23 9 2 9 34 316 29 12 41 347 26 222 277 260 8 8 9 12 0 11 11 12 1 2 3 19 0 4 5 378 28 10 12 12 2 21 30 380 31 3 12 225 9 83 101 355 19 13 7 24 0 23 25 26 3 2 1 25 1 22 33 11 0 1 3 2 0 0 8 17 1 1 1 30 4 12 20 389 4 8 13 36 0 18 35 32 2 1 0 40 0 16 18 893 34 14 31 33 1 41 147 648 45 5 16 333 14 127 331 416 292 17 344 21 10 14 467 33 19 1 13 5 14 11 137 34 32 0 32 2 1 3 26 16 19 0 17 13 22 1 72 14 18 0 4 1 0 0 8 0 1 0 0 0 2 0 0 34 39 0 11 3 0 3 19 11 11 0 1 3 14 3 24 434 523 18 349 24 17 29 332 15 8 0 7 12 19 9 95 18 25 1 7 2 2 2 8 14 20 0 14 28 59 3 139 530 422 6 121 27 13 13 120 4 2 0 1 5 9 4 23 660 362 7 128 29 24 33 316 186 105 3 37 129 154 30 405 0
1173 83 326 261 139 5 313 468 188 8 9 8 291 14 483 501 110 13 8 22 5 0 9 25 259 18 10 29 616 23 722 424 293 12 25 11 18 1 7 7 12 0 0 0 22 1 12 5 298 27 14 18 9 0 17 19 630 29 9 19 849 29 213 133 133 5 19 7 17 0 16 15 17 1 0 0 26 0 30 13 6 2 1 0 0 0 0 1 8 0 1 1 17 0 18 20 360 12 10 11 27 4 12 17 13 0 0 0 30 0 9 12 540 18 6 18 19 1 18 33 637 11 2 4 471 15 101 125 170 249 24 591 10 13 8 548 8 9 0 4 6 13 6 218 8 24 1 27 1 2 0 15 7 17 1 16 3 24 4 191 15 11 0 2 0 0 0 3 0 2 0 0 1 2 0 1 9 16 0 12 0 0 0 11 6 16 0 2 2 15 3 31 277 630 30 984 25 26 27 525 16 12 0 7 17 25 10 130 8 34 0 30 3 3 0 25 12 26 1 17 24 60 9 207 502 753 9 238 27 23 14 100 6 2 0 0 10 13 2 28 534 452 1 148 11 9 7 104 227 183 2 29 155 205 25 295 0
3564 348 269 432 361 16 431 1291 363 15 8 24 375 12 420 696 300 34 13 27 16 3 12 39 282 24 7 49 519 28 344 353 228 8 3 9 13 2 4 7 6 0 0 0 12 1 2 4 331 37 6 8 12 0 16 24 292 17 4 9 207 4 65 87 300 10 11 8 32 2 41 46 6 0 0 1 24 0 17 17 6 0 1 0 0 1 0 3 6 2 0 4 21 2 4 12 351 9 7 15 34 0 16 27 8 0 0 0 26 0 10 20 884 34 4 27 33 0 27 169 425 10 0 15 246 13 73 217 360 351 4 419 6 10 16 691 13 6 0 5 8 17 0 114 15 22 1 19 0 1 0 15 5 5 0 9 7 19 0 98 5 11 0 1 2 0 0 2 1 0 0 0 0 2 0 1 14 36 0 8 1 2 0 18 1 5 0 1 0 11 0 4 268 452 10 257 27 23 35 331 3 6 0 2 8 23 8 84 8 27 0 7 0 3 1 4 9 20 0 6 17 98 8 145 342 181 1 65 18 11 10 84 0 1 0 0 4 18 0 9 455 243 2 81 11 19 7 213 69 59 3 4 64 99 9 200 0
1941 153 237 251 181 10 271 497 583 53 22 50 351 15 424 499 170 31 21 47 12 1 14 38 346 41 30 53 240 19 259 375 271 14 19 14 27 0 9 11 20 4 1 0 21 4 4 7 299 62 12 33 9 5 26 45 421 38 7 24 200 21 94 206 169 12 20 14 35 0 41 47 33 3 2 1 35 1 44 45 13 1 2 6 0 0 4 8 20 2 2 1 19 0 18 29 350 16 15 19 46 1 23 45 41 3 0 4 52 1 25 32 634 36 17 42 45 10 55 159 535 50 5 34 381 29 160 466 570 294 15 322 34 17 43 474 48 13 1 9 19 20 14 143 36 40 1 63 2 2 1 43 21 17 1 22 13 13 2 110 21 21 2 8 1 0 2 4 1 2 0 0 0 3 1 3 45 57 0 22 6 2 4 27 7 25 0 8 7 17 1 41 344 258 22 172 41 10 50 339 24 6 3 8 19 21 17 109 18 17 1 18 3 2 1 21 23 22 2 14 21 40 14 184 450 298 9 107 46 21 24 182 12 4 2 1 20 10 3 38 525 387 13 161 40 24 35 433 182 122 5 36 121 180 51 636 0
2248 244 231 373 223 11 358 895 540 23 15 30 353 13 456 630 196 40 12 36 6 3 12 45 298 33 8 47 303 25 312 386 218 14 22 8 20 0 9 9 17 1 0 0 14 3 4 4 321 39 4 16 10 2 25 47 361 30 5 16 233 14 110 129 165 7 20 14 33 2 40 45 31 2 0 0 24 1 28 28 10 1 2 3 2 0 1 2 15 1 0 2 9 3 13 10 335 14 8 12 34 1 17 45 32 1 0 1 41 1 10 28 739 44 15 43 59 1 40 190 555 23 4 27 335 17 148 337 516 340 7 386 23 9 33 659 37 11 1 10 11 16 4 170 25 33 3 34 1 4 1 29 14 16 0 9 5 19 2 95 7 13 1 4 0 3 0 3 1 0 0 0 0 0 0 2 25 35 1 14 0 1 3 26 6 10 0 1 5 11 2 23 304 314 9 333 30 18 44 342 5 10 0 3 15 17 9 105 9 20 0 13 5 2 1 18 17 19 0 17 15 44 13 172 372 287 4 101 24 19 19 135 3 2 0 2 13 8 2 30 666 314 5 137 22 27 19 368 141 96 0 20 71 171 24 378 0
1749 178 421 312 171 13 302 414 321 53 21 37 319 11 355 392 163 31 24 37 17 1 7 29 273 46 28 54 325 26 282 322 394 20 51 13 43 10 26 20 27 2 3 2 41 2 10 13 306 36 19 33 21 2 13 37 392 45 19 23 324 41 128 165 172 14 38 21 34 1 34 42 29 3 4 6 41 2 52 41 17 4 4 3 1 2 2 1 13 7 3 1 22 1 37 29 277 26 17 24 37 5 30 34 33 1 0 5 60 5 20 38 325 26 24 23 28 3 33 53 402 49 16 24 332 44 124 280 360 308 31 468 40 25 54 499 29 20 2 20 21 24 14 167 30 43 6 56 7 2 3 40 9 23 0 27 14 26 9 176 22 38 2 12 3 7 0 16 3 5 0 1 4 3 0 10 26 48 0 41 1 3 1 35 11 28 0 15 2 28 9 65 269 313 48 380 49 32 65 406 19 19 4 18 33 33 22 181 18 30 2 43 2 3 3 50 30 32 3 29 21 96 25 307 343 313 12 151 32 40 30 168 12 12 0 4 35 38 12 64 320 324 12 196 38 25 24 261 162 166 9 85 150 329 58 808 0
3087 216 244 322 192 17 275 647 354 17 10 15 300 11 325 377 295 34 17 31 17 0 14 31 398 26 16 32 413 16 235 294 313 14 12 6 16 1 4 9 8 0 1 0 14 1 6 3 410 34 9 11 6 2 17 25 406 19 1 15 331 13 88 91 305 20 7 18 23 2 33 39 16 1 1 1 38 0 22 22 18 3 0 0 1 0 1 2 16 2 2 1 26 3 11 19 392 18 11 18 37 0 15 30 17 0 0 1 42 1 14 23 1072 43 9 31 25 6 36 192 540 18 4 17 325 12 104 262 403 323 6 339 23 13 13 391 16 7 0 2 11 14 3 108 12 33 0 15 3 0 0 20 13 11 0 13 3 13 2 84 9 23 0 3 0 2 0 5 0 0 0 0 0 1 0 1 16 38 0 22 0 1 3 12 3 8 0 3 1 10 0 10 378 601 20 314 29 25 36 282 10 9 0 1 10 25 12 99 15 26 2 21 4 1 2 14 22 23 0 14 25 74 11 137 528 338 4 105 29 17 16 114 2 3 0 0 18 17 3 28 606 370 6 105 19 16 18 253 133 109 1 25 101 159 24 298 0
4197 256 183 324 242 9 270 763 344 18 14 14 266 13 292 480 453 24 6 26 12 0 9 25 358 17 16 36 430 9 240 246 224 7 3 5 12 1 8 5 6 0 0 2 8 0 2 2 446 38 9 13 9 1 11 12 395 15 6 8 240 6 77 65 388 9 7 10 18 0 23 31 16 1 0 0 21 2 26 12 19 3 1 0 2 0 0 1 11 1 1 3 21 2 13 19 409 10 2 9 28 1 6 17 14 2 0 1 41 1 11 9 1427 29 5 31 36 3 35 220 483 19 1 20 320 7 99 222 348 308 4 294 14 6 9 373 10 6 0 4 6 15 8 107 16 22 0 18 0 3 0 13 9 6 0 9 6 13 2 48 7 10 0 2 0 1 0 3 0 0 0 0 0 0 0 1 29 44 0 8 2 0 2 12 10 3 0 0 2 10 3 8 356 513 8 191 34 15 37 260 7 3 1 2 11 14 11 66 13 22 1 6 1 0 0 6 13 15 1 8 25 45 7 93 438 236 1 77 20 10 16 114 2 2 0 1 6 8 5 20 573 334 7 89 15 10 23 196 125 60 1 14 85 126 10 254 0
3080 283 212 344 261 13 332 970 283 13 6 12 309 14 422 556 299 29 15 31 5 0 10 30 368 21 6 27 624 10 314 283 228 9 6 7 12 1 6 5 2 0 0 0 7 2 0 1 419 30 3 8 9 1 7 30 386 18 2 6 250 6 66 78 290 12 9 7 23 1 35 34 7 1 0 0 24 1 18 9 14 1 2 1 1 0 0 1 9 0 0 0 24 0 7 9 380 9 6 10 34 1 8 17 6 0 0 2 29 0 7 10 1390 43 5 33 33 6 30 129 715 6 4 7 327 14 85 191 312 316 1 373 14 15 10 567 9 10 0 1 3 12 3 90 15 12 0 16 1 0 0 7 9 8 0 3 3 11 0 66 4 12 0 2 0 2 0 2 0 0 0 0 0 0 0 1 9 34 0 9 1 0 0 5 0 2 0 0 0 4 0 8 369 571 3 267 23 16 28 280 3 6 0 1 7 16 6 73 9 16 0 7 1 3 1 15 11 13 0 4 16 60 9 92 473 349 4 82 19 8 4 89 3 1 0 0 6 4 1 12 836 340 4 91 13 12 11 175 138 60 1 8 86 124 17 161 0
2226 180 327 343 201 13 345 667 552 43 20 41 359 15 446 465 183 35 21 50 17 1 12 44 344 47 27 53 332 24 257 367 274 25 13 13 26 3 16 15 22 1 1 1 23 3 5 10 315 37 13 28 13 1 25 49 371 45 6 23 225 19 112 156 167 11 16 12 42 0 61 41 40 2 0 2 41 3 41 42 6 2 4 2 2 1 3 3 7 1 2 1 20 0 23 20 271 14 12 19 55 0 19 52 36 1 1 4 55 1 30 37 438 42 7 41 34 3 43 164 377 36 9 28 336 31 151 422 541 366 21 438 50 12 31 549 43 22 3 8 20 23 8 152 24 41 1 41 5 1 1 50 26 15 0 27 9 18 9 144 17 25 2 5 0 1 0 4 1 3 0 1 0 2 0 4 36 58 0 26 3 3 5 43 3 25 0 3 7 19 3 42 325 380 13 278 41 28 67 405 23 14 1 3 23 21 18 114 17 17 3 20 4 0 1 31 15 20 1 19 13 36 11 186 299 208 5 96 41 24 25 136 6 5 0 0 13 14 5 41 365 297 8 142 39 25 42 416 116 105 6 39 102 160 35 568 0
1810 166 360 301 174 18 326 534 363 42 23 39 274 21 384 413 135 35 30 34 11 1 16 27 235 36 22 56 372 28 301 348 360 27 28 29 36 5 25 24 17 2 1 2 25 1 15 11 300 36 11 21 18 2 19 36 364 50 15 30 349 31 136 159 170 17 30 17 38 0 40 39 28 5 2 0 28 2 35 44 16 1 3 3 0 0 2 5 21 4 3 2 32 6 33 31 310 17 13 21 29 2 22 38 31 2 1 3 48 1 18 29 417 36 13 35 32 4 26 98 420 30 4 25 343 34 135 259 408 307 36 447 44 22 50 598 29 18 2 20 25 18 18 193 23 37 2 55 1 4 1 46 18 21 2 23 14 26 7 159 13 38 2 11 0 4 0 16 3 1 0 0 0 2 1 10 31 30 2 30 2 1 6 27 8 21 1 12 4 28 3 74 301 381 31 377 42 28 45 398 12 19 4 10 25 26 28 168 15 32 1 31 3 2 4 41 22 29 1 24 31 86 17 309 359 346 13 156 35 24 19 169 16 8 1 7 19 18 5 62 378 314 13 164 24 29 22 270 184 164 4 65 151 292 49 653 0
2946 307 324 402 332 12 391 797 250 19 9 16 300 10 423 421 235 30 18 23 9 0 10 33 290 25 16 26 617 23 737 361 269 12 17 9 14 0 2 3 4 0 0 0 9 1 6 2 331 22 9 18 11 0 11 16 387 18 7 5 381 11 131 79 201 12 18 7 22 1 19 36 13 0 0 1 30 2 19 13 4 0 1 0 0 0 1 5 3 1 2 1 20 2 19 11 307 11 9 20 28 1 7 20 11 0 0 0 25 3 6 11 688 34 7 21 25 3 15 68 431 10 3 10 382 13 78 120 231 356 7 454 20 14 12 519 7 4 0 3 8 5 2 120 12 21 0 24 1 2 0 8 6 8 0 6 4 25 2 86 5 19 0 5 0 0 0 5 0 1 0 0 0 0 0 0 20 29 0 5 0 0 3 10 2 7 0 1 3 9 1 9 255 638 24 485 27 38 29 347 8 4 0 0 11 26 9 108 8 15 1 10 0 1 1 15 9 19 1 16 15 118 14 198 367 831 4 123 13 10 8 74 4 3 0 1 6 15 1 23 437 365 2 81 11 15 8 144 163 93 0 9 102 170 16 226 0
4486 235 152 315 247 14 301 1039 206 15 4 8 309 7 417 582 370 25 7 23 13 1 12 25 397 21 10 34 639 13 350 296 173 8 4 4 8 0 6 5 2 0 0 0 8 0 2 1 442 20 6 6 8 1 7 16 372 11 1 6 291 15 89 50 375 9 4 8 24 2 25 30 8 2 0 0 24 0 21 16 16 1 0 0 1 0 1 0 11 4 1 1 26 1 5 14 399 6 3 8 26 0 5 20 7 0 0 0 32 1 7 4 1203 29 0 19 39 5 29 142 468 6 2 12 321 11 79 136 219 319 3 344 11 14 6 537 4 2 0 1 7 5 5 97 13 23 0 17 0 1 0 4 1 7 0 3 4 5 1 50 1 11 0 2 0 0 0 0 0 0 0 1 0 0 0 0 18 25 0 5 0 1 0 10 2 6 0 0 1 3 0 10 409 499 6 215 19 18 33 290 5 0 0 0 4 11 9 63 13 21 2 9 0 2 2 3 7 19 0 3 13 54 7 61 450 311 0 56 22 7 11 86 4 1 0 0 9 4 0 9 552 323 0 61 17 9 14 146 80 51 0 8 78 77 9 129 0
1804 144 420 318 196 23 292 376 389 40 32 39 289 19 321 402 142 31 31 44 13 2 18 32 249 41 34 52 296 21 311 285 439 30 59 22 34 6 25 34 28 8 1 1 35 4 15 9 262 41 23 28 14 0 24 37 314 47 12 25 275 43 132 161 177 11 36 23 24 2 35 47 34 8 4 4 47 1 37 43 11 2 4 5 2 0 2 6 12 4 5 4 22 4 35 37 270 28 26 20 51 7 19 38 37 10 4 5 53 8 32 42 288 28 12 31 29 4 29 70 448 52 16 43 309 41 150 297 359 265 35 392 40 22 30 489 34 23 5 13 23 23 21 180 37 33 1 57 8 1 12 58 23 27 3 27 17 30 13 164 39 27 3 22 6 8 1 22 2 1 0 1 0 10 0 16 31 54 2 32 3 6 5 42 12 31 0 16 13 29 7 92 279 287 44 344 44 44 57 363 21 20 0 11 26 35 29 164 12 26 5 45 4 4 7 32 12 39 7 36 29 77 25 347 326 324 17 158 37 37 24 160 13 23 0 6 28 41 10 84 283 299 17 179 32 39 41 284 160 196 9 94 152 328 64 887 0
2611 194 173 264 234 8 296 677 560 40 5 28 348 13 395 624 247 37 7 40 10 0 6 44 321 27 10 31 370 12 195 327 212 6 6 5 11 0 12 11 8 0 0 0 13 1 3 3 324 29 10 16 8 1 12 34 395 35 2 18 193 10 82 154 251 10 7 10 36 0 33 44 23 2 0 1 27 1 44 28 5 0 2 4 1 0 0 3 10 1 2 0 18 2 9 18 357 10 5 12 36 1 27 43 35 1 2 4 36 0 7 27 1053 48 8 40 52 6 54 252 726 38 5 27 303 18 148 408 578 315 11 322 35 16 35 497 30 10 0 10 12 11 7 129 35 30 0 29 3 0 5 27 8 12 0 11 8 16 1 78 9 12 0 1 0 1 0 3 0 0 0 0 1 1 0 1 30 49 0 21 1 2 0 31 6 12 0 3 0 7 1 27 356 342 8 155 31 8 37 281 18 6 1 1 8 14 10 85 11 15 0 10 2 3 0 20 20 10 0 7 17 30 7 88 443 191 2 88 33 13 10 130 5 4 0 2 15 5 2 30 806 362 2 144 30 23 28 411 150 90 1 26 89 101 24 394 0
4084 398 199 449 333 22 412 1415 318 9 4 30 368 10 364 582 269 33 11 22 15 3 10 37 305 16 9 29 539 26 215 327 174 10 7 4 4 0 5 4 2 0 0 0 4 1 4 2 363 21 4 7 10 2 20 29 297 15 0 2 212 3 56 84 290 15 6 13 27 0 28 45 10 1 0 0 19 1 18 14 15 2 0 0 0 0 0 4 4 0 0 1 16 5 10 11 342 14 4 16 38 1 7 29 11 1 0 0 26 1 8 15 985 37 7 20 44 0 24 150 437 13 1 14 240 5 75 201 345 411 3 405 14 7 15 583 6 2 0 2 2 10 4 103 10 27 0 14 1 0 0 13 6 4 0 5 1 12 1 63 7 12 0 3 0 0 0 2 0 0 0 0 0 3 0 0 12 32 0 6 0 1 2 13 3 3 0 1 0 6 1 6 303 599 8 253 26 15 31 340 3 3 0 0 1 11 5 48 5 18 0 5 2 1 0 15 8 12 0 3 13 58 8 81 352 231 1 64 13 3 12 86 1 2 0 0 7 8 0 12 515 220 1 80 18 9 10 203 77 55 0 13 63 83 5 173 0
1901 198 325 366 174 21 357 597 378 32 30 36 310 20 407 463 190 28 26 31 9 1 15 37 272 42 20 42 302 24 300 354 319 20 19 18 26 5 21 21 22 3 1 1 27 2 13 13 267 30 13 23 17 3 16 39 374 38 9 25 295 27 125 152 191 9 23 13 30 1 36 42 23 4 0 3 37 1 36 42 12 1 7 2 0 0 1 5 15 5 4 4 16 3 29 28 311 10 16 24 25 1 22 47 32 3 0 4 48 0 24 26 465 23 16 25 30 2 38 80 419 24 8 23 334 30 151 248 342 324 21 480 36 20 45 545 25 22 0 21 20 25 12 189 18 29 2 49 2 2 2 43 13 26 0 18 9 31 6 155 17 20 2 8 1 4 0 13 1 1 0 0 1 1 1 7 38 47 0 24 3 1 3 26 13 19 0 10 6 21 4 69 320 526 30 350 43 33 33 435 14 9 2 10 27 34 21 154 13 23 6 21 2 2 2 32 12 29 0 23 25 85 23 250 382 359 14 138 50 16 25 179 12 9 1 7 16 16 6 49 404 351 9 151 35 28 17 256 176 160 6 59 137 238 42 650 0
2286 202 166 247 170 2 276 641 575 17 18 36 307 9 325 567 210 44 15 38 11 1 22 42 328 39 14 42 330 17 196 331 176 10 11 10 13 2 17 7 19 2 1 1 18 1 4 9 324 46 10 27 13 2 13 48 390 41 4 11 191 17 88 166 231 12 15 6 34 1 51 53 26 3 0 3 39 0 37 35 7 0 1 2 1 0 0 5 14 3 0 2 9 2 9 23 351 10 5 18 50 2 20 50 33 4 3 1 39 3 12 26 981 57 14 37 45 0 38 209 746 35 5 32 356 20 141 465 613 342 16 352 33 14 34 535 42 24 0 11 18 9 11 137 32 25 0 25 2 3 1 37 16 4 1 13 7 12 3 91 22 10 0 5 1 1 4 14 2 0 0 0 1 0 1 2 43 41 1 14 1 1 3 24 10 15 0 0 1 13 1 31 390 279 16 194 34 12 47 302 14 3 1 3 13 12 3 81 13 12 2 11 1 2 3 16 15 14 3 4 11 25 6 111 412 214 2 83 37 14 18 156 11 4 1 5 9 9 3 21 773 425 7 163 27 23 42 433 160 86 2 30 107 114 25 462 0
2436 254 303 386 304 13 413 888 245 16 17 23 341 24 452 488 219 28 13 17 7 0 15 36 332 26 19 31 709 32 809 368 261 20 18 12 12 1 9 7 3 1 0 0 17 2 6 0 345 19 7 11 10 0 12 27 427 13 5 7 586 6 135 69 176 15 13 8 15 1 29 30 10 2 1 1 24 0 20 8 7 0 0 0 1 0 1 0 0 1 0 1 25 1 28 11 270 9 12 13 27 1 7 17 11 0 0 1 29 2 8 10 607 28 4 18 31 2 18 74 433 6 2 8 371 12 110 148 229 298 3 414 19 9 14 393 8 7 0 3 9 7 5 116 13 17 0 18 1 0 0 8 8 11 0 8 10 20 4 109 15 21 0 6 0 1 1 0 1 0 0 0 0 0 1 2 8 34 1 11 1 0 1 10 4 9 0 1 3 12 0 17 240 629 11 485 19 34 32 358 1 7 0 3 8 26 14 105 6 17 1 18 2 5 0 13 10 22 0 8 19 55 17 186 388 926 5 138 21 25 6 86 4 3 0 2 11 15 5 22 497 337 3 87 10 19 10 152 147 106 0 16 124 175 20 242 0
2736 250 283 333 258 14 359 648 396 18 6 33 345 13 355 390 310 43 19 52 9 1 11 36 398 33 10 54 447 19 243 330 318 20 11 10 19 3 18 11 13 1 0 0 19 0 3 4 394 37 7 23 15 1 15 30 457 43 4 15 353 20 102 110 275 12 14 14 32 0 48 39 22 0 0 2 45 2 34 15 16 0 3 1 1 0 2 8 18 1 2 1 36 3 20 18 359 10 17 18 46 2 20 33 28 1 0 1 44 2 17 17 711 37 14 40 30 5 36 120 483 16 4 13 382 25 133 240 420 328 12 375 36 9 21 414 22 12 2 5 26 18 10 116 24 35 0 28 1 0 2 20 13 20 0 12 12 15 3 118 14 12 0 4 1 0 0 6 2 1 0 0 1 1 0 1 24 46 0 16 0 3 0 17 5 23 0 0 4 11 0 21 358 398 16 257 37 19 45 306 21 4 1 1 17 17 13 91 21 23 2 25 0 2 2 19 23 24 4 17 22 57 13 144 488 274 5 86 27 17 11 123 10 5 0 0 15 12 1 35 491 376 3 129 22 19 19 249 156 105 1 31 114 187 31 405 0
4247 321 171 354 300 17 352 1063 257 12 4 15 310 13 356 549 324 32 7 43 14 3 6 27 317 24 6 32 533 21 210 278 196 15 7 4 5 0 3 3 2 0 0 0 10 0 1 0 446 29 3 6 5 2 11 15 373 17 2 13 288 8 65 51 431 16 4 6 33 0 19 32 15 2 0 0 14 0 12 14 14 1 1 0 2 0 1 1 8 0 0 0 19 1 8 8 543 9 2 12 22 1 7 17 16 0 0 0 31 0 5 9 1360 29 4 22 23 2 14 91 472 8 1 10 259 11 55 125 270 291 4 364 10 7 13 491 5 3 0 0 3 9 0 98 15 22 0 19 0 0 0 10 3 8 0 8 2 20 0 58 4 7 0 1 0 0 0 2 0 0 0 0 1 0 0 0 15 40 0 6 2 0 0 8 2 9 0 2 1 4 0 7 346 645 10 299 21 16 33 284 6 3 0 0 2 8 5 45 13 20 1 11 2 1 0 8 11 19 4 8 15 68 4 102 437 276 1 51 12 2 6 74 1 2 0 1 7 6 1 7 513 335 2 47 9 11 9 144 89 59 0 10 61 113 5 139 0
1825 164 200 323 187 11 331 857 555 24 14 29 277 12 404 727 160 20 8 38 11 1 8 61 245 30 6 46 239 13 183 364 193 16 13 10 10 1 10 10 18 0 1 0 19 0 6 7 260 37 8 23 5 0 14 45 434 29 3 21 196 20 94 191 161 10 12 10 34 1 45 39 41 2 0 3 36 1 41 29 4 0 1 1 1 1 2 4 13 2 2 2 13 0 6 15 277 10 12 10 27 0 20 39 51 3 1 4 42 0 13 28 624 32 14 42 42 4 42 150 959 54 8 32 297 25 149 381 561 316 17 462 52 12 63 1072 34 15 3 12 15 20 11 215 34 33 2 38 2 1 3 59 12 12 0 13 5 13 2 117 12 13 0 2 0 1 1 12 1 1 0 0 0 4 0 5 30 35 2 24 2 5 1 34 13 21 2 7 1 12 1 36 316 225 18 195 39 19 43 398 15 14 0 1 15 18 14 108 8 19 1 20 0 1 2 30 15 14 1 11 9 26 7 143 382 183 10 104 32 14 26 157 15 4 0 2 12 6 2 34 580 355 3 175 22 13 24 410 208 106 2 38 91 119 24 511 0
2359 196 211 340 209 10 379 1066 527 28 13 43 362 14 424 726 182 29 19 45 13 0 14 39 310 44 15 44 309 15 206 430 196 10 8 7 20 1 9 8 18 0 0 1 22 1 2 5 269 40 10 21 13 1 17 42 365 38 3 11 200 25 92 223 175 8 9 14 34 1 37 33 23 3 1 0 41 0 33 34 10 1 0 0 0 0 2 4 16 3 1 0 13 2 13 16 268 11 9 21 37 1 21 39 36 2 1 2 49 1 13 23 698 50 13 38 55 1 36 158 675 30 6 30 373 10 140 407 484 291 15 407 35 10 41 784 38 12 4 9 19 11 8 188 35 33 0 43 1 0 3 41 9 12 0 10 10 19 2 114 10 6 0 3 1 2 0 7 0 0 0 0 0 3 0 1 32 41 1 26 2 2 0 20 8 14 0 0 4 14 2 30 301 258 19 184 21 17 44 377 15 12 0 2 12 10 11 105 10 5 2 17 0 2 1 29 13 17 1 8 10 30 10 125 355 177 1 81 30 8 16 122 13 2 0 1 11 4 1 21 561 301 4 140 26 32 39 385 157 92 0 31 92 107 17 412 0
1828 152 301 248 153 8 239 316 576 38 41 45 270 20 308 385 205 30 40 42 10 2 17 47 318 40 47 57 201 22 213 260 344 29 37 13 37 3 24 20 32 3 4 1 30 3 15 22 319 54 25 32 19 4 24 35 361 48 14 37 208 32 128 170 160 22 33 15 21 0 39 38 47 5 6 9 49 4 65 51 16 2 1 5 1 0 5 7 18 5 10 8 35 3 43 29 275 12 25 27 40 4 36 35 44 4 2 6 48 3 33 45 460 27 16 51 54 2 40 173 427 50 14 44 317 34 202 463 507 277 34 291 35 16 42 350 73 22 1 14 20 30 11 161 40 43 4 45 5 7 6 40 25 26 1 26 23 28 6 138 36 21 3 14 3 5 5 25 1 2 0 3 1 6 1 10 54 75 4 23 9 3 2 43 10 24 0 15 6 31 7 70 297 222 33 182 42 25 64 258 18 18 3 10 33 27 24 129 20 32 5 34 3 4 8 27 18 34 6 32 23 53 29 269 391 201 11 127 63 33 41 184 11 12 1 6 27 27 11 95 463 339 11 169 54 46 51 431 184 159 6 76 179 269 97 917 0
2167 163 226 300 188 9 283 703 384 13 9 16 305 10 398 558 185 25 21 28 9 0 7 35 360 26 13 27 431 18 341 305 232 13 12 10 12 1 8 6 17 0 0 0 12 0 2 6 355 36 10 10 5 1 11 36 496 34 4 15 326 11 120 120 223 10 6 11 22 1 24 30 24 1 0 1 23 2 23 16 19 1 0 2 0 0 0 6 10 0 0 2 21 7 17 15 365 9 5 13 30 0 13 40 24 1 1 2 36 0 11 7 989 49 5 42 36 5 37 143 869 27 4 14 418 18 126 263 413 325 9 425 21 11 15 649 24 4 1 4 7 13 5 135 21 34 1 26 0 2 1 22 13 4 1 10 8 21 2 78 3 15 0 6 0 1 0 5 0 2 0 0 0 1 0 1 25 29 0 12 0 2 0 17 6 12 0 3 0 7 1 10 366 442 12 343 27 22 30 374 8 7 0 2 14 10 11 86 8 17 1 15 1 2 0 14 18 15 0 9 18 60 9 135 451 361 5 138 22 13 9 118 4 0 1 0 8 13 1 19 826 385 1 195 23 11 11 271 187 110 3 24 106 155 19 272 0
2481 270 380 322 161 16 278 440 439 45 35 55 251 28 340 370 152 27 37 33 12 0 19 32 229 38 28 52 261 33 285 326 355 41 45 13 29 6 24 21 23 1 2 0 37 3 9 14 211 41 23 25 19 3 18 39 274 44 18 20 239 33 119 160 184 20 39 14 21 0 54 37 22 6 4 7 31 5 41 45 10 3 5 3 3 0 3 0 10 4 8 3 30 6 32 40 247 13 24 23 38 4 25 31 40 3 3 6 45 2 17 29 317 24 7 32 27 5 32 96 268 32 11 24 283 30 149 305 412 336 35 445 38 21 39 464 49 27 3 20 17 19 18 153 30 40 2 32 3 2 2 53 21 28 0 24 17 40 13 147 35 37 1 13 2 8 3 18 4 0 0 0 2 3 0 8 31 58 1 24 10 4 5 40 10 20 1 8 8 28 11 66 278 521 29 388 39 36 60 364 13 16 2 9 24 33 25 146 7 21 2 36 2 2 4 33 21 26 3 40 31 103 30 325 340 323 8 149 37 34 32 162 9 12 0 8 23 19 9 63 311 281 13 150 29 35 24 293 140 136 6 48 121 269 76 800 0
1724 155 389 287 165 20 298 390 450 41 42 40 280 22 352 413 125 32 32 47 18 1 16 47 256 37 32 62 291 23 277 309 394 34 45 27 42 6 21 29 31 8 3 6 33 10 16 17 265 49 24 22 11 3 21 37 316 68 15 32 282 37 127 197 149 11 32 17 35 1 51 21 39 5 1 3 47 2 41 40 12 3 11 4 4 0 2 6 17 2 7 3 21 5 37 35 272 18 16 22 41 6 36 36 58 1 5 2 54 5 23 41 321 24 21 30 35 5 30 86 379 47 10 38 297 40 148 318 422 270 43 371 45 25 53 463 49 24 3 21 31 24 21 212 41 42 4 57 4 4 4 55 13 23 1 29 17 30 13 175 28 39 3 19 4 7 3 25 2 3 0 0 5 4 0 11 33 49 2 23 6 3 8 34 14 26 0 9 11 29 10 99 250 260 41 273 38 41 61 389 28 21 3 13 38 22 26 169 15 33 9 39 4 4 0 41 22 22 11 33 23 61 20 342 314 252 24 151 48 36 35 178 19 8 0 8 28 30 12 94 295 333 14 167 36 39 26 328 168 183 6 81 184 334 75 918 0
1866 168 331 283 166 14 278 413 594 58 32 57 320 24 446 457 146 36 31 59 10 1 17 38 322 43 39 77 222 23 296 404 303 41 29 22 32 5 16 26 34 3 0 2 32 5 11 11 231 49 15 17 13 4 20 45 295 56 8 37 219 26 136 201 116 3 37 16 29 1 41 42 45 5 2 7 40 3 67 37 12 1 0 4 0 0 4 3 15 4 3 2 26 5 36 39 252 18 17 28 59 3 28 49 32 8 2 5 68 3 43 40 340 30 22 35 31 4 44 148 327 34 3 43 277 35 165 447 581 301 31 343 60 17 54 396 72 36 4 12 25 30 25 154 51 43 2 51 9 2 6 47 21 20 2 29 20 18 9 142 30 25 0 9 3 3 1 13 3 1 0 0 1 5 1 5 42 67 4 32 2 4 3 52 12 20 0 8 8 25 8 63 301 222 35 255 44 23 62 346 28 18 0 15 29 29 22 130 14 14 2 20 3 2 2 36 20 18 3 25 30 53 25 269 358 272 4 106 52 28 35 187 14 12 0 4 15 31 8 59 408 310 5 175 50 26 46 482 138 120 4 30 117 249 64 837 0
2771 288 220 389 306 12 419 1228 366 21 6 26 357 14 569 866 237 22 16 39 18 1 9 46 322 22 18 47 532 16 542 393 148 12 8 3 8 0 8 11 12 0 0 1 13 0 2 7 355 31 4 16 10 3 21 19 464 17 1 6 398 10 149 110 204 12 8 16 33 1 25 43 9 0 0 2 29 1 24 18 6 0 0 1 0 0 1 0 7 4 0 1 17 2 14 10 288 13 8 12 26 1 8 32 16 0 0 1 42 2 9 21 826 28 4 21 37 6 25 141 633 11 4 12 376 8 117 203 331 283 10 373 30 10 33 626 12 3 0 5 3 14 6 156 12 21 0 16 0 1 0 10 7 5 0 11 6 12 6 82 5 8 0 3 0 1 1 2 0 0 0 0 0 1 0 1 26 28 1 18 0 0 0 24 2 7 0 0 1 11 1 12 239 422 6 277 15 26 33 340 3 7 0 0 10 26 7 84 9 8 0 4 2 3 2 10 6 12 0 4 15 48 12 122 333 323 3 109 13 12 7 86 2 1 0 0 8 10 0 15 479 245 5 81 14 9 17 190 105 58 1 5 57 97 19 207 0
2742 290 302 391 308 28 387 745 274 13 7 12 375 10 469 462 217 36 23 27 9 0 15 24 277 36 21 38 472 25 644 364 266 20 25 14 16 2 14 11 8 0 0 0 20 0 3 4 330 28 10 8 9 1 17 24 411 18 3 8 406 16 134 87 214 13 12 11 31 0 34 31 13 1 0 0 16 1 29 16 5 0 1 0 1 1 0 3 4 0 1 1 19 6 23 18 304 8 5 20 29 1 18 21 12 1 0 4 33 1 10 14 643 27 7 18 26 3 19 78 454 9 3 11 314 16 109 146 281 356 7 487 15 16 13 462 11 10 1 2 11 15 3 118 9 21 0 27 2 0 0 15 11 17 0 14 7 17 2 102 3 20 1 1 0 1 0 2 0 0 0 0 0 3 0 2 13 29 0 12 1 2 1 8 3 10 0 1 2 15 1 14 261 547 24 441 28 24 29 343 7 10 0 2 11 28 13 122 11 18 0 14 1 6 1 20 5 22 2 12 18 78 15 219 408 712 13 155 29 23 11 96 8 4 0 0 8 17 4 14 495 335 4 78 12 19 11 165 144 107 0 17 133 203 24 301 0
2566 152 195 265 210 7 301 770 394 17 4 14 273 10 320 547 324 33 14 18 21 2 14 36 407 25 14 32 545 14 319 260 246 8 12 9 17 0 1 7 4 1 1 0 11 1 7 4 486 32 10 8 9 1 22 28 679 18 8 12 485 11 109 98 274 12 10 10 25 1 19 30 19 1 0 0 19 0 16 9 15 0 0 0 2 0 2 3 16 0 0 0 24 1 7 11 428 10 10 14 24 1 6 24 17 1 0 0 22 1 6 13 1301 40 9 31 42 3 34 160 1105 12 1 11 497 13 109 220 299 243 4 306 14 6 12 428 27 6 0 1 9 12 4 104 27 24 0 18 1 0 2 8 8 5 0 6 5 11 3 57 7 13 0 3 0 0 0 0 0 0 0 0 1 0 0 0 18 32 0 11 1 2 0 7 8 5 1 0 4 8 1 13 322 473 8 261 21 14 24 269 10 7 0 1 6 10 13 44 13 18 1 14 1 1 1 12 11 26 0 8 14 69 7 125 432 291 2 80 13 6 7 93 2 0 0 0 8 6 0 6 756 362 7 97 11 13 22 178 199 95 4 11 86 139 7 223 0
1989 152 277 271 164 8 309 522 456 28 18 29 314 12 381 422 172 45 21 37 11 0 10 36 341 33 27 38 406 27 247 345 310 15 15 23 24 0 11 7 12 1 1 0 22 0 2 7 383 44 14 21 8 0 14 25 510 42 11 27 316 25 119 164 197 17 21 9 49 1 39 33 32 5 1 3 27 2 45 29 8 0 1 1 2 0 4 5 10 1 0 2 26 5 20 14 410 15 9 23 56 0 18 26 30 1 0 2 51 0 19 19 699 36 12 37 34 6 34 98 673 27 9 21 429 29 121 319 471 312 12 393 23 14 36 510 19 15 0 10 13 15 12 128 30 42 0 34 3 0 2 23 19 22 0 17 11 24 9 107 16 25 0 1 0 5 1 6 2 1 0 0 1 2 0 1 24 39 0 22 2 2 1 29 12 22 0 7 4 12 1 32 377 387 22 304 40 24 44 338 12 14 0 6 23 24 14 104 16 36 1 27 1 2 1 28 15 24 2 18 26 50 12 176 474 284 6 144 19 13 26 141 4 4 0 1 15 16 3 34 578 401 2 147 40 20 21 318 200 140 2 41 126 198 29 500 0
3641 336 184 359 211 18 285 951 399 28 12 40 258 16 446 869 260 21 12 34 8 1 8 30 277 23 9 38 326 15 277 336 154 17 6 3 10 1 6 7 5 0 3 1 8 2 7 7 292 29 4 15 6 0 16 22 315 14 5 14 250 6 84 118 326 23 11 17 18 1 27 43 18 0 0 2 30 0 17 28 13 0 1 0 1 0 3 1 11 1 4 2 11 0 7 17 330 10 4 13 33 2 14 23 16 1 1 1 35 2 9 30 864 25 6 25 28 0 27 154 504 27 4 25 269 12 120 298 383 289 3 379 23 13 32 658 28 8 1 6 14 10 10 161 30 24 0 21 1 1 2 25 8 7 0 14 3 15 5 85 15 18 0 4 2 1 1 9 0 0 0 0 0 2 0 4 27 28 1 11 2 0 2 28 5 5 0 1 2 11 2 16 330 475 11 201 23 12 28 302 9 3 0 6 8 11 11 94 13 18 0 4 1 3 1 18 13 7 1 5 8 36 7 107 353 276 3 79 23 17 12 132 5 2 1 3 8 9 5 14 616 297 3 80 26 18 29 286 99 76 1 21 57 100 20 311 0
2516 234 240 392 263 15 454 1182 514 24 8 29 357 17 401 735 224 31 10 44 10 0 15 63 296 24 8 37 308 25 211 365 235 15 11 8 16 0 5 13 10 1 0 1 13 2 3 5 331 41 7 18 8 3 11 49 402 27 2 12 226 10 91 144 201 12 16 6 28 0 45 49 16 0 1 0 30 1 24 30 15 2 1 1 1 0 2 3 11 0 0 1 10 3 11 16 302 16 13 16 39 1 12 47 29 2 1 3 41 1 10 16 795 50 8 41 46 3 40 181 556 17 4 24 326 18 120 311 487 325 6 465 26 15 33 741 26 6 0 6 15 15 3 139 22 21 0 36 2 0 3 26 11 16 1 16 8 23 0 98 5 6 0 5 0 1 1 4 0 0 0 0 0 2 0 5 23 37 0 14 1 0 3 24 4 14 0 0 3 12 1 26 302 322 17 252 23 19 44 348 8 11 0 2 8 19 9 96 5 23 1 23 2 2 2 22 16 15 1 8 18 50 4 141 326 188 5 106 32 13 17 125 4 2 0 2 11 6 0 19 497 299 3 136 11 19 18 295 126 81 0 20 79 123 13 336 0
3086 277 219 415 308 12 447 1388 365 14 4 21 351 14 424 892 235 26 7 42 11 2 14 47 297 20 11 33 425 17 226 365 182 13 10 5 10 1 8 14 4 0 0 1 17 2 0 3 299 31 7 11 16 1 11 40 358 23 2 8 184 6 81 100 207 13 9 11 30 1 38 34 21 0 0 0 24 0 21 19 7 0 0 0 1 0 1 5 5 2 0 1 17 0 5 14 287 12 4 19 35 1 10 36 18 1 0 0 26 0 5 13 814 29 9 32 42 0 37 151 634 17 6 14 298 14 121 240 370 359 6 479 16 15 23 921 13 7 0 2 14 20 2 186 12 28 0 18 0 0 1 20 3 10 1 11 5 8 0 95 4 12 0 3 0 0 0 1 0 1 0 0 0 0 0 0 17 37 0 9 1 3 0 16 3 3 0 1 3 8 1 10 251 504 11 274 29 23 36 341 7 4 0 0 8 20 5 68 6 19 1 4 1 1 0 19 8 13 0 3 18 65 10 129 309 184 1 70 19 3 7 91 3 0 0 0 8 6 0 8 467 230 4 96 15 8 11 232 115 62 1 12 63 116 6 227 0
2500 250 270 371 236 11 336 669 375 32 14 30 345 10 400 457 223 41 15 42 10 1 15 40 359 37 18 56 378 20 244 334 266 11 11 9 16 2 6 15 4 1 0 1 16 0 2 6 394 51 4 18 11 2 12 39 424 38 4 11 267 15 94 139 254 19 19 12 43 0 44 31 25 2 0 2 35 3 33 22 15 0 6 0 2 1 3 4 13 1 1 5 21 1 22 19 387 16 12 18 36 3 23 27 23 2 1 3 66 1 18 17 912 38 10 28 44 3 28 101 508 27 3 24 399 15 140 271 417 341 5 449 21 10 36 561 18 12 1 4 12 13 5 147 29 30 0 33 2 0 3 29 10 20 1 12 12 17 2 99 16 17 0 8 1 2 0 5 0 3 0 0 0 3 0 3 39 53 0 16 2 0 1 13 6 8 1 4 4 10 1 16 362 431 15 318 39 19 36 338 13 8 0 4 13 18 6 95 15 21 1 17 2 2 2 20 17 16 3 12 14 69 12 139 410 275 5 94 32 17 16 136 9 4 0 0 15 16 3 26 525 355 3 122 29 21 30 263 140 97 2 10 112 163 30 394 0
2801 267 321 348 293 13 374 793 282 19 8 17 327 6 456 469 234 25 21 29 11 1 17 31 304 33 34 30 478 34 514 293 295 25 18 13 15 1 7 5 4 1 0 0 21 2 5 5 314 32 7 15 16 1 16 25 384 14 3 8 378 12 121 88 226 10 17 12 26 0 38 36 19 3 0 0 18 1 26 17 7 0 2 2 1 0 2 4 13 0 2 2 25 1 22 19 307 8 10 14 43 2 21 25 16 1 0 1 29 1 9 14 721 30 5 22 34 3 26 120 491 15 4 8 328 14 104 190 263 361 7 416 13 8 14 386 19 10 0 5 9 17 1 113 14 23 0 17 0 1 0 14 16 11 0 5 8 18 10 85 7 21 0 9 0 0 0 4 0 0 0 0 0 1 1 0 20 29 0 7 0 2 0 14 8 12 0 1 3 17 2 14 312 643 21 407 21 34 24 304 7 6 0 3 8 23 9 80 16 27 0 16 1 1 1 13 8 21 0 17 31 80 10 204 396 753 6 126 22 26 12 101 4 4 0 0 11 19 1 24 577 334 3 98 17 13 8 187 135 105 1 14 111 212 26 273 0
1827 130 318 241 150 15 260 339 524 49 39 48 274 17 315 393 185 32 39 50 11 2 20 30 302 50 44 55 231 25 245 320 384 35 21 25 34 8 17 25 29 1 0 5 33 5 17 10 335 49 19 31 26 3 22 39 336 51 14 31 204 21 107 160 140 10 36 10 33 2 40 37 45 3 2 7 32 3 54 55 18 6 8 1 3 0 1 8 15 5 10 2 31 2 32 38 273 16 31 18 48 5 34 40 41 7 1 7 57 2 29 47 419 49 26 37 46 6 44 132 383 31 13 47 289 49 200 467 502 247 25 272 47 25 36 356 64 26 3 17 29 31 16 182 57 43 7 43 4 1 8 38 30 32 3 23 14 20 16 136 51 33 2 13 4 3 3 13 2 4 0 1 2 5 0 8 47 72 3 34 8 8 7 36 14 25 2 14 13 27 5 81 281 209 23 169 28 18 63 289 42 22 1 7 32 22 41 146 21 28 7 27 1 3 4 25 30 33 7 32 25 53 36 253 349 221 17 105 61 35 40 177 21 15 2 7 28 35 8 81 490 344 15 194 54 43 49 436 212 143 15 62 185 270 96 963 0
3264 245 204 329 217 15 306 951 306 15 10 14 281 7 386 543 307 29 10 18 11 0 10 29 362 23 13 24 511 13 340 277 209 3 7 2 10 0 4 6 6 0 1 0 8 0 1 3 388 33 5 12 10 0 9 21 378 15 3 6 244 4 79 86 306 13 10 11 27 1 26 31 15 0 1 0 22 1 20 15 17 2 0 0 0 0 0 2 13 1 0 0 20 2 13 8 364 12 2 11 32 0 13 23 11 2 0 0 46 1 3 10 1468 48 10 34 40 0 28 123 713 12 1 6 301 13 99 174 325 326 3 367 13 14 12 490 11 5 0 4 11 9 3 89 14 16 0 15 0 0 0 9 7 11 0 6 2 11 3 61 8 10 0 0 1 0 1 2 0 0 0 0 0 1 0 0 14 37 0 10 0 0 2 10 5 8 0 0 3 7 0 8 355 554 10 291 23 24 26 306 4 2 0 0 9 12 12 76 6 11 0 8 0 0 2 19 12 9 1 4 13 59 6 107 438 360 2 82 19 15 8 87 5 2 0 1 3 11 0 10 874 340 3 85 15 16 12 161 165 65 0 10 89 102 17 182 0
1949 194 323 325 222 17 335 872 426 30 30 37 239 19 379 774 143 33 29 35 16 4 21 43 200 40 24 30 246 29 261 284 271 35 39 20 37 4 27 21 42 3 1 3 35 3 15 10 199 43 21 32 18 6 15 39 287 41 9 27 258 24 116 163 174 14 43 10 24 3 32 31 46 9 4 2 31 4 46 44 20 3 5 7 1 0 4 7 9 3 5 4 27 4 28 26 280 19 14 15 35 1 20 43 44 4 4 4 47 5 32 30 363 42 16 38 34 5 37 112 502 41 10 28 254 26 122 314 407 283 41 359 30 22 38 672 47 27 0 18 16 31 13 270 32 26 4 49 5 5 7 51 16 24 2 31 19 18 13 156 29 31 2 10 5 8 4 15 2 6 0 0 3 8 2 7 22 45 2 26 8 3 5 31 13 25 1 17 11 21 6 76 222 294 49 332 41 23 41 314 17 22 0 14 29 25 28 141 19 25 8 31 2 5 4 36 18 22 11 34 21 89 36 260 263 227 10 127 39 29 25 162 11 3 1 9 24 27 7 76 300 253 9 152 35 39 39 340 139 162 5 73 113 263 58 811 0
1928 133 205 226 195 10 282 519 629 39 21 44 310 12 371 609 188 29 19 36 14 0 8 38 317 41 24 46 273 16 289 296 226 17 21 8 16 2 6 16 23 0 0 1 20 4 7 8 302 36 11 26 15 1 18 50 400 49 2 17 206 25 87 182 192 11 19 7 32 0 38 48 38 1 0 0 26 0 32 42 21 0 2 1 1 0 3 1 10 2 0 4 13 3 17 34 316 7 8 17 35 3 30 38 44 2 0 0 40 0 19 38 705 50 15 54 46 4 56 200 729 42 8 41 351 22 164 482 620 294 17 335 30 10 40 536 54 19 0 8 19 21 11 169 41 31 0 45 1 0 4 43 19 8 0 11 12 17 5 90 12 14 1 4 1 1 3 9 0 4 0 0 0 1 0 3 46 46 0 14 2 4 3 28 8 21 0 6 3 9 2 47 336 273 20 207 38 8 39 304 21 13 0 6 12 10 17 89 17 17 2 16 2 2 0 37 21 24 3 12 21 36 7 143 468 236 4 103 33 15 15 150 10 2 0 3 14 12 3 27 746 379 11 176 42 25 35 504 210 122 1 38 108 154 31 539 0
1811 148 379 231 136 20 201 303 528 39 48 45 252 23 280 371 188 31 51 45 11 2 18 40 265 41 52 73 158 23 239 294 367 46 36 35 37 4 26 17 29 4 4 3 24 4 11 20 304 56 26 38 14 4 28 40 290 48 16 42 178 32 128 161 152 11 40 12 33 3 42 26 43 4 8 7 45 10 63 50 19 7 8 2 2 1 2 3 23 5 6 10 19 3 46 50 250 22 30 29 47 4 38 42 45 7 0 7 51 3 35 57 384 35 25 41 46 4 54 175 357 48 16 60 292 38 206 433 504 240 36 246 30 18 38 302 73 25 7 17 32 37 13 169 44 67 7 41 7 5 5 32 38 33 5 24 19 25 14 160 50 43 0 20 9 12 4 13 3 5 0 3 6 6 1 7 62 55 2 31 5 5 3 46 18 28 5 8 10 28 9 74 259 166 30 145 41 15 64 234 37 25 4 13 28 26 55 163 20 29 8 29 4 6 1 42 19 28 6 34 34 41 42 300 388 226 15 96 70 41 31 176 26 14 0 11 49 38 12 95 472 332 13 175 60 59 55 442 194 168 16 88 208 307 111 1030 0
3848 312 161 330 265 10 315 881 238 9 4 12 244 10 376 520 365 29 9 32 13 1 3 29 303 19 9 23 461 19 200 307 210 4 4 5 9 2 0 5 4 0 0 0 9 0 1 5 428 38 6 4 5 1 11 22 355 16 2 5 247 7 56 63 490 19 10 16 24 0 27 27 12 0 0 1 22 0 16 7 14 0 0 3 0 0 0 1 10 1 2 1 33 1 5 12 559 11 1 11 27 2 7 25 9 1 0 1 26 0 7 10 1384 53 8 36 31 2 17 98 462 3 2 6 321 9 61 119 297 306 4 353 11 3 6 580 7 8 0 0 5 7 3 100 9 19 0 8 1 2 0 13 6 7 0 3 2 10 1 74 6 9 0 2 0 0 0 1 0 0 0 0 0 1 0 0 11 29 0 4 0 1 0 8 2 2 0 0 1 7 1 3 429 578 9 251 19 16 31 259 5 5 0 1 5 12 2 54 18 14 1 7 1 2 0 10 13 15 0 6 13 45 6 89 569 353 1 74 21 6 10 72 1 2 0 1 6 6 0 10 767 434 1 67 12 8 12 150 93 72 0 7 90 96 6 164 0
2162 229 373 311 254 14 369 862 515 52 29 38 365 21 475 785 182 34 43 54 22 3 13 46 256 50 36 59 321 23 418 420 280 36 23 22 30 3 10 23 22 1 0 3 36 6 10 5 246 50 15 18 17 2 16 40 253 49 3 27 221 43 97 169 177 18 30 13 34 1 39 39 34 5 1 6 44 1 63 45 10 0 5 1 1 1 2 2 8 1 5 4 24 3 33 29 221 13 12 16 52 1 30 41 26 4 2 5 53 2 18 40 280 17 10 32 31 6 36 127 270 23 10 21 230 32 137 383 481 284 30 399 44 22 48 575 42 15 2 15 13 7 10 184 41 34 2 38 5 8 5 42 8 15 0 25 12 31 6 113 25 38 0 8 1 9 1 8 1 1 1 1 2 10 3 7 33 61 0 19 1 4 7 26 8 24 0 5 9 33 5 65 240 266 24 268 35 30 52 318 14 19 0 8 27 28 20 157 13 16 3 28 2 3 2 24 8 18 6 22 25 56 27 292 317 310 11 92 51 28 23 161 16 7 1 2 27 29 12 49 282 239 5 104 33 34 30 353 76 70 3 32 88 224 40 662 0
2055 180 257 320 144 16 309 558 689 55 25 56 318 19 471 571 145 27 31 44 12 0 23 48 291 36 27 58 226 23 264 401 266 33 17 20 24 7 12 10 20 2 1 0 18 3 12 9 232 48 9 27 11 4 12 60 275 35 12 31 171 24 118 191 155 13 20 14 28 0 44 38 40 7 2 4 37 1 64 58 6 3 4 1 2 0 0 10 14 0 2 3 20 6 29 38 245 11 6 8 53 4 27 59 44 4 0 6 53 3 28 59 441 30 15 62 35 8 33 226 380 33 9 52 266 27 153 522 700 301 19 327 48 15 48 472 50 30 4 13 23 16 12 154 40 35 1 50 4 2 5 54 16 28 2 22 15 28 9 107 33 21 2 8 1 5 2 8 1 1 0 0 1 3 0 3 30 59 1 29 3 5 4 39 10 17 0 6 4 21 8 57 295 254 20 239 47 23 46 325 22 19 2 3 23 29 21 116 13 22 3 19 2 0 3 30 24 21 0 22 22 45 23 207 352 302 4 114 40 22 37 181 15 10 0 3 24 19 4 40 435 317 7 170 32 30 49 527 111 93 4 28 90 173 36 685 0
3300 333 205 405 297 12 311 1119 271 14 8 14 270 14 378 495 209 38 12 26 8 0 8 33 255 14 12 32 396 11 459 314 150 10 6 9 6 0 3 8 5 0 0 1 11 0 4 1 314 29 6 5 7 0 11 35 332 20 1 7 204 3 72 65 219 16 8 15 30 1 29 37 20 1 0 2 18 0 17 17 10 0 1 0 0 0 1 2 11 0 0 0 14 0 9 3 346 8 10 18 26 0 6 36 13 0 0 0 27 2 15 13 1179 48 9 34 39 1 26 128 618 12 4 14 271 14 84 166 363 382 3 533 17 13 16 710 13 8 0 3 5 12 4 98 14 17 0 15 1 0 1 9 6 3 0 9 3 10 2 61 5 15 0 2 0 0 0 2 0 0 0 0 0 1 0 2 16 40 0 11 0 2 1 6 2 7 0 0 1 2 0 9 300 484 6 335 15 20 40 448 7 5 0 0 9 12 3 82 3 12 1 11 1 1 1 9 7 8 0 6 12 60 10 120 413 288 3 99 22 12 9 97 7 2 0 1 6 11 0 16 824 360 1 112 24 17 13 206 141 89 1 18 58 97 17 211 0
3039 292 238 406 328 22 466 1071 315 15 12 13 374 13 514 778 232 41 13 27 22 2 11 36 311 29 10 40 627 27 584 422 201 11 12 7 8 5 5 7 4 0 0 0 8 2 1 5 317 19 4 10 12 0 13 30 420 17 3 8 337 10 111 92 200 16 8 11 45 1 35 36 13 1 0 0 22 0 17 11 10 0 0 1 0 0 0 0 5 0 1 3 15 0 19 11 269 6 2 15 32 4 10 17 15 1 0 1 34 2 6 12 684 32 5 24 38 3 22 95 508 8 1 8 350 5 109 182 280 355 5 439 16 10 13 595 8 6 1 1 12 19 7 158 15 30 0 20 1 0 0 13 5 7 0 6 10 17 3 80 6 7 0 3 0 0 0 5 0 0 0 0 0 2 0 1 20 36 0 13 1 1 0 12 6 7 0 2 1 10 1 16 277 566 6 361 25 22 39 313 7 4 1 2 5 18 9 79 7 18 1 8 1 0 1 13 8 16 2 15 12 58 8 142 309 412 3 110 15 15 5 100 6 0 0 2 11 5 0 9 466 255 2 72 9 11 12 181 104 51 0 14 56 127 16 210 0
2198 218 281 347 172 15 279 567 476 38 18 37 300 11 381 459 250 30 14 46 6 0 6 29 367 43 24 54 360 11 255 345 298 20 13 8 20 1 9 7 15 0 0 1 13 1 4 4 350 50 17 20 10 2 8 27 459 37 7 16 292 15 120 130 222 6 17 10 35 1 44 36 33 1 2 2 35 0 40 33 12 0 1 3 2 0 3 3 9 1 3 1 23 2 19 26 358 10 15 14 45 2 26 39 38 1 0 1 50 2 20 27 757 37 12 35 42 5 31 139 554 35 3 34 387 21 157 332 451 331 12 398 33 12 41 483 26 18 1 6 27 18 6 143 40 42 0 38 1 1 1 28 7 18 1 11 7 19 4 102 15 20 1 7 2 2 3 5 1 0 0 0 1 0 0 3 36 50 0 19 1 2 2 33 6 10 1 5 1 13 5 24 361 356 17 237 20 18 55 334 14 9 0 2 16 23 23 115 11 27 1 16 0 5 0 28 27 28 1 17 23 46 12 161 457 276 6 104 41 30 23 139 10 3 0 0 25 16 6 35 526 394 5 152 35 26 20 369 163 116 2 40 136 183 38 466 0
2070 201 246 419 215 9 378 906 224 12 7 15 366 15 604 628 188 24 11 24 7 2 11 32 324 21 12 26 725 28 583 393 246 16 11 14 7 1 8 6 8 0 0 0 14 0 9 2 335 23 4 12 13 2 14 22 579 16 2 8 567 18 124 100 162 9 7 15 22 1 29 29 9 0 0 0 32 2 12 19 10 0 1 1 1 1 0 1 6 1 0 0 30 3 15 14 291 6 5 11 20 0 8 21 12 1 0 1 28 1 4 7 676 19 3 7 18 1 17 55 483 10 3 8 373 7 85 130 219 360 9 668 16 13 15 749 8 8 0 6 5 12 2 177 11 23 0 22 0 0 1 23 6 11 0 10 3 21 2 112 4 16 0 4 0 0 0 3 0 1 0 0 0 1 0 1 12 24 0 4 3 0 1 11 7 9 0 1 2 8 1 11 297 723 6 570 19 34 34 436 9 6 1 2 8 16 9 120 11 30 0 17 0 3 1 12 9 20 0 12 17 67 15 125 466 552 3 130 26 17 8 86 2 1 0 1 8 15 0 12 397 326 1 87 11 14 5 128 113 105 1 15 91 149 6 213 0
2318 203 253 292 173 13 308 563 383 21 7 20 318 7 395 458 282 30 22 31 9 1 10 37 411 36 20 33 436 27 280 325 291 17 13 10 11 2 11 11 6 1 1 1 13 1 6 2 438 36 10 12 12 1 12 31 490 28 7 15 318 13 103 111 250 7 10 11 36 3 31 35 23 2 0 0 27 1 35 24 13 2 1 2 2 0 2 1 16 1 0 1 26 2 23 19 405 6 10 14 35 1 10 32 31 1 0 1 44 0 6 11 937 34 7 39 38 2 39 150 646 18 3 19 420 20 132 275 396 339 10 389 15 11 23 455 27 18 0 4 12 16 5 140 23 24 0 24 1 0 3 21 15 21 1 13 11 23 2 90 10 18 0 7 0 0 0 6 1 1 0 0 1 3 0 2 26 43 0 14 3 1 0 16 6 10 0 4 1 8 3 12 367 459 21 263 30 15 40 308 9 11 1 5 17 14 13 96 15 30 1 14 2 0 1 20 19 19 0 11 16 60 14 157 481 351 3 100 34 20 13 123 8 4 1 0 15 12 1 30 680 402 3 136 20 20 25 281 176 117 3 11 135 193 28 354 0
1912 192 160 307 186 4 341 915 367 14 5 14 296 6 401 663 181 30 7 42 12 0 11 31 322 19 7 28 338 18 235 325 177 6 14 8 9 0 4 8 6 1 0 2 9 0 6 5 338 30 4 21 13 0 14 34 499 20 7 16 346 10 110 128 223 7 9 10 23 0 20 27 25 1 0 2 19 3 20 12 12 1 0 3 2 0 1 1 19 1 2 0 15 1 7 13 371 13 10 20 36 1 14 27 42 0 0 0 24 0 9 9 1148 45 7 50 47 2 37 128 1170 51 6 32 407 23 107 229 400 284 14 490 21 7 26 976 19 14 1 2 5 6 4 153 20 20 0 23 1 0 1 39 12 9 0 5 4 12 0 91 6 13 0 1 0 0 0 2 0 0 0 0 0 1 0 0 23 27 0 12 3 1 2 17 4 6 0 4 3 6 0 22 371 346 8 275 22 17 32 352 5 4 1 2 12 11 11 81 17 15 0 13 1 2 0 22 16 15 0 9 16 26 5 96 447 247 5 98 17 6 9 101 8 2 0 1 6 4 1 14 967 388 4 144 19 18 16 252 178 105 3 19 78 98 12 244 0
1919 173 281 297 181 9 312 470 391 28 25 23 323 13 392 446 239 30 26 29 15 2 10 32 389 40 20 48 443 23 263 373 338 23 19 9 15 1 13 15 16 1 0 0 23 1 5 6 381 38 23 18 16 1 14 27 481 49 6 24 367 17 122 143 196 9 19 10 39 1 33 41 30 0 1 0 39 0 31 21 11 1 1 2 2 0 2 5 22 1 0 2 30 4 25 15 386 16 17 15 51 0 36 28 21 0 2 3 49 0 26 13 717 39 12 33 37 3 34 93 595 33 10 18 451 24 154 270 406 317 18 380 26 13 32 454 22 19 0 12 11 23 5 180 31 36 1 34 2 3 2 17 16 15 0 13 8 26 7 103 14 16 1 6 0 0 0 3 3 2 0 0 0 1 0 1 22 46 0 18 2 3 1 20 8 17 0 7 5 21 1 36 369 464 17 316 39 16 48 320 16 10 1 4 25 27 14 119 18 17 4 27 0 1 1 25 22 24 0 18 24 80 18 200 481 334 7 128 37 20 18 136 3 5 0 1 13 10 2 26 546 383 3 162 33 20 21 281 178 152 5 31 140 222 27 453 0
2451 279 393 327 175 28 276 410 414 31 28 48 244 21 329 369 146 28 25 48 8 2 15 32 221 44 28 59 235 27 250 329 365 39 44 27 32 4 19 27 23 3 1 1 38 8 15 20 282 36 19 24 19 8 17 39 257 38 16 22 223 24 116 139 214 12 39 20 27 1 47 36 36 4 1 5 33 3 37 38 17 1 5 2 2 0 5 3 17 2 6 7 24 4 42 34 271 17 31 21 35 7 19 42 28 4 1 6 53 6 30 24 301 30 19 30 28 9 27 108 282 31 13 32 246 24 147 315 470 282 24 380 42 18 38 425 53 22 4 15 28 21 15 166 36 38 2 40 3 3 2 26 17 31 1 19 17 26 17 163 28 28 0 17 3 2 5 11 4 4 0 0 5 5 2 15 34 41 0 23 8 5 3 36 11 25 1 4 7 34 6 88 268 501 32 408 44 30 49 354 19 16 2 11 20 39 30 152 14 33 3 28 1 3 4 44 9 32 6 32 28 91 34 336 336 337 12 134 43 36 25 159 11 12 1 1 22 38 11 72 309 317 15 125 35 39 34 296 124 138 7 58 144 330 90 795 0
2804 208 154 256 233 6 257 806 205 9 3 8 229 12 231 360 347 26 10 14 10 2 10 18 322 22 4 17 425 14 157 194 161 4 2 4 4 1 4 2 4 0 0 0 7 0 1 0 426 11 5 0 5 1 9 16 416 14 5 4 216 5 49 51 272 13 4 5 27 1 20 18 5 1 0 1 17 0 9 3 11 1 2 1 1 0 0 0 12 1 1 1 19 2 2 11 357 6 3 10 20 0 2 17 18 0 0 0 15 0 4 6 1147 23 3 19 33 0 19 75 661 9 0 7 277 6 64 101 205 219 3 218 5 7 9 365 4 2 0 0 3 9 2 69 11 32 0 6 0 1 1 5 1 4 1 1 2 13 0 42 0 8 0 0 0 0 0 0 0 0 0 0 0 0 0 0 10 21 0 4 0 1 0 9 2 0 0 1 1 4 0 3 258 342 8 136 11 15 18 188 6 1 0 2 5 10 3 31 14 18 0 4 1 3 0 6 6 17 0 2 14 38 4 74 264 162 0 26 14 3 6 52 3 2 0 0 3 2 0 4 406 196 4 39 4 8 9 92 101 61 0 5 66 75 4 115 0
3932 301 171 416 312 16 364 917 262 12 3 11 354 6 408 468 381 26 8 21 24 0 8 29 382 20 8 20 583 26 261 258 227 5 5 7 2 0 2 4 5 0 0 0 7 0 4 0 420 21 2 6 12 0 4 16 433 18 1 10 294 7 69 61 451 25 6 8 23 1 14 28 12 0 0 0 23 2 17 13 17 0 0 1 1 0 0 2 14 0 0 0 23 2 6 5 516 13 6 9 21 1 5 12 8 0 0 1 23 0 5 7 1374 29 5 24 33 1 28 112 487 9 1 10 277 7 58 132 271 316 2 356 9 7 6 407 5 3 0 1 5 13 2 66 21 19 0 10 0 0 0 8 3 9 0 6 1 14 1 51 5 8 0 1 0 0 0 0 0 0 0 0 0 0 0 0 9 28 0 5 0 0 0 4 0 8 0 0 1 6 1 7 411 675 9 259 17 32 25 265 4 4 0 1 8 18 2 70 14 25 1 8 0 1 0 5 16 18 2 7 12 62 6 88 428 326 1 48 17 6 3 70 2 1 0 0 4 5 0 5 643 329 1 66 10 13 13 121 86 67 2 10 62 104 5 138 0
1999 166 304 270 133 18 298 500 638 47 30 49 315 13 477 543 170 29 31 52 11 1 16 51 315 58 28 63 253 17 291 394 259 32 22 18 24 7 24 16 14 2 0 4 21 1 7 9 238 54 17 28 14 2 20 53 269 44 5 22 173 33 117 180 139 12 25 10 34 0 49 52 47 3 1 6 61 2 74 51 5 2 1 3 0 0 0 2 20 2 3 5 14 4 44 45 232 7 7 19 41 4 32 46 44 8 0 10 51 4 23 43 444 55 10 45 46 2 34 187 375 44 5 36 272 20 173 485 659 288 24 370 53 13 42 466 58 25 2 15 22 11 15 139 37 57 5 52 9 1 3 46 21 24 2 15 15 14 12 128 27 19 1 9 1 3 4 8 1 2 0 0 2 6 0 7 56 48 2 24 5 3 5 58 8 15 0 8 2 30 8 51 272 211 21 241 52 22 57 312 31 14 0 9 24 28 30 117 12 16 5 18 3 6 6 32 12 19 8 25 14 51 42 232 362 267 9 98 45 40 41 188 13 7 0 7 33 37 6 53 446 310 6 152 56 35 46 483 118 101 6 34 99 174 52 753 0
4733 424 234 427 390 16 447 1323 287 12 1 11 343 14 406 556 329 24 10 26 19 0 11 46 297 21 7 34 562 23 287 332 194 11 4 5 9 2 6 6 2 0 1 0 9 0 0 3 378 19 6 6 14 2 14 37 302 12 1 4 165 2 56 57 304 13 8 5 33 0 30 41 9 0 0 0 23 1 15 13 14 0 0 0 0 0 1 3 9 1 0 0 13 2 6 7 345 8 6 9 33 1 5 33 11 0 1 0 26 0 12 9 1035 41 8 27 36 2 20 144 377 10 2 11 236 4 73 149 297 349 1 347 16 8 7 536 2 0 0 0 1 11 2 81 8 19 0 14 0 0 0 15 4 2 0 4 7 14 0 71 3 4 0 0 0 1 1 2 0 0 0 0 0 1 0 1 8 32 1 3 0 0 1 10 1 7 0 0 0 6 1 14 258 595 9 203 22 20 32 302 2 3 0 0 8 9 4 72 6 19 0 0 0 2 0 6 12 13 0 8 11 61 9 87 292 169 0 60 14 2 10 66 0 1 0 0 9 5 0 7 434 232 1 60 10 8 5 183 43 53 0 4 59 103 8 176 0
3039 218 258 321 225 13 338 755 393 17 8 18 314 8 352 396 311 28 18 37 21 2 14 41 388 35 11 48 468 23 221 359 282 23 10 18 19 0 9 12 11 0 0 0 23 0 6 3 428 44 22 16 15 2 16 28 393 24 5 17 321 19 100 114 285 12 26 11 30 1 46 41 25 1 0 0 33 0 24 21 14 0 3 3 0 0 1 2 15 1 1 1 30 2 16 20 365 17 11 16 43 1 18 40 27 3 0 2 42 1 16 21 850 33 5 39 50 1 44 160 483 19 5 22 396 22 131 236 386 333 12 340 30 13 29 399 31 7 0 4 14 11 6 96 17 39 0 32 1 2 0 13 12 17 1 12 7 32 3 101 10 7 0 3 0 0 0 4 0 0 0 0 0 3 0 3 17 44 2 14 2 0 3 20 2 18 0 1 6 13 4 23 382 391 25 230 28 14 51 334 8 11 0 1 14 16 9 91 17 21 0 20 5 1 3 16 22 15 2 13 20 62 14 186 379 283 3 100 29 18 8 97 6 3 0 0 13 13 5 16 501 368 8 123 23 15 27 249 115 105 3 29 128 170 17 367 0
3228 173 100 220 228 12 244 756 211 7 3 6 210 8 182 301 406 16 3 17 8 1 8 23 365 13 7 22 486 12 142 178 141 0 3 2 6 0 3 4 3 0 0 1 3 0 0 0 422 20 6 6 10 0 10 12 469 6 0 4 243 1 41 46 266 3 2 9 23 0 16 27 11 0 0 0 18 0 2 1 16 1 0 0 1 0 0 1 14 0 0 1 23 0 1 4 324 3 1 3 13 1 5 15 10 0 0 0 24 1 3 3 1204 14 4 10 35 1 18 69 858 10 5 7 297 5 74 117 148 179 2 153 4 9 3 416 3 0 0 1 1 10 2 52 11 8 1 5 0 0 0 2 4 2 0 2 2 9 0 33 3 3 0 1 0 0 0 1 0 0 0 0 0 0 0 0 11 17 1 4 2 0 0 4 0 2 0 0 2 1 0 2 239 356 3 97 10 11 23 150 3 4 1 0 4 7 3 26 8 10 0 3 1 0 1 6 11 8 0 2 10 62 3 50 276 114 0 19 7 2 6 42 0 0 0 0 6 2 0 1 421 199 1 35 9 4 8 89 82 39 0 6 51 51 9 89 0
3124 315 332 383 273 11 361 920 214 11 10 16 322 16 371 444 277 18 11 34 14 0 14 33 302 22 19 38 686 35 652 290 277 19 21 5 13 1 8 6 4 0 0 0 12 2 3 1 337 23 6 13 11 0 9 25 430 14 4 8 428 7 102 71 229 6 10 10 24 1 23 35 15 1 0 0 26 2 21 12 13 0 0 1 0 1 1 2 9 0 2 2 27 3 14 17 303 15 12 11 19 1 13 21 8 0 0 0 24 3 6 16 684 24 8 16 24 1 14 74 443 9 1 11 343 21 76 128 243 366 9 441 13 10 21 444 10 11 0 3 6 14 5 95 9 22 0 19 0 0 0 17 7 5 0 12 10 23 5 82 10 15 1 1 0 1 0 4 1 1 0 0 0 0 0 1 15 31 0 3 1 1 0 17 2 10 0 0 3 9 2 13 283 694 9 452 26 33 23 381 8 6 0 5 7 19 7 116 7 32 0 10 0 4 1 16 2 23 0 6 29 103 7 197 358 653 5 113 28 8 11 87 4 4 0 2 12 4 0 12 476 299 8 76 12 16 8 148 131 111 0 8 107 177 11 201 0
2295 178 166 242 193 6 312 689 643 28 10 38 302 16 370 588 219 25 15 34 10 0 9 43 320 28 18 42 294 16 254 337 191 13 8 6 19 1 4 13 17 0 0 0 14 0 1 4 320 29 6 22 9 1 18 41 368 30 2 16 222 12 78 164 221 7 11 13 28 2 31 36 31 1 1 3 20 0 32 32 8 0 3 0 1 0 0 3 16 0 1 4 18 2 17 20 331 13 11 17 36 2 22 47 48 2 0 2 43 2 22 24 999 57 10 49 45 6 43 240 747 34 7 31 322 17 152 478 606 283 12 343 26 11 34 553 35 10 0 5 13 14 9 139 37 30 2 30 1 2 3 27 18 14 0 15 5 12 1 89 10 11 0 1 2 2 2 1 1 0 0 0 0 1 0 2 27 59 0 11 2 0 3 24 7 16 1 5 5 10 4 33 335 265 9 188 30 10 46 298 9 11 0 5 10 12 16 60 11 16 3 8 1 1 4 26 9 14 1 7 17 21 6 95 408 230 2 91 20 10 13 157 9 6 0 1 22 6 5 21 853 365 6 163 41 17 31 491 183 97 3 23 110 110 32 425 0
3330 325 158 359 211 9 265 992 379 24 21 30 299 17 531 931 240 30 16 22 10 2 4 34 315 24 9 39 406 11 237 371 172 6 5 6 10 2 2 6 9 1 0 1 11 0 3 2 277 23 2 14 9 1 8 29 323 16 3 12 222 7 93 98 329 9 7 6 17 0 24 40 26 2 2 3 22 0 37 34 13 2 0 0 0 0 3 2 8 0 2 1 21 0 5 21 297 9 4 9 23 2 14 38 28 1 1 0 30 0 9 24 889 47 8 36 27 5 31 161 509 25 3 21 274 8 126 287 386 354 9 402 29 13 29 680 16 7 0 6 9 16 9 159 24 15 0 13 2 3 2 15 7 6 0 4 2 10 0 46 12 12 0 2 0 1 1 5 0 0 0 0 0 2 0 1 29 38 0 7 1 1 5 20 4 10 0 2 2 6 1 16 322 578 8 170 29 15 42 301 8 8 0 4 12 13 11 88 20 18 0 6 1 2 0 6 10 10 2 7 7 31 6 86 391 316 1 66 31 9 14 134 4 1 0 2 9 10 2 33 616 279 4 88 30 20 21 301 100 59 0 19 76 86 19 285 0
2295 221 261 372 269 16 350 1027 428 27 6 34 324 9 464 640 205 25 18 39 9 1 10 43 305 37 15 50 376 17 241 337 246 15 11 12 7 1 13 6 12 0 0 1 18 2 9 7 308 34 6 19 11 1 14 30 388 35 5 7 350 18 81 130 223 10 22 5 35 3 37 41 19 0 0 4 34 2 19 25 11 0 1 2 0 1 1 1 13 1 3 1 14 3 7 16 317 12 4 24 29 1 19 39 34 1 0 3 42 0 15 17 758 36 7 34 37 5 36 179 497 33 3 22 286 21 110 306 412 320 13 455 32 12 29 729 21 9 0 3 9 17 8 148 32 28 2 39 4 2 0 40 11 15 1 10 8 20 4 83 9 11 0 6 1 2 1 2 0 0 0 0 1 1 0 3 21 41 0 13 0 1 1 20 6 9 0 3 2 7 0 15 334 404 19 502 27 15 38 397 9 9 0 3 16 14 9 110 17 19 1 16 1 3 1 14 15 20 0 15 11 44 11 137 374 323 7 130 25 11 13 126 3 8 0 1 6 13 1 20 542 322 6 126 17 19 14 309 122 93 0 26 76 145 20 334 0
3868 339 233 398 356 18 407 1445 376 15 1 23 344 6 370 591 350 39 8 30 19 1 7 44 351 21 6 28 478 14 219 291 197 7 11 3 9 0 3 8 3 0 0 0 8 0 1 2 371 29 3 4 7 2 10 35 320 11 1 6 197 3 64 83 290 22 11 7 29 4 32 36 13 0 0 0 23 0 19 13 10 2 0 1 1 0 1 3 12 2 1 0 18 1 7 10 332 15 2 24 31 0 8 31 14 1 2 0 27 1 13 15 1121 27 5 32 36 1 27 148 478 12 0 10 245 7 88 207 369 366 9 347 19 14 11 577 10 5 0 3 8 16 3 113 18 21 0 17 1 2 1 10 3 5 1 5 4 13 0 64 9 9 0 4 0 2 0 1 0 0 0 0 0 1 0 0 17 22 1 6 0 1 1 13 1 6 0 0 1 4 2 10 319 534 9 218 17 22 33 306 4 5 1 1 9 12 11 68 8 13 1 7 0 4 0 14 6 10 1 9 15 68 6 121 312 188 1 79 14 7 8 78 3 0 0 1 7 8 0 7 531 243 1 70 12 15 13 220 76 60 0 6 51 97 6 170 0
2777 221 146 230 219 13 292 622 281 9 4 7 323 9 438 420 433 25 9 27 15 0 7 24 477 16 17 29 700 12 382 268 249 9 2 2 7 1 3 1 3 0 0 0 13 0 1 3 576 23 6 7 10 1 10 14 937 23 5 8 492 6 113 76 322 10 4 6 32 1 18 27 20 0 0 1 25 1 21 6 25 1 0 0 2 1 3 4 18 0 0 0 30 0 11 8 470 11 2 10 31 0 9 11 11 0 0 0 25 1 5 4 1609 28 3 26 47 2 31 77 1439 11 7 7 555 7 101 152 197 222 1 214 6 6 4 263 5 8 0 0 3 3 0 57 12 25 0 7 0 1 0 5 4 2 1 4 1 10 1 47 3 8 0 0 0 0 0 0 0 1 0 0 0 1 0 0 22 26 1 6 1 0 0 3 2 10 0 0 1 6 0 6 310 406 4 136 28 20 21 182 5 4 0 0 5 10 6 40 13 15 0 5 1 0 0 3 17 11 0 5 15 24 5 63 501 237 2 44 10 6 16 57 3 1 0 0 2 4 0 7 907 326 2 45 22 7 14 131 203 79 1 3 121 98 9 144 0
2230 191 325 333 254 13 382 722 274 15 13 23 324 7 434 654 242 37 16 28 12 0 18 38 324 24 28 42 728 28 790 370 302 10 24 14 14 1 7 12 6 0 0 1 8 0 5 3 347 29 12 15 14 3 11 27 503 21 7 12 553 18 151 87 177 13 15 8 34 0 30 28 10 0 1 1 21 3 22 13 11 3 0 1 1 0 0 0 12 1 0 0 29 1 32 17 293 6 7 17 29 0 19 20 18 0 0 0 28 1 9 15 628 32 5 15 31 1 24 112 516 18 2 10 405 16 131 197 278 273 8 414 10 12 22 449 16 9 2 5 5 11 3 137 15 21 0 25 0 0 2 10 8 12 1 12 5 21 6 110 9 25 1 9 0 1 0 3 0 0 0 0 1 0 0 2 21 32 0 13 1 2 1 13 7 12 0 4 1 11 0 21 246 437 15 405 16 24 31 309 12 8 1 1 8 30 8 122 13 26 1 11 0 1 1 15 16 15 1 8 24 66 25 212 338 708 4 156 20 29 14 92 5 4 0 2 12 21 5 22 504 320 4 91 15 18 15 167 121 99 1 9 138 199 31 315 0
2345 194 156 253 206 5 269 706 318 8 3 12 298 10 356 578 353 23 13 31 15 0 10 34 408 23 15 27 479 20 295 274 278 8 4 4 10 2 6 5 7 0 0 0 6 1 3 3 567 26 7 4 8 1 7 23 681 13 2 6 490 8 76 90 276 14 9 3 24 1 24 24 23 0 0 0 20 1 14 10 16 1 0 0 0 0 1 1 19 0 0 0 37 1 10 11 480 6 4 4 20 0 6 15 13 0 0 0 17 0 2 10 1729 34 7 27 42 3 30 91 1320 6 2 12 487 12 82 146 268 267 5 264 9 3 11 386 11 6 0 4 3 9 0 72 14 16 0 4 0 0 1 8 10 7 0 5 7 11 1 59 2 4 0 1 0 0 0 1 1 0 0 0 0 0 0 1 19 20 0 4 0 0 1 5 3 8 0 1 5 7 0 6 359 399 7 225 25 12 17 243 5 3 1 0 2 11 3 41 18 29 0 4 1 0 0 9 18 20 0 7 30 37 9 78 541 294 0 58 15 4 11 60 4 2 0 0 6 5 1 4 1109 397 1 97 18 8 9 132 215 100 1 7 106 132 14 160 0
2173 188 211 311 158 9 281 680 384 9 10 18 324 8 364 535 176 29 15 31 8 3 6 41 325 25 12 33 385 25 315 353 238 13 11 13 15 0 8 16 6 1 0 1 15 0 3 6 358 36 12 11 9 1 18 30 458 18 5 15 302 13 114 137 209 4 13 12 24 1 31 35 37 0 0 0 28 2 31 10 4 1 0 1 1 0 2 1 9 1 0 1 28 2 14 13 391 11 14 16 32 1 8 27 23 1 0 2 39 0 7 11 1151 54 14 38 51 4 41 145 813 26 2 22 393 17 140 272 437 339 13 386 18 9 18 609 22 9 0 4 12 9 0 126 14 23 1 33 0 0 0 20 8 14 0 7 5 13 2 80 12 22 0 2 0 1 0 5 0 0 0 0 0 0 0 1 22 32 1 10 0 0 0 20 10 8 0 2 4 5 1 15 375 395 12 326 31 20 37 349 11 11 2 3 13 8 17 77 12 21 0 8 0 2 3 12 14 12 0 16 23 47 8 134 499 371 3 125 31 14 12 128 8 1 0 1 11 14 4 16 844 427 3 159 25 12 16 264 204 106 1 16 115 148 22 292 0
5736 322 144 411 239 14 348 1433 171 14 3 14 254 9 328 517 258 18 4 23 9 0 7 17 236 17 7 25 595 22 252 275 136 9 5 1 6 0 2 1 2 1 0 0 3 0 1 1 338 22 3 2 5 0 6 13 255 13 1 2 175 4 42 52 340 20 6 6 21 1 27 30 5 0 0 0 23 0 12 12 16 1 1 0 2 0 0 2 5 0 0 0 24 4 8 5 387 12 1 9 20 0 3 21 7 0 0 0 22 1 8 11 1377 24 1 14 17 1 16 82 295 6 1 3 228 5 36 99 226 319 0 368 12 9 12 631 1 1 0 1 3 10 1 92 6 14 1 8 0 1 1 9 2 1 0 4 1 16 2 53 1 7 0 4 0 0 0 1 0 0 0 0 0 0 0 0 5 23 0 5 0 0 0 8 1 5 0 0 3 5 0 3 333 677 3 222 18 19 23 281 2 1 0 0 8 13 3 57 4 16 2 5 2 3 0 7 11 12 1 7 8 65 10 64 371 254 0 48 12 8 7 70 0 0 1 1 6 5 1 12 403 308 0 50 9 8 6 102 67 47 2 5 45 74 10 118 0
3605 334 244 463 363 14 472 1378 345 16 11 28 395 13 437 881 236 35 8 35 10 2 18 47 293 30 14 31 464 27 275 362 189 10 10 8 8 0 2 9 3 1 1 0 10 0 3 6 310 23 3 14 10 0 16 34 273 17 2 3 213 14 71 97 227 15 8 16 33 1 30 44 16 1 0 0 27 1 21 22 11 1 0 1 0 0 1 2 6 0 1 0 20 1 3 11 293 8 9 14 22 0 16 29 13 2 0 0 26 0 6 14 819 33 6 31 44 2 34 157 323 7 1 10 224 14 89 196 367 369 3 470 26 10 14 773 7 5 0 2 2 14 2 176 10 25 0 20 3 0 0 16 3 6 0 10 5 24 1 95 7 13 0 3 0 1 0 2 0 0 0 0 0 1 0 0 19 35 0 4 0 1 1 11 4 7 0 1 3 6 1 11 288 508 9 293 25 24 41 368 8 7 0 2 10 16 7 91 10 17 1 6 1 4 2 13 8 14 0 4 15 60 10 136 256 179 1 79 17 11 6 91 2 1 0 0 7 13 0 8 380 246 3 92 7 13 13 203 58 59 0 4 53 96 5 206 0
3024 281 228 408 304 20 413 1144 411 19 6 23 313 15 347 628 235 34 7 38 10 1 20 45 292 23 11 41 349 20 174 297 200 11 10 3 12 1 4 9 11 0 1 0 12 2 1 3 318 35 6 13 15 2 21 30 349 24 3 9 153 8 56 92 293 13 15 13 26 0 32 53 22 1 0 0 21 2 31 18 6 2 1 1 1 0 0 1 8 2 2 0 14 0 11 11 357 19 7 13 26 2 9 38 15 2 1 0 35 5 13 16 911 53 7 51 43 4 35 172 543 18 5 15 245 10 116 298 463 387 9 400 22 17 15 651 18 12 1 4 8 19 7 157 16 32 0 19 0 0 2 24 8 5 0 11 5 13 0 75 5 16 1 1 0 1 0 7 1 0 0 1 0 0 0 0 20 42 0 11 0 2 1 30 3 3 0 0 1 9 2 11 335 432 15 330 28 28 50 355 13 8 2 6 4 17 5 73 12 13 0 12 3 3 0 15 3 8 0 15 12 37 8 128 377 266 0 86 24 13 4 139 2 1 0 2 8 5 1 15 670 335 6 110 26 9 17 308 101 70 0 14 60 112 18 288 0
2166 170 276 294 174 8 303 586 468 28 15 31 333 20 335 379 156 35 29 46 9 3 15 38 338 47 30 53 341 14 224 352 255 14 22 10 13 2 12 18 18 0 1 1 11 3 5 3 351 42 11 20 12 1 19 39 457 39 12 20 271 22 114 139 219 10 14 9 36 0 46 40 38 4 1 2 36 2 43 26 16 2 3 2 0 1 1 1 12 3 1 2 28 4 26 21 378 12 8 17 54 1 25 33 48 3 1 1 53 2 18 31 777 42 13 42 42 5 27 114 530 36 10 38 423 34 176 358 502 364 15 366 46 16 50 471 41 19 0 10 14 11 11 152 21 55 1 37 1 1 1 30 13 12 1 19 19 32 4 108 20 16 1 7 1 2 0 6 0 1 0 0 0 3 0 5 30 58 0 31 3 2 0 34 14 21 1 4 3 17 3 34 374 314 26 268 40 17 54 347 13 12 0 5 21 18 14 105 12 23 0 30 0 1 1 21 19 20 2 17 26 40 13 158 442 219 3 111 41 13 23 158 4 2 0 1 15 8 7 44 456 388 3 192 38 29 32 363 154 151 2 49 139 177 40 555 0
2060 189 240 284 170 14 290 668 612 42 30 43 342 17 480 664 201 31 15 42 10 0 15 47 345 54 16 54 287 16 184 356 199 14 6 11 13 2 12 10 15 0 1 1 14 1 4 6 308 37 15 33 12 2 13 54 398 39 5 16 202 15 92 169 169 4 17 12 42 1 52 40 31 2 3 5 30 1 45 43 14 2 2 0 0 0 3 3 14 1 4 2 16 4 25 35 278 23 11 21 64 2 21 45 42 1 0 1 47 4 23 31 704 50 11 55 58 5 58 168 559 47 5 40 306 21 148 466 620 290 17 341 33 12 35 583 55 26 0 14 17 17 15 179 40 46 1 36 4 0 5 30 15 21 0 20 8 13 3 110 28 17 0 5 0 0 1 4 0 0 0 0 0 3 0 1 40 62 2 18 2 2 3 33 6 18 0 3 1 16 3 36 331 245 15 156 36 16 51 324 18 7 0 8 16 13 22 87 13 20 3 11 0 4 2 26 20 15 1 8 16 48 10 133 384 157 5 75 54 16 24 162 9 2 0 1 22 6 16 40 665 372 12 153 46 28 36 438 178 107 4 29 90 141 50 523 0
2186 206 234 369 215 14 385 977 505 24 16 17 340 14 449 649 194 38 16 41 6 0 13 47 330 38 10 49 325 29 227 372 235 10 15 9 14 1 8 16 20 2 0 0 15 2 3 3 286 35 12 23 9 2 25 41 369 33 3 14 272 16 108 161 189 11 10 10 26 0 33 48 34 1 2 1 25 2 44 31 14 0 1 0 1 0 3 2 9 1 1 2 21 1 15 16 331 13 4 13 40 2 24 31 31 0 0 0 41 2 16 25 730 40 7 41 38 3 43 181 588 33 7 32 350 26 123 325 503 300 20 465 25 16 37 707 22 21 0 7 21 8 7 164 23 26 0 33 0 0 0 36 8 14 0 16 13 14 1 141 10 7 1 6 0 1 1 6 0 0 0 0 1 2 0 2 28 42 1 23 3 1 1 26 5 14 0 7 4 8 2 22 306 321 14 258 39 18 54 381 16 3 0 2 14 18 16 107 13 19 2 11 1 4 3 20 14 13 0 16 17 45 11 156 404 209 1 103 33 13 20 156 11 2 1 1 18 14 1 33 475 327 9 144 32 16 21 325 159 104 2 27 87 154 21 406 0
2674 183 143 248 225 4 262 682 305 2 4 12 241 5 339 560 343 23 11 26 18 0 13 29 415 21 6 30 520 20 275 254 223 8 5 5 9 0 4 5 1 0 0 0 8 0 0 0 540 22 7 7 16 0 16 20 706 13 1 6 370 6 94 66 307 12 12 5 24 1 21 26 12 1 0 1 19 0 9 9 19 0 1 1 0 0 0 2 13 0 0 2 22 0 8 5 459 13 5 9 21 1 3 15 20 0 0 3 34 0 2 11 1929 30 7 20 37 3 23 80 1706 9 6 8 471 9 99 129 222 208 4 302 2 7 7 397 2 4 1 0 5 4 4 74 16 14 0 7 0 1 1 5 5 3 0 5 4 12 1 39 11 5 0 0 0 0 0 0 0 0 0 0 0 2 0 0 22 25 0 6 0 0 2 7 1 7 0 0 2 2 2 6 307 463 5 255 11 11 23 226 5 7 0 1 6 12 5 37 11 22 0 6 0 3 0 5 15 9 1 2 10 26 8 64 475 284 0 56 12 6 5 55 3 1 0 0 2 4 0 5 1027 361 4 57 22 13 19 118 207 79 1 8 83 97 13 130 0
1946 157 289 288 168 8 298 449 481 29 15 38 317 9 345 407 165 47 26 41 3 0 16 32 320 39 18 55 352 23 303 358 358 28 19 19 25 3 17 29 22 0 0 2 26 2 5 8 339 41 9 11 14 1 25 45 478 48 7 25 322 32 128 153 174 6 32 16 39 1 49 44 26 2 1 2 45 1 42 28 9 1 4 2 1 0 1 4 17 3 3 1 31 4 22 23 362 8 17 14 46 1 31 36 31 3 0 1 50 1 24 24 564 42 14 41 35 3 29 112 439 31 9 25 442 27 149 350 508 310 24 384 32 11 29 473 39 16 2 10 17 22 12 160 35 50 1 36 1 2 1 35 15 15 1 23 10 28 6 144 28 20 1 2 0 2 1 7 3 1 0 0 1 3 0 2 29 54 4 19 4 1 2 31 12 26 0 4 6 16 2 41 339 276 29 266 45 21 41 343 14 16 1 5 27 23 16 124 12 32 2 24 0 1 2 28 23 26 4 20 27 64 19 223 472 344 6 118 56 24 24 170 10 5 1 3 16 25 4 31 488 378 7 165 43 24 21 339 162 157 4 34 150 240 46 592 0
3197 303 291 357 447 22 493 1144 372 25 16 31 500 16 637 814 271 24 18 37 26 4 13 42 308 28 26 49 582 29 535 432 195 32 16 9 21 2 12 13 10 0 1 2 12 6 4 8 267 27 16 17 19 3 21 43 268 27 2 11 226 17 96 142 188 8 13 10 32 4 35 36 19 5 0 2 27 1 35 21 8 2 1 0 2 0 3 4 5 1 3 2 19 3 21 27 188 9 6 11 33 4 11 39 15 2 1 4 39 5 17 24 471 21 9 18 31 5 26 133 284 19 5 15 236 13 104 253 373 296 8 323 28 28 35 513 33 11 0 10 17 15 6 198 14 22 1 29 6 1 3 36 13 11 2 12 6 18 5 110 16 25 0 6 1 2 3 7 1 1 0 0 1 4 0 3 16 41 1 10 1 1 3 27 7 14 0 6 6 23 2 34 230 336 16 246 29 33 35 278 11 6 0 4 20 20 23 117 10 12 1 15 3 5 1 24 6 11 3 15 16 76 19 190 272 279 5 68 20 22 11 113 6 5 0 1 11 17 8 35 222 195 5 85 12 14 8 254 70 50 1 20 62 134 21 400 0
4153 279 152 361 266 10 339 1071 248 12 0 7 253 3 303 413 271 22 9 27 12 1 11 39 274 21 8 28 395 24 149 228 167 9 1 8 6 0 7 2 4 0 0 0 1 0 1 1 360 41 1 7 10 1 10 23 326 13 0 8 246 8 52 61 393 19 1 12 31 0 23 29 10 0 0 0 19 0 8 10 10 2 1 1 1 1 0 1 18 1 0 0 17 3 5 8 445 9 8 15 20 0 7 15 17 0 0 0 33 0 8 8 1484 41 4 24 30 2 18 135 601 11 2 10 281 12 69 154 324 313 6 434 8 16 16 750 9 5 0 3 4 5 2 105 12 22 0 15 0 0 0 10 2 6 0 12 4 13 0 50 6 9 0 1 0 1 0 4 0 0 0 0 0 0 0 0 17 33 0 7 0 0 1 4 1 9 0 1 0 8 0 10 373 557 5 361 17 23 28 358 6 5 0 2 7 15 8 56 7 16 3 10 0 2 0 12 9 13 1 7 15 44 4 85 454 241 1 86 14 2 9 83 6 0 0 1 5 9 0 9 680 358 3 95 11 9 8 175 106 72 0 8 56 84 9 153 0
3178 270 204 327 328 15 383 986 365 5 7 17 320 5 439 652 300 34 6 27 15 2 9 40 327 21 13 32 570 22 293 291 199 12 5 4 6 1 5 3 5 0 0 1 5 0 0 4 374 35 5 11 15 3 16 29 435 17 2 1 379 4 84 76 268 13 11 10 23 0 28 31 8 0 1 0 22 0 19 15 23 2 0 0 1 0 1 1 8 1 0 0 15 2 5 16 339 11 7 9 29 0 8 21 11 0 0 2 32 1 8 7 1131 40 4 25 48 1 35 92 725 13 2 16 302 10 91 185 294 292 1 382 12 16 11 495 10 7 0 0 6 9 4 90 14 17 0 22 0 0 0 7 4 9 0 5 2 16 0 63 8 5 0 4 0 1 0 0 0 0 0 0 0 0 0 1 30 22 1 6 0 0 0 10 4 5 0 0 2 6 1 9 320 465 9 444 22 13 28 285 5 5 1 0 5 13 2 61 13 16 0 6 1 2 1 9 10 8 0 5 13 35 5 104 510 269 0 82 21 12 1 96 1 0 0 0 5 3 0 9 894 368 6 88 18 6 9 170 123 69 2 8 63 102 10 182 0
6441 311 108 310 316 11 296 1056 181 6 5 5 292 4 259 331 383 16 2 22 5 1 4 19 321 14 12 26 497 7 178 221 152 6 2 2 5 0 1 3 3 0 0 0 4 0 1 1 391 18 1 2 9 0 5 9 277 10 2 1 198 2 32 44 508 4 6 4 20 0 15 28 7 0 0 0 5 0 4 3 13 0 0 0 1 0 2 0 7 1 0 0 16 3 4 5 449 6 1 3 16 0 1 15 7 1 0 0 23 0 3 3 1679 26 1 18 27 1 18 91 493 4 0 6 255 7 41 71 168 287 1 317 6 5 11 468 4 0 0 3 2 6 1 56 7 15 0 8 0 0 0 5 1 1 0 4 2 5 0 23 3 2 0 1 0 0 1 0 0 0 0 0 0 0 0 1 1 32 0 3 0 0 1 3 3 2 0 0 0 4 0 2 389 675 6 239 11 21 21 251 0 0 0 1 5 9 4 40 6 16 0 2 0 0 0 6 6 10 0 3 11 49 3 61 349 212 0 37 5 1 2 45 1 0 0 0 1 4 0 4 432 308 2 36 0 8 7 85 51 44 0 2 36 59 2 98 0
2898 178 221 210 125 7 168 829 497 27 16 36 174 8 233 612 146 17 33 27 13 2 8 33 181 18 32 35 224 16 675 207 235 34 17 8 19 2 8 8 9 3 2 1 20 3 3 7 208 25 9 13 6 0 11 33 263 26 7 13 269 16 101 103 119 13 20 10 16 0 23 29 31 1 4 3 14 3 22 30 19 0 5 0 1 0 1 1 10 2 7 4 16 1 33 16 175 11 6 17 14 0 9 31 29 1 0 5 23 4 15 32 755 42 14 33 36 4 45 268 854 29 7 30 239 23 118 422 487 202 17 286 41 21 37 941 59 12 1 7 16 12 10 193 32 19 3 20 3 3 3 29 12 7 1 11 6 19 6 91 27 32 0 4 1 2 0 6 0 2 0 0 1 4 1 5 44 25 3 14 2 4 7 22 10 10 0 4 6 13 2 48 185 258 12 318 17 12 25 217 11 10 0 6 15 27 21 97 19 13 0 24 0 1 3 20 14 10 7 12 27 42 26 164 317 500 10 138 31 22 7 117 8 10 0 3 22 20 11 36 918 257 10 104 27 22 25 475 189 93 4 48 82 185 49 512 1
2474 224 299 288 118 12 198 860 249 17 6 12 200 9 291 608 112 15 26 25 4 1 9 21 164 21 28 19 313 17 684 216 309 22 23 15 12 2 4 10 6 1 0 0 18 1 5 5 231 32 11 14 8 2 7 27 218 15 5 6 398 19 129 79 150 6 23 4 12 1 30 30 18 1 0 3 21 1 23 24 11 2 1 0 4 0 1 5 10 0 3 2 14 0 36 10 266 8 7 17 35 0 10 33 22 0 0 2 15 2 5 10 977 34 11 38 20 2 22 177 627 24 4 14 234 14 51 203 386 292 14 422 19 8 18 1049 28 9 0 6 10 12 5 216 12 22 0 17 0 1 2 19 9 10 0 6 9 14 7 89 12 23 0 8 0 0 1 4 0 0 0 0 0 1 0 3 15 17 0 11 3 2 1 14 5 12 0 1 4 22 1 22 244 477 11 621 20 27 17 327 11 9 2 8 4 20 9 105 9 20 2 22 0 2 2 16 9 24 0 20 21 86 26 241 356 649 5 146 23 37 11 124 8 8 0 1 7 30 5 23 943 325 1 108 17 18 11 285 168 90 3 24 66 219 18 366 1
2542 166 383 201 325 17 335 750 506 23 18 29 365 14 430 708 240 12 33 15 23 3 23 47 275 24 46 37 730 46 689 339 270 39 33 9 68 9 17 8 15 3 1 2 78 8 8 8 210 20 14 12 12 0 19 32 303 25 12 12 732 75 163 153 123 6 46 6 12 2 25 24 29 5 3 4 32 2 26 27 13 2 10 0 1 0 0 6 7 0 8 4 24 1 36 18 141 6 11 11 28 2 9 25 33 4 0 6 37 2 12 27 336 24 4 17 25 1 21 188 432 26 5 22 246 32 96 424 377 151 21 262 36 9 47 540 41 9 3 4 10 13 9 99 34 17 3 26 3 5 2 33 11 9 1 12 8 28 11 140 12 25 1 7 0 2 0 9 1 1 0 2 0 9 3 6 29 29 2 14 4 5 9 37 9 22 1 6 11 60 14 67 135 241 72 647 23 16 34 226 12 4 1 6 11 23 15 63 11 12 7 54 0 5 5 23 3 14 15 51 16 99 32 325 125 317 10 96 16 23 13 83 3 6 0 0 12 29 5 38 295 150 8 89 23 15 31 272 78 82 4 47 73 255 48 567 1
5269 180 173 235 145 17 171 947 370 34 9 20 184 16 151 358 159 8 10 15 8 2 12 27 203 14 16 24 319 18 229 184 196 12 12 13 4 3 14 13 19 1 0 1 13 1 5 3 176 17 8 10 4 2 10 38 199 16 8 17 202 13 61 95 444 15 8 5 15 1 17 25 42 4 0 2 13 0 16 20 9 0 1 1 0 0 3 1 7 1 1 2 20 3 11 18 348 14 8 10 18 1 11 27 46 8 1 5 26 3 11 32 933 31 10 38 24 2 22 239 554 41 3 42 219 9 92 333 436 197 24 237 59 14 52 949 42 10 0 8 21 20 5 130 25 16 0 27 5 1 6 42 17 16 1 13 9 15 10 71 13 18 0 4 4 1 3 5 2 1 0 0 0 3 2 2 27 30 0 9 2 0 1 42 9 10 0 4 3 9 2 38 291 563 14 180 13 6 30 216 12 5 2 5 14 11 9 65 11 16 2 5 1 0 2 16 15 16 2 9 13 70 16 119 321 251 7 74 21 17 8 78 6 5 0 3 11 11 5 23 338 266 9 87 15 23 21 347 96 67 3 38 79 140 26 458 1
1331 140 173 249 158 11 242 1117 243 12 8 23 217 12 344 849 137 15 12 17 11 0 5 18 235 16 3 19 391 15 490 289 125 11 6 3 8 0 4 7 8 1 0 1 6 0 7 3 226 18 3 5 7 2 10 24 456 13 5 5 367 10 120 80 105 6 4 7 15 0 19 24 17 1 0 0 13 0 11 12 5 1 1 0 1 0 2 1 13 0 1 1 11 1 10 14 158 6 6 7 10 1 1 25 24 0 0 0 14 0 5 15 758 18 6 19 26 2 14 83 1375 11 2 16 347 13 110 172 175 212 10 527 16 10 19 1128 10 10 0 3 7 10 5 222 12 13 0 14 0 0 0 12 6 4 1 3 6 9 3 69 4 8 0 1 1 1 1 7 0 0 0 1 0 1 0 3 17 18 0 8 0 0 0 15 7 7 0 2 1 6 1 12 186 289 7 484 11 13 18 374 7 5 0 4 8 11 4 87 11 12 1 10 1 0 1 12 9 9 2 9 12 29 8 87 253 244 1 103 14 7 4 82 2 1 1 2 6 9 1 13 439 219 5 72 7 6 6 146 163 58 2 22 82 68 29 191 1
1193 163 203 402 127 5 328 776 168 16 7 11 242 13 744 843 152 11 13 22 11 1 13 12 280 19 18 27 587 20 1040 499 210 17 6 6 16 1 7 3 5 0 0 1 8 1 6 4 330 20 8 8 8 0 8 14 438 21 1 5 466 8 168 65 134 5 11 9 6 0 21 28 12 0 0 1 20 0 39 17 6 1 0 0 1 1 1 2 5 0 3 1 35 1 24 9 293 12 7 7 24 1 6 20 7 0 0 1 16 0 6 13 709 19 4 14 20 1 8 42 533 8 1 13 365 8 105 113 176 311 4 536 2 7 10 530 5 7 0 11 5 7 5 191 13 25 0 15 0 0 2 7 3 15 0 5 4 13 3 85 8 19 0 3 0 0 0 1 0 0 0 0 1 0 0 2 20 30 0 3 0 1 1 4 7 3 0 0 3 4 0 24 275 675 7 597 31 36 27 401 5 4 0 4 19 15 9 145 8 25 1 11 0 2 1 2 3 10 0 8 18 36 10 142 742 1054 3 183 29 20 11 130 4 2 0 2 18 13 0 28 893 495 4 85 14 16 14 124 183 102 0 16 123 127 26 191 1
3592 171 257 238 128 13 200 802 346 22 17 30 159 13 298 755 126 18 35 28 5 1 8 23 173 24 32 23 303 16 768 288 217 26 19 8 22 3 4 10 19 0 0 0 22 5 7 6 180 28 11 16 6 1 10 25 203 27 9 6 447 21 147 101 134 7 23 8 10 0 26 36 18 2 0 1 17 4 29 31 10 0 3 2 0 0 1 2 14 2 2 1 14 0 28 21 205 15 7 7 16 2 17 35 20 3 0 2 24 0 13 22 554 25 13 31 20 0 19 162 517 33 7 12 215 20 93 274 439 215 14 331 24 14 25 732 38 16 1 7 8 11 8 194 26 17 0 28 0 1 1 23 12 10 1 13 12 23 2 110 13 36 2 11 1 2 0 3 0 1 0 0 1 2 1 4 27 22 0 11 0 2 1 27 4 5 0 3 2 14 2 33 207 316 17 432 21 16 19 298 12 6 2 5 8 23 15 153 10 17 1 13 1 1 2 15 9 8 1 11 20 43 15 200 300 678 6 133 19 45 15 135 9 3 0 3 17 19 5 46 788 278 7 115 30 19 15 349 161 90 3 37 82 186 31 430 1
1464 187 259 358 127 15 341 604 221 9 14 28 268 7 665 804 188 19 14 28 9 1 8 25 290 28 24 23 592 23 887 467 238 15 11 8 13 2 4 9 4 3 0 0 12 1 4 4 333 23 4 8 10 1 14 19 489 22 2 7 540 16 177 99 130 9 11 5 23 1 23 22 5 0 0 0 23 0 26 22 10 0 3 1 0 0 0 0 9 0 0 1 23 0 28 19 307 10 7 7 24 2 12 13 12 0 0 0 27 0 8 14 679 12 3 12 28 1 16 33 550 8 3 3 400 16 107 130 187 326 9 564 8 14 13 535 2 11 0 5 5 16 2 195 12 23 0 22 0 0 0 12 7 11 0 10 6 19 2 113 10 13 0 5 0 1 1 6 0 0 0 0 0 2 0 3 19 30 0 7 0 0 0 7 6 11 1 1 4 4 0 17 270 677 11 684 19 28 34 418 9 6 1 0 16 15 9 140 11 19 1 10 2 1 1 7 20 13 0 6 16 32 14 155 663 807 2 176 33 26 17 84 4 5 0 2 12 14 1 19 759 442 2 87 18 18 8 100 155 104 2 13 111 134 19 218 1
2487 161 286 241 256 15 360 1227 299 20 9 15 246 13 467 1180 174 16 18 15 14 1 13 32 200 17 22 18 445 12 732 300 224 28 20 6 15 1 12 13 12 1 1 0 16 2 6 4 257 20 14 10 19 0 11 31 337 14 3 4 371 16 123 104 141 8 15 10 14 0 14 28 8 1 1 0 16 0 21 23 11 0 1 1 1 0 0 0 12 1 3 1 20 1 33 11 240 12 6 6 23 1 9 20 11 2 1 1 13 2 8 9 1020 23 7 24 26 4 17 155 956 7 4 10 215 6 74 229 224 190 11 276 11 9 23 693 19 6 1 4 6 17 9 249 13 13 1 13 1 1 2 17 4 6 0 13 6 18 6 111 10 34 3 6 0 0 0 2 0 1 0 0 1 2 1 0 10 28 1 5 0 3 2 11 4 10 0 5 3 18 2 30 191 492 17 448 15 14 20 216 6 4 0 1 10 23 12 88 11 15 2 13 1 1 0 11 12 16 2 16 15 64 19 214 322 510 7 103 16 24 5 87 4 1 0 0 14 19 4 25 689 207 1 84 12 14 10 213 171 71 3 15 82 176 30 308 1
1541 155 294 272 153 6 243 618 254 28 6 25 250 6 381 587 111 19 18 25 9 1 9 26 257 20 24 20 563 27 859 292 319 22 31 11 19 2 15 4 11 2 0 1 24 0 5 2 253 29 18 14 17 1 19 29 397 28 3 12 615 29 175 115 154 9 27 10 19 2 24 19 16 1 0 0 31 3 21 20 8 1 5 0 0 0 1 3 7 0 0 3 23 3 31 8 294 14 8 12 17 1 9 32 23 1 1 1 24 1 7 22 595 29 11 29 21 2 21 110 585 17 6 14 305 18 92 182 307 264 15 478 17 7 23 617 20 15 0 6 8 15 8 179 18 24 0 27 1 2 0 26 9 10 0 17 2 32 7 108 16 19 0 12 0 1 1 4 1 1 0 0 1 3 0 3 14 31 0 15 1 1 1 10 5 11 0 3 7 19 1 34 299 677 17 728 34 27 25 343 12 9 1 10 6 32 13 127 11 29 0 26 2 2 1 18 21 27 1 21 26 111 13 231 486 696 10 200 23 27 13 132 7 2 0 1 15 15 2 30 709 354 6 144 19 22 19 227 167 120 0 30 121 251 31 374 1
2112 168 434 235 158 22 212 601 382 42 30 52 185 21 298 545 106 27 51 33 11 3 13 36 181 17 44 32 215 27 427 256 417 54 58 25 40 10 20 17 35 4 4 1 28 6 11 13 174 32 16 18 14 1 12 29 203 27 17 18 272 36 146 135 172 19 38 24 23 3 30 41 33 1 2 4 25 0 34 45 21 0 12 5 1 2 1 2 18 2 8 4 23 6 50 33 229 20 25 26 31 4 17 42 37 6 0 9 25 5 11 40 510 25 22 28 24 10 35 177 345 35 19 39 211 35 117 326 452 198 32 331 37 24 40 818 59 20 5 16 29 21 17 188 26 19 5 43 6 3 7 55 18 20 4 28 8 22 11 126 30 64 3 13 2 11 4 21 5 3 0 0 2 11 1 19 37 35 2 21 5 6 7 45 19 17 1 11 13 38 12 91 203 310 35 316 20 34 35 246 11 19 4 12 19 31 26 150 21 13 8 44 4 6 8 36 19 26 8 38 27 98 54 399 218 388 17 133 28 51 11 139 13 10 0 6 28 58 16 111 483 200 13 132 38 30 27 410 123 131 12 76 128 350 73 898 1
1795 147 122 189 125 3 172 700 207 9 6 9 194 7 333 658 175 18 3 6 14 1 6 18 313 12 6 26 652 9 487 220 132 5 5 3 4 0 2 2 3 0 0 1 7 0 2 1 338 14 4 9 13 0 9 16 633 12 3 3 705 6 91 58 204 10 8 11 19 0 14 20 10 0 0 1 10 1 10 10 13 2 0 0 0 0 0 1 9 0 0 0 19 3 4 6 334 8 6 8 22 0 7 19 17 0 0 0 13 0 5 9 1776 21 8 14 34 2 25 96 1441 13 4 13 427 9 87 163 278 234 6 467 9 3 10 921 15 7 0 2 4 8 1 139 8 10 0 13 0 1 0 9 5 2 0 7 4 19 1 46 4 12 0 3 0 1 0 0 0 0 0 0 0 2 1 0 10 18 0 7 0 0 1 8 0 4 0 0 2 4 1 11 277 560 6 602 10 13 15 321 4 3 0 2 1 10 3 56 15 14 0 3 0 0 1 8 16 9 0 9 12 39 9 68 464 530 4 125 8 3 9 96 4 2 1 1 2 6 2 12 1354 304 3 78 9 8 8 195 211 70 1 6 69 63 8 155 1
2037 153 287 267 163 11 267 1094 336 20 6 27 282 4 395 827 166 17 24 19 6 1 16 29 269 27 18 21 547 20 657 352 287 18 21 6 12 2 10 16 12 0 0 0 9 1 7 7 218 20 9 17 11 2 15 30 360 17 3 8 437 15 112 122 129 16 15 15 26 0 22 27 17 0 1 0 15 1 18 21 15 0 3 0 0 1 1 1 13 0 2 2 20 2 19 16 216 21 8 6 21 1 16 25 13 2 0 0 26 2 8 14 703 13 8 26 23 4 22 176 561 16 6 18 301 18 106 235 342 235 11 375 24 8 16 672 28 14 1 9 14 19 3 199 19 28 0 17 3 0 1 20 11 9 3 10 6 22 7 111 12 14 0 3 0 1 0 2 0 0 0 0 0 1 0 1 20 26 0 9 1 1 0 14 10 15 0 2 5 10 4 22 267 616 21 540 25 21 28 302 7 6 0 5 3 26 18 112 7 20 2 14 2 0 0 16 7 14 1 15 25 100 13 235 352 731 6 180 17 27 10 109 10 1 0 4 13 18 2 25 693 281 3 106 10 18 16 260 180 73 1 24 90 197 14 353 1
2034 209 178 332 213 6 303 1133 302 17 7 18 273 8 445 858 219 18 7 16 9 0 6 39 313 20 17 22 433 20 323 310 200 6 10 4 15 0 7 8 7 0 0 0 14 0 3 3 322 24 7 9 9 0 20 35 475 22 1 5 375 9 82 82 209 8 8 7 13 0 22 37 17 2 0 1 19 1 15 15 11 0 2 1 0 0 0 1 14 1 0 0 16 0 13 12 367 6 8 13 27 1 12 29 16 0 0 1 26 0 9 16 1395 35 7 34 37 5 26 136 896 15 3 11 307 14 108 184 309 272 5 430 10 4 14 664 17 7 0 4 6 11 5 136 15 11 0 23 1 1 1 9 4 7 0 6 6 15 6 88 6 12 1 4 0 1 0 3 0 0 0 0 1 0 0 1 21 32 0 11 0 0 1 9 10 7 0 0 1 4 0 14 296 484 16 364 13 22 32 280 4 7 0 2 7 19 7 68 12 30 1 16 1 2 1 13 19 16 0 7 16 57 11 121 446 357 6 81 24 6 9 65 2 2 0 1 4 11 2 11 1221 339 3 93 20 12 13 193 195 91 2 12 81 138 10 233 1
1441 140 261 295 132 9 310 604 177 21 4 18 289 11 492 622 124 11 12 19 5 0 12 12 271 21 12 28 549 24 554 425 215 11 7 8 8 2 9 9 7 0 0 1 21 0 5 4 277 22 8 15 8 0 12 10 621 39 2 21 738 23 157 106 136 5 12 11 20 0 21 17 15 1 1 0 26 0 28 18 11 1 1 0 0 0 0 2 4 1 1 2 19 0 16 16 291 6 14 11 22 1 8 14 24 0 1 0 27 0 11 16 697 26 9 18 11 0 12 44 934 27 2 9 407 24 104 127 183 251 9 641 16 9 21 750 12 9 0 7 5 10 4 245 11 30 0 24 2 0 0 30 4 16 0 14 9 23 2 126 10 15 0 11 0 1 0 1 0 0 0 0 0 1 0 1 16 27 0 18 0 1 0 15 2 12 0 4 6 10 1 24 277 615 22 791 27 27 38 462 10 9 0 4 16 27 9 120 17 18 0 27 0 0 1 10 12 17 0 14 18 42 8 187 548 523 7 182 23 19 9 121 6 4 0 1 9 7 3 33 723 388 3 147 13 10 15 157 204 122 1 31 105 172 17 284 1
5196 107 223 152 167 12 229 647 512 36 14 23 193 15 210 504 152 10 15 25 16 0 14 21 251 20 21 33 445 19 184 191 148 13 16 5 22 2 8 13 18 1 1 2 24 3 10 2 157 20 6 13 11 0 12 30 334 35 8 13 624 27 85 101 125 6 18 7 14 1 26 26 58 7 4 5 29 1 14 27 8 1 2 0 0 1 2 1 8 2 2 3 8 0 8 18 126 4 8 7 20 1 9 22 80 4 3 10 39 2 11 31 337 25 11 26 27 3 24 229 546 83 8 63 242 23 100 495 360 159 27 279 73 10 76 637 41 14 1 3 15 9 14 119 37 17 2 34 8 2 7 81 15 6 0 17 4 18 10 113 10 11 2 8 3 4 4 8 0 0 0 1 1 3 5 4 31 19 0 22 9 2 10 69 19 17 0 14 13 26 5 60 143 146 18 292 16 14 33 206 9 7 2 6 13 7 8 93 8 18 1 25 0 1 1 21 12 11 3 19 13 36 17 210 153 85 0 56 18 10 13 97 4 4 0 7 16 8 2 50 251 114 10 82 30 7 33 386 103 59 4 57 58 120 36 526 1
2613 174 412 237 133 23 214 587 435 53 32 43 228 20 271 709 127 23 36 35 17 0 13 31 178 28 54 50 186 29 356 273 381 68 42 20 41 10 23 18 29 3 1 1 33 6 16 15 169 39 11 18 16 4 21 29 223 36 12 23 263 43 140 123 132 20 35 15 16 5 34 38 46 9 4 5 34 5 42 58 13 2 8 4 1 0 4 4 9 2 10 6 24 4 60 42 184 14 19 30 27 6 17 35 43 5 2 5 42 3 29 46 402 17 13 28 25 5 24 163 355 42 6 37 202 25 122 420 433 191 25 291 53 17 47 687 64 19 4 12 18 17 17 227 29 27 2 45 7 3 5 52 21 16 0 21 24 21 10 117 31 42 5 14 2 8 4 15 6 5 1 4 1 10 4 6 53 48 2 17 8 6 5 48 10 19 0 10 7 35 12 89 177 246 34 344 27 17 41 253 23 10 2 18 20 31 20 163 16 27 8 41 4 3 3 25 8 38 10 33 23 86 46 382 209 399 16 147 31 55 23 146 10 12 0 12 16 63 8 79 323 203 11 113 45 33 41 348 146 113 13 68 114 317 79 902 1
3066 158 255 181 153 16 217 604 472 20 15 27 160 11 306 546 197 16 34 27 10 1 6 20 209 13 37 38 366 13 675 237 280 30 18 9 17 2 15 12 12 2 1 1 20 3 10 5 285 25 17 5 6 2 15 33 267 21 8 8 241 19 109 95 284 20 17 8 11 2 17 27 23 5 0 2 17 0 32 30 18 0 0 2 1 0 1 1 16 1 0 1 16 1 41 21 322 9 14 17 23 1 11 26 36 4 1 5 24 2 14 25 939 33 8 39 25 5 24 277 666 33 5 32 224 18 91 394 432 206 19 231 28 4 32 549 44 13 2 12 13 16 10 141 30 23 1 14 3 4 2 31 16 13 0 8 8 12 7 65 16 31 0 7 0 1 0 5 0 1 0 0 1 1 1 2 28 36 0 9 1 3 2 29 7 11 0 2 6 20 3 25 269 394 18 316 19 21 29 173 17 8 1 6 4 16 16 64 14 28 2 12 0 3 0 18 16 25 2 20 19 67 32 202 411 599 9 134 23 48 26 117 9 8 0 4 21 29 6 56 719 285 7 100 30 20 31 366 147 90 2 37 100 190 40 511 1
1728 135 298 266 159 12 288 638 241 24 16 18 276 17 394 478 125 14 16 21 19 0 10 27 236 19 20 30 570 28 833 317 299 17 14 14 22 1 10 9 21 1 1 1 25 2 14 1 269 29 13 24 12 2 13 29 375 26 9 16 557 26 164 111 164 14 15 13 15 1 20 25 16 1 0 2 30 2 21 17 4 2 1 0 2 0 0 3 12 2 1 2 21 0 30 14 287 16 10 11 17 1 18 37 14 2 0 0 25 1 12 13 567 31 12 30 17 2 27 98 548 21 3 20 307 26 104 199 317 261 18 430 23 10 20 592 21 12 1 5 11 12 5 177 13 28 1 27 4 1 2 29 12 19 0 8 8 30 7 133 17 29 0 6 0 4 0 6 1 0 0 0 0 1 0 6 19 26 0 13 4 1 0 22 4 12 0 6 0 21 2 39 278 693 16 739 26 25 34 325 11 9 0 4 18 38 10 123 16 24 0 20 2 3 3 26 18 30 2 14 28 100 14 267 474 696 13 194 15 24 13 135 5 3 0 3 8 20 2 30 609 355 10 129 32 29 20 213 195 121 2 33 119 228 29 427 1
1576 126 182 238 114 4 194 904 252 10 8 15 176 7 304 769 139 14 11 20 7 0 6 27 234 24 22 25 401 16 511 267 224 8 11 8 15 1 2 8 10 0 0 0 12 0 5 1 265 32 7 8 8 1 9 24 377 20 4 6 473 12 124 87 207 13 12 6 17 1 29 24 17 1 0 0 12 1 13 12 10 0 0 2 0 0 1 2 6 0 1 0 23 2 15 10 334 12 8 17 16 0 12 21 21 1 1 2 20 0 2 10 1472 39 5 43 37 2 37 157 1109 21 2 20 303 10 81 185 364 234 10 402 10 5 15 772 19 10 0 6 9 12 3 143 16 22 0 19 0 0 0 12 7 6 2 12 6 6 2 74 12 16 1 8 0 0 0 3 0 0 0 0 1 1 0 1 22 30 0 10 0 0 0 11 2 9 0 2 1 9 1 18 325 482 18 624 15 15 19 330 4 6 0 3 5 13 12 100 10 20 1 13 0 2 2 14 18 20 0 10 10 44 7 134 542 588 4 167 20 19 4 94 1 0 1 0 11 10 0 12 1359 393 5 128 17 12 12 216 241 84 1 21 114 146 14 234 1
2955 168 174 198 126 6 246 697 433 36 33 58 224 15 577 1327 136 27 24 36 9 1 6 33 158 23 27 42 191 22 501 479 173 26 9 7 17 3 4 9 16 4 2 3 22 3 5 12 173 24 5 12 9 1 10 33 210 26 5 20 315 26 116 102 174 3 22 14 23 2 29 21 30 6 1 4 26 1 29 43 13 0 1 2 0 0 0 2 6 0 4 1 7 0 20 24 203 6 9 4 30 1 12 31 33 4 2 4 37 2 20 35 774 34 13 29 19 4 35 303 531 30 4 27 234 21 94 367 445 166 15 237 25 6 33 572 35 16 1 7 10 8 6 172 46 34 3 34 4 4 2 27 7 6 1 14 6 8 3 92 27 29 1 1 2 1 1 1 1 0 0 0 1 3 0 0 47 45 0 13 2 3 8 31 4 12 0 9 3 21 1 55 171 198 21 325 25 8 37 265 13 7 2 3 13 12 24 83 9 10 0 17 0 3 4 18 5 14 3 13 5 30 22 120 364 395 8 81 34 28 13 115 8 5 0 3 15 13 13 42 1232 344 7 77 42 29 45 400 130 61 3 34 50 115 36 465 1
1749 171 137 254 134 8 202 710 463 20 15 18 213 9 270 710 225 20 13 21 14 0 6 29 314 20 11 24 293 14 413 229 189 16 8 6 12 1 2 10 16 3 0 0 9 1 5 7 377 20 6 9 18 1 13 26 654 32 4 7 480 10 107 116 145 13 14 11 21 0 25 28 29 2 0 1 23 2 28 23 13 0 3 1 3 0 1 5 19 0 0 0 19 0 13 18 251 12 6 11 31 2 8 22 44 1 0 4 24 2 8 25 1268 43 10 29 36 3 33 241 1471 28 14 27 496 16 150 339 373 238 13 503 30 17 38 884 29 8 1 5 10 7 8 164 31 21 1 29 4 0 1 28 7 9 0 10 8 14 3 65 13 12 0 5 0 1 0 4 0 1 0 0 0 0 0 3 35 20 2 16 3 3 5 25 7 8 1 7 3 4 0 22 228 262 14 470 20 14 29 345 11 2 1 4 9 12 9 72 8 10 2 17 0 0 0 12 12 5 2 11 12 26 11 75 296 411 2 99 18 13 8 114 3 3 0 0 11 12 3 27 759 273 7 86 24 14 22 319 239 78 3 31 90 101 25 340 1
1557 150 144 342 144 7 239 1118 210 17 6 13 191 5 453 935 145 15 9 24 7 1 14 32 273 16 9 22 515 18 479 300 155 9 6 8 6 3 11 12 9 0 1 0 7 0 0 3 326 24 9 7 4 1 14 20 486 10 2 4 392 4 131 83 146 13 10 13 10 0 18 31 11 0 1 0 18 0 17 20 10 2 3 2 0 0 0 3 9 1 1 0 18 2 10 16 298 9 8 10 12 1 11 32 13 0 0 0 20 1 3 14 1712 31 5 31 29 3 18 69 1183 13 2 8 369 14 77 120 237 277 8 518 11 9 9 983 14 9 0 5 4 10 2 179 15 13 0 11 1 2 1 15 3 10 0 3 4 13 5 83 5 11 0 4 0 1 0 1 0 0 0 0 1 0 0 2 15 21 0 3 0 1 0 7 2 5 0 0 2 4 1 13 259 424 10 337 13 14 13 372 5 5 0 3 9 11 11 104 8 24 2 7 3 0 0 11 10 6 0 5 20 41 5 93 515 500 0 124 18 13 3 120 3 0 0 4 8 7 1 16 1219 330 5 96 15 13 6 141 235 89 0 8 82 93 18 186 1
1600 161 160 273 141 14 235 838 279 18 7 11 241 7 443 877 176 24 8 16 19 0 14 19 294 18 10 24 450 13 493 309 170 12 3 6 15 2 9 12 7 1 0 0 6 0 4 2 269 22 4 14 6 1 7 20 549 12 2 9 469 7 114 100 156 6 19 19 13 0 25 24 14 1 2 1 19 2 15 22 4 0 0 1 2 0 1 1 17 1 1 1 20 2 9 11 249 8 4 14 27 2 11 24 19 0 0 4 32 0 6 22 1118 25 10 19 26 4 24 107 1066 22 2 15 375 9 86 191 301 278 6 596 13 14 20 941 21 5 0 7 6 16 7 199 17 23 0 16 1 0 2 18 7 6 0 9 4 12 3 63 11 12 2 5 1 0 1 4 2 0 0 0 0 1 0 2 17 28 0 16 1 0 2 14 5 2 0 1 4 9 0 19 264 561 12 677 20 21 26 421 6 9 0 2 12 19 6 87 11 27 0 12 1 1 0 16 10 19 0 12 13 37 8 86 366 549 8 169 19 6 5 111 2 2 0 1 9 9 0 25 1028 294 6 116 14 13 14 203 201 78 5 17 86 105 19 282 1
2134 180 300 285 158 7 256 1086 373 22 17 24 209 14 325 753 167 16 14 23 15 2 7 13 230 22 12 24 367 24 305 278 278 13 21 9 22 3 19 13 7 0 0 1 24 1 4 4 281 24 8 12 10 3 15 36 364 18 7 12 468 27 146 97 184 17 16 12 19 0 15 29 25 3 0 6 20 2 23 29 10 3 2 4 0 1 2 2 13 2 1 0 21 1 20 10 339 8 12 19 19 1 8 32 32 2 3 2 26 2 9 19 956 23 11 20 24 2 30 203 756 26 6 18 262 18 95 277 329 237 14 345 26 11 25 670 38 18 0 6 10 17 7 192 23 16 2 19 4 2 3 20 15 18 1 15 10 18 3 102 10 25 1 3 2 2 0 5 2 1 1 1 0 1 1 2 27 29 0 14 2 0 2 17 6 9 0 2 5 21 2 25 230 473 22 477 22 20 26 289 10 13 3 2 8 15 12 103 19 29 1 29 2 2 1 17 16 24 0 17 19 134 18 224 351 343 11 141 18 22 13 107 8 3 0 4 4 20 3 29 867 292 5 98 17 14 25 292 209 109 7 41 97 204 34 444 1
1966 202 243 304 186 16 283 1156 407 40 7 41 224 13 281 802 138 14 13 21 8 2 10 38 190 27 23 24 307 19 377 278 242 25 16 3 25 0 7 7 15 0 0 1 33 4 3 8 228 24 9 9 10 1 10 42 398 29 10 16 752 21 104 117 116 8 23 8 23 1 19 31 32 2 0 1 18 2 18 32 13 0 3 2 1 0 3 4 10 1 2 1 24 4 18 13 216 7 6 17 23 2 15 31 29 3 1 6 29 1 15 28 809 26 2 20 30 1 20 210 900 21 9 23 338 15 110 370 383 255 14 325 31 16 40 906 37 9 1 12 8 16 8 231 27 19 2 27 1 2 1 35 11 12 0 17 5 15 5 82 13 17 2 7 1 5 1 3 0 2 0 0 0 2 0 3 36 31 1 20 2 3 2 30 7 15 2 4 4 22 3 37 189 273 33 713 17 15 25 279 10 8 0 8 16 9 18 91 9 13 1 31 1 1 2 22 12 16 3 17 17 53 21 161 270 310 10 131 18 22 11 97 9 4 0 3 9 16 7 46 706 237 4 78 26 21 28 375 168 65 5 33 73 158 32 425 1
1692 175 236 275 150 13 307 1106 369 24 15 29 281 20 599 1135 129 21 12 25 5 0 12 30 243 21 10 41 325 17 594 442 165 11 13 7 15 2 10 16 15 2 1 1 12 1 10 5 198 25 10 16 7 2 13 32 345 25 4 11 381 19 144 113 130 14 11 8 19 0 37 28 18 1 0 0 23 2 32 31 11 1 0 0 0 1 0 0 8 3 1 2 19 1 20 16 242 10 9 11 24 0 9 21 20 1 0 2 37 2 16 20 655 32 9 18 24 2 27 139 699 30 5 28 261 18 91 295 358 244 19 453 33 16 32 934 36 14 1 8 9 8 12 230 15 25 1 22 2 1 0 28 4 10 0 11 8 15 2 110 9 18 0 5 0 1 0 5 1 1 0 0 0 0 0 2 28 35 0 23 0 0 1 25 5 13 0 6 6 14 2 38 242 307 9 369 10 18 28 348 6 5 1 4 13 15 11 113 5 12 3 23 2 2 2 20 15 15 1 9 16 27 12 135 453 577 4 142 24 21 14 118 7 2 0 1 8 19 5 37 819 354 7 125 33 16 27 310 181 87 2 32 82 113 24 385 1
2566 147 228 237 185 11 257 674 418 24 20 27 269 19 477 950 228 20 22 22 22 0 11 35 284 21 21 31 367 16 458 381 197 19 11 12 20 3 10 11 19 1 0 0 16 5 4 8 280 17 10 17 14 1 20 34 483 42 7 13 460 30 142 127 176 10 26 11 29 0 29 25 27 2 2 1 19 1 30 28 13 0 2 1 1 1 2 4 9 5 1 1 16 0 21 24 209 4 2 8 26 1 11 23 35 1 0 4 35 1 20 23 739 30 8 23 26 4 28 261 896 36 3 25 362 18 132 332 366 185 16 336 16 11 37 715 19 7 1 7 12 4 14 176 18 28 1 27 1 3 3 34 6 17 3 19 8 21 10 102 14 17 1 5 0 2 1 8 1 1 0 0 1 2 0 4 33 24 2 12 1 1 6 28 13 15 1 6 3 20 7 44 199 284 24 542 21 13 33 283 8 5 1 3 10 12 7 113 10 12 1 24 1 1 3 15 10 17 2 18 12 42 19 169 288 414 1 106 24 22 12 104 5 4 0 4 11 17 8 54 501 228 3 83 20 16 24 278 130 77 1 45 84 164 39 403 1
2015 302 229 417 177 7 266 1123 268 14 15 21 229 11 320 673 158 21 13 24 6 3 7 24 272 20 12 36 460 21 540 268 200 14 6 4 11 0 5 12 12 2 0 0 11 0 7 4 232 18 1 11 6 1 8 30 407 20 4 6 391 15 127 84 154 13 11 12 16 0 26 32 16 1 0 0 14 0 31 23 12 2 0 0 0 0 0 4 6 0 1 0 14 2 22 14 252 12 9 6 17 2 7 38 15 0 0 1 27 1 9 19 856 36 6 34 38 0 18 130 791 17 6 12 289 8 84 192 346 317 6 639 26 11 12 921 25 8 0 9 7 13 3 174 21 18 0 22 1 3 1 13 2 14 0 7 5 14 4 93 7 14 0 3 0 1 1 3 0 0 0 0 0 1 1 4 28 25 0 13 1 2 3 11 8 14 0 1 3 12 3 13 248 527 14 661 16 23 23 421 8 7 1 4 14 18 6 117 7 13 0 22 2 1 1 18 11 10 1 13 14 27 14 127 390 457 2 127 18 25 12 113 6 3 0 3 12 16 2 32 916 304 7 111 20 14 15 216 179 77 1 25 79 121 27 299 1
1566 174 211 253 142 14 217 1045 293 13 10 21 257 11 363 904 150 13 12 19 14 0 10 38 299 12 15 16 554 20 366 271 212 13 12 7 16 2 15 10 10 1 1 0 16 0 5 6 256 20 16 16 6 0 16 29 461 22 5 8 483 27 155 130 167 11 13 6 14 0 17 36 21 1 0 2 16 2 17 26 11 1 1 2 1 0 1 2 12 0 2 4 15 4 19 11 303 10 9 13 22 3 12 31 28 3 0 1 20 0 6 21 1130 41 8 34 35 2 24 174 914 23 5 20 285 30 118 243 413 230 11 350 19 11 32 859 24 9 1 6 10 19 4 217 19 17 2 16 1 1 1 23 8 20 0 6 6 13 7 96 12 13 0 12 0 3 0 6 0 0 0 0 1 1 0 8 22 26 3 9 1 0 1 17 12 10 0 6 6 20 4 31 291 425 23 434 16 19 14 251 13 11 0 6 13 10 12 109 12 19 0 26 2 0 0 18 18 19 1 18 11 28 11 163 403 362 8 107 19 21 11 130 8 4 0 4 16 8 5 33 1053 304 4 139 30 11 21 267 207 111 3 35 90 148 27 365 1
1744 253 222 338 145 16 263 897 302 23 10 22 254 16 409 655 142 17 19 16 6 1 5 21 265 23 15 36 390 17 517 296 194 11 15 9 13 0 9 8 7 0 1 0 13 2 8 3 263 27 7 15 9 1 6 21 419 25 5 6 371 16 144 115 130 10 16 9 20 0 23 34 29 3 1 1 18 0 18 25 5 2 0 1 1 0 1 2 7 1 1 2 21 2 20 13 234 6 5 7 13 1 13 30 26 2 0 1 30 2 21 10 843 35 11 17 27 3 24 97 906 20 10 26 328 12 110 250 337 313 16 540 18 14 14 706 22 12 1 8 9 12 6 185 19 23 1 26 0 0 2 15 11 5 1 7 5 18 3 90 12 20 1 11 0 1 4 6 1 0 0 0 0 2 0 0 30 33 0 13 0 0 2 15 7 13 0 2 0 20 4 28 234 423 19 653 13 29 30 394 17 8 0 2 17 20 11 135 6 15 2 26 2 0 1 17 16 14 1 19 24 37 11 138 439 500 4 144 32 16 14 142 13 9 0 2 8 8 6 33 993 353 8 135 23 22 20 257 288 102 0 35 113 159 37 357 1
1255 147 156 264 134 9 280 969 251 15 3 20 220 11 371 805 125 11 7 15 7 0 9 26 221 15 10 19 284 14 386 292 111 5 6 4 9 0 2 5 8 0 0 1 8 1 3 5 198 14 1 9 10 0 7 19 523 14 3 8 317 8 98 95 90 3 6 4 11 2 24 23 14 2 0 0 16 0 15 16 6 0 3 0 1 0 0 2 7 1 1 1 17 1 11 11 168 7 4 5 16 1 11 25 7 0 0 2 17 3 5 10 763 18 6 14 19 0 13 69 1443 14 2 8 369 9 105 180 206 220 7 666 15 16 11 1264 14 8 0 3 4 7 3 203 9 14 2 18 0 0 0 18 9 6 0 14 3 10 5 77 9 12 0 3 0 0 0 6 0 0 0 0 1 2 0 1 5 19 2 6 0 2 2 17 1 9 0 1 4 8 2 18 168 335 8 618 18 17 26 412 4 5 0 1 9 15 7 68 6 9 0 17 1 1 1 8 8 7 0 3 11 25 10 68 204 260 3 98 11 10 4 94 2 1 0 4 6 8 1 14 479 194 3 72 14 7 10 158 146 59 0 17 70 60 9 190 1
1643 168 201 280 192 13 329 1069 389 28 30 37 277 9 566 1154 123 28 16 26 9 4 4 39 197 24 14 40 340 12 552 457 163 13 6 18 8 1 5 16 17 0 0 0 15 2 7 8 190 25 8 13 6 0 16 19 366 29 5 18 339 20 124 138 117 14 15 7 17 0 23 30 27 3 1 1 20 2 30 39 6 0 2 2 2 0 0 2 4 1 2 0 18 0 22 11 214 15 8 13 19 0 16 22 26 3 0 1 33 0 17 26 616 24 9 25 25 4 33 143 704 42 9 25 261 13 101 319 416 234 19 416 21 14 38 890 24 15 1 12 13 17 7 213 21 27 0 27 1 1 2 29 11 16 1 14 4 15 2 104 24 23 1 7 0 1 0 3 1 1 0 0 0 2 0 4 44 39 1 14 0 2 0 26 7 14 0 1 5 15 4 35 238 333 13 358 25 20 34 327 17 9 0 6 13 12 16 114 11 15 0 9 0 0 2 16 13 11 1 7 12 35 13 135 456 512 2 139 20 30 11 127 6 5 1 2 16 21 8 52 820 332 7 129 31 14 21 370 177 91 2 42 88 127 31 451 1
1723 138 162 215 143 6 201 989 278 5 4 9 200 6 312 750 202 16 10 16 11 1 10 17 283 19 11 15 522 13 495 279 227 10 16 5 15 1 3 9 8 0 1 1 13 0 3 0 336 25 9 7 9 2 19 22 436 15 3 5 714 11 138 84 166 17 12 8 16 0 11 29 19 1 0 0 19 0 15 11 12 3 1 1 1 0 1 2 19 1 0 0 25 2 12 10 314 14 10 17 24 0 6 25 12 1 0 0 22 0 9 10 1522 41 7 31 27 1 25 149 1206 10 2 10 355 12 81 173 358 204 7 304 9 6 11 907 24 7 0 4 11 7 3 147 9 8 0 13 1 0 0 7 11 7 1 10 5 16 3 61 5 8 0 2 0 1 0 2 0 0 0 0 0 0 0 1 19 12 0 2 0 0 0 10 3 4 0 1 1 5 1 13 233 415 11 384 19 12 21 236 7 2 0 0 10 12 8 78 14 16 1 13 1 2 1 10 10 14 0 5 22 40 6 108 422 532 2 155 14 6 6 84 3 5 0 1 8 7 0 13 1404 321 3 83 20 10 9 249 235 106 2 14 108 136 18 228 1
3267 147 292 267 153 15 329 1125 339 11 7 22 252 12 342 930 175 17 19 28 7 0 9 32 201 13 17 25 445 13 676 300 223 21 18 7 22 3 9 10 12 2 0 0 15 0 5 9 237 27 16 14 10 0 15 32 266 22 3 4 398 23 138 81 200 7 12 8 12 0 24 35 22 0 1 0 12 1 8 13 9 1 1 1 1 0 0 1 11 0 2 2 13 0 21 12 215 8 10 12 22 1 7 20 23 7 0 2 15 0 7 16 797 17 9 18 32 1 27 196 716 14 5 19 206 10 80 266 322 221 10 304 20 12 20 718 24 8 1 4 11 10 2 230 25 12 1 14 0 0 0 23 13 8 0 10 6 17 7 92 9 28 0 1 0 0 1 4 0 1 0 1 0 2 0 4 13 17 1 9 1 2 3 21 6 8 0 0 4 12 4 24 243 414 18 506 11 14 29 248 11 3 0 3 8 20 12 86 12 14 0 30 0 2 2 12 7 19 0 10 16 66 22 213 277 565 3 135 11 23 9 73 7 9 0 2 12 30 1 21 534 246 5 95 16 14 16 239 134 81 3 31 77 167 28 331 1
1809 214 169 314 197 12 269 885 274 17 4 19 256 5 419 678 217 19 12 26 6 0 10 34 303 20 13 26 523 14 404 284 172 13 5 6 11 0 3 2 7 0 1 1 10 2 0 1 339 29 2 8 9 1 7 26 580 16 3 6 423 8 93 97 203 19 5 6 27 0 29 27 15 4 0 1 27 2 22 12 13 0 1 2 1 0 0 1 14 0 1 0 15 1 10 13 312 5 10 14 18 0 7 23 18 2 0 2 39 1 9 12 1421 40 8 25 40 2 32 89 1309 12 3 9 374 13 99 150 270 306 6 436 9 10 13 712 7 2 0 2 5 8 5 136 15 17 0 19 1 1 0 12 6 8 0 14 3 4 1 56 9 11 1 2 0 1 2 2 0 0 0 0 0 0 0 1 19 26 1 6 1 1 0 4 5 5 0 0 4 9 2 13 323 556 15 362 23 14 29 287 8 1 0 0 5 18 10 77 8 19 0 6 0 3 2 9 10 10 1 5 7 32 8 98 523 522 3 110 24 13 7 89 1 1 0 1 7 9 1 13 1146 360 4 89 19 8 22 144 230 81 2 17 84 100 19 198 1
4615 217 403 250 151 14 175 957 338 39 20 47 142 16 214 422 136 30 52 29 15 1 16 31 132 19 51 34 190 17 587 176 345 58 43 17 33 7 12 14 10 1 4 1 21 12 8 15 138 27 12 17 4 5 13 25 125 26 7 11 229 24 64 63 203 22 38 10 22 3 22 34 37 8 5 10 30 3 27 46 8 0 9 1 0 0 4 6 11 0 6 4 11 3 47 23 187 15 9 11 17 2 6 31 29 5 3 7 23 9 19 45 402 30 4 34 17 4 20 244 313 37 5 43 139 15 71 265 396 201 21 201 48 14 33 430 51 11 2 12 14 16 12 104 38 30 7 31 9 3 8 39 9 10 3 13 10 15 10 71 17 65 4 12 4 11 1 11 2 4 0 2 4 11 2 12 36 37 1 18 9 2 9 42 10 9 0 11 4 40 5 66 232 451 29 365 25 27 32 192 5 10 5 10 15 20 18 85 9 10 5 32 0 0 3 12 9 15 8 37 13 112 43 336 220 640 8 99 37 74 14 103 9 3 1 5 20 64 16 77 329 209 5 70 34 24 47 351 66 45 5 50 59 316 58 707 1
2269 238 164 354 209 14 344 1210 249 20 9 13 280 12 432 775 210 24 12 15 10 2 11 34 248 20 10 30 395 21 458 307 178 4 8 5 8 0 7 7 4 1 0 0 10 0 1 2 318 26 1 7 7 2 11 19 398 17 5 11 347 7 93 63 218 10 10 12 33 0 19 24 21 2 0 0 18 0 23 26 10 1 1 2 0 1 0 0 13 1 0 0 17 1 11 11 396 16 5 12 19 0 8 22 9 0 1 1 22 1 6 13 1334 36 5 24 34 0 26 86 744 11 3 8 305 5 75 153 272 351 5 591 19 14 10 915 4 6 0 7 4 8 4 151 9 22 0 20 0 2 0 16 3 7 0 5 8 8 2 88 5 5 1 2 0 0 0 2 0 0 0 0 0 0 0 1 13 31 0 7 1 0 0 16 5 7 0 0 1 5 1 19 293 490 11 532 29 19 18 389 4 5 0 1 8 16 7 88 7 17 0 7 0 1 2 8 10 13 0 5 12 24 13 99 485 484 2 101 16 13 7 101 3 1 0 1 5 7 1 25 841 319 3 79 13 10 6 168 141 69 1 9 65 91 13 192 1
1740 174 196 284 176 11 280 995 361 25 10 33 298 11 522 984 148 12 19 32 10 1 11 39 230 32 19 34 314 16 419 376 202 16 11 8 26 0 8 8 23 0 0 1 24 6 8 3 219 31 10 9 13 1 12 36 376 31 4 18 391 14 109 144 190 8 14 6 16 0 32 28 23 1 0 3 22 0 30 36 10 2 3 1 2 0 0 2 12 0 0 1 14 2 18 18 279 9 6 13 34 1 16 28 36 5 1 1 35 2 14 24 651 31 5 27 18 3 22 134 576 38 3 34 241 22 112 348 379 273 28 387 34 9 28 870 28 6 0 6 13 8 10 197 29 30 1 34 5 1 4 35 15 10 3 13 9 13 3 105 11 23 1 3 0 2 1 10 0 0 0 1 0 0 0 6 26 30 1 19 1 1 1 30 9 13 2 4 3 14 3 53 293 436 24 465 29 28 37 311 13 12 3 7 17 19 20 98 7 19 0 23 2 3 3 27 14 13 2 10 8 31 13 135 562 547 3 137 33 22 11 123 12 8 0 1 11 18 10 31 684 393 8 128 21 14 21 311 153 106 1 52 91 118 38 423 1
2134 155 183 226 214 5 256 1061 246 12 5 9 269 4 326 631 229 16 14 17 17 1 8 27 302 13 15 13 774 14 683 254 205 11 4 5 10 0 5 5 5 0 0 0 12 1 4 4 358 8 8 7 8 1 10 14 368 3 2 3 619 12 151 75 196 7 6 6 20 1 16 24 16 1 0 0 10 1 6 5 14 2 0 1 0 1 2 2 12 1 1 0 19 2 13 4 279 9 6 11 23 0 6 25 14 0 0 0 15 0 1 12 1631 37 6 27 22 1 25 137 1196 9 1 12 307 8 72 137 262 214 4 293 10 8 13 730 5 6 0 4 5 4 4 125 5 10 0 9 2 0 0 6 2 5 0 4 8 17 1 52 7 6 0 3 0 1 0 1 0 0 0 0 1 0 0 2 15 18 0 5 0 0 1 7 2 4 0 0 1 6 2 12 246 462 2 369 13 16 16 210 7 3 0 2 8 18 8 65 5 14 0 3 0 3 0 11 11 8 0 11 15 67 12 110 366 612 1 113 9 13 2 55 3 1 0 2 6 3 1 12 1348 292 5 62 17 8 6 178 232 83 0 7 79 126 13 163 1
964 81 234 267 97 6 260 552 191 11 6 17 236 10 485 639 86 8 12 22 4 2 11 18 205 21 15 19 482 18 898 372 224 18 19 9 12 1 12 12 14 1 2 1 23 2 4 7 229 22 6 14 8 3 11 10 586 28 10 10 754 26 204 102 94 3 16 11 19 1 29 15 10 0 0 0 21 0 26 25 2 1 0 4 0 0 0 0 11 0 0 1 18 1 19 13 256 10 15 11 23 1 6 17 15 1 0 1 26 1 11 6 628 16 9 15 15 0 20 48 907 23 6 10 412 13 110 134 229 206 12 668 12 10 14 809 9 14 2 7 6 8 9 246 9 21 1 29 0 0 0 21 13 16 0 12 14 20 10 145 8 19 0 8 0 1 1 5 1 1 0 1 0 1 0 0 16 13 0 11 0 0 1 6 10 11 1 6 4 15 2 36 231 588 21 984 24 17 21 470 6 11 0 4 10 17 15 142 9 23 2 33 0 2 2 21 14 21 1 10 16 41 7 202 563 757 2 227 28 23 10 130 8 3 0 3 11 13 2 33 819 420 7 126 13 20 10 151 264 156 4 28 125 182 20 292 1
3433 153 173 231 209 12 241 748 426 30 16 27 218 10 480 1030 191 13 20 28 17 1 8 27 233 28 14 31 291 9 377 353 134 19 15 6 15 3 9 11 15 5 0 0 15 2 5 14 233 20 6 10 5 3 14 34 405 20 5 12 430 16 130 128 149 10 16 10 26 0 27 29 21 2 1 0 26 3 26 23 11 2 3 0 2 0 2 1 9 2 4 4 9 3 20 21 197 9 2 11 20 2 14 27 23 0 1 1 26 1 15 25 843 29 8 24 31 3 26 234 1009 22 7 15 340 15 95 315 341 216 22 367 22 11 40 688 27 9 1 6 10 11 12 176 17 16 3 30 5 2 2 42 3 10 0 11 11 7 3 100 11 20 3 8 3 1 0 7 2 1 0 0 0 3 1 4 21 27 0 10 4 2 2 24 7 4 2 5 4 8 5 44 199 353 11 542 19 15 33 295 2 5 1 4 9 14 12 84 3 15 2 19 0 2 0 26 7 15 1 12 10 20 7 129 243 369 7 137 21 14 10 102 3 4 0 3 7 15 6 41 502 193 5 91 28 10 24 280 105 80 1 33 79 110 30 362 1
2520 185 212 211 125 14 167 743 306 20 16 24 145 3 239 898 170 11 13 16 7 0 4 20 205 23 17 22 382 17 534 220 265 19 17 7 12 3 6 4 7 0 0 0 13 1 2 5 254 19 9 8 10 0 5 25 346 15 2 9 661 7 127 85 180 10 14 14 19 0 13 22 18 1 0 2 15 1 20 23 10 0 1 0 0 0 1 3 8 0 0 2 13 1 14 16 220 19 6 6 14 1 8 21 19 0 0 0 18 0 7 18 1067 19 11 20 23 3 24 127 1068 19 3 16 303 12 107 214 334 164 8 281 12 5 17 956 16 8 0 5 6 9 4 176 20 19 0 11 2 1 2 7 8 4 0 7 1 15 6 61 13 17 1 3 1 1 0 5 2 1 0 0 0 3 1 0 30 24 0 4 1 0 1 14 5 4 1 0 5 14 1 6 198 379 15 473 15 12 18 250 13 3 1 3 7 19 7 70 7 12 2 6 1 1 2 8 20 17 2 7 21 59 6 142 395 725 4 142 16 12 6 96 9 4 0 2 6 11 0 16 1419 337 1 86 31 4 21 219 289 88 0 22 107 168 22 281 1
1936 155 436 244 211 23 259 496 386 45 34 42 248 33 356 511 153 21 61 26 15 3 24 29 210 34 54 30 476 32 489 289 455 63 70 20 47 10 15 15 21 1 1 5 30 7 15 16 205 27 16 8 15 3 17 30 217 29 15 9 331 47 127 136 230 15 44 24 21 3 31 36 33 4 6 4 23 0 39 56 14 2 6 5 0 0 0 1 15 4 8 7 30 4 50 28 274 13 14 18 37 7 19 41 38 4 3 7 41 3 27 33 403 25 21 37 19 5 35 130 313 37 13 49 229 30 120 297 395 226 25 273 41 16 44 428 58 26 5 16 22 18 15 184 32 28 4 45 6 2 2 39 18 20 0 12 13 28 8 144 31 58 1 16 5 10 2 18 2 6 0 0 2 13 0 11 40 41 0 12 7 9 0 37 13 20 2 16 8 42 6 84 211 299 43 320 26 31 36 240 17 15 1 8 30 36 20 144 18 28 11 60 0 4 1 28 22 28 9 44 30 100 46 411 301 436 13 125 30 56 21 131 10 13 0 13 23 65 16 91 413 241 12 123 39 36 34 360 135 109 8 67 125 384 75 908 1
2166 181 176 284 226 8 332 947 271 11 6 13 337 9 484 923 213 37 9 23 13 1 6 31 305 21 15 25 527 23 385 309 187 7 6 7 10 1 4 6 8 1 1 0 12 0 2 1 359 23 6 6 14 0 12 23 553 22 2 12 421 17 115 84 229 13 15 5 29 0 21 21 11 1 0 2 15 0 20 12 19 2 2 0 2 0 1 1 6 0 0 0 23 1 10 14 370 6 4 7 24 1 13 20 26 1 0 1 29 0 5 5 1361 29 8 28 38 0 23 98 948 24 4 20 346 14 106 196 283 238 5 429 12 5 18 617 10 10 0 1 8 9 5 152 15 25 1 20 0 1 0 19 11 8 0 10 6 16 3 81 6 14 0 2 1 1 0 2 0 0 0 1 0 0 0 1 15 23 0 8 0 2 0 9 2 14 0 4 0 8 0 28 283 426 8 417 8 23 31 292 6 3 1 1 7 15 3 64 11 20 1 12 1 3 0 19 11 19 1 5 12 50 7 103 502 339 4 78 17 7 8 74 5 0 0 1 7 5 0 13 1070 329 2 88 20 9 13 158 173 82 1 18 80 104 11 195 1
5126 218 406 227 208 27 213 873 349 41 36 41 145 12 224 375 154 22 54 27 14 6 8 27 138 18 62 42 176 22 577 168 341 74 34 10 45 13 21 10 17 3 2 4 36 10 4 8 128 26 13 8 8 8 6 21 120 21 7 13 208 24 76 83 220 22 50 10 17 2 30 28 28 4 7 16 21 4 28 44 19 1 8 1 4 0 3 6 8 2 7 8 21 6 44 23 179 9 13 11 23 2 3 23 33 8 2 7 22 5 18 46 430 29 10 27 19 2 17 199 279 37 4 31 134 19 72 270 341 161 17 167 42 14 36 441 42 7 3 5 8 10 12 105 36 24 1 22 11 2 8 20 11 11 3 9 13 21 11 77 32 56 2 11 5 7 3 10 5 2 0 0 3 14 3 12 48 26 7 9 3 5 5 34 9 13 1 11 6 36 7 50 158 332 38 377 20 24 27 164 12 4 1 12 13 22 11 84 9 16 7 32 3 8 4 23 11 21 2 56 23 109 57 363 254 600 6 84 21 56 19 105 7 11 3 11 20 76 14 63 316 178 12 67 29 28 45 284 49 62 9 59 62 309 53 710 1
3275 187 349 219 284 17 279 977 467 53 22 51 285 13 484 1079 166 24 46 29 16 3 17 45 176 22 56 51 309 25 812 326 285 65 27 8 51 9 14 10 15 3 3 3 34 8 11 17 148 28 3 11 15 2 14 32 136 25 7 13 242 35 92 115 157 9 36 13 21 3 30 22 29 7 7 3 22 2 31 53 8 1 6 2 2 0 2 8 10 2 9 4 17 7 52 30 150 9 7 14 26 0 4 29 26 14 0 3 28 1 22 51 323 18 6 16 29 3 28 209 320 25 8 26 141 17 92 384 287 203 19 182 40 12 43 431 39 12 1 7 14 17 15 148 31 15 4 16 15 3 6 37 8 7 0 15 13 23 10 81 24 41 3 8 7 8 2 12 0 1 1 2 4 13 2 16 33 35 0 11 12 6 10 39 11 8 2 12 9 34 6 68 202 674 28 317 26 19 31 168 4 8 1 3 7 25 23 89 5 10 6 29 0 1 2 14 6 10 13 22 13 122 57 337 191 580 5 75 33 61 11 74 5 4 0 4 18 49 23 55 288 141 4 48 26 15 45 238 51 38 3 54 45 274 58 643 1
1656 157 179 293 191 10 299 1206 314 27 10 31 238 16 458 1132 169 20 14 17 7 0 12 34 275 26 9 22 499 10 473 306 156 4 8 7 14 0 5 12 8 2 0 0 19 3 3 6 261 24 10 12 7 1 13 32 496 17 1 14 566 19 117 111 142 8 18 7 22 0 22 32 17 2 0 2 17 3 15 27 11 1 1 2 2 2 1 4 6 0 1 2 16 1 15 11 199 6 5 12 24 0 11 31 17 4 0 0 20 0 12 21 894 21 8 18 34 4 17 134 786 18 2 18 357 16 108 199 259 264 7 553 16 6 18 906 12 11 0 8 7 15 8 227 19 19 0 17 4 0 0 29 13 12 1 5 7 13 1 108 4 11 0 5 0 1 0 1 1 1 0 0 0 1 0 1 19 21 0 16 0 0 3 22 4 3 0 2 3 6 2 31 216 464 13 797 25 16 28 361 11 8 0 4 3 14 4 93 9 20 0 17 1 4 1 20 13 12 2 10 11 40 6 110 343 496 5 165 16 22 10 113 3 2 0 1 6 3 1 34 791 238 1 71 20 14 19 203 181 77 1 15 92 115 28 298 1
1314 138 124 270 121 6 236 1000 231 11 2 18 219 7 397 683 133 19 7 21 9 3 5 21 257 21 6 28 471 13 557 292 154 6 5 3 6 1 5 6 2 0 0 2 4 0 1 3 229 23 4 8 10 0 8 14 467 12 2 6 508 7 119 82 155 10 6 9 17 2 24 34 18 0 0 0 12 2 13 17 8 0 0 3 1 0 0 2 14 0 0 1 14 1 8 7 236 8 2 15 24 1 8 20 13 0 1 2 20 0 8 9 1385 28 4 14 25 1 11 53 1501 13 5 6 340 10 79 122 308 298 7 569 10 9 10 1374 9 9 0 4 10 10 2 208 9 8 0 23 0 1 0 13 5 2 0 3 6 8 0 65 7 8 0 0 1 1 0 6 1 0 0 0 0 0 0 0 12 22 0 7 0 0 0 8 2 2 0 0 1 7 2 11 276 552 10 537 10 11 19 410 8 2 0 1 8 9 7 60 11 15 1 6 1 0 3 8 12 8 2 5 11 40 6 77 534 532 1 158 20 10 14 101 4 0 0 1 5 4 2 16 1361 354 2 84 8 10 14 153 232 73 0 7 68 83 14 156 1
1706 155 142 258 145 7 251 864 303 12 5 19 247 7 447 849 164 27 11 22 14 2 14 31 268 24 13 29 432 14 448 285 203 12 10 8 12 0 5 8 7 0 0 0 11 0 4 1 313 25 10 16 5 0 11 30 531 27 2 7 399 11 117 101 204 16 11 8 21 4 32 23 19 0 0 0 27 0 22 9 10 0 0 0 1 0 0 0 11 0 1 1 12 2 7 10 365 10 5 16 26 1 16 18 18 0 0 1 25 2 11 3 1262 40 16 28 41 3 36 67 1276 20 4 13 370 13 101 184 290 235 8 443 14 9 18 730 14 12 0 8 4 10 2 153 13 17 0 27 1 1 1 15 6 16 0 8 3 4 0 80 8 8 0 3 1 1 1 1 1 1 0 0 0 0 0 0 18 27 0 5 2 0 0 3 3 12 0 1 3 10 2 15 287 499 11 457 31 13 22 307 9 3 0 0 10 17 9 76 22 14 0 18 1 0 0 17 6 18 0 6 14 30 7 111 566 426 2 118 22 15 12 85 6 1 0 1 5 4 0 12 1268 378 3 104 19 11 11 172 237 109 2 20 75 124 12 258 1
3662 242 362 213 270 35 249 748 472 64 18 45 236 12 375 992 140 29 62 32 17 1 14 36 161 21 43 32 279 19 749 287 311 51 38 11 27 7 18 9 19 5 3 4 37 7 11 7 123 23 14 8 10 4 18 41 156 21 7 14 247 31 95 126 176 19 34 10 21 1 29 27 26 7 1 13 22 1 38 62 17 2 9 0 1 1 4 6 8 1 10 2 14 1 43 19 104 15 8 5 19 3 8 21 21 8 1 9 34 4 17 58 359 17 6 19 18 7 18 186 356 37 6 32 148 18 90 408 331 211 20 238 33 20 46 408 43 10 4 5 16 14 7 160 37 16 1 23 6 3 12 51 10 11 1 15 6 17 11 87 15 69 2 11 6 8 2 11 1 1 1 0 4 4 0 12 31 25 2 16 13 7 12 36 1 11 1 8 2 18 3 70 219 539 24 332 20 23 27 176 11 10 5 5 11 23 17 75 10 19 1 22 1 4 4 15 11 14 6 30 15 104 45 335 174 556 8 84 28 61 18 82 9 8 2 10 13 63 12 65 306 164 6 68 45 25 49 284 58 70 8 51 77 255 67 644 1
2210 189 192 300 175 6 277 1067 285 11 6 14 283 8 459 933 186 21 9 22 12 0 14 37 289 20 10 19 436 10 297 312 157 6 8 7 7 0 5 4 5 0 0 0 10 1 1 4 306 18 10 6 13 0 11 36 421 12 1 4 271 7 77 95 202 14 14 9 10 1 25 40 14 1 0 0 19 0 22 12 18 0 0 3 0 0 1 3 13 0 0 1 11 2 6 17 358 12 9 10 27 1 10 37 12 1 2 1 18 1 3 14 1736 36 13 21 30 1 26 149 1060 14 4 15 309 11 73 198 333 299 5 332 10 7 8 575 8 7 0 2 6 9 5 116 19 19 0 12 0 0 0 7 9 7 0 5 3 13 1 66 5 13 0 3 0 1 0 3 0 0 0 0 0 0 0 2 19 23 0 8 1 1 2 7 4 5 0 0 0 6 0 10 293 528 12 269 13 18 26 296 5 6 0 1 6 9 5 66 10 21 0 5 1 3 1 13 14 13 0 8 7 33 9 106 500 381 2 81 16 11 8 110 0 1 0 0 8 8 0 15 1341 342 2 93 18 15 12 185 245 81 0 9 60 96 9 180 1
1851 124 220 254 153 7 282 1001 298 17 4 16 240 6 363 841 232 23 15 22 10 0 13 19 323 14 16 19 515 21 700 280 223 8 12 9 6 2 8 4 5 0 1 0 7 0 0 1 336 17 6 4 13 2 18 22 371 21 6 8 499 9 115 96 206 12 4 6 17 0 12 31 17 1 0 0 23 0 17 7 18 1 1 0 2 1 2 3 16 1 0 0 15 2 18 11 318 7 4 13 22 0 8 24 10 0 0 0 21 1 7 9 1801 25 6 27 38 2 32 127 1233 6 3 12 311 11 97 169 224 207 4 265 11 8 13 631 10 4 0 3 6 8 3 164 19 17 0 5 0 2 0 6 8 7 0 5 7 14 0 72 7 8 0 4 0 0 0 1 0 0 0 0 0 0 0 0 21 22 0 9 0 2 0 10 2 5 0 1 2 5 1 12 249 438 6 340 21 19 21 234 10 4 0 1 9 21 12 71 10 10 0 9 0 1 0 11 20 10 1 10 13 71 13 150 396 551 0 93 8 8 6 76 4 4 0 0 9 6 0 8 1314 298 3 83 15 10 11 149 207 71 2 13 78 139 12 194 1
1605 137 166 208 127 6 213 701 494 43 24 42 206 7 527 1064 142 39 20 30 7 0 11 36 231 29 20 46 187 7 362 380 167 10 9 10 14 2 11 11 19 0 0 0 19 1 3 10 247 38 4 11 12 0 10 36 304 20 5 23 240 21 92 125 185 13 16 14 20 2 27 36 46 5 2 5 23 1 36 32 16 1 1 1 0 0 4 1 14 1 1 3 11 3 25 33 261 8 9 11 21 1 19 40 28 4 1 5 37 0 16 30 909 36 16 35 34 7 40 208 727 48 8 28 284 20 134 416 550 209 19 269 20 10 38 679 48 6 1 11 23 11 17 205 52 38 2 25 6 1 2 31 22 14 0 14 11 16 2 78 21 15 1 7 1 2 1 5 1 1 0 1 0 1 1 1 58 39 1 12 2 2 3 32 11 7 0 3 6 15 6 48 274 241 14 285 28 16 39 250 20 8 2 4 11 9 14 79 21 16 1 14 1 1 3 13 14 13 1 15 13 20 11 91 545 318 6 112 44 14 22 142 16 8 0 5 16 10 19 41 1369 452 7 154 46 24 35 412 245 107 2 42 112 114 52 527 1
1878 199 177 336 198 14 321 1149 307 14 8 15 338 11 504 750 185 19 8 29 10 0 5 42 315 15 8 26 547 18 396 345 190 11 5 6 7 0 2 11 8 0 0 0 6 0 2 4 314 25 4 12 11 1 11 27 514 14 1 7 447 8 123 105 192 13 10 11 14 0 22 41 10 1 0 0 17 3 28 21 17 0 1 1 4 0 0 1 7 0 1 3 21 2 5 15 290 11 6 10 27 2 9 32 17 2 1 0 27 0 9 12 1206 32 7 27 33 6 20 83 1149 10 5 10 351 7 84 188 305 314 4 453 12 13 19 833 15 8 0 4 8 15 4 158 15 20 0 12 0 1 1 9 9 10 0 6 7 9 2 69 8 6 0 4 0 1 1 3 0 0 0 0 0 0 0 1 15 23 0 5 0 1 1 17 2 1 0 1 1 11 0 8 261 453 7 310 16 19 28 322 10 4 0 2 4 13 4 90 7 13 0 6 2 1 0 17 7 13 0 5 13 34 9 103 469 394 3 108 18 11 10 114 4 1 0 0 10 5 3 13 1004 351 2 84 16 12 12 176 217 70 1 11 81 99 10 180 1
1661 173 187 284 174 12 299 1066 286 21 16 26 259 12 477 1009 170 15 11 22 8 3 12 30 240 17 14 24 481 24 532 339 169 14 9 4 4 1 5 7 10 1 0 0 5 0 3 5 283 21 9 10 10 0 20 22 523 18 4 4 579 12 145 124 132 5 16 9 20 0 22 44 18 4 0 0 14 0 21 26 13 1 2 0 0 0 1 4 10 1 0 0 16 1 14 12 203 15 4 10 27 0 12 33 14 3 0 0 22 1 12 17 782 27 6 15 33 1 23 111 871 26 5 16 353 9 106 201 307 311 5 502 17 14 13 935 13 7 0 7 9 13 8 227 21 17 0 24 2 4 0 26 10 10 0 11 7 13 2 88 7 19 1 7 1 0 1 5 0 0 0 1 1 1 0 2 26 25 2 9 0 1 0 15 2 7 0 2 0 7 3 16 234 543 11 741 21 21 23 415 9 3 0 1 7 16 6 116 11 9 0 17 2 3 1 10 10 12 1 10 14 45 11 123 328 558 6 163 19 18 12 111 1 7 0 2 3 10 5 32 718 287 2 93 28 23 19 213 168 74 2 15 72 92 31 273 1
2590 165 201 204 151 16 207 787 319 10 5 8 217 10 233 558 210 22 17 13 9 1 11 26 264 18 13 22 363 16 415 239 229 18 10 6 19 1 7 6 8 0 0 1 11 2 5 3 353 13 9 7 9 1 10 34 430 19 4 6 606 14 129 72 183 13 19 6 14 2 18 25 13 0 0 0 14 0 16 3 7 1 0 3 0 0 1 2 9 0 1 1 21 4 10 7 315 6 8 14 15 1 6 20 17 0 0 1 21 0 6 18 1553 37 9 28 36 3 38 213 1238 13 8 11 374 9 86 200 296 206 8 271 10 9 14 687 22 4 0 3 7 7 6 133 13 9 1 11 1 2 1 7 11 7 0 10 4 13 1 54 9 12 2 5 0 1 0 2 0 0 0 0 1 1 0 1 21 20 1 8 0 1 1 12 1 7 0 1 4 8 0 13 265 377 14 501 11 20 15 218 4 6 0 6 11 20 6 57 14 18 0 14 1 3 3 10 14 19 2 13 18 50 14 131 391 557 3 132 12 11 10 67 2 0 0 1 6 7 2 11 1222 370 1 78 17 11 14 229 248 111 0 10 96 156 20 215 1
1507 144 169 211 134 4 272 969 300 13 7 20 259 11 433 843 168 12 7 34 9 0 4 28 279 20 9 11 366 18 441 326 168 9 6 6 8 0 8 6 7 0 1 0 7 0 2 9 318 28 5 10 2 0 9 28 529 16 3 15 417 14 96 85 191 7 9 9 18 2 27 35 21 0 1 0 15 0 11 12 7 0 1 0 0 0 0 2 10 1 0 1 14 2 11 13 323 10 7 15 23 0 5 30 17 0 0 0 24 0 7 18 1531 35 13 32 34 2 41 111 1269 27 6 19 341 11 110 199 318 239 5 455 16 12 15 760 13 10 0 4 7 9 1 194 19 18 1 15 0 1 0 22 8 12 1 7 7 18 0 71 9 8 0 2 0 1 0 1 0 0 0 0 0 0 0 1 16 17 0 6 0 1 0 17 3 17 0 2 3 12 0 14 308 417 8 450 13 12 16 287 5 5 0 1 9 11 6 70 16 21 0 19 1 0 0 14 10 16 0 14 12 31 11 94 546 365 4 114 15 15 11 106 6 1 0 0 5 8 1 7 1369 366 6 118 19 13 15 191 233 96 4 26 92 110 9 248 1
1722 150 179 233 131 9 227 1057 258 15 7 12 221 5 306 734 188 14 17 19 13 0 12 34 257 13 6 14 533 17 563 278 235 9 23 5 15 0 7 12 10 0 2 0 16 1 0 2 309 18 15 7 9 2 8 25 464 8 2 7 673 13 143 89 153 10 7 14 11 2 16 25 14 0 0 0 11 1 18 14 9 3 0 0 2 0 1 0 8 1 0 1 22 3 17 14 290 14 6 14 14 0 6 28 13 0 0 1 18 0 8 4 1493 39 11 38 35 4 21 136 1160 12 6 8 357 11 72 159 286 249 7 328 14 12 10 853 23 8 0 2 7 11 3 168 19 5 0 14 1 1 0 9 6 5 0 5 11 11 2 78 9 8 0 1 0 1 0 6 0 0 0 0 0 0 0 3 11 15 1 1 0 2 0 7 2 4 0 0 0 6 1 11 266 458 12 410 10 14 21 248 7 6 0 3 9 17 7 85 16 23 0 11 1 3 1 6 13 18 0 5 20 46 11 122 381 583 4 141 18 13 8 109 2 1 0 0 2 11 3 11 1259 335 5 86 14 10 13 183 243 94 0 15 120 156 17 233 1
2228 248 233 346 249 10 313 963 243 13 8 13 324 12 374 609 224 25 9 23 10 2 7 31 337 25 12 26 467 28 423 287 217 14 6 7 11 1 4 8 7 0 0 0 8 1 3 2 354 30 5 14 13 3 12 17 365 21 5 7 372 3 87 79 255 9 14 11 23 3 25 40 12 0 0 0 20 1 14 7 17 0 0 1 2 0 1 0 12 0 1 0 22 1 9 6 344 9 4 12 25 2 6 25 17 0 0 0 34 0 10 13 1372 42 8 26 42 1 34 125 679 21 1 8 291 15 90 170 305 350 5 480 10 10 16 740 13 7 1 3 4 16 4 125 15 25 0 20 1 0 2 20 6 5 0 6 7 19 1 71 8 14 0 6 1 1 0 0 0 0 0 0 0 0 0 1 13 32 0 6 0 1 0 11 3 10 0 1 1 5 0 11 369 592 9 446 27 14 29 358 8 5 1 4 7 12 7 65 8 17 0 13 0 2 1 6 12 10 1 12 20 44 7 122 571 497 4 105 19 12 13 93 3 1 0 3 8 11 3 21 830 376 5 101 10 14 15 174 164 80 0 13 66 118 17 187 1
1575 165 144 263 151 5 284 973 354 16 12 20 281 14 474 1007 162 19 10 25 11 1 6 31 289 24 8 22 345 8 289 347 165 9 10 5 8 0 5 10 10 0 0 2 8 1 4 7 287 25 6 8 11 0 8 35 417 19 1 6 366 9 111 158 165 12 11 13 24 0 26 41 19 0 0 1 17 1 17 20 10 0 0 2 0 0 2 2 12 1 1 0 13 1 9 12 296 13 3 20 20 2 20 36 21 0 0 0 19 1 9 18 1127 38 7 35 31 4 38 122 982 24 1 21 356 14 108 260 407 287 8 486 23 5 26 890 17 8 1 4 12 11 4 196 17 29 0 18 0 0 0 17 12 11 0 9 8 10 1 81 6 7 0 2 0 1 0 5 1 2 0 0 0 0 1 2 33 18 0 9 0 1 0 14 4 6 0 2 5 5 3 21 340 414 8 343 21 5 15 354 11 7 0 2 8 12 5 66 9 23 1 9 0 4 2 12 10 20 0 6 7 27 4 91 470 325 2 120 20 8 5 125 6 1 0 1 6 8 1 11 1530 332 5 142 16 12 16 267 210 83 0 22 98 99 14 243 1
2097 166 397 243 132 25 221 617 424 50 23 57 192 17 288 566 120 24 53 30 11 1 16 31 161 24 39 44 194 24 419 246 397 51 70 25 42 9 14 18 28 2 1 4 28 10 12 13 186 38 21 15 16 2 20 41 204 43 14 22 266 43 140 123 137 11 42 16 17 1 32 41 43 5 7 5 23 0 36 57 14 0 9 5 2 4 5 8 7 2 3 6 25 4 45 35 209 14 21 23 37 2 17 32 35 6 2 7 38 3 20 58 538 26 12 22 19 5 27 160 355 37 7 47 238 33 119 387 474 225 37 292 53 16 54 843 59 20 7 14 20 20 17 195 30 22 2 37 14 2 4 55 13 20 2 15 20 20 13 153 32 53 1 20 3 8 3 21 5 4 0 0 5 7 2 12 32 34 3 26 4 8 5 40 9 16 3 14 9 32 13 98 177 250 35 335 29 30 41 285 14 21 3 24 19 31 32 130 11 27 5 42 2 3 10 30 19 32 7 41 28 102 50 373 258 403 9 132 34 56 19 131 14 11 3 9 23 47 10 86 439 217 14 116 40 26 29 412 142 112 11 57 113 357 73 900 1
1909 175 198 298 254 16 364 1405 304 15 14 20 312 8 514 1048 156 17 15 26 14 0 11 37 299 18 23 19 578 20 516 361 160 8 11 7 13 2 8 6 8 0 0 0 16 2 5 7 247 27 5 8 9 1 9 24 406 17 8 9 551 19 142 113 140 7 15 7 8 0 21 29 18 1 0 1 21 1 19 17 6 0 2 1 0 0 2 2 9 1 0 4 29 2 11 12 178 4 6 9 22 0 12 26 13 0 0 0 34 0 11 16 1022 23 6 26 26 4 21 111 959 16 4 13 292 11 124 189 271 236 7 431 13 18 18 900 21 10 1 4 11 7 3 214 12 9 0 18 2 1 2 16 6 8 0 6 9 16 4 103 6 12 1 4 0 2 1 4 1 1 0 0 0 0 0 3 24 22 0 3 1 0 1 12 5 11 0 2 6 14 2 19 207 383 14 624 12 17 23 314 8 7 0 7 11 12 12 112 7 22 1 12 0 3 1 12 6 13 2 6 13 47 15 127 268 296 4 118 21 14 7 81 2 2 0 0 7 16 2 16 804 210 3 81 16 20 17 191 194 53 4 11 80 104 26 276 1
2713 208 281 257 151 18 226 999 272 15 13 23 189 11 310 642 135 12 29 22 3 2 7 16 167 19 25 27 352 16 726 226 241 35 20 13 19 1 9 10 9 3 1 0 15 3 9 4 250 31 5 7 10 0 10 17 237 17 5 9 376 22 136 66 169 12 13 9 13 2 24 33 19 0 0 0 22 0 19 30 13 2 2 1 0 0 0 2 4 2 3 0 19 0 33 20 296 10 9 15 15 0 10 22 15 3 0 3 21 1 8 18 1009 32 5 34 21 1 21 167 587 17 4 10 192 13 80 217 359 279 9 396 14 4 16 1012 24 8 2 4 7 9 6 213 17 13 0 20 2 0 2 21 9 8 1 7 6 19 0 108 14 28 1 7 0 2 0 4 1 0 0 0 1 2 0 1 13 31 1 5 1 1 2 12 3 6 1 1 2 10 1 23 202 401 17 529 23 14 31 308 11 7 0 1 9 19 15 108 5 24 3 15 1 2 1 13 10 19 3 20 10 78 27 222 350 648 6 132 34 41 7 110 5 9 0 1 11 23 2 34 829 290 6 97 15 22 20 298 171 81 4 29 79 235 25 349 1
1776 189 138 335 173 10 270 1013 252 6 4 12 265 4 435 727 195 33 15 23 12 1 16 34 341 10 7 28 496 18 364 263 188 18 7 2 10 1 0 6 4 0 0 0 8 1 4 3 357 22 3 6 14 0 10 16 531 15 3 6 413 10 120 97 161 16 8 11 17 0 14 35 18 0 0 0 17 1 19 15 8 0 1 1 1 0 0 2 15 0 0 1 21 0 5 11 324 10 5 14 25 1 10 26 18 0 0 1 20 1 7 15 1479 36 8 22 35 4 17 70 1488 17 4 7 352 10 91 131 275 260 1 419 9 9 20 766 9 5 0 4 9 4 2 142 15 14 0 13 1 0 2 13 2 5 0 6 2 6 4 69 3 7 0 4 0 0 0 1 0 0 0 0 0 0 0 0 18 26 0 6 0 1 1 11 3 11 1 1 2 2 0 12 273 511 7 279 16 14 27 287 4 3 0 1 10 12 6 77 10 17 0 7 2 1 1 11 17 11 0 5 10 35 5 67 614 486 3 103 14 12 4 100 6 1 0 1 6 7 3 13 1238 374 3 85 21 4 8 151 258 81 2 17 83 93 18 187 1
1597 182 251 273 128 11 226 1173 251 19 7 13 199 6 321 909 164 7 17 16 11 1 8 25 221 16 15 22 524 15 506 264 267 16 19 8 19 2 5 16 15 0 0 1 21 1 10 6 268 31 8 17 13 1 13 21 379 17 6 5 605 27 147 87 169 12 21 9 13 1 21 36 10 1 0 1 12 0 19 21 7 0 2 0 0 1 1 3 3 0 2 0 16 0 17 17 282 9 12 15 19 3 12 36 24 1 0 2 31 1 9 20 1212 22 6 29 26 2 22 179 886 24 1 14 262 17 85 211 307 246 12 442 17 10 23 895 22 19 0 4 6 18 5 193 16 13 0 26 1 1 0 20 8 15 0 10 4 20 2 107 7 15 0 7 1 1 0 4 1 0 0 0 0 0 0 5 8 20 0 10 1 1 3 17 3 11 0 4 5 20 0 23 229 405 23 550 24 16 27 318 5 7 0 8 10 18 11 120 14 22 1 19 0 0 1 16 11 28 0 19 20 79 10 185 362 363 3 133 8 20 6 94 4 4 0 3 9 10 3 32 1009 276 7 93 12 19 19 224 241 95 1 27 98 186 22 358 1
1617 183 175 312 148 12 259 827 232 10 2 10 254 6 502 840 205 20 8 29 15 0 6 26 308 23 14 19 483 12 445 291 187 8 8 2 12 1 4 4 4 0 0 0 7 0 1 0 348 29 4 6 14 0 16 21 533 20 7 5 424 9 88 68 202 12 13 6 34 1 25 22 10 0 0 0 18 1 23 9 11 0 1 0 1 0 0 1 17 0 1 0 16 0 8 10 347 6 4 9 19 1 7 13 17 1 0 2 22 1 6 10 1490 33 7 19 35 1 25 83 1426 8 3 15 327 7 91 163 208 336 2 424 8 10 8 793 10 9 0 2 10 9 0 139 13 30 0 17 1 2 0 11 2 7 0 5 1 17 1 59 7 7 0 5 0 0 0 1 0 0 0 1 0 0 0 0 24 21 0 7 0 0 2 8 4 5 0 1 2 4 0 11 330 526 7 392 15 21 28 305 9 2 0 1 4 12 7 84 16 17 1 16 1 3 0 2 14 10 1 6 13 27 7 104 569 494 1 66 29 14 8 82 2 0 0 1 6 8 1 17 1249 363 5 96 12 10 15 147 232 96 2 17 84 108 18 164 1
1471 166 304 269 106 10 209 1074 305 20 10 17 207 9 300 870 171 17 17 21 10 0 8 24 253 20 19 23 523 19 502 230 307 23 20 12 27 3 16 10 11 1 0 2 25 0 7 9 279 18 19 9 13 0 9 26 397 27 10 10 579 23 142 100 167 11 15 15 10 0 18 29 20 1 0 1 16 1 16 24 8 1 2 1 1 0 0 1 13 1 0 7 24 2 24 11 305 15 5 16 15 2 10 30 25 0 0 1 29 4 10 13 1013 22 11 24 22 0 28 161 752 17 5 11 300 22 89 229 348 255 11 467 19 13 16 855 31 12 2 8 14 13 5 214 19 17 0 19 2 0 1 31 12 11 1 13 12 22 5 101 6 13 0 8 0 1 0 6 0 0 0 0 1 1 0 0 27 25 2 15 0 0 2 13 3 12 0 2 8 19 2 34 263 384 26 538 28 19 24 302 11 10 1 1 11 18 8 105 14 24 3 24 1 1 1 16 8 23 0 16 24 112 8 242 352 394 5 130 19 19 8 105 3 4 1 1 11 25 4 33 1002 273 3 106 23 16 17 252 235 114 4 28 97 229 27 385 1
2478 196 156 298 217 8 299 861 263 11 5 20 272 10 406 881 315 23 7 15 10 0 10 28 350 27 9 11 483 12 306 291 194 8 6 7 7 0 5 6 5 0 0 0 7 0 1 3 456 16 3 10 10 1 11 22 538 17 2 6 405 7 89 90 338 15 7 11 12 1 25 34 14 0 1 0 17 1 16 13 16 3 2 0 0 0 0 1 21 0 1 2 16 2 9 12 410 6 3 13 21 0 10 18 17 0 0 1 31 1 3 9 1667 35 4 24 33 1 29 98 988 11 5 11 359 12 79 170 268 235 4 344 11 6 6 487 9 6 1 3 5 5 3 150 16 22 0 15 0 4 0 14 8 6 0 6 1 13 1 82 5 15 0 0 0 1 0 2 0 0 0 0 1 1 0 2 18 22 0 4 0 0 0 10 3 4 0 1 1 6 0 12 312 470 11 355 21 22 28 267 11 8 0 2 5 13 8 73 16 26 1 8 0 1 1 9 11 11 1 4 18 36 6 81 513 384 1 81 27 6 7 94 2 2 0 1 8 8 0 10 972 347 4 70 15 10 13 150 151 84 2 11 84 93 14 196 1
890 128 325 305 79 9 237 529 153 9 11 13 178 8 696 681 104 25 12 16 7 1 9 20 271 19 21 27 587 13 1192 482 261 23 12 12 14 0 10 9 9 0 0 0 12 0 8 3 315 20 15 9 13 0 9 10 558 21 4 13 717 18 234 87 74 4 17 11 11 2 19 11 9 0 0 0 23 0 29 15 1 0 1 1 1 0 1 1 5 0 0 0 28 0 23 21 221 4 7 7 24 0 8 11 15 0 0 1 16 0 16 5 517 16 9 9 13 1 14 29 613 7 3 5 457 11 118 96 142 267 7 559 8 7 6 586 9 9 0 3 8 9 9 219 9 11 0 23 0 2 0 14 7 8 1 6 4 13 4 141 10 32 0 8 0 1 1 1 0 0 0 1 0 0 1 3 11 26 1 8 1 3 0 8 2 16 0 1 1 9 0 13 226 646 18 930 23 37 22 437 7 8 0 5 16 16 7 166 11 22 0 11 0 1 0 10 11 15 1 15 20 64 18 237 621 1095 8 248 25 29 10 121 5 1 0 0 13 11 4 29 689 461 4 103 22 19 6 91 239 119 0 10 171 188 21 258 1
1171 144 151 228 161 5 220 674 198 6 4 8 226 10 362 540 128 27 8 17 9 1 9 23 211 19 3 15 456 12 402 251 148 9 2 4 2 2 3 4 2 0 0 0 5 0 1 2 269 23 5 5 8 2 8 19 410 11 1 9 352 12 83 58 127 5 2 7 18 1 19 18 11 0 0 0 15 0 11 7 6 0 0 0 0 0 1 4 8 2 0 1 19 0 7 7 254 5 3 10 17 2 6 14 10 0 0 2 17 0 8 6 929 21 6 12 25 1 22 47 960 5 4 8 287 8 75 130 193 220 3 373 10 10 8 697 10 3 0 0 2 4 1 137 10 13 0 20 0 0 0 10 7 5 0 4 8 11 1 61 8 12 0 2 0 0 0 1 0 0 0 0 0 1 0 1 15 15 1 3 0 1 0 5 1 2 0 1 2 10 1 10 243 370 10 289 19 21 14 232 5 6 0 2 8 21 3 40 12 10 1 7 0 0 1 11 12 9 1 9 13 24 5 88 394 342 3 84 5 5 5 82 5 2 0 0 6 10 1 10 727 254 3 64 7 8 7 118 163 66 2 15 57 72 12 152 1
2044 160 207 215 136 11 199 672 531 30 18 36 197 14 316 665 173 30 28 23 7 1 7 25 215 23 33 38 271 19 636 289 226 27 20 8 17 1 10 10 15 1 1 0 20 1 6 3 204 37 10 9 16 1 9 29 263 18 5 20 299 20 122 110 180 9 25 16 15 1 26 28 37 4 2 1 22 2 31 36 21 2 6 0 2 0 3 4 10 4 1 3 25 0 44 23 265 11 10 16 26 3 23 29 43 2 1 3 26 1 23 42 935 35 12 31 23 2 35 228 722 44 5 33 230 15 120 457 556 207 16 226 29 13 36 661 61 19 0 10 18 12 12 171 43 22 2 36 1 0 3 23 8 11 4 14 11 16 9 91 28 33 0 3 4 2 2 4 0 0 0 0 0 4 1 3 57 41 1 20 4 4 2 34 5 9 1 5 1 19 6 45 275 245 21 310 26 8 28 211 16 12 3 3 16 17 15 83 11 19 0 22 3 4 2 17 8 21 6 25 27 40 30 174 419 483 11 97 38 50 17 110 19 6 1 4 21 30 16 42 998 320 11 117 43 24 36 517 192 97 3 48 115 181 42 578 1
1281 127 137 223 95 5 167 809 230 14 6 16 200 6 429 767 129 13 7 19 9 0 9 21 264 13 9 14 537 9 700 316 126 5 8 4 7 1 4 3 7 0 0 0 8 1 3 1 283 19 5 7 8 0 7 22 526 14 6 4 667 6 159 91 125 7 16 13 18 0 20 14 20 0 0 1 12 1 15 11 10 0 0 2 0 0 2 2 6 1 0 0 9 0 11 14 257 6 4 8 13 0 13 16 19 1 1 0 20 1 6 12 1293 22 5 21 24 0 20 100 1379 16 0 13 377 12 90 159 259 249 6 495 15 10 22 1033 19 6 0 6 5 3 7 180 14 12 1 14 1 0 1 11 4 9 2 3 2 6 7 53 9 11 1 3 0 1 0 0 0 0 0 0 0 0 0 0 13 21 0 11 0 1 1 9 4 2 0 3 1 3 2 6 238 573 9 539 15 17 13 407 11 6 0 3 6 6 10 65 5 15 2 5 0 0 0 8 11 10 0 1 8 30 2 73 554 748 6 187 19 13 8 110 0 2 0 3 4 6 1 16 1344 386 2 94 17 14 21 180 278 76 3 14 95 71 22 144 1
3117 99 255 134 128 14 191 455 380 40 14 23 153 14 137 360 132 13 18 22 11 2 10 27 158 24 9 32 135 16 114 153 224 21 22 15 20 4 13 14 29 4 1 2 41 2 9 8 199 23 12 10 15 3 8 25 290 43 8 15 344 39 64 117 684 14 25 16 29 1 27 28 56 9 1 6 26 2 20 26 17 5 3 2 1 0 2 3 19 6 3 4 18 4 15 13 480 12 16 10 33 1 12 23 59 13 1 9 37 4 10 29 1063 27 21 31 35 1 20 221 665 65 8 72 277 34 96 348 438 128 31 300 53 15 56 659 47 13 2 12 20 14 6 94 33 22 3 44 9 1 8 73 11 11 2 18 12 22 11 117 12 14 2 10 4 2 8 6 2 2 0 2 0 2 1 4 35 29 2 32 5 2 4 53 10 15 1 15 14 24 9 110 298 250 37 278 14 15 34 230 10 7 4 7 9 10 12 88 14 17 3 25 2 3 3 43 10 21 5 29 18 64 17 188 449 148 4 79 16 13 11 78 11 6 2 10 14 21 5 33 617 232 6 105 35 18 35 378 140 99 3 71 71 181 45 599 1
3041 122 250 167 151 17 196 524 332 31 11 35 166 7 143 409 148 12 17 17 8 0 10 26 183 23 15 30 171 18 135 187 200 14 21 6 34 3 6 8 32 4 2 1 41 3 5 9 221 22 14 11 13 2 10 20 299 45 17 32 365 39 81 108 667 16 29 6 30 1 24 29 47 5 3 4 23 2 21 30 20 1 4 2 2 0 2 1 22 2 3 1 22 0 16 11 401 8 7 9 26 3 13 12 65 15 3 6 34 1 17 31 1139 21 11 29 24 3 29 186 656 62 6 53 329 30 103 283 436 139 26 280 45 15 86 729 33 11 1 8 11 10 10 126 33 14 1 41 10 4 5 75 11 10 2 14 9 13 3 90 9 11 0 8 0 1 2 5 1 2 0 3 1 4 2 5 25 32 1 30 6 1 5 46 11 15 1 19 7 25 8 70 299 269 37 291 25 13 40 261 9 5 0 6 11 14 9 88 15 21 3 34 0 4 4 25 12 11 7 22 24 47 18 188 442 196 9 85 12 10 25 73 11 6 1 6 13 7 4 27 617 244 2 116 24 10 33 341 135 94 4 73 93 155 50 530 1
1481 199 250 356 192 13 342 724 224 10 8 13 297 14 747 788 167 28 8 15 10 0 8 20 280 20 25 33 706 24 1027 513 193 14 7 6 17 1 4 2 1 0 0 0 10 0 7 4 315 12 3 10 11 2 8 11 466 16 4 9 512 6 163 77 164 7 15 13 20 1 26 25 10 0 0 0 23 0 27 12 11 0 1 0 0 0 0 3 8 1 0 0 16 2 26 13 304 6 5 7 21 0 8 11 11 0 0 1 25 1 6 8 650 27 4 9 21 0 12 50 532 5 1 5 347 6 94 111 181 333 4 528 12 10 14 592 6 4 1 4 3 6 2 155 11 23 0 17 1 1 0 5 10 10 0 4 9 14 5 99 8 22 1 4 0 0 0 1 1 0 0 0 1 1 0 2 14 30 0 5 1 0 0 8 1 5 0 1 3 9 1 11 282 683 11 606 16 24 23 411 6 3 0 2 6 17 10 119 11 18 1 13 1 0 0 9 14 17 0 3 17 37 11 137 677 932 5 129 29 25 5 105 5 1 0 1 9 13 1 25 766 453 5 61 10 15 9 95 148 91 0 13 94 123 21 191 1
1750 124 124 185 115 3 179 729 279 13 10 10 182 7 299 701 248 11 11 18 12 0 9 27 285 13 8 16 400 9 382 200 203 9 14 0 8 0 3 7 10 0 0 0 10 0 2 5 378 17 3 9 9 1 3 21 555 17 3 8 601 12 119 89 195 9 7 11 14 0 17 19 22 1 0 0 22 1 8 9 14 1 1 0 0 0 2 2 9 0 2 0 12 1 7 10 349 6 6 11 18 0 8 20 25 0 0 0 19 0 11 13 1794 31 2 29 28 1 25 125 1596 23 2 13 368 8 89 204 319 208 7 298 16 5 8 915 20 4 0 1 1 6 6 139 24 15 1 12 0 0 0 13 7 8 0 5 6 9 1 40 5 5 0 2 1 0 0 3 0 0 0 0 0 2 0 0 16 17 0 4 0 0 0 12 3 7 0 1 3 6 0 15 286 404 12 400 22 14 22 210 11 2 0 3 7 5 5 64 17 14 2 9 1 2 2 3 16 13 2 7 16 36 5 103 482 452 3 109 17 5 4 90 5 1 0 1 5 10 0 7 1555 327 7 101 21 13 18 244 275 79 3 19 87 117 25 216 1
2673 164 255 189 137 8 182 801 464 30 24 39 198 12 262 556 151 22 23 22 10 1 21 32 207 20 43 30 267 22 644 229 221 24 18 11 28 7 14 12 16 1 1 1 28 2 2 5 221 22 8 16 11 2 22 26 241 19 8 16 306 26 124 113 126 13 22 10 12 3 22 26 37 2 1 1 23 0 30 39 18 1 4 2 0 0 1 2 17 1 4 1 14 0 48 24 223 11 5 13 19 1 10 35 37 2 2 4 27 2 19 32 1015 31 12 35 26 3 21 267 853 40 13 30 208 23 107 400 482 194 16 251 39 14 32 652 50 15 0 11 17 9 9 176 28 19 6 26 7 1 4 28 18 13 0 15 7 19 6 91 23 37 3 4 5 4 2 7 5 0 0 1 3 4 1 5 43 29 1 9 5 2 3 30 10 11 1 4 6 14 4 54 160 229 15 305 26 19 26 223 16 10 3 7 16 13 16 78 12 18 4 21 4 3 2 21 11 17 7 20 16 53 32 210 300 545 10 133 33 34 14 124 10 4 0 4 24 33 8 38 986 278 6 108 33 19 24 378 200 80 7 35 100 169 64 565 1
1926 208 153 314 146 9 274 979 218 17 3 13 261 11 387 654 190 27 7 15 9 0 13 20 282 14 11 12 474 13 404 270 195 6 9 6 11 0 2 6 6 0 0 0 7 0 1 1 380 18 8 12 7 0 10 16 581 15 2 9 436 12 86 71 218 13 11 6 15 1 24 35 16 0 0 0 15 0 16 19 17 1 1 0 0 0 0 0 20 0 2 0 12 0 12 12 356 6 6 14 27 0 10 23 17 1 0 1 21 2 6 6 1412 37 9 25 28 1 12 89 1440 16 1 8 367 14 86 145 282 299 4 488 9 12 10 730 6 3 0 2 8 7 1 143 13 26 0 13 3 1 0 9 7 8 0 14 4 12 2 58 5 5 1 2 0 0 0 1 1 0 0 0 0 0 0 0 12 20 0 8 1 0 0 4 3 4 0 3 3 1 0 11 324 541 8 300 17 16 14 287 8 13 0 0 9 7 4 83 14 32 1 7 0 1 0 7 6 9 1 7 10 31 6 92 576 410 4 102 10 16 9 92 3 0 0 0 7 6 0 9 1243 369 1 100 14 11 10 170 235 82 1 12 108 92 15 184 1
2027 162 175 224 205 10 269 1155 294 9 8 14 272 10 405 1134 189 13 6 24 12 1 10 32 289 14 10 22 547 16 469 321 197 11 9 7 12 0 2 9 5 1 0 0 13 0 4 2 325 27 9 6 10 2 11 25 504 10 1 7 531 6 131 85 216 7 6 8 22 1 19 28 19 0 0 0 16 0 13 11 12 0 0 0 0 0 0 4 15 1 0 4 22 2 13 13 289 9 5 8 12 1 7 20 18 0 0 0 21 0 5 5 1447 29 8 18 33 2 30 99 1466 16 8 17 372 5 104 195 239 198 5 278 12 7 11 801 12 13 0 3 7 5 2 182 10 12 1 10 0 0 0 11 4 3 0 7 4 17 3 66 4 17 0 2 0 0 0 3 0 0 0 0 0 1 0 1 17 21 0 6 0 0 2 8 1 4 0 0 2 9 0 16 251 386 20 354 16 13 14 221 5 4 0 2 13 13 9 59 14 16 1 9 0 1 0 8 12 11 2 5 14 28 11 83 363 389 2 83 11 12 7 78 8 4 0 0 2 4 0 12 1002 286 2 70 18 11 10 161 259 83 2 16 93 95 18 160 1
3882 86 225 153 263 13 237 657 564 32 10 33 312 8 224 525 172 10 17 27 17 1 12 34 247 19 19 30 1283 13 257 246 158 13 23 6 20 3 13 11 27 2 2 1 26 4 4 10 167 21 7 15 14 0 21 36 299 36 7 25 427 32 77 122 103 6 23 8 29 1 18 19 70 8 1 8 20 1 13 39 7 0 7 1 2 0 1 2 12 1 2 0 9 2 11 14 126 8 9 16 22 1 18 29 64 8 3 9 31 4 14 39 311 15 9 19 27 7 30 269 618 77 7 54 256 18 101 495 434 116 20 244 62 9 74 652 44 11 4 7 17 13 8 137 31 24 0 40 10 4 5 67 13 14 3 9 13 17 4 99 19 9 0 4 0 2 0 4 4 1 1 1 0 1 1 7 23 15 3 20 9 4 9 69 7 12 0 8 5 27 7 60 108 121 24 236 29 10 41 222 13 10 1 5 17 16 8 61 5 7 4 20 5 2 1 23 11 13 4 16 13 63 28 205 143 110 4 63 27 5 11 70 6 7 2 5 8 7 4 35 298 134 7 100 19 17 22 402 113 69 3 56 60 149 43 581 1
1552 152 145 324 142 11 275 1287 284 20 6 16 209 11 358 870 168 17 10 22 5 0 9 30 233 14 5 29 331 19 408 291 151 9 6 7 5 1 8 8 12 0 1 1 6 2 1 4 280 21 6 6 10 0 10 23 417 17 2 10 404 9 84 75 171 10 10 12 15 0 15 35 14 1 0 0 14 0 23 11 17 2 2 1 1 0 2 2 7 0 0 1 14 0 14 13 302 12 5 11 24 0 9 30 16 0 0 1 16 0 8 15 1504 31 3 26 23 0 24 82 1004 15 4 11 289 7 61 176 300 292 8 497 12 10 18 1037 19 7 0 3 5 8 2 206 9 20 0 14 0 1 0 15 7 7 0 14 3 13 1 71 3 15 0 5 0 0 1 2 0 0 0 0 0 0 0 2 15 23 0 6 1 1 1 16 3 4 0 0 0 5 0 13 275 499 12 408 14 13 18 381 8 2 0 2 6 18 4 101 8 17 0 13 0 0 2 5 11 8 0 4 14 33 5 96 442 639 1 146 15 15 10 106 3 1 0 2 4 8 3 28 1403 366 3 97 16 10 18 197 249 74 0 10 82 83 13 203 1
1494 205 165 341 139 13 273 954 339 32 19 48 268 17 539 965 131 22 13 48 7 2 9 31 251 26 17 39 279 16 438 401 203 15 7 11 20 0 12 9 14 0 2 1 19 1 8 13 198 34 8 14 12 3 14 36 313 21 4 19 303 25 147 134 170 15 11 13 15 2 36 45 24 4 0 6 24 1 34 39 8 0 0 0 0 0 2 1 6 1 1 5 17 2 17 30 268 10 7 16 23 1 14 33 31 3 0 1 31 2 10 31 698 39 8 45 24 1 25 153 573 20 2 17 246 20 113 330 464 296 20 476 41 8 41 1009 29 16 2 10 9 21 13 245 26 29 1 24 1 2 2 32 15 10 0 14 10 13 6 115 17 20 1 2 0 0 0 10 0 3 0 0 1 3 1 7 22 32 0 17 0 3 2 21 1 9 0 8 4 13 2 52 328 342 20 310 28 13 37 335 9 9 1 2 16 16 12 108 12 14 0 19 0 2 2 21 12 23 1 6 15 28 8 152 540 416 12 142 40 18 11 143 11 4 0 1 8 20 9 46 909 364 6 133 30 25 25 355 179 91 4 31 87 120 43 444 1
1342 127 123 210 136 7 203 579 213 13 4 2 202 5 311 386 184 26 11 23 13 0 4 19 238 20 6 13 527 10 438 238 155 7 2 3 10 0 4 4 3 0 0 0 3 0 2 0 293 17 5 3 11 0 11 13 423 12 1 2 435 9 91 80 169 8 4 5 13 0 21 20 11 0 0 0 21 0 9 4 11 1 0 2 1 0 1 5 11 0 0 0 21 1 7 10 277 10 3 11 13 0 6 14 5 0 0 0 21 0 1 7 1161 24 5 19 21 1 23 64 967 9 0 10 273 8 71 122 193 224 1 313 6 5 9 548 9 4 0 2 5 5 1 75 17 14 1 7 0 0 1 8 4 6 0 3 1 6 1 42 5 4 0 0 0 0 0 1 0 0 0 0 0 0 1 2 12 16 0 4 0 1 0 4 1 1 0 0 1 3 0 2 248 402 5 230 14 15 20 216 8 5 0 0 5 11 4 51 10 15 0 7 1 2 0 5 13 11 0 4 12 32 4 57 381 399 6 79 10 9 11 71 2 1 0 1 6 3 0 7 733 247 3 81 9 6 11 110 176 60 0 12 75 66 7 136 1
2011 238 182 331 208 15 288 1152 255 10 12 14 232 7 415 812 186 27 12 24 13 1 12 35 269 19 7 29 505 18 486 320 170 13 3 6 6 0 3 11 8 0 0 0 7 0 0 4 354 21 6 9 6 0 9 15 459 14 2 3 381 10 119 70 201 19 7 7 14 0 16 29 13 0 0 0 13 1 16 18 9 2 1 0 0 0 0 1 12 0 0 0 23 0 7 7 294 16 8 10 18 1 7 20 10 0 0 0 21 0 6 6 1383 25 4 23 28 1 14 98 958 12 3 8 351 5 88 129 267 282 7 554 11 8 12 968 7 7 0 2 1 6 1 161 11 18 0 14 0 2 0 10 4 3 0 6 4 13 1 79 9 12 0 4 0 1 0 4 0 0 0 0 0 1 0 0 14 14 0 5 0 0 0 6 5 8 0 0 0 3 2 15 240 472 9 453 19 24 15 388 2 4 1 3 13 10 5 83 11 14 0 11 0 0 1 9 4 14 1 2 15 37 10 99 475 602 0 123 17 12 2 82 3 4 0 1 8 10 0 14 1032 318 2 62 8 6 7 174 175 58 3 9 78 93 8 170 1
1511 137 129 265 148 3 215 811 215 13 6 15 196 5 318 489 150 18 5 12 13 0 7 23 196 17 8 22 323 12 230 224 125 6 5 7 11 1 3 7 3 0 0 0 5 1 1 2 257 26 1 4 8 2 11 22 325 10 1 6 191 2 61 58 137 5 12 8 15 0 17 31 11 0 0 0 13 0 23 16 7 0 0 0 1 0 1 1 11 0 0 1 8 0 5 10 228 5 2 10 21 0 11 14 15 2 0 1 13 1 4 12 961 16 2 18 27 1 23 84 910 17 2 10 252 9 62 132 248 241 5 421 12 10 19 773 4 2 0 2 7 8 1 112 18 10 0 18 0 1 0 12 2 6 0 7 5 10 2 49 12 7 0 1 0 1 0 7 0 0 0 0 0 0 0 0 16 28 0 10 0 0 0 15 2 5 0 0 0 4 1 7 207 398 8 356 20 19 21 292 4 9 0 0 4 9 7 75 5 12 0 7 0 2 2 7 5 13 3 11 15 30 6 68 345 292 0 87 10 9 5 116 1 3 0 0 5 13 1 15 723 232 1 80 12 7 5 136 130 58 2 13 45 86 10 154 1
1807 145 133 273 205 7 315 979 274 6 2 17 300 7 497 880 222 23 8 17 13 2 8 36 356 16 7 19 582 11 424 339 155 5 3 2 11 0 4 2 5 0 0 0 8 0 3 3 409 21 7 16 14 0 21 18 792 8 2 9 530 10 128 104 153 11 5 8 25 1 25 32 11 0 0 0 15 0 9 11 15 1 1 0 0 0 0 0 15 3 1 0 28 2 9 17 281 8 5 17 16 1 8 22 14 0 0 0 25 0 5 8 1304 29 4 20 28 2 28 78 1509 11 1 11 495 9 81 144 223 263 6 453 8 14 17 746 9 3 0 0 2 13 6 166 11 10 1 10 0 1 0 16 7 5 0 4 5 16 1 62 5 4 0 4 0 0 0 0 0 0 0 0 0 1 0 3 18 14 0 7 0 0 1 9 1 9 0 0 3 9 2 8 271 390 5 424 15 16 17 313 6 7 0 1 8 7 9 66 14 18 0 7 2 2 1 8 13 15 0 4 19 29 6 78 460 365 0 108 18 6 7 63 2 0 0 0 11 7 1 14 928 265 5 79 17 7 8 135 233 72 1 14 84 87 13 165 1
5828 186 226 198 179 20 198 1251 307 25 18 24 200 8 173 357 130 12 27 15 5 2 8 22 151 17 15 19 295 14 220 178 210 22 14 12 22 2 6 12 13 3 0 2 25 3 7 4 152 17 10 10 8 6 14 34 184 32 2 9 208 19 61 78 274 13 28 10 13 1 15 25 46 4 2 3 20 1 9 17 7 3 1 2 0 0 2 4 11 3 2 3 14 5 14 19 202 9 11 11 22 1 6 20 25 5 1 5 30 0 9 25 902 27 13 23 26 4 24 247 568 30 10 39 179 30 74 310 407 225 9 220 46 16 48 839 37 8 1 6 17 18 8 151 24 14 3 35 3 2 4 28 10 14 2 13 9 20 4 73 14 22 2 9 1 5 0 9 1 5 0 0 1 8 1 6 29 24 1 11 3 4 7 34 6 15 1 2 7 21 7 43 205 489 28 218 19 12 30 218 26 8 0 1 14 12 10 69 7 16 2 21 1 2 2 24 14 19 4 21 16 119 14 156 216 217 3 61 9 13 14 60 15 9 0 5 10 27 3 29 257 168 5 85 14 14 28 303 90 82 6 38 61 152 33 479 1
2867 154 193 209 180 11 260 800 422 22 19 27 270 10 489 989 175 20 17 23 15 1 15 37 218 18 16 24 291 17 427 340 166 18 12 9 15 1 9 10 16 2 0 3 19 3 4 3 243 21 5 10 19 2 16 35 433 28 4 15 477 23 114 145 159 7 18 12 21 1 30 27 13 2 1 3 17 1 18 32 4 0 1 1 1 0 2 2 16 0 2 2 18 1 24 26 190 9 6 11 33 0 12 23 22 1 0 2 37 2 11 35 937 30 11 18 28 2 23 298 943 29 6 25 337 19 96 331 335 199 14 372 24 13 39 753 23 14 0 3 12 10 9 144 17 18 1 35 1 2 2 55 9 12 1 6 6 13 9 91 6 25 1 6 4 1 0 5 0 0 0 0 1 0 0 1 29 25 0 12 2 1 4 31 9 10 0 14 3 19 1 39 189 328 17 652 24 17 27 320 12 4 0 4 5 15 10 119 11 10 2 23 2 2 0 25 8 11 1 13 15 30 13 110 254 359 7 114 18 16 15 113 3 2 0 2 16 15 6 49 475 211 3 102 22 13 18 284 139 75 0 36 85 104 23 370 1
3116 147 163 199 143 14 203 599 469 44 28 48 229 15 515 1230 165 29 18 39 7 0 14 24 180 26 32 45 230 9 523 441 154 25 16 4 13 2 2 15 8 5 1 0 26 2 11 10 178 28 4 14 5 2 12 27 215 31 2 10 300 25 119 125 152 8 16 3 14 2 25 29 34 5 2 3 29 2 38 47 9 0 6 2 1 0 0 1 11 2 4 2 6 2 35 15 187 8 4 11 27 2 5 31 34 3 2 3 30 2 19 34 704 26 6 36 29 1 38 267 632 31 3 25 210 22 97 402 439 159 15 205 25 6 45 584 49 14 1 5 15 13 17 215 40 20 1 24 2 1 4 38 14 12 3 14 11 9 4 106 20 25 3 4 2 4 1 3 3 1 0 0 2 3 1 4 51 46 0 9 3 0 4 21 4 7 0 7 6 19 3 49 180 250 13 300 17 9 38 231 17 9 0 8 10 10 11 84 13 11 1 14 1 0 2 13 6 7 3 19 10 26 8 119 312 413 3 98 34 21 21 125 8 2 1 3 15 16 9 38 1214 334 3 103 50 21 43 403 172 65 2 23 77 109 49 491 1
1364 116 179 220 141 9 265 770 324 19 10 22 275 14 413 1189 125 22 8 20 8 2 8 26 230 27 10 28 244 16 235 355 164 16 12 7 15 0 6 8 15 0 0 1 18 0 7 4 272 28 4 19 10 0 11 29 389 29 3 9 488 19 122 129 178 10 15 12 18 2 29 40 16 2 2 0 26 0 23 22 7 1 1 2 0 0 2 2 11 0 1 0 11 0 9 10 319 8 12 16 28 0 25 32 28 1 0 0 23 0 7 25 1076 39 17 38 33 4 39 116 739 20 3 20 302 19 111 239 381 277 11 522 19 12 26 883 17 10 0 5 6 11 1 228 15 25 0 22 0 0 0 25 14 10 1 13 4 13 5 109 13 13 0 3 0 2 0 3 0 0 0 0 0 1 0 2 21 29 0 10 5 1 0 15 6 10 0 7 5 9 4 27 347 428 20 629 21 15 22 363 15 8 0 6 12 12 9 79 18 23 1 19 0 1 1 14 10 14 1 5 6 34 9 124 537 435 13 174 18 9 14 132 5 5 0 1 11 7 6 25 1344 413 4 155 19 14 19 252 219 118 1 20 69 106 24 299 1
1633 204 195 347 142 11 260 1035 271 16 7 27 241 23 434 935 166 17 9 18 9 1 8 33 248 18 18 27 494 16 464 302 160 12 9 6 9 1 5 14 8 1 1 1 7 0 8 5 281 29 8 7 9 0 10 23 453 23 4 6 343 6 119 102 142 8 9 13 20 0 29 49 21 2 0 0 28 0 17 31 9 1 0 2 1 0 1 6 6 2 0 1 14 2 12 13 234 8 12 16 29 0 13 36 20 1 0 2 31 0 7 24 801 28 7 21 34 4 21 143 824 15 8 15 326 7 99 231 359 347 10 616 20 14 19 1019 15 11 1 8 5 11 2 242 19 10 0 25 2 1 1 14 11 7 0 9 9 18 2 90 19 12 0 6 0 0 1 3 0 1 0 0 0 1 0 2 22 24 0 9 4 4 1 18 4 8 0 2 2 8 1 18 266 505 15 641 17 21 41 433 15 5 0 3 8 16 6 104 8 12 1 8 1 0 1 7 13 12 0 9 16 41 7 122 370 537 3 173 19 12 13 139 8 6 1 2 8 15 5 31 839 294 5 103 23 18 21 270 182 78 2 12 73 101 25 320 1
2103 166 328 242 178 9 222 872 332 16 16 24 256 13 342 706 154 16 15 15 11 0 10 28 253 18 29 21 621 21 569 293 278 18 37 18 15 1 13 13 23 1 0 1 23 1 7 11 200 22 10 12 11 3 12 26 279 22 5 12 443 27 144 116 125 7 20 12 18 2 16 28 17 1 1 0 13 1 23 34 5 0 1 2 4 0 1 6 13 0 1 3 27 2 22 17 218 17 10 21 20 1 9 40 21 1 0 1 26 2 6 25 600 21 8 32 17 6 36 198 526 34 9 28 234 18 105 307 394 291 16 376 23 15 20 653 35 13 1 6 13 21 13 187 17 17 1 22 1 1 2 27 13 16 0 16 12 24 6 97 14 31 1 10 0 3 0 6 0 0 0 0 0 0 0 2 19 20 0 10 1 0 2 24 4 12 0 7 4 18 1 38 265 647 23 517 21 33 25 273 11 12 0 4 18 32 11 110 12 19 2 27 0 1 2 25 11 17 2 24 30 109 17 211 305 740 9 169 21 20 11 121 7 4 0 1 9 20 4 32 688 286 5 92 36 16 25 350 170 91 4 39 108 216 33 463 1
1855 160 130 233 148 9 193 807 450 19 7 22 212 5 316 753 198 16 9 27 7 1 14 29 303 13 14 25 348 10 413 260 148 6 1 7 8 0 4 4 12 2 0 1 4 0 2 3 349 22 7 6 11 1 15 42 731 23 6 11 538 18 125 114 178 14 5 8 27 1 21 30 26 4 0 0 15 1 15 23 11 0 1 4 0 0 4 3 19 0 0 1 17 1 9 9 290 8 7 15 21 0 9 34 28 1 0 3 30 3 6 20 1217 28 10 23 37 2 40 203 1518 32 4 22 494 11 127 304 332 219 10 466 21 7 36 1041 19 12 0 5 6 9 7 136 29 11 0 17 1 4 0 24 13 7 0 12 9 7 2 64 8 20 0 3 0 0 1 5 0 0 0 0 0 0 0 3 23 24 0 17 1 1 2 23 2 8 0 2 3 8 3 20 205 312 14 415 11 22 25 344 12 2 0 2 11 14 11 77 14 14 1 16 0 1 1 16 9 12 1 12 14 29 9 68 343 380 1 85 11 11 14 96 8 4 0 3 6 6 1 25 856 236 1 84 27 7 21 282 185 92 3 31 64 96 30 277 1
992 121 196 284 124 5 298 689 213 11 5 19 245 9 559 626 98 10 11 17 5 1 13 22 220 25 13 24 490 20 744 418 193 11 12 8 19 1 9 9 19 0 0 0 18 0 6 4 276 23 5 12 8 0 20 20 611 36 6 18 663 29 156 125 118 7 18 8 23 0 23 20 13 1 0 1 20 1 24 18 9 0 1 1 1 0 3 0 7 0 2 1 10 1 14 14 330 7 12 15 24 0 16 17 21 0 0 0 34 1 12 8 725 27 11 31 22 4 14 40 954 36 4 11 423 27 100 159 217 270 14 610 16 11 31 842 13 10 1 2 7 8 11 234 13 27 1 29 0 0 0 27 7 17 1 23 8 19 4 170 13 16 1 8 0 0 0 4 0 0 0 0 0 0 0 3 18 22 0 18 0 0 2 12 9 10 0 7 4 11 0 29 254 517 27 759 19 18 34 499 7 8 0 4 11 9 8 136 11 23 1 29 0 2 1 28 13 21 0 10 8 31 9 165 566 526 7 187 23 17 11 132 6 1 0 4 17 8 3 16 792 391 7 142 16 14 9 177 271 152 3 27 105 155 19 320 1
1774 185 193 187 136 1 165 497 443 21 21 29 200 12 330 704 155 28 33 23 7 1 14 28 204 25 33 29 290 13 707 295 185 16 11 13 24 4 11 8 14 2 1 0 28 2 6 7 242 20 12 8 8 2 12 26 274 26 6 11 343 23 109 128 224 13 17 13 17 0 24 32 35 4 0 1 21 0 29 21 7 1 1 2 0 0 2 4 21 1 0 4 12 2 34 20 273 10 5 12 24 1 10 43 32 2 1 5 28 2 13 31 991 50 8 39 26 1 32 246 829 36 8 40 250 15 123 418 633 231 13 297 32 5 39 729 39 17 0 14 24 13 6 173 25 32 0 22 4 1 3 33 10 7 0 17 7 11 5 95 19 36 1 3 2 3 1 5 1 0 0 0 0 2 0 2 36 39 0 18 5 1 1 36 6 13 1 3 3 16 2 38 265 340 19 398 29 15 34 258 11 7 1 3 15 11 13 89 13 9 0 23 1 1 1 21 14 15 3 14 15 34 26 130 460 561 3 107 33 25 11 150 7 5 0 3 18 21 6 35 1069 369 10 138 33 23 27 477 257 85 4 27 111 133 41 466 1
2389 206 170 286 170 10 254 982 246 10 1 16 209 8 421 617 219 26 9 29 13 0 9 27 272 11 9 19 474 11 564 275 175 15 8 8 3 0 5 3 5 0 0 0 6 1 6 2 320 32 5 8 10 1 8 17 395 13 4 6 377 5 124 55 216 18 9 8 22 1 20 31 12 3 0 0 15 0 13 6 9 1 0 1 1 0 0 1 11 1 0 1 21 0 12 12 352 13 10 7 19 1 6 22 13 0 0 2 18 0 8 11 1509 36 6 32 41 4 36 110 712 10 0 13 251 8 78 140 279 277 2 394 7 8 22 654 11 6 1 0 8 10 2 119 10 21 0 10 0 0 1 4 5 2 1 6 3 9 2 63 5 10 0 2 0 1 0 1 0 0 0 0 3 0 0 1 18 24 0 3 1 1 1 15 1 6 0 1 1 3 1 9 335 707 9 507 19 13 22 293 4 3 1 2 8 11 8 53 8 29 0 9 0 2 0 5 11 15 1 5 16 49 7 107 590 691 3 128 18 11 7 80 4 2 0 1 6 7 3 5 1182 436 4 88 12 10 4 163 184 70 0 17 85 112 10 175 1
2071 227 240 321 180 13 285 935 351 22 15 33 267 13 449 709 185 13 26 27 8 0 7 37 261 22 20 38 376 10 577 343 203 16 17 6 12 3 11 9 11 1 1 0 18 1 6 6 246 28 10 22 14 2 5 25 323 18 3 10 354 16 100 106 184 19 17 17 19 2 35 39 13 3 1 0 22 0 20 21 11 3 2 1 0 1 0 5 12 1 1 2 19 3 26 13 284 12 12 15 22 4 12 46 24 1 3 4 34 1 18 27 675 33 6 32 29 2 27 180 523 33 6 15 265 22 93 278 435 294 9 432 24 12 40 818 22 10 0 6 8 8 5 172 25 26 1 36 1 0 2 28 12 21 0 7 7 15 6 97 23 30 0 7 2 1 1 3 1 2 0 0 0 2 0 2 22 33 0 20 0 1 1 23 7 14 0 6 7 9 2 36 320 511 19 480 19 15 33 286 6 7 1 5 12 18 12 122 15 20 0 25 0 1 1 20 17 25 0 15 22 41 11 162 430 590 8 138 25 23 20 132 8 4 0 6 17 18 6 38 640 340 10 130 20 29 14 323 139 88 3 40 74 145 25 412 1
3925 174 311 183 123 9 170 667 347 29 23 25 159 2 226 669 149 18 33 20 4 1 11 26 168 11 39 27 254 18 690 216 225 28 27 14 24 3 9 10 15 0 0 1 26 5 4 7 171 19 13 13 4 1 9 33 212 12 4 12 397 34 128 67 175 12 26 7 14 2 22 35 20 2 0 0 20 1 19 27 6 2 2 1 1 1 0 6 8 1 0 4 18 3 26 27 208 11 9 15 19 1 12 24 21 3 0 2 12 2 15 14 728 24 14 20 16 2 20 215 585 24 7 13 207 13 89 320 380 191 13 298 20 12 26 594 29 11 0 8 11 11 6 203 25 18 1 23 3 0 2 20 10 6 1 15 7 16 8 91 22 37 0 10 1 3 0 5 1 0 0 0 0 3 0 6 28 31 0 12 0 3 0 17 11 7 1 6 6 17 5 28 216 339 25 533 24 23 18 255 16 4 1 9 17 13 12 116 9 16 2 26 1 0 4 21 11 17 7 22 18 82 20 207 316 685 10 143 23 31 12 90 9 10 0 3 10 22 6 47 830 265 5 105 28 16 19 342 162 99 2 33 89 197 35 450 1
2271 192 314 247 141 6 210 916 252 10 12 11 187 11 251 638 146 15 26 10 9 0 9 25 181 12 19 19 363 22 769 212 315 27 20 10 17 1 7 4 10 2 0 2 21 1 4 3 231 17 9 11 10 0 16 27 273 11 5 11 444 19 117 73 218 9 19 7 8 0 13 31 16 1 2 0 15 0 14 15 10 2 1 3 0 0 1 1 4 1 0 0 19 3 22 12 292 17 9 19 18 0 8 24 9 0 0 2 15 1 7 13 865 32 6 27 25 2 25 170 575 15 4 7 214 10 63 205 384 273 18 325 15 6 13 1094 22 6 1 4 7 11 4 199 16 12 0 18 0 0 1 7 7 11 0 8 7 26 2 99 9 15 0 5 0 2 0 2 0 0 0 0 1 0 0 0 14 13 1 6 1 2 1 12 3 8 1 3 4 15 1 18 267 703 22 659 15 31 21 288 12 10 0 5 8 27 7 95 13 16 2 20 1 0 0 18 13 14 1 13 14 76 20 231 431 657 8 185 14 27 12 92 9 5 0 4 10 24 4 29 966 316 3 120 11 11 16 266 187 89 1 37 100 207 19 339 1
