3242 296 225 447 329 19 401 1235 305 16 9 14 337 18 476 670 289 34 12 34 12 0 3 38 320 16 12 27 563 23 580 334 202 13 10 6 10 1 3 5 6 0 0 0 10 0 2 0 383 22 4 13 13 2 9 27 409 12 5 5 263 9 112 74 209 9 6 11 33 1 28 27 10 1 0 0 17 0 21 13 23 0 0 0 1 0 2 3 10 0 0 1 17 1 15 10 300 12 4 12 34 1 10 26 16 0 0 0 25 2 10 13 889 48 9 35 37 2 24 130 513 12 2 19 299 7 113 152 292 335 4 378 13 11 16 570 8 6 0 3 4 18 4 103 12 13 0 8 1 1 0 10 6 7 0 7 2 15 2 73 6 10 0 4 0 2 1 0 0 1 0 0 0 1 0 0 15 35 0 12 0 4 2 12 8 4 0 0 1 7 1 13 270 574 13 318 16 34 31 325 8 3 0 2 3 23 10 89 11 15 0 8 1 3 3 11 13 13 0 11 15 57 8 133 354 409 1 95 22 14 7 78 7 0 0 0 8 14 3 7 428 264 3 89 17 16 7 171 119 63 1 13 84 110 16 211 3272 309 232 460 342 23 429 1289 304 20 13 18 354 18 488 657 284 34 11 36 15 0 3 38 291 18 18 26 567 29 604 354 169 19 8 6 8 1 4 5 10 0 0 0 13 1 2 2 372 26 5 10 14 2 14 27 381 13 5 6 247 9 107 76 210 15 7 12 36 1 27 33 10 1 0 0 20 1 21 14 11 0 0 0 2 1 1 4 10 0 0 2 17 1 15 15 291 9 4 15 32 2 10 25 13 0 1 0 26 1 8 15 829 33 5 27 30 3 23 134 457 9 4 19 284 6 103 167 309 342 2 374 13 10 16 570 9 5 2 4 10 20 6 129 11 10 0 10 1 1 0 10 4 7 0 9 2 15 4 76 8 12 0 4 0 2 0 3 2 0 0 0 0 1 0 0 16 34 0 12 1 4 0 12 5 3 0 0 2 9 1 18 266 563 9 333 17 37 36 330 9 4 0 4 4 18 11 97 5 14 1 9 1 2 2 11 13 11 0 10 13 58 8 139 326 410 5 105 14 17 8 84 3 1 0 1 10 13 3 10 408 256 2 78 17 12 12 174 110 57 0 12 73 107 17 204 3168 315 252 461 341 29 436 1288 289 13 8 19 344 19 477 766 253 34 7 34 13 1 5 41 258 15 9 29 562 27 643 352 170 15 12 7 17 1 3 7 8 1 0 0 9 0 1 2 349 24 4 5 12 2 13 27 386 12 3 5 251 8 123 79 204 13 9 11 31 3 27 27 9 1 0 0 18 0 19 13 13 0 1 0 1 1 2 4 5 0 0 1 17 1 14 12 284 13 4 12 24 2 8 22 18 0 1 3 27 1 7 12 759 35 10 29 30 3 21 119 505 11 3 14 302 9 100 151 289 361 4 417 14 16 18 625 6 6 1 3 8 25 6 166 10 10 0 12 0 1 0 12 6 9 0 4 2 19 7 86 6 12 0 4 0 0 2 1 0 1 0 0 0 1 0 2 15 27 0 9 0 4 0 11 1 4 0 0 1 8 2 17 223 522 11 361 16 37 28 369 8 3 0 4 4 21 8 111 5 16 2 4 1 2 3 12 15 10 1 12 16 56 11 135 317 385 3 101 13 20 7 91 4 0 1 0 6 13 2 12 444 249 2 81 18 13 6 149 118 58 3 9 91 96 20 214 0
3320 229 186 283 222 6 272 628 397 22 3 27 326 8 362 513 344 30 15 32 16 2 7 28 408 28 9 42 492 24 273 297 207 9 8 8 7 2 16 7 9 0 0 0 13 0 2 4 465 40 5 13 4 1 18 22 465 24 4 8 350 11 114 135 324 6 14 7 40 0 25 26 23 1 0 2 21 0 34 19 14 0 0 0 0 1 2 3 8 1 2 1 22 2 9 15 393 6 5 12 29 0 12 14 18 1 0 1 39 1 10 12 1143 26 5 25 49 1 27 185 624 22 5 10 423 14 146 289 381 294 6 314 20 7 18 423 17 8 0 5 7 15 5 117 19 17 1 22 2 1 1 17 11 16 0 12 7 11 5 71 9 9 0 1 0 3 0 2 0 1 0 0 0 0 0 0 14 36 1 5 3 2 1 12 10 15 0 0 1 9 2 11 350 432 11 224 26 17 27 302 9 3 0 2 7 11 6 70 13 21 1 7 1 2 0 13 18 11 1 5 14 39 15 126 427 221 3 85 31 10 13 121 5 1 0 0 12 7 0 21 614 346 2 97 29 20 25 253 131 95 1 15 111 132 27 277 3343 231 189 281 208 6 258 586 398 15 5 29 315 9 356 492 350 29 13 35 14 1 5 24 412 28 10 36 493 21 272 281 211 10 9 9 11 4 12 6 6 1 0 0 13 0 1 6 462 40 7 10 8 1 17 19 446 30 5 9 339 12 110 127 334 6 16 8 45 0 26 25 23 1 0 2 25 0 26 20 18 1 0 0 1 0 2 4 10 1 1 1 23 3 6 13 406 7 6 12 32 0 11 19 21 1 0 2 41 1 11 11 1157 29 6 30 45 2 30 172 661 18 4 10 418 22 152 273 374 283 7 299 19 8 20 406 18 7 0 3 8 12 6 106 24 15 1 29 1 1 1 16 11 16 0 11 6 15 4 69 8 7 0 2 0 3 1 1 0 1 0 0 0 0 0 1 11 38 1 6 3 2 1 12 10 17 0 0 3 7 2 16 366 453 12 216 24 16 25 292 9 5 0 1 10 12 7 73 13 21 1 11 2 2 0 12 18 12 1 7 14 32 12 127 451 220 3 75 31 5 17 127 7 1 0 0 12 8 0 23 634 372 3 99 29 22 23 252 132 101 1 16 101 138 24 285 3357 239 189 287 208 6 264 566 389 15 4 28 303 6 358 471 345 31 11 27 14 1 8 27 407 28 8 38 470 21 255 274 218 10 8 8 7 4 10 5 6 1 0 0 15 0 3 6 440 40 8 12 7 0 14 21 454 25 4 11 330 14 103 132 344 8 18 9 44 1 26 27 20 0 0 2 25 0 28 24 12 0 0 0 1 0 2 4 9 1 2 1 22 2 7 14 421 8 6 12 30 0 12 17 22 1 1 0 37 1 10 16 1179 32 6 30 44 1 30 180 635 22 3 16 421 15 135 271 390 271 8 308 15 11 18 409 18 8 0 4 6 12 4 121 19 20 1 24 2 1 1 14 12 14 0 11 7 10 2 66 9 10 0 2 0 3 1 4 0 1 0 0 0 0 0 0 14 36 1 8 2 2 0 11 13 16 0 1 1 9 1 13 363 474 16 220 29 18 27 274 13 5 0 2 9 11 8 72 16 24 1 8 1 2 0 13 22 14 2 6 13 36 13 120 432 234 1 86 36 5 15 132 7 2 0 0 11 7 0 24 649 369 2 96 34 23 20 267 136 112 2 22 103 139 28 275 0
3765 364 268 450 505 27 535 1276 374 10 14 18 516 14 615 704 261 23 11 36 19 2 17 47 292 32 22 38 602 19 475 416 186 19 9 13 11 4 6 4 10 0 0 0 24 1 2 5 298 31 5 15 10 2 17 36 304 17 2 6 241 19 86 98 249 19 17 15 31 1 31 28 13 1 0 2 21 2 26 23 12 1 0 0 3 0 3 3 15 0 0 1 16 5 13 17 256 14 6 12 27 2 7 36 10 0 1 3 37 0 13 12 618 21 5 19 34 2 24 168 441 9 1 15 276 12 94 215 310 311 7 308 18 8 23 434 15 10 0 0 6 10 2 102 13 27 0 18 3 0 0 15 6 3 1 7 3 13 4 87 9 13 0 3 1 2 0 4 1 2 0 2 0 0 0 2 13 35 0 12 0 3 0 16 4 12 0 4 6 12 1 22 231 429 15 237 26 27 44 293 6 1 0 1 3 14 12 95 7 13 0 9 0 3 1 13 5 10 0 12 15 50 17 149 228 259 0 62 23 17 9 80 4 3 0 3 9 11 0 16 258 190 0 59 11 12 7 205 51 46 0 13 53 98 16 274 3768 353 257 418 520 36 560 1294 390 9 19 19 519 16 627 698 261 22 18 37 24 1 15 50 295 28 18 40 620 23 492 435 193 14 9 9 12 5 4 4 9 1 1 0 18 2 3 3 307 38 5 16 13 2 15 36 304 16 4 7 257 14 82 96 250 16 13 12 32 0 27 31 12 0 0 2 28 0 26 23 14 0 0 2 3 0 2 1 16 1 1 1 18 6 17 18 251 12 6 10 25 3 6 39 13 0 1 2 38 0 12 13 607 23 6 19 33 3 27 167 409 5 1 17 278 16 92 216 307 295 7 285 23 10 24 417 17 7 0 2 10 12 4 110 15 25 0 17 2 0 0 13 7 3 1 7 4 11 3 82 12 22 0 4 1 2 0 4 0 2 0 2 0 1 0 2 12 36 0 10 0 5 0 16 4 11 1 3 5 11 1 29 231 418 15 240 26 21 48 255 4 1 0 0 3 16 15 79 5 10 0 8 0 3 0 16 5 9 0 13 12 39 13 149 232 274 0 61 20 19 9 78 1 2 0 2 13 11 2 17 256 191 0 56 12 11 9 204 47 41 0 11 67 92 14 279 3753 369 270 427 512 25 559 1251 387 12 20 18 517 18 603 650 258 22 12 32 22 1 18 45 294 29 14 40 648 21 469 438 196 15 11 9 10 4 5 6 8 0 0 0 22 2 3 2 311 30 8 16 9 3 14 39 274 15 2 6 249 18 95 112 254 23 14 15 30 1 32 32 12 0 1 1 24 1 24 26 13 0 0 1 4 0 3 5 14 1 0 1 16 5 13 16 272 12 8 14 24 2 6 34 14 0 1 2 38 0 13 13 638 23 5 17 36 2 27 176 333 9 2 15 267 16 90 234 305 296 8 293 22 12 19 394 13 9 0 2 7 16 7 101 14 25 1 17 1 0 1 16 6 3 1 11 4 15 3 94 9 20 0 5 1 2 0 3 0 1 0 2 0 0 0 3 21 34 0 11 0 3 0 17 3 13 0 2 8 11 1 21 237 436 17 248 24 28 42 262 4 0 0 2 4 16 12 99 6 14 0 10 0 3 0 14 9 9 0 13 14 46 12 156 231 283 1 62 16 20 10 80 4 3 0 4 14 10 0 23 262 199 1 57 16 12 9 200 53 45 1 13 66 95 19 278 0
2392 213 291 353 280 10 438 872 504 39 13 26 404 20 497 582 217 33 26 49 23 2 14 51 386 36 18 61 520 32 320 394 232 25 13 6 32 1 9 16 14 1 0 0 32 4 9 7 286 49 8 19 18 3 28 46 366 33 7 18 379 28 145 147 190 10 17 14 39 2 47 46 23 6 1 2 35 0 35 29 16 1 8 2 3 0 1 5 21 0 0 0 29 0 12 20 258 6 14 24 35 1 23 40 24 3 4 2 48 3 14 34 431 30 7 32 42 0 45 167 490 35 5 31 336 25 128 350 431 377 12 442 26 15 40 643 28 16 0 12 22 16 10 143 40 40 1 37 1 4 1 49 14 12 2 16 12 21 4 117 12 14 0 5 0 3 1 7 2 0 0 0 0 0 1 3 23 42 1 13 1 3 3 42 8 17 1 2 1 20 4 39 321 335 22 263 32 24 56 324 19 9 1 4 17 21 16 112 10 10 3 23 2 2 1 18 15 15 2 15 20 44 11 169 266 169 2 79 33 15 13 112 7 1 0 4 19 7 4 27 297 237 6 114 17 19 30 318 95 64 0 37 73 153 28 452 2410 225 306 366 280 8 405 890 511 43 12 23 391 23 484 571 213 36 29 50 21 2 16 49 363 39 18 62 487 29 286 378 227 24 13 12 32 1 11 16 15 1 0 0 24 1 6 9 292 53 3 16 13 1 23 41 348 33 6 20 362 33 128 148 201 13 16 14 40 3 49 47 26 5 1 2 31 2 45 31 10 0 4 2 2 0 3 3 19 1 0 0 27 0 14 19 275 7 14 20 42 2 22 41 26 1 3 2 55 2 14 39 433 31 8 35 42 1 44 166 486 36 7 35 321 22 121 336 445 381 11 464 32 18 42 643 32 15 0 13 15 15 10 133 40 36 0 38 2 3 1 45 12 13 2 13 8 21 4 111 14 16 0 5 0 1 0 5 1 1 0 0 0 0 0 1 27 47 1 16 0 5 2 41 8 17 1 2 1 16 4 46 322 346 24 279 34 25 59 331 17 11 1 4 19 24 16 115 12 13 4 23 3 2 1 17 14 16 1 19 19 43 10 178 276 178 3 80 33 15 19 117 8 3 0 3 16 10 4 31 291 249 7 114 18 18 27 320 88 75 4 41 65 154 23 459 2402 232 303 378 274 12 409 860 483 34 16 26 380 24 482 578 201 35 26 52 17 2 13 49 366 40 13 59 481 26 283 361 228 22 11 9 30 2 12 16 17 0 0 0 28 3 8 8 288 52 5 16 14 0 18 38 341 31 7 19 345 28 131 156 203 11 23 17 36 5 49 51 22 5 2 2 33 1 35 30 15 0 5 2 2 0 2 8 15 0 1 0 28 1 13 12 278 6 12 25 44 2 25 42 25 3 3 1 44 1 16 34 450 31 6 34 41 0 45 172 484 39 5 30 326 23 125 321 449 378 15 473 25 21 37 642 37 14 0 11 14 20 9 142 40 36 0 37 0 3 3 40 12 21 2 14 9 21 2 105 13 14 0 6 0 1 0 7 2 0 0 0 0 3 1 1 26 43 2 14 0 4 4 44 6 16 0 2 2 14 2 33 333 342 23 293 29 21 61 344 21 11 1 2 16 24 17 131 12 13 5 27 2 3 1 17 21 16 1 22 19 47 7 182 279 179 4 81 33 18 16 120 9 3 0 5 16 12 4 26 294 258 5 128 18 24 23 318 107 72 2 42 75 153 20 482 0
3652 363 249 379 352 18 383 1164 325 17 1 18 366 9 368 531 270 33 8 23 13 1 13 43 329 21 10 43 522 22 251 299 201 14 12 7 9 1 5 11 7 0 0 0 13 0 0 3 373 26 6 6 13 1 14 25 314 11 1 4 190 4 61 64 252 10 16 10 32 0 24 40 13 1 0 0 19 1 12 11 10 0 0 4 1 0 0 3 11 0 0 0 23 1 1 14 382 11 9 12 24 0 9 22 20 0 0 0 29 1 7 9 1217 47 5 33 25 3 30 151 499 7 0 12 269 9 90 181 340 376 6 383 19 13 15 597 14 5 0 0 5 19 1 98 11 26 0 19 0 0 0 8 4 7 0 4 4 13 1 70 4 4 0 2 0 0 0 4 0 1 0 0 1 0 0 2 18 26 0 5 0 3 0 14 2 3 0 1 1 3 1 6 299 640 10 327 20 23 34 326 9 2 0 1 6 19 6 67 9 18 0 5 1 2 0 5 10 19 0 7 11 73 5 114 379 289 1 80 4 4 8 84 2 1 0 1 5 7 0 6 538 314 2 90 8 16 13 163 103 62 3 7 81 117 7 168 3792 385 268 412 378 20 413 1249 338 16 4 18 406 12 394 561 276 34 9 22 18 1 10 46 285 23 5 48 540 28 270 348 185 12 10 10 9 1 7 9 7 0 0 0 12 0 2 3 353 22 5 5 10 0 16 24 291 13 1 6 178 8 66 73 256 18 13 13 29 0 29 42 12 0 0 0 15 0 14 14 7 0 0 2 1 0 0 1 12 0 0 0 21 1 0 17 361 8 8 10 30 0 9 25 20 0 0 0 27 1 10 6 943 34 3 25 23 3 25 155 420 9 2 10 243 9 80 186 331 403 6 409 17 15 14 639 10 6 0 0 5 17 3 111 18 24 0 14 0 1 0 10 6 6 1 5 4 19 0 80 7 8 0 3 0 0 0 7 0 1 0 0 1 0 0 2 13 32 0 8 0 2 0 11 3 5 0 2 1 6 0 6 262 648 10 333 15 27 32 356 6 1 0 3 13 22 4 72 11 16 0 7 0 1 1 9 4 16 0 6 14 62 5 124 342 280 1 76 6 4 6 98 3 2 0 0 6 7 1 5 448 264 2 80 11 17 9 166 89 57 3 7 75 102 10 186 3794 376 283 442 373 23 438 1321 323 19 6 17 385 14 392 619 261 31 9 19 13 1 9 46 283 24 5 44 560 25 273 353 184 14 10 11 10 1 6 15 8 1 1 0 12 0 1 5 339 21 4 8 10 2 17 31 268 11 3 4 184 7 63 73 248 15 15 11 30 0 25 40 15 0 0 0 17 1 16 13 14 1 0 1 1 0 1 6 6 1 0 0 21 1 2 15 334 9 8 9 30 0 10 27 17 0 0 0 26 1 9 8 852 37 5 30 21 5 21 149 368 11 3 13 235 8 84 189 332 419 7 418 20 14 17 679 11 7 0 0 6 26 4 170 10 26 0 13 1 0 0 13 5 5 1 8 5 17 0 97 7 4 0 4 0 0 0 6 0 1 0 0 1 0 0 3 13 25 0 8 0 3 0 10 2 4 0 1 1 5 0 8 253 627 11 325 18 24 29 376 7 3 1 1 8 21 5 85 9 16 0 5 0 2 0 7 6 14 0 5 17 65 4 141 320 244 0 80 5 3 6 95 0 2 0 2 6 7 0 8 388 257 4 81 11 17 10 170 85 62 3 6 65 113 5 187 0
2030 185 181 258 159 12 250 682 635 43 27 51 278 9 355 743 206 31 19 32 11 1 7 55 312 32 14 46 243 18 148 342 203 16 8 7 14 1 5 18 20 1 0 2 21 1 9 14 304 41 8 21 18 3 21 53 329 41 2 21 158 14 72 159 197 9 17 12 21 2 38 39 34 3 0 1 35 0 37 44 11 3 1 1 0 0 2 2 19 1 2 1 19 1 9 22 299 10 9 19 40 2 17 52 33 3 1 5 46 2 24 36 804 42 15 43 44 8 47 219 692 39 9 36 296 16 165 494 652 279 23 317 30 11 38 599 65 23 0 12 18 13 11 208 41 36 2 26 2 0 3 39 19 5 0 16 15 18 3 100 24 20 0 7 2 3 0 8 0 2 0 0 0 1 0 4 52 33 0 19 0 3 5 25 21 12 2 4 5 13 1 36 335 243 14 140 31 14 44 281 20 11 1 4 14 8 17 94 18 19 1 14 1 0 3 13 14 14 1 6 13 29 15 115 446 182 6 94 39 14 21 134 17 0 0 3 19 15 11 49 838 391 13 153 47 26 46 536 227 83 3 35 109 114 49 541 2000 172 177 243 159 9 240 684 631 43 29 55 275 8 349 733 210 31 18 29 15 1 9 54 333 32 15 46 248 15 155 336 219 14 10 8 15 1 6 17 19 2 0 1 22 2 9 10 316 44 8 24 14 1 21 48 347 38 1 17 161 13 76 155 210 6 17 12 24 1 41 41 35 4 0 1 33 0 40 38 12 4 1 0 0 0 1 1 25 1 1 1 18 2 9 23 298 8 9 19 46 3 14 51 37 1 2 4 42 2 24 40 820 43 17 39 46 8 49 217 741 34 3 39 299 14 170 504 631 271 23 306 30 10 34 578 71 21 0 13 17 10 13 194 43 38 2 26 2 1 3 39 19 6 0 17 12 16 4 97 28 24 0 5 2 4 0 2 0 1 0 0 0 0 0 6 43 32 0 18 0 1 6 28 20 11 3 3 6 15 4 37 334 227 11 144 32 11 43 276 16 12 1 3 13 10 17 92 16 19 1 14 0 2 3 11 16 14 0 4 13 28 14 123 465 183 5 97 36 14 20 116 15 3 0 2 18 13 7 44 894 388 9 153 41 27 45 517 232 87 4 32 105 115 65 548 2060 170 184 240 155 11 253 641 629 36 31 45 267 11 344 686 211 32 15 32 13 2 11 51 323 33 12 43 255 14 160 335 219 16 12 11 15 1 5 20 16 1 1 1 27 2 8 13 332 40 12 26 15 0 25 55 339 45 1 16 161 15 86 158 197 6 17 10 28 1 35 39 32 5 0 3 38 0 37 42 14 4 2 0 1 0 2 2 24 0 2 1 17 1 10 23 296 10 7 16 42 3 13 49 38 1 1 4 40 1 21 35 816 44 21 47 39 5 45 230 727 41 8 30 287 20 176 482 625 274 27 295 26 15 31 552 81 22 0 13 18 12 14 205 44 35 2 26 2 1 2 40 21 9 0 16 14 19 4 104 23 22 1 6 3 4 1 8 3 1 0 0 1 0 0 5 42 34 0 19 0 1 7 27 17 12 2 4 5 12 1 34 303 224 17 139 38 16 39 274 25 12 2 3 17 8 16 100 16 22 1 13 0 0 2 21 17 14 0 5 14 26 13 124 457 179 5 95 36 15 27 122 15 4 0 2 19 14 11 47 841 394 13 159 46 28 49 493 277 105 4 30 114 122 57 572 0
3192 198 183 274 205 5 310 657 409 21 6 18 323 7 395 505 332 23 10 37 8 0 9 34 437 25 8 41 529 22 299 353 198 8 10 6 13 0 10 8 9 0 0 1 8 2 1 3 458 18 6 16 15 0 14 25 451 29 5 15 405 12 136 112 301 13 10 9 25 1 31 19 13 1 0 0 20 1 26 24 15 0 1 3 1 0 1 0 21 1 1 0 23 3 19 25 384 11 5 10 34 2 13 28 15 2 2 2 45 1 9 20 1164 27 12 36 33 2 35 200 619 13 8 19 440 12 141 266 338 295 6 309 15 7 14 443 22 3 1 4 7 13 6 108 19 31 0 19 1 2 1 17 10 10 1 15 6 13 1 64 9 9 1 6 1 0 0 3 0 0 0 1 1 0 0 1 24 37 0 11 1 1 1 17 12 10 0 5 4 7 1 13 338 397 9 201 18 22 35 288 12 8 0 2 9 16 16 95 16 14 0 7 1 1 2 15 20 18 0 4 17 53 7 111 419 258 3 80 29 11 10 92 2 1 1 0 11 7 1 19 579 336 3 91 28 22 26 243 135 91 0 17 121 117 27 308 3161 202 192 272 191 11 295 649 388 18 5 21 309 10 392 481 338 26 12 35 7 0 10 29 444 24 7 43 498 22 289 322 183 9 9 6 14 0 5 12 13 0 0 2 10 2 3 3 476 20 6 16 11 0 13 24 452 26 5 15 398 13 129 119 302 13 11 9 28 1 31 16 18 0 0 0 20 2 26 21 17 0 1 2 1 0 2 2 23 1 1 0 25 4 22 23 401 13 6 12 39 2 11 24 23 3 0 1 41 0 7 21 1217 25 9 32 34 1 32 190 649 13 7 19 432 11 137 256 356 282 5 301 15 7 18 427 29 7 2 5 8 9 10 106 15 29 0 19 0 1 0 17 8 14 1 14 8 11 2 63 13 9 1 12 0 0 0 2 0 1 0 0 0 0 0 2 25 38 0 13 3 1 1 15 15 7 0 4 3 6 0 11 348 413 7 196 21 18 30 288 10 7 0 4 8 20 17 94 18 15 0 9 2 2 3 16 17 15 0 3 20 49 8 99 430 270 3 69 31 14 11 97 4 1 1 0 11 8 0 20 610 346 8 100 22 21 26 247 147 95 0 18 121 117 26 315 3160 202 196 275 198 12 289 669 375 18 5 18 296 7 376 451 328 25 11 34 9 1 8 28 415 25 8 44 494 20 268 322 199 6 12 8 9 0 9 8 12 0 0 1 12 1 1 3 461 25 7 13 13 1 14 18 424 25 5 12 396 12 114 115 294 14 11 10 24 2 32 21 20 1 0 1 19 2 25 22 24 0 1 2 2 0 2 0 22 0 1 1 23 4 19 25 408 9 6 10 41 3 14 23 18 2 1 2 35 0 6 16 1241 27 12 37 36 1 31 199 607 14 9 21 418 13 134 257 340 287 11 307 17 9 16 407 48 10 0 3 8 7 3 149 14 28 1 18 0 1 0 16 5 12 1 14 7 9 2 66 11 12 1 10 0 1 0 4 0 1 0 0 0 1 0 0 23 36 0 10 3 1 2 14 14 9 0 4 3 6 0 16 353 447 9 198 21 17 35 298 14 5 0 2 8 21 15 90 14 14 0 8 2 1 1 18 25 17 0 4 15 43 9 108 424 270 3 75 28 15 15 102 6 0 2 1 13 8 0 25 622 369 5 102 28 20 27 235 193 105 3 17 119 123 22 319 0
1932 183 297 315 167 14 325 540 642 48 30 56 345 13 478 564 148 34 27 52 18 2 14 53 286 47 23 72 232 18 350 401 245 24 15 19 26 7 23 16 19 2 4 1 16 6 4 12 267 48 14 29 10 1 15 53 264 46 6 25 176 28 102 192 151 20 30 12 36 2 48 54 45 3 3 10 31 7 57 43 18 1 4 3 1 0 3 3 10 4 3 2 15 0 20 36 262 23 14 19 60 3 32 45 35 5 1 7 47 3 27 46 468 49 13 48 45 8 45 195 389 31 5 31 274 35 159 474 605 338 22 372 58 16 38 496 53 21 1 11 25 23 10 161 42 43 2 67 4 1 4 49 19 18 1 13 15 16 8 117 27 26 1 8 1 1 2 9 2 0 0 1 0 4 0 5 40 52 4 28 6 4 6 44 11 18 0 2 4 23 2 51 303 247 28 258 28 23 61 360 16 13 2 6 20 14 16 125 20 10 0 20 0 0 1 30 18 13 4 19 20 52 28 195 373 273 9 88 62 31 21 175 9 5 0 9 23 17 7 57 477 326 11 156 40 28 32 451 104 92 1 43 90 168 44 667 1948 169 306 302 175 17 344 536 641 51 26 53 347 13 487 570 157 35 28 54 18 3 15 52 302 43 23 74 230 19 339 415 249 23 17 16 21 6 25 16 20 1 4 0 17 6 5 12 269 55 14 31 16 1 20 51 268 47 5 26 178 27 106 191 140 16 25 14 36 2 47 51 40 3 2 9 35 7 64 48 19 0 2 2 1 0 4 2 8 3 4 2 18 1 21 36 250 19 16 17 63 2 34 45 39 4 2 8 47 3 22 42 466 45 12 48 45 8 45 198 389 29 7 27 290 34 161 489 612 328 18 360 62 14 39 499 48 15 1 13 28 27 13 158 41 44 2 66 4 2 4 48 19 18 2 16 17 18 7 127 27 22 2 6 1 3 3 10 1 0 0 1 1 3 1 2 41 53 2 26 9 4 5 48 14 18 0 5 4 24 5 55 301 239 29 255 31 21 59 355 20 10 0 5 18 16 16 116 18 13 0 21 0 0 1 29 15 13 4 20 23 51 25 194 364 275 9 83 65 29 23 170 7 5 0 4 20 20 6 55 471 312 9 149 36 28 28 452 109 88 0 43 88 161 44 664 1934 173 307 303 169 14 339 524 646 45 32 54 361 9 502 568 155 32 22 53 23 3 16 52 297 49 23 77 242 20 323 429 252 21 20 19 20 8 25 16 21 1 3 1 16 5 5 13 279 49 14 26 12 1 23 51 275 45 6 26 176 30 116 181 145 16 24 16 33 2 46 50 40 3 2 8 34 7 57 44 18 0 2 2 2 0 3 5 10 2 3 4 17 0 27 30 253 21 13 17 61 2 30 45 37 4 2 7 46 2 22 49 462 47 16 44 46 7 46 201 400 28 5 27 283 31 163 489 601 318 22 359 58 15 43 491 49 18 2 14 28 24 15 146 41 46 1 64 5 2 6 51 17 18 2 15 15 20 5 132 24 28 2 8 1 1 3 11 0 1 0 1 1 2 1 2 40 55 1 25 7 3 6 43 11 19 0 2 4 23 3 58 295 248 28 257 33 23 63 346 17 10 2 4 24 16 16 120 18 11 1 20 1 0 2 29 19 12 3 18 19 45 24 194 348 291 8 88 63 31 20 159 9 6 0 6 21 22 6 55 470 306 10 159 38 30 30 453 108 81 2 44 99 168 46 670 0
2938 279 274 395 257 15 383 1078 341 13 8 13 322 8 403 533 212 20 11 39 10 0 9 35 267 20 9 34 632 24 360 275 241 12 12 5 12 2 5 5 9 0 0 0 18 0 9 5 328 22 4 11 12 0 17 33 384 19 4 7 427 14 117 76 247 11 14 11 28 0 36 44 14 0 0 0 21 1 18 13 10 2 3 0 1 0 0 2 9 1 0 0 23 1 3 8 383 10 7 18 31 0 10 31 16 0 0 1 23 0 13 6 1058 34 6 27 49 1 21 130 713 19 2 15 294 14 125 193 332 298 6 384 16 8 15 496 15 7 0 3 8 16 3 108 13 24 1 26 1 0 0 12 10 6 1 4 3 24 2 77 7 11 0 1 0 0 0 3 0 0 0 0 0 0 0 1 13 25 0 10 1 1 1 6 9 6 0 1 6 10 0 10 280 523 11 428 20 22 23 305 6 7 1 1 7 24 9 65 7 22 1 10 2 1 0 18 15 16 3 9 18 122 7 179 347 279 2 96 11 9 7 81 3 0 0 1 4 5 2 3 648 328 3 85 18 18 12 201 127 96 3 13 75 191 11 224 2944 293 271 412 274 18 399 1192 340 15 10 16 341 6 429 609 204 18 12 31 16 0 13 40 242 21 8 37 645 27 368 285 257 13 14 6 11 2 5 7 7 0 0 0 17 0 6 8 307 19 5 15 13 1 19 36 362 17 5 6 408 10 126 90 227 12 14 11 29 0 35 46 19 0 0 0 24 1 19 11 17 4 3 0 2 0 1 2 8 2 0 0 21 1 1 10 358 8 7 16 31 0 14 38 13 0 1 0 22 1 17 9 920 30 4 29 43 3 19 136 643 17 4 14 277 14 117 194 331 303 6 404 19 8 16 542 23 5 0 3 9 18 4 121 10 22 0 25 1 0 0 16 9 5 1 4 1 30 2 73 9 6 0 4 0 0 0 4 0 0 0 0 0 0 0 1 11 26 0 12 1 0 1 13 5 7 0 1 4 13 1 10 259 510 7 433 21 22 23 339 5 8 1 0 6 21 8 75 5 19 1 7 1 2 1 20 15 18 1 7 18 118 13 187 326 265 2 94 11 7 4 77 1 2 0 0 4 8 1 6 604 287 1 81 21 16 17 205 120 85 2 16 65 180 12 226 2879 291 269 419 271 15 401 1208 338 12 9 17 350 10 417 624 200 18 11 32 12 1 14 43 239 22 8 37 611 30 343 293 257 10 16 6 12 1 10 16 7 0 0 0 15 0 9 5 313 22 8 17 15 0 15 37 344 21 3 5 414 9 136 86 222 14 11 15 30 0 34 38 16 0 0 0 23 1 19 15 14 2 1 0 2 0 0 3 12 1 1 0 17 2 14 8 344 9 7 15 27 0 10 38 13 1 0 0 20 1 9 3 913 35 8 25 38 2 23 116 651 17 3 11 284 16 116 199 333 302 8 375 14 11 17 586 20 7 0 7 11 18 4 156 11 19 0 21 1 0 1 18 11 5 0 11 5 32 2 80 5 13 1 2 0 0 0 6 0 0 0 0 1 0 0 1 8 27 0 9 1 1 2 14 6 8 0 1 5 10 2 15 253 506 9 419 16 22 25 344 6 7 1 5 6 17 6 78 8 17 1 14 1 2 0 18 15 19 0 10 18 123 5 181 335 285 6 105 14 11 4 88 3 1 0 1 3 6 1 7 549 307 3 86 16 13 13 186 153 82 1 10 78 197 12 230 0
2759 212 200 342 243 21 393 1020 420 20 6 31 344 22 422 624 242 32 10 43 13 0 5 33 344 32 15 44 405 17 295 362 264 13 8 8 13 0 10 4 9 1 2 0 12 0 4 4 359 40 15 19 21 1 15 37 406 32 1 15 289 11 122 128 244 10 15 8 35 0 30 35 18 1 0 2 30 0 29 20 15 0 3 0 1 0 0 4 17 0 0 0 25 1 15 20 369 10 11 15 44 0 22 41 23 2 0 3 45 2 11 20 934 36 11 27 36 0 26 176 493 21 2 19 384 22 139 268 424 317 15 326 18 16 21 469 21 12 0 10 10 14 3 136 22 31 1 40 0 2 0 16 11 14 2 12 8 13 3 83 10 12 1 1 0 1 0 3 1 0 0 0 1 1 0 0 28 49 0 10 1 1 0 15 8 8 1 4 6 12 0 18 307 384 24 231 27 18 44 355 10 3 4 3 9 21 8 97 15 16 1 9 0 0 0 18 15 16 3 9 26 40 7 140 397 291 6 100 23 11 10 114 5 3 0 0 13 12 4 16 549 345 2 113 24 18 11 285 118 95 0 20 77 150 24 322 2745 221 212 357 267 22 407 1064 423 21 7 30 370 25 439 646 240 31 16 41 12 0 6 39 340 35 12 47 412 18 307 386 244 14 15 7 12 1 12 6 12 1 2 0 11 1 5 5 359 43 13 20 19 2 16 37 398 29 1 14 300 11 114 128 224 11 12 9 33 1 33 35 20 2 0 2 29 0 28 24 17 0 2 1 1 0 0 2 20 0 0 0 26 3 14 15 360 13 8 15 45 0 19 41 23 0 0 1 46 2 9 19 892 36 13 28 34 1 24 166 456 17 3 16 387 20 146 280 427 335 16 322 24 16 22 489 18 10 0 10 17 12 3 147 22 31 1 38 0 2 0 10 14 13 2 11 7 15 3 93 8 7 1 1 0 1 0 2 1 0 0 0 1 1 0 0 30 47 1 11 0 1 0 15 8 9 1 3 4 11 1 19 297 353 17 217 25 18 44 352 9 8 5 2 9 18 10 107 12 17 1 12 0 1 0 18 14 13 3 7 25 35 11 135 375 278 4 99 20 11 12 119 6 1 0 1 14 11 2 18 532 320 2 114 28 18 11 275 111 94 0 17 78 146 17 327 2731 218 220 348 267 19 416 1056 419 20 12 27 375 33 463 656 249 32 11 38 11 0 9 45 331 29 12 49 453 20 348 389 263 14 9 8 13 3 13 9 12 1 2 0 14 0 7 7 353 38 16 20 20 2 16 45 410 26 2 15 341 13 136 137 219 6 17 9 31 0 30 38 16 1 1 1 26 1 26 21 14 0 2 1 1 0 0 3 19 2 0 0 27 0 13 17 334 12 7 13 43 0 21 38 24 0 0 2 42 1 10 19 829 29 13 27 37 3 23 174 436 19 2 17 391 22 133 262 406 317 15 319 22 16 21 500 17 11 0 10 13 13 8 161 17 30 1 36 0 1 0 17 16 9 2 15 6 17 3 112 9 10 1 4 3 2 0 3 1 0 0 0 1 1 0 1 27 45 1 12 0 1 1 15 7 10 1 3 6 7 1 23 292 366 18 213 24 17 43 342 10 4 3 3 8 18 11 89 12 17 1 12 1 2 0 20 16 17 3 7 24 36 11 136 348 294 6 102 25 8 8 112 6 1 0 0 15 11 3 24 512 302 5 105 21 18 9 261 114 92 0 21 80 150 21 331 0
3324 403 202 439 227 15 343 1260 286 16 9 18 271 5 376 498 213 20 5 27 13 1 11 21 260 24 16 26 353 21 398 303 199 9 6 0 6 0 6 6 1 1 1 0 4 1 1 2 329 35 7 7 7 0 15 34 372 16 4 8 196 2 86 79 262 12 12 15 27 1 18 26 12 1 0 0 28 1 15 12 9 0 1 1 1 0 2 4 20 3 0 1 16 0 19 8 335 11 10 15 27 1 12 27 18 0 0 1 26 1 9 20 1154 37 10 34 38 4 25 129 525 8 3 17 292 13 100 166 320 394 6 486 19 9 15 558 11 7 1 4 5 6 2 109 14 26 1 20 1 1 1 7 13 4 0 9 6 15 2 73 10 17 0 0 0 1 0 4 0 0 0 0 0 2 0 2 23 26 1 11 1 1 2 7 1 4 0 0 3 5 0 10 324 586 6 328 19 20 32 336 6 5 0 0 6 14 10 70 10 20 1 10 0 2 0 9 14 16 0 7 11 40 7 101 449 348 3 100 23 12 7 99 3 5 0 1 5 15 3 13 698 375 6 100 19 12 16 221 146 73 0 14 92 90 16 215 3304 427 206 451 243 19 340 1361 299 10 14 21 285 7 389 521 219 22 9 27 10 1 13 23 250 25 15 31 353 22 398 328 197 13 9 2 4 0 4 6 4 0 0 0 5 1 2 3 313 35 7 2 6 0 10 33 357 17 5 6 196 4 91 86 238 17 11 15 27 2 15 42 12 0 0 2 30 1 16 11 9 1 1 2 1 0 0 6 14 3 0 1 20 1 20 10 330 10 11 18 28 1 9 35 15 0 0 0 25 1 10 15 1021 32 5 38 37 5 25 138 492 14 4 15 288 11 98 155 326 412 6 526 17 12 15 576 14 7 1 2 6 8 4 125 11 28 0 23 1 0 0 4 14 6 0 9 2 15 1 67 8 18 0 1 0 0 0 8 0 0 0 0 0 3 0 1 21 30 0 9 0 1 2 9 2 6 0 3 1 7 1 18 306 577 7 326 18 20 33 355 5 3 0 0 7 16 11 80 10 21 1 11 1 2 0 10 12 17 0 8 14 34 3 105 426 358 6 108 21 14 2 118 4 3 0 1 8 12 2 20 622 332 2 79 16 11 19 210 149 80 0 14 79 85 17 211 3301 415 249 435 237 26 381 1386 312 14 12 17 270 11 373 509 208 27 9 29 10 2 11 36 273 24 10 26 391 24 399 318 206 12 14 7 4 0 6 12 7 0 0 0 5 0 6 6 333 29 14 11 11 1 13 31 362 16 3 5 200 6 107 101 211 13 16 14 26 2 17 38 15 0 0 0 29 1 21 15 18 0 2 2 2 0 0 8 14 2 0 1 17 1 25 19 291 13 8 11 28 2 12 41 12 0 0 0 21 2 6 20 904 35 10 28 31 4 23 139 494 9 6 11 305 11 114 159 311 416 4 531 21 15 15 571 15 11 2 4 9 12 7 139 15 18 0 19 2 0 1 10 11 7 1 6 8 19 2 94 10 13 1 4 1 0 0 5 0 0 0 0 0 4 0 0 16 23 0 11 2 0 0 11 4 5 2 0 2 7 1 19 284 522 5 377 19 23 29 348 9 7 0 1 9 22 14 87 13 22 0 13 1 3 0 18 16 22 0 7 16 42 12 117 352 325 5 119 26 18 2 119 5 3 0 0 7 14 3 22 458 305 2 95 22 12 12 191 163 89 0 20 87 95 23 263 0
2829 258 218 367 288 15 393 1170 362 17 10 20 359 17 505 834 255 20 10 24 20 1 12 40 376 20 27 36 467 18 501 409 174 11 9 6 12 0 9 11 5 0 0 0 19 0 2 5 379 26 9 7 7 0 20 45 483 12 6 2 372 11 140 105 178 12 6 7 33 1 28 32 11 0 0 0 29 1 19 25 15 0 1 2 0 0 3 4 10 0 0 2 17 0 11 19 277 5 3 16 28 2 7 32 9 1 0 1 34 0 9 12 857 30 9 23 54 2 25 161 682 11 1 6 424 10 126 223 294 330 9 387 18 14 15 593 14 5 0 2 11 15 8 141 15 14 0 15 2 0 1 14 9 13 0 6 2 15 2 88 12 6 1 2 0 1 1 2 0 0 0 0 2 0 0 1 25 20 0 9 0 3 1 10 4 5 0 2 4 8 2 16 264 342 8 308 28 22 37 306 7 4 0 2 5 16 12 81 8 21 1 9 1 1 0 16 19 16 1 6 12 41 10 120 360 331 2 96 23 9 5 94 4 1 0 1 3 7 3 14 523 259 2 92 17 10 5 180 117 61 0 6 92 119 18 206 2852 276 232 380 310 15 422 1270 357 17 9 23 372 17 520 854 241 18 10 26 18 0 12 40 334 18 27 47 477 15 506 398 180 11 10 8 14 0 7 13 6 0 0 0 17 0 4 6 351 28 6 5 8 0 18 45 465 13 4 4 340 11 128 116 180 13 10 6 33 2 26 36 13 0 0 1 31 0 22 29 10 1 0 1 0 0 3 2 12 0 0 0 17 0 7 23 254 4 6 13 28 2 8 31 8 0 0 1 31 2 8 14 790 25 5 22 44 1 23 137 666 8 2 9 395 9 112 224 311 330 11 405 20 13 11 609 17 4 0 3 5 22 9 158 10 16 0 12 2 0 1 20 5 12 0 6 5 11 3 89 10 9 1 3 1 2 0 1 1 0 0 0 1 0 0 3 19 26 0 10 0 1 1 11 4 8 0 2 1 14 1 16 235 370 11 273 29 30 37 324 6 6 0 3 8 13 11 98 7 16 0 13 1 1 1 16 13 16 1 4 14 35 14 122 350 341 1 95 20 10 8 105 5 1 0 1 7 6 3 17 502 247 1 90 20 13 4 181 110 53 1 6 79 108 20 214 2764 273 236 392 296 14 426 1286 351 17 7 24 373 17 517 941 231 18 9 22 15 0 12 43 306 17 22 35 496 18 530 448 183 12 9 14 14 0 6 16 9 0 0 0 13 1 4 6 335 25 10 7 9 1 15 42 475 12 5 2 352 15 132 101 170 12 11 9 36 5 24 34 16 1 0 0 28 1 19 23 14 0 0 1 1 0 2 5 10 0 1 0 21 0 17 20 265 7 7 14 36 2 6 31 13 1 0 0 24 1 9 18 757 21 11 20 41 3 26 110 596 9 3 8 360 10 119 203 297 321 8 395 18 17 17 595 14 6 2 8 8 23 7 186 14 12 0 15 1 1 0 15 10 15 0 6 6 15 7 97 13 9 1 8 2 1 0 4 0 0 0 0 1 0 0 3 17 19 0 11 0 0 1 9 3 5 0 1 3 12 2 22 229 376 10 310 27 26 32 318 6 3 0 2 10 13 13 106 13 16 0 16 0 3 1 17 23 16 0 7 14 49 6 127 337 313 2 128 20 10 7 95 4 1 0 1 10 7 2 16 465 247 2 79 15 13 10 164 135 75 1 6 95 134 20 225 0
2936 274 297 299 282 11 319 867 255 11 7 13 312 10 360 486 249 31 23 31 18 0 6 22 327 23 23 34 542 20 532 314 277 17 14 7 12 1 4 7 7 0 0 0 14 1 1 0 355 29 12 8 9 2 13 25 440 10 5 5 410 12 106 59 218 19 22 6 33 2 24 23 14 1 0 0 25 1 19 7 12 1 0 0 0 0 1 2 10 0 1 0 28 3 24 15 357 6 6 9 31 2 6 19 14 1 1 0 35 2 10 8 935 36 8 32 32 2 26 115 539 12 5 12 374 16 96 168 269 351 4 384 12 9 11 397 10 2 0 4 5 9 2 100 13 18 0 16 1 1 0 9 11 10 0 8 2 18 4 70 10 18 0 5 0 1 0 1 0 0 0 1 0 0 0 0 24 24 0 7 0 0 0 7 8 11 1 1 4 13 2 11 317 571 11 429 18 21 37 317 6 9 0 1 11 18 15 87 8 20 1 13 2 2 0 7 10 17 1 8 18 72 7 178 452 701 4 143 15 19 8 82 4 4 0 2 7 17 1 17 583 330 2 96 5 15 16 166 182 90 2 20 127 176 15 250 2965 275 302 335 292 11 318 925 273 15 7 11 317 11 385 487 247 32 25 34 15 2 8 27 328 25 17 29 541 24 541 327 267 19 11 6 11 1 8 7 11 0 0 0 13 1 0 3 326 31 11 13 13 2 12 31 404 13 6 5 411 13 116 69 226 15 19 6 31 5 30 27 10 1 0 0 24 0 18 10 13 0 1 0 0 0 2 1 11 1 1 1 25 1 21 14 352 11 6 10 31 3 6 21 15 2 1 0 46 2 8 8 797 34 8 32 27 3 20 114 481 12 6 8 336 15 83 158 275 363 6 409 12 9 12 414 6 4 1 5 8 11 4 115 12 20 1 20 0 1 1 10 12 7 1 10 4 16 4 72 10 21 0 5 0 0 0 1 0 0 0 1 0 1 0 0 20 20 0 5 1 1 0 7 6 9 0 1 3 12 3 12 310 585 14 435 18 20 36 351 7 7 0 2 14 21 16 85 4 16 1 13 1 2 1 11 10 19 1 6 19 79 5 191 439 707 11 150 14 19 9 91 6 4 0 3 9 19 1 18 513 327 2 90 10 16 18 167 140 82 2 16 123 171 21 267 2975 269 304 332 283 17 339 969 267 10 6 15 332 9 371 529 237 32 28 32 16 1 7 28 305 27 22 35 504 20 546 354 269 20 15 8 8 3 6 11 11 0 0 0 12 1 3 2 337 27 8 10 8 1 16 36 394 14 6 5 396 12 121 74 213 21 18 11 30 3 24 33 7 0 1 0 21 0 17 13 11 0 1 1 1 0 2 2 6 1 2 0 28 1 16 16 313 10 8 11 26 2 7 25 11 2 1 0 37 2 9 6 748 29 9 29 32 3 17 113 497 12 8 11 360 11 89 145 265 348 11 419 12 7 14 447 14 7 0 4 7 15 4 149 15 19 0 21 0 1 0 11 11 6 1 8 3 15 3 100 12 23 1 6 0 2 1 4 1 0 0 1 0 0 0 1 15 20 0 8 0 2 0 5 6 9 0 0 5 8 2 14 284 596 13 435 22 22 34 355 6 4 1 3 14 23 13 101 8 17 2 6 1 1 0 11 7 15 1 9 15 81 9 180 424 694 8 157 16 16 11 99 4 3 0 2 6 16 2 24 446 335 3 92 8 23 12 160 147 87 3 9 120 168 20 279 0
2238 215 211 350 242 15 381 1017 489 34 19 42 349 17 467 820 193 28 11 24 11 1 14 51 312 33 13 33 338 20 256 339 193 14 7 9 14 1 12 20 17 0 0 0 15 0 5 2 336 33 8 16 14 0 16 40 378 29 3 15 230 9 118 163 189 9 14 9 30 0 42 46 26 1 0 2 26 4 31 24 18 0 3 3 1 0 1 4 10 1 1 1 18 5 6 11 295 12 12 11 36 3 18 37 29 0 2 0 35 2 13 29 829 42 12 36 48 1 45 209 754 28 6 23 363 22 124 395 457 304 15 352 30 9 35 697 34 12 0 5 18 24 5 204 32 31 0 30 1 3 1 30 17 18 0 23 3 18 3 116 9 17 1 2 0 3 0 5 0 1 0 0 1 0 0 3 35 31 2 16 1 0 2 26 4 16 0 3 2 7 1 32 260 281 12 211 23 26 42 335 17 6 0 4 10 23 4 110 16 19 1 17 0 3 0 19 21 15 0 7 16 28 9 126 332 156 2 79 37 8 20 126 10 4 0 0 8 6 1 20 605 300 6 123 22 19 29 323 218 96 2 19 99 118 18 383 2269 218 207 368 239 13 389 1066 508 32 16 38 377 18 500 865 196 25 9 26 13 2 17 50 312 39 12 30 334 18 263 372 194 16 8 9 14 1 10 17 12 0 0 1 16 0 6 3 326 32 10 19 12 0 17 47 372 25 2 17 222 9 121 186 169 10 14 7 30 0 47 44 27 1 0 1 29 2 28 26 9 1 3 4 1 0 2 5 4 0 1 1 20 5 9 11 260 7 11 9 40 5 16 39 29 0 3 0 39 1 7 29 749 38 14 31 47 1 41 208 708 30 3 25 354 23 123 406 457 319 14 364 33 10 36 731 32 17 0 3 13 25 5 217 33 31 0 35 1 3 2 36 17 19 0 22 6 21 2 111 12 15 1 2 0 2 0 5 0 1 0 0 3 1 0 3 29 28 2 17 1 0 2 26 7 17 0 3 4 11 0 30 253 279 10 221 25 24 43 344 13 4 0 3 10 21 6 115 14 19 1 17 1 3 1 21 20 15 0 7 13 30 10 132 307 165 3 80 38 7 18 135 15 3 0 0 7 7 0 19 542 281 7 115 19 17 26 341 170 88 2 16 92 117 17 366 2232 231 234 397 231 18 402 1110 492 31 16 43 352 18 481 886 187 23 16 22 14 0 19 58 297 38 10 32 329 19 258 352 200 17 7 7 14 1 13 19 21 1 0 0 14 0 4 7 305 29 11 22 10 0 19 53 344 23 3 17 221 13 106 167 163 12 17 9 30 1 49 46 23 1 0 1 24 6 29 31 17 0 3 3 1 0 0 4 7 0 1 1 13 7 7 12 267 12 11 15 35 4 21 50 20 0 2 0 36 0 7 28 704 40 9 33 40 4 37 198 613 27 5 27 331 20 114 377 460 313 21 387 35 17 33 822 37 15 0 13 20 25 7 274 26 31 0 30 3 2 1 31 7 17 0 20 4 19 3 124 14 15 1 1 0 2 1 9 0 1 0 0 0 1 0 6 29 31 2 18 2 0 2 25 6 17 0 2 5 11 1 35 274 298 9 231 22 27 33 344 17 7 0 1 14 28 4 130 12 25 1 22 0 3 1 23 18 15 1 7 10 35 11 142 300 162 5 90 37 8 15 129 7 4 0 0 10 8 0 20 491 263 6 124 17 16 21 350 173 96 0 15 95 121 20 381 0
3049 249 250 362 306 16 389 1005 225 11 11 8 263 12 367 476 198 20 14 28 13 0 11 17 256 26 14 28 610 15 743 340 227 18 8 9 8 1 5 5 4 0 0 0 16 0 3 2 354 26 8 14 5 0 13 19 397 16 5 5 484 7 136 64 211 13 11 11 22 0 26 23 8 1 0 0 23 2 15 11 13 0 0 1 0 0 1 5 11 1 1 0 25 1 16 18 334 13 7 14 20 2 8 25 12 0 0 1 25 2 9 9 856 28 12 24 25 3 17 116 426 8 2 9 343 10 74 142 253 259 11 389 9 16 8 396 6 4 1 6 3 16 1 108 13 23 0 19 0 1 0 11 9 8 0 5 10 11 1 60 8 16 1 6 0 0 1 3 0 0 0 0 0 2 0 0 15 23 0 8 0 1 4 9 3 4 0 0 2 7 2 6 260 637 13 445 19 32 29 292 6 9 1 6 8 29 9 82 15 17 0 9 0 0 0 13 15 24 0 5 20 78 11 171 461 901 4 163 27 13 7 79 1 0 0 0 11 10 0 14 551 351 1 75 12 8 11 156 135 74 0 12 130 177 22 228 3134 273 263 397 320 17 407 1045 222 15 12 12 298 14 391 508 194 20 15 29 9 0 9 19 240 28 17 29 598 20 742 367 222 21 10 7 8 2 6 2 7 0 0 0 14 0 3 3 318 30 11 13 5 1 15 22 354 17 6 4 468 7 129 67 221 11 10 16 24 0 25 25 4 0 0 0 25 3 20 15 7 0 2 0 0 0 1 3 7 0 0 1 23 3 15 17 315 17 8 17 23 2 6 33 10 0 1 1 25 2 9 7 692 24 5 26 26 4 22 118 398 4 5 9 300 9 69 142 261 284 9 402 11 15 12 442 9 8 0 4 4 18 2 125 13 24 0 17 0 0 1 13 6 6 1 5 8 7 2 74 7 13 1 6 0 3 2 3 0 0 0 1 0 0 0 2 14 25 0 7 0 0 1 9 2 9 0 0 2 9 1 7 235 668 12 445 18 34 23 310 5 6 1 6 10 27 9 103 12 19 0 12 1 0 1 13 10 24 0 7 16 76 9 167 441 870 4 167 26 17 6 90 1 1 0 1 11 9 4 16 482 314 1 75 16 11 11 152 126 74 0 9 117 169 19 235 3095 274 285 395 307 22 401 1127 230 8 13 12 295 19 376 517 190 21 14 27 13 2 10 21 252 27 17 26 559 18 704 355 234 16 12 9 10 1 7 5 5 1 0 0 12 1 3 5 295 22 8 9 9 0 14 29 411 12 4 6 430 5 152 58 208 12 10 14 24 0 22 34 3 1 0 0 23 4 15 17 12 0 1 0 1 0 2 4 8 1 2 0 24 2 13 20 295 11 7 16 17 2 9 39 12 0 0 2 27 2 4 12 643 24 9 21 21 0 18 140 394 8 2 6 340 8 75 164 239 306 9 419 8 18 10 462 7 11 1 2 6 20 2 142 8 25 0 15 0 0 2 14 6 9 1 8 9 11 5 82 6 15 0 7 0 0 1 2 0 1 0 0 0 2 0 2 16 24 0 7 0 0 2 11 5 6 0 0 3 7 3 14 232 631 14 474 19 31 23 358 3 9 0 4 14 29 3 95 14 22 0 12 2 0 0 8 15 19 0 6 14 77 6 173 413 803 4 160 21 19 7 95 3 3 0 0 8 9 1 13 471 325 3 76 17 13 11 164 142 70 0 19 117 169 20 208 0
2185 226 338 375 217 7 381 880 411 24 12 24 293 19 380 584 167 32 17 35 7 0 5 47 276 27 15 32 461 23 291 347 332 14 22 10 15 3 13 10 10 0 1 1 22 1 6 1 313 31 10 19 11 2 13 30 346 19 1 21 523 16 132 131 198 5 16 13 39 0 39 36 23 0 0 0 24 1 24 20 21 4 1 1 0 0 1 5 15 3 3 2 25 0 23 12 299 14 10 19 34 2 13 34 27 0 0 0 39 2 8 17 636 37 15 35 32 4 35 139 551 27 4 22 340 18 115 214 390 302 12 418 18 14 25 646 26 10 1 6 16 21 5 143 20 20 1 31 2 2 1 20 13 15 0 16 13 21 1 124 9 16 1 8 0 1 0 5 0 0 0 0 0 0 0 2 11 29 0 18 1 0 1 15 7 11 0 4 4 12 2 18 323 446 28 509 30 18 43 367 15 15 0 4 8 20 15 106 21 23 2 18 1 3 4 15 24 21 1 15 15 83 6 225 370 360 6 138 24 18 6 106 7 2 0 0 8 6 0 24 483 401 3 140 23 15 11 244 191 112 0 26 129 197 23 366 2212 241 322 413 239 7 417 958 406 28 11 31 342 17 413 635 171 29 18 38 9 2 3 51 293 27 13 32 452 27 324 388 295 13 16 12 14 2 12 11 11 2 1 0 27 1 5 2 289 34 11 16 17 2 13 30 342 23 3 22 509 19 138 128 190 7 19 7 36 1 35 42 18 0 0 0 26 1 25 21 14 4 2 0 2 0 1 4 13 1 0 1 23 0 16 22 298 14 14 15 34 1 16 38 24 0 1 1 36 1 11 21 537 27 17 33 29 4 26 142 473 28 3 22 310 18 123 207 409 307 16 439 22 18 24 698 30 12 0 4 19 16 4 163 22 18 1 37 2 2 1 27 9 15 0 20 7 27 3 104 9 13 0 9 0 1 0 5 0 1 0 0 0 1 0 1 9 30 0 17 1 0 0 17 3 11 0 3 3 16 1 25 318 417 24 515 27 18 41 407 15 5 0 1 9 16 11 116 17 28 3 12 1 1 3 17 18 19 0 12 18 85 10 238 332 359 4 129 24 16 5 109 6 3 0 1 7 8 3 22 424 355 4 143 18 11 11 241 144 85 0 20 128 194 16 364 2225 248 324 406 233 12 434 994 388 22 14 30 322 19 407 663 167 28 15 32 6 0 6 57 272 33 14 37 451 19 317 373 286 12 17 15 16 4 9 15 16 0 1 2 18 1 5 4 288 36 13 16 14 4 18 37 323 20 4 17 505 15 140 137 194 9 25 14 31 0 34 39 23 0 0 0 27 2 26 23 8 3 0 0 1 0 1 3 12 1 0 1 21 0 16 16 277 12 11 16 29 0 18 29 23 1 0 0 34 1 7 19 526 37 16 31 32 4 28 143 467 25 5 19 309 14 115 216 391 314 15 445 20 13 31 730 32 9 1 8 12 21 4 201 20 21 2 35 5 1 0 28 11 13 0 12 16 21 3 121 9 14 1 3 0 1 1 4 0 1 0 0 1 1 0 6 14 28 1 24 1 1 0 19 4 13 0 3 1 12 1 30 303 425 24 511 27 19 37 379 9 9 0 4 10 17 15 128 17 27 2 14 1 2 2 25 15 20 0 11 15 82 8 237 341 372 6 148 28 16 4 110 3 3 0 0 10 10 2 19 408 329 5 138 14 11 13 243 136 103 1 15 126 204 19 352 0
2067 184 187 278 215 9 304 1006 404 20 10 18 329 13 373 795 183 13 19 25 13 2 12 41 325 23 10 18 447 22 245 306 223 5 7 9 11 0 13 14 11 0 0 0 10 0 5 2 309 30 9 14 11 2 19 40 531 26 5 11 341 22 121 145 170 6 14 17 18 2 20 29 20 0 1 2 22 2 27 28 22 2 2 1 0 0 1 0 21 0 2 1 15 0 13 17 304 5 10 16 26 2 13 29 26 0 0 0 19 1 19 11 909 39 14 42 42 4 35 122 1132 39 10 27 415 19 138 280 359 290 15 364 27 11 25 1150 17 21 2 4 11 10 7 212 21 25 0 27 1 1 0 30 14 9 0 12 9 16 1 93 11 13 1 8 0 3 0 8 1 0 0 0 0 2 2 0 23 25 1 9 1 1 0 22 5 8 0 1 5 10 1 20 266 298 13 199 28 15 33 330 21 10 2 4 10 13 13 81 22 12 1 11 0 1 6 21 15 16 0 8 18 35 9 107 323 221 6 75 22 8 10 100 8 2 0 1 11 9 1 19 710 298 4 120 25 22 9 257 272 90 3 25 96 140 21 328 2070 187 206 314 222 16 328 1034 395 26 13 27 354 18 422 824 187 16 17 23 9 1 14 51 331 26 13 26 432 15 264 319 184 14 9 7 14 2 12 15 12 0 0 0 10 0 4 2 278 29 10 16 12 1 12 40 486 22 1 14 330 21 134 153 184 11 14 16 22 1 23 28 26 0 1 2 25 1 30 25 17 4 2 1 1 0 0 3 18 0 2 1 22 0 9 14 313 4 9 19 28 3 11 32 23 2 2 0 27 4 20 13 805 38 9 43 48 2 34 131 1047 33 10 26 367 19 132 295 382 293 14 379 27 8 28 1197 18 14 1 8 20 12 8 210 20 18 0 31 1 0 0 28 7 12 0 14 5 14 1 100 9 13 0 5 0 3 0 8 0 0 0 0 0 2 0 1 27 28 1 11 1 1 0 31 5 6 0 2 7 15 2 29 265 300 16 207 25 20 38 330 21 7 2 4 11 15 16 98 13 14 2 10 1 2 3 22 19 13 1 11 15 44 9 126 323 237 6 79 24 15 11 100 14 2 0 1 10 11 3 24 601 294 7 109 22 21 14 262 188 87 3 21 69 131 20 342 2165 184 238 325 220 15 361 1113 379 24 16 20 350 21 390 784 153 18 13 29 6 1 13 42 307 20 11 21 370 24 239 357 181 9 12 11 9 2 13 20 16 1 0 2 8 0 7 10 283 24 5 21 16 0 21 49 443 22 4 10 278 16 126 159 162 6 11 15 19 1 20 35 20 0 3 3 23 4 36 22 18 2 2 2 0 0 6 3 20 1 2 2 14 1 11 17 295 8 10 18 25 1 12 28 22 0 0 0 25 2 17 11 758 48 9 49 46 4 33 146 832 36 12 24 334 23 141 298 389 320 22 400 29 20 17 1147 32 18 2 12 21 23 13 311 19 19 0 29 1 1 0 26 18 7 1 10 10 16 3 135 12 19 0 6 0 1 1 5 0 0 0 0 0 0 0 2 27 24 1 16 1 0 1 31 8 10 0 2 3 13 0 22 277 303 16 215 23 22 28 390 15 8 3 4 17 16 10 123 18 13 2 10 2 1 4 24 10 14 0 12 18 39 10 138 293 218 4 96 24 13 13 119 10 4 0 0 8 9 3 23 515 273 2 128 25 18 13 302 220 103 3 30 90 136 19 374 0
3239 259 160 318 252 9 280 894 258 13 5 14 228 6 297 315 240 17 10 25 7 0 12 30 325 15 7 30 368 13 172 211 185 10 6 4 5 2 3 7 7 0 0 0 10 0 2 4 336 30 6 4 7 1 10 27 318 8 1 4 175 6 57 62 254 10 2 9 21 3 19 29 12 1 0 1 20 0 14 13 23 1 2 1 3 0 0 4 14 1 0 1 20 0 3 17 334 8 4 11 13 0 6 28 17 1 0 0 29 1 6 12 1044 47 9 29 36 0 21 126 664 14 2 15 287 12 84 155 287 267 7 351 15 9 14 474 10 2 0 4 5 13 2 88 14 14 0 17 0 0 0 8 3 4 0 2 4 7 1 52 8 13 0 3 0 1 0 3 0 0 0 0 1 0 0 0 14 24 0 6 1 1 0 6 0 4 0 1 1 8 1 10 270 422 8 207 14 13 27 256 8 5 1 1 4 9 3 56 6 20 1 6 1 1 0 7 22 15 1 3 9 51 8 60 316 204 1 63 13 5 6 83 4 1 0 0 3 3 0 4 584 240 6 74 17 9 10 167 151 66 0 13 75 88 9 151 3239 304 185 372 263 16 269 942 259 17 7 18 237 9 311 356 243 23 6 28 10 0 11 32 284 17 8 32 354 13 191 183 174 11 6 4 12 0 2 4 9 0 0 0 11 0 3 3 305 24 4 3 3 1 9 28 288 13 1 5 164 8 63 65 247 15 5 8 19 3 28 34 10 0 1 1 22 1 14 13 23 2 1 0 2 1 0 4 15 0 0 0 10 1 4 13 325 11 2 12 16 0 5 30 17 0 0 0 32 1 7 14 952 37 13 27 34 3 18 109 597 16 5 14 256 10 86 146 281 294 4 382 13 10 13 481 14 3 0 3 5 8 2 93 9 12 0 19 0 0 0 14 6 3 0 1 6 5 4 53 6 15 0 4 0 2 0 3 0 1 0 0 0 1 1 1 12 35 0 7 2 0 0 4 4 5 0 0 2 6 2 10 259 437 11 213 20 18 26 304 7 8 0 2 5 10 4 59 9 17 1 5 0 2 0 6 18 9 0 6 7 41 8 71 321 199 2 64 13 11 8 88 2 3 0 1 3 0 1 8 517 237 2 72 15 7 16 170 142 58 2 12 57 89 11 171 3306 309 224 389 264 28 301 981 251 10 7 18 220 18 309 370 196 21 8 22 10 3 14 36 237 10 3 22 340 18 143 234 163 11 18 7 8 0 4 7 7 0 0 0 7 0 2 6 256 20 8 8 5 1 12 30 220 8 6 7 166 3 57 67 230 16 5 10 21 2 21 30 9 1 1 1 17 0 15 15 8 1 2 0 1 1 0 6 12 1 0 0 15 4 4 10 298 10 5 14 9 1 6 32 20 0 0 0 23 1 5 15 811 34 10 26 28 6 20 113 491 16 0 13 238 9 72 150 285 308 8 402 11 25 15 563 18 9 0 8 12 12 5 154 12 13 0 14 2 0 0 13 7 5 0 4 9 11 2 87 10 14 0 5 0 0 0 2 0 0 0 0 2 1 0 1 12 26 0 7 1 0 1 7 2 7 0 2 2 7 3 10 235 441 10 252 18 22 19 343 8 10 0 2 4 11 6 93 6 23 0 6 0 2 0 9 15 9 0 7 10 38 9 100 276 221 1 95 13 11 6 89 6 3 0 3 4 7 0 14 474 229 4 85 13 8 10 167 142 52 0 8 49 94 7 194 0
3662 372 247 463 394 16 477 1267 352 17 7 11 396 6 401 579 271 39 8 37 16 1 11 45 319 27 7 30 558 29 283 345 213 9 4 5 9 1 8 5 3 0 0 0 7 0 3 4 379 31 6 13 14 0 20 33 301 15 2 7 196 11 72 80 291 14 12 15 42 0 42 44 11 0 0 0 36 0 14 10 16 3 0 5 2 0 1 5 9 0 0 1 23 3 8 6 363 13 7 8 27 3 9 33 15 1 0 1 23 0 10 7 824 25 9 23 50 2 24 170 437 11 2 5 272 6 93 188 352 343 12 404 14 6 17 505 13 6 0 1 6 21 2 96 18 24 0 19 0 0 0 10 6 9 0 13 4 21 1 81 2 13 0 4 0 0 1 2 0 0 0 0 0 1 0 2 10 37 0 9 1 1 1 16 3 16 0 0 2 6 1 8 308 584 12 279 20 27 36 326 3 4 1 3 5 23 6 90 11 26 0 10 1 5 1 15 13 21 1 13 18 73 4 151 277 246 2 64 15 9 7 83 3 3 0 0 16 5 0 11 356 268 1 86 10 7 8 195 83 68 1 14 65 105 9 239 3650 376 250 503 415 18 498 1329 348 17 7 15 427 11 424 607 269 42 4 37 16 1 9 46 317 23 8 31 562 33 297 375 203 7 3 8 10 1 5 5 4 0 0 0 7 0 2 5 357 27 6 11 13 0 21 32 288 15 3 8 196 10 75 78 289 12 9 11 45 0 40 43 10 0 1 0 33 0 14 10 13 1 0 2 0 0 1 1 5 0 0 1 24 2 7 7 348 14 5 8 28 3 8 33 18 1 0 1 18 0 12 8 779 23 9 22 48 2 19 160 415 9 2 6 255 6 90 192 343 369 9 415 15 7 14 543 14 7 0 2 8 19 3 113 15 26 0 20 0 0 0 13 7 9 0 11 2 24 3 87 2 13 0 1 0 0 0 2 0 0 0 0 0 1 1 1 11 36 0 9 1 1 0 16 2 15 0 0 1 6 1 9 294 577 10 279 21 24 36 355 1 6 0 0 5 18 7 87 9 21 0 6 0 4 2 13 9 16 0 10 17 70 5 156 259 236 2 63 16 8 8 78 1 0 0 0 16 3 2 12 340 254 1 81 8 8 5 198 73 61 1 11 60 95 3 228 3669 389 240 490 414 17 507 1360 360 14 8 15 429 10 410 613 260 43 6 35 14 1 9 45 315 23 4 34 550 27 284 384 201 10 4 7 11 1 4 5 3 0 0 0 7 0 2 3 349 31 6 12 15 0 24 35 279 12 4 6 196 9 73 83 280 15 10 12 42 1 38 42 9 1 0 0 30 0 15 11 12 1 0 2 0 0 1 1 5 0 0 1 23 2 5 6 344 13 7 9 24 3 10 36 16 1 0 1 22 0 9 8 774 22 8 21 44 3 21 174 413 7 2 6 254 6 87 199 356 367 5 437 15 9 18 536 13 6 0 1 8 16 2 118 12 22 0 19 1 1 0 9 7 9 0 13 5 23 2 79 1 14 0 3 0 0 0 4 0 0 0 0 0 0 0 1 12 36 0 7 1 1 0 23 3 13 0 0 1 5 1 8 284 577 7 283 22 24 38 359 1 6 0 0 4 18 5 95 9 23 0 6 0 5 2 14 12 18 0 8 16 64 4 158 256 235 1 64 13 8 8 75 1 1 0 1 16 8 0 15 336 249 1 81 10 9 6 196 63 65 1 12 60 95 5 228 0
2286 213 207 305 204 10 318 836 339 13 8 19 312 4 398 526 201 33 7 35 10 0 7 36 303 28 11 16 407 15 315 348 223 5 10 4 12 1 6 4 7 0 0 0 9 2 2 1 347 30 6 9 11 0 14 28 485 33 2 15 342 3 87 106 231 9 15 9 26 2 28 40 24 1 0 0 26 1 17 16 11 2 1 1 0 0 0 5 14 1 1 0 24 2 7 14 419 11 5 16 32 1 12 30 21 0 0 1 24 0 4 20 1215 37 5 28 39 2 33 92 1059 25 3 24 384 13 110 208 341 306 6 458 20 11 13 926 11 9 0 3 5 11 3 136 23 28 1 32 0 2 2 25 8 11 1 6 3 5 4 59 8 6 0 4 0 1 2 2 0 1 0 0 0 2 0 2 8 35 0 16 0 0 1 20 5 6 0 1 3 6 2 16 378 403 16 241 21 24 22 388 17 8 0 2 14 8 5 73 10 33 1 8 2 2 1 16 6 17 0 8 12 34 6 82 539 291 4 101 15 11 13 102 5 2 0 0 7 5 1 13 763 412 0 137 19 16 14 251 160 107 2 19 97 97 14 238 2239 202 200 301 203 11 320 823 339 13 6 15 306 8 391 543 217 31 6 33 10 1 9 37 322 33 13 17 431 8 323 334 222 5 10 1 12 1 4 5 9 0 0 0 9 3 2 4 390 25 6 11 14 0 13 22 524 33 3 18 374 5 91 115 221 8 14 11 28 2 28 39 25 1 0 0 23 2 15 16 14 1 1 1 0 0 0 3 15 2 0 0 27 4 11 15 415 6 7 9 32 1 15 32 24 0 0 1 25 2 7 16 1228 44 13 30 45 4 28 101 1072 24 3 26 406 15 118 195 324 308 4 463 21 10 12 884 12 5 0 2 10 10 5 116 22 26 1 32 1 1 1 27 7 11 1 8 5 5 5 62 6 5 0 4 0 1 1 0 0 0 0 0 0 0 0 1 4 33 0 16 0 0 0 17 3 8 0 2 2 3 2 19 365 375 17 239 22 20 23 372 13 8 0 2 9 9 3 63 8 29 1 6 3 3 2 12 2 16 0 6 15 34 7 82 566 278 7 98 18 8 17 88 8 1 0 0 9 3 1 12 790 394 0 135 14 18 12 228 187 102 1 15 109 100 13 231 2324 206 205 291 202 17 323 744 329 12 9 14 283 9 375 497 197 29 12 35 12 2 6 39 303 25 6 20 396 12 272 314 235 6 9 3 11 1 9 18 9 0 0 0 12 3 1 6 390 30 6 7 7 1 16 25 469 39 5 18 316 3 78 110 229 12 14 11 27 1 27 42 22 0 0 0 25 1 12 16 11 2 0 1 1 0 0 10 21 1 2 0 22 3 11 20 403 3 8 17 30 1 14 34 26 0 0 0 30 1 4 14 1274 39 10 30 49 3 38 110 1056 32 7 24 405 14 96 225 346 326 7 438 19 13 13 824 18 13 1 5 12 8 4 118 22 24 1 32 0 0 2 22 9 10 1 8 6 8 2 63 9 10 2 10 0 1 1 4 0 0 0 0 0 0 0 2 11 36 0 15 0 1 0 17 4 9 1 1 5 3 6 16 371 377 18 232 23 16 26 365 14 7 0 2 10 10 8 63 12 32 1 10 2 3 3 17 11 14 0 6 13 39 7 89 571 279 3 110 19 8 17 109 8 2 0 0 12 5 1 11 811 411 2 144 16 16 10 239 237 112 2 20 113 104 10 258 0
2798 246 233 292 181 14 254 540 428 24 11 24 245 6 295 423 229 23 16 23 8 2 8 31 309 24 11 34 328 23 220 273 282 14 9 12 8 1 11 12 12 1 1 3 17 0 3 7 348 27 8 13 13 1 22 27 358 26 4 11 216 12 82 100 356 17 14 10 22 0 25 27 24 1 2 1 24 1 21 29 19 0 1 2 2 1 1 10 14 1 0 3 29 3 8 18 390 7 8 13 31 1 16 36 32 3 1 2 40 1 19 18 849 31 13 36 30 2 39 147 621 46 6 15 327 13 115 322 426 307 18 366 20 15 13 469 38 20 1 15 7 14 12 141 32 30 0 32 2 1 2 25 16 20 0 15 14 21 2 76 13 19 0 4 2 0 0 7 0 1 0 0 0 2 0 1 36 42 0 12 4 0 2 17 12 10 0 2 5 9 2 24 428 584 20 372 22 18 28 350 23 7 0 6 13 23 10 93 20 30 3 10 1 2 3 14 14 27 0 17 26 61 4 130 539 446 5 133 27 15 16 139 5 2 0 1 6 11 2 29 644 378 7 128 28 23 33 317 204 111 4 41 115 153 26 408 2878 221 253 262 181 16 260 517 445 24 11 25 244 10 295 401 239 23 19 24 6 3 9 37 325 31 11 38 359 26 227 279 276 12 9 10 10 0 12 13 13 0 1 2 21 0 5 6 365 28 13 12 16 1 23 27 386 27 3 15 219 9 91 98 357 15 13 8 23 0 21 26 22 1 2 2 26 3 23 32 8 0 1 3 3 0 0 8 16 3 1 1 37 3 12 21 374 4 11 13 32 0 20 31 29 2 1 1 37 0 15 16 897 41 12 33 32 3 43 150 650 42 6 14 351 18 136 333 404 277 16 338 21 13 18 457 36 22 1 13 7 21 12 145 30 34 1 30 4 1 1 26 18 18 0 17 13 22 0 81 17 16 0 4 1 1 0 12 0 1 0 0 0 2 0 1 31 35 1 11 3 1 3 23 9 13 0 2 4 12 2 21 440 509 20 339 23 18 26 322 18 9 0 7 17 16 9 91 18 24 1 7 2 2 2 9 13 21 0 15 23 57 5 140 513 420 8 106 27 13 12 122 6 2 0 0 6 8 2 27 673 364 8 139 29 19 30 305 196 107 3 34 132 153 34 420 2916 222 222 278 180 8 276 540 429 25 12 23 262 13 286 380 246 27 14 20 12 2 8 32 330 29 14 35 385 24 233 280 283 6 11 11 14 1 10 14 12 2 1 0 20 0 6 5 384 28 9 13 14 3 24 29 380 30 7 8 242 10 93 110 330 17 13 3 19 0 23 26 28 2 2 1 23 0 24 33 7 1 2 1 2 0 1 13 20 2 1 1 35 4 11 17 380 5 9 15 32 0 15 38 30 3 1 1 36 0 10 21 897 32 21 32 34 3 49 155 595 43 6 14 354 20 134 318 422 282 18 323 19 9 20 419 43 21 1 10 12 15 9 159 33 31 0 28 1 0 2 27 21 20 0 16 13 19 1 84 15 18 1 5 1 0 0 8 0 1 0 0 0 4 3 0 34 34 1 10 4 0 4 19 13 13 1 2 6 14 2 23 403 497 19 316 25 17 26 295 18 6 1 8 11 25 9 90 18 20 0 9 1 5 2 11 16 19 1 12 29 68 5 138 497 363 6 113 28 13 15 132 3 5 1 1 5 13 1 27 643 360 7 133 34 20 33 304 240 122 2 39 136 177 27 462 0
1165 84 335 269 135 5 315 494 179 9 8 7 285 15 477 516 108 15 11 19 9 0 9 24 260 18 14 28 599 26 721 414 293 12 28 12 22 1 10 6 12 0 0 0 26 0 10 7 275 26 13 18 11 0 13 18 611 28 8 19 834 27 205 145 128 5 16 6 20 0 15 16 15 1 1 0 29 1 26 13 5 2 1 1 0 0 0 2 9 0 2 1 17 0 17 20 372 10 9 10 22 3 15 16 11 0 0 0 26 0 9 9 517 20 4 20 17 1 19 31 586 12 3 6 464 19 106 117 169 253 21 588 11 11 8 551 14 10 0 4 8 15 7 225 7 27 1 31 1 2 0 12 9 12 1 18 3 25 3 195 14 15 1 4 1 0 0 2 0 3 0 0 1 1 0 1 8 18 0 15 0 1 0 12 7 16 0 2 2 14 3 30 286 643 31 1021 26 25 28 538 13 11 0 7 17 23 9 134 10 28 0 29 1 2 0 27 13 31 1 18 23 58 10 211 506 767 8 248 29 23 15 107 4 3 0 1 8 14 2 30 511 457 1 144 8 10 7 100 226 177 1 31 161 205 25 302 1150 86 323 251 127 4 318 468 197 7 11 8 282 11 512 513 122 13 11 22 7 0 6 20 280 15 14 24 601 29 741 432 286 12 28 10 25 0 10 8 13 0 1 0 27 2 13 2 290 27 13 20 12 0 17 18 645 23 12 15 897 33 227 139 130 4 19 7 17 1 15 17 17 2 0 0 24 0 28 16 6 3 1 1 0 1 0 1 10 0 1 0 19 0 16 14 363 12 10 8 28 3 13 13 9 0 0 0 27 2 9 12 552 19 6 21 15 1 16 33 643 18 3 5 475 13 104 123 152 228 24 589 13 11 17 533 11 11 0 4 5 16 7 220 8 29 1 24 1 1 0 17 6 13 1 14 3 24 7 193 16 12 0 3 0 0 0 2 0 2 0 0 0 1 0 3 14 17 0 7 0 3 0 8 6 19 0 3 2 13 1 40 268 599 27 961 28 24 26 528 9 11 0 10 21 25 6 131 10 32 0 23 3 1 1 28 12 27 2 16 24 61 10 201 498 732 10 238 21 20 10 102 8 2 0 1 10 12 3 20 529 424 2 150 10 10 6 112 233 196 2 37 148 198 32 292 1139 105 329 264 126 10 280 440 197 7 12 10 274 10 420 426 114 16 11 17 10 1 11 25 259 21 13 23 568 17 606 390 313 16 21 8 15 0 12 12 9 0 1 0 23 1 13 4 294 20 24 14 14 0 12 15 581 29 8 18 787 16 233 122 140 7 22 13 16 0 23 14 13 0 1 0 21 0 27 15 5 1 1 0 2 0 1 2 12 1 1 0 18 1 16 13 353 12 19 8 23 2 10 16 15 1 0 0 25 2 13 9 530 21 12 23 19 2 19 31 590 14 4 7 469 19 119 117 180 248 16 592 10 15 9 522 13 12 0 13 7 15 7 225 4 18 0 33 0 0 0 17 6 22 0 14 10 18 3 165 14 19 0 7 1 0 0 7 1 0 0 0 1 1 0 2 11 21 0 9 1 1 0 15 5 16 1 1 4 13 1 32 298 656 26 1055 26 25 28 510 10 10 0 7 18 23 3 157 16 33 0 31 2 1 1 25 13 30 2 20 27 59 12 205 567 866 13 271 26 27 13 105 5 5 0 1 11 12 6 22 478 492 12 159 14 19 11 112 258 201 1 44 172 225 25 348 0
3554 344 267 423 356 16 432 1251 363 17 7 22 367 12 413 695 302 35 12 28 17 2 11 38 298 22 7 48 526 29 337 350 226 7 4 9 12 2 3 7 5 0 0 0 11 1 3 4 346 37 6 7 11 0 17 24 300 17 4 8 214 6 66 86 296 9 11 7 30 2 43 44 5 0 0 1 23 0 16 17 10 0 1 0 0 1 0 3 10 2 0 1 24 2 3 12 348 10 7 15 32 0 15 27 10 0 0 1 28 0 9 18 916 35 4 27 35 0 29 170 433 9 0 16 261 12 80 220 359 337 5 412 6 12 16 678 12 5 0 6 8 17 0 114 14 20 2 18 0 1 0 14 6 5 0 9 9 20 0 99 4 12 0 0 2 0 0 2 1 0 0 0 0 2 0 1 16 34 0 8 1 2 0 18 1 7 0 1 0 10 0 5 274 458 9 258 27 22 34 325 3 6 0 2 8 20 10 78 7 28 0 7 1 1 1 5 10 18 0 7 18 93 8 141 345 191 2 66 16 11 7 83 1 1 0 0 5 16 0 7 465 247 2 81 11 18 9 210 77 53 3 5 67 100 10 201 3538 347 269 442 365 16 435 1294 362 17 7 25 373 14 428 696 296 32 12 30 15 3 9 40 278 23 7 44 524 29 352 357 228 9 5 7 15 2 4 8 6 0 0 0 11 1 2 4 327 38 5 7 12 0 16 26 292 17 4 9 207 4 66 87 300 11 12 9 32 2 41 48 7 0 0 1 22 0 16 19 5 0 1 0 0 1 0 3 6 2 0 2 24 2 5 12 358 9 7 14 34 0 14 27 7 0 0 1 27 0 9 20 870 32 4 26 30 0 26 169 422 9 0 13 244 13 71 214 354 351 3 422 6 11 18 695 13 7 0 5 9 16 0 119 15 18 1 19 0 1 0 17 9 5 0 9 7 20 1 101 4 11 0 0 2 0 0 2 1 0 0 0 0 2 0 1 13 34 0 9 1 2 0 18 1 5 0 1 0 9 0 4 269 446 10 259 26 24 34 341 2 7 0 3 7 21 9 80 9 30 0 7 0 3 1 5 8 20 0 6 20 102 5 145 342 179 1 68 16 10 9 84 0 1 0 0 4 18 0 10 457 243 2 80 12 17 7 208 67 62 4 3 66 101 7 204 3532 351 276 443 363 16 436 1319 363 13 9 22 382 10 422 705 298 31 13 28 16 3 9 40 269 22 8 48 523 28 342 367 224 8 3 7 14 3 4 8 6 0 0 0 12 1 2 4 323 36 5 8 11 1 14 24 288 16 4 9 200 5 66 89 298 10 10 8 32 2 42 43 6 0 0 1 24 0 16 15 5 0 1 1 0 1 0 3 6 2 0 4 19 3 5 11 347 9 6 14 33 0 14 29 8 0 0 0 22 0 11 20 878 34 3 23 30 0 26 164 414 9 0 16 240 13 71 217 362 354 2 428 6 13 16 703 13 5 0 6 8 21 1 114 12 20 1 17 0 0 0 15 4 5 0 9 8 18 0 96 7 12 0 2 2 0 0 3 1 0 0 0 0 1 0 2 14 35 0 6 1 3 0 19 1 5 0 1 0 9 0 5 259 462 9 260 26 26 33 353 3 6 0 2 7 24 8 97 8 26 0 9 0 3 1 4 6 21 0 6 18 100 7 144 338 185 1 65 17 11 10 87 0 1 0 0 6 19 0 8 455 237 1 80 10 20 10 213 67 60 4 3 61 98 7 195 0
1939 153 255 260 173 12 279 551 567 49 28 50 336 15 436 532 168 28 19 44 10 0 15 38 326 37 33 50 229 19 242 386 264 18 21 11 25 0 12 16 17 4 1 0 22 4 5 9 292 63 12 29 13 3 26 51 396 32 5 22 191 24 96 199 165 10 22 12 38 0 39 54 33 3 2 2 33 3 46 40 13 1 2 7 1 0 4 7 20 3 2 1 15 2 16 30 340 15 17 19 46 1 21 45 39 3 0 3 47 0 24 30 608 36 19 48 51 7 56 156 505 52 3 34 363 25 147 451 562 305 17 336 34 17 37 514 48 15 1 12 19 20 14 184 35 40 0 62 2 4 1 40 22 18 0 21 13 14 3 112 22 18 2 9 2 1 2 6 0 1 0 1 0 2 1 6 43 52 0 25 6 2 4 28 7 24 0 8 7 13 2 45 346 254 24 187 43 10 43 343 23 8 3 7 18 27 16 117 15 16 0 16 3 2 1 24 29 19 2 16 19 42 14 198 450 307 12 110 41 22 22 192 17 4 2 1 17 14 4 42 508 378 11 158 36 27 31 411 179 131 4 38 121 187 52 630 1944 156 240 250 179 10 271 493 574 56 21 53 357 15 414 497 175 29 20 51 7 2 13 36 342 37 32 49 244 19 260 373 276 17 18 12 30 0 9 11 19 4 1 0 20 4 4 8 302 62 16 34 11 6 25 46 430 41 8 28 207 24 92 201 160 10 21 15 34 0 42 46 38 2 3 1 33 1 43 42 11 1 3 5 1 0 5 9 22 4 1 1 19 0 17 30 350 17 15 15 48 1 23 46 40 3 0 2 53 2 27 31 638 37 17 46 52 10 58 163 536 49 4 34 377 27 167 456 564 292 15 316 31 19 43 460 49 14 2 10 22 23 13 140 35 40 0 62 4 2 1 42 21 18 0 22 12 13 2 113 19 19 2 9 2 0 1 5 1 2 0 0 0 2 1 5 46 54 1 19 6 0 5 28 8 26 0 7 7 20 1 44 353 251 20 173 38 10 49 333 24 7 4 7 21 20 21 106 18 19 1 20 4 2 2 19 25 19 3 15 20 40 16 186 443 291 10 105 48 23 22 177 11 4 2 1 17 8 3 39 516 380 11 167 41 23 33 428 196 127 4 35 122 184 47 651 1943 142 233 236 173 10 272 460 564 49 27 48 344 19 411 459 172 29 22 45 9 1 13 36 339 36 29 50 248 22 256 369 285 15 21 11 26 0 9 10 23 5 1 0 21 3 7 7 314 58 13 33 9 3 26 43 431 35 6 23 191 25 101 194 169 11 22 15 38 0 38 42 33 2 2 1 33 1 48 42 15 1 2 4 0 0 5 7 19 2 2 2 19 0 16 32 352 14 12 19 46 2 26 40 40 3 0 1 51 1 23 31 707 39 19 50 47 10 54 164 597 54 6 37 393 30 156 471 536 292 18 304 29 18 37 428 48 18 1 11 19 22 11 138 35 44 1 56 3 4 1 36 26 18 0 23 14 12 4 106 30 21 2 8 1 1 2 1 0 2 0 0 0 3 1 2 44 55 0 28 3 1 6 27 7 24 0 7 7 18 2 37 348 253 23 170 42 9 55 320 25 6 1 8 17 17 17 112 21 21 1 17 3 2 2 22 28 20 3 17 23 44 14 177 448 293 10 105 42 25 21 167 18 4 2 2 21 10 4 36 559 391 13 162 42 22 35 441 219 133 5 36 126 185 51 652 0
2244 235 231 369 218 13 352 874 528 22 12 34 348 10 440 611 195 37 13 34 8 4 12 45 302 33 7 46 293 27 304 378 217 14 23 7 15 1 6 8 21 0 0 0 16 2 4 4 318 39 6 16 7 2 24 48 359 29 4 14 227 17 104 129 169 9 23 10 30 2 39 42 35 2 0 1 26 1 29 25 12 1 2 2 2 0 2 3 16 0 1 2 9 3 14 13 340 17 9 12 38 1 15 40 29 0 1 1 36 1 12 23 772 45 16 46 56 3 44 196 594 19 2 26 336 19 147 329 517 351 8 371 26 9 31 632 33 12 1 12 12 13 5 164 29 33 4 33 1 2 1 26 13 17 0 9 4 17 1 99 6 15 0 4 0 4 0 5 0 0 0 0 0 0 0 3 27 26 1 14 0 1 2 23 3 7 1 1 5 9 3 22 302 319 9 335 31 17 44 343 12 11 0 4 14 18 9 95 14 21 1 10 6 2 1 17 19 23 0 15 16 49 10 167 387 294 4 104 23 18 17 135 5 2 0 1 10 8 2 30 700 334 6 143 20 31 17 364 153 100 0 27 81 166 19 391 2228 245 232 381 220 14 366 897 535 22 14 28 361 11 461 635 196 38 12 39 6 3 13 47 306 36 9 47 303 26 317 380 209 17 22 8 22 0 9 9 13 0 0 0 15 4 5 5 318 41 3 18 11 2 25 47 361 31 3 13 236 13 106 136 165 9 17 12 34 2 42 41 35 2 0 0 22 1 27 29 8 1 2 3 2 0 1 2 16 2 1 1 8 3 15 8 328 12 8 14 34 2 15 44 26 2 0 1 35 1 10 26 748 44 17 44 57 1 42 191 560 26 2 26 338 19 145 342 515 339 6 378 27 8 27 668 41 16 1 13 9 16 5 174 28 31 3 32 3 2 1 32 14 12 0 9 5 18 2 97 6 11 1 3 0 3 0 4 1 0 0 0 0 0 0 2 25 29 1 14 0 1 1 21 6 8 0 1 5 11 2 24 293 318 9 323 31 18 44 340 9 10 0 4 12 16 9 111 13 19 0 12 4 3 1 20 16 21 0 16 19 45 13 168 368 284 3 99 26 17 17 130 5 3 0 2 10 8 2 31 656 323 4 136 22 29 19 371 141 97 0 19 73 174 20 385 2263 248 242 391 217 16 382 934 538 17 14 30 370 13 463 679 196 39 11 36 5 3 10 54 273 35 10 45 310 24 329 403 216 17 23 8 19 1 12 17 14 0 0 0 17 3 6 5 297 37 6 17 8 2 28 48 345 27 2 18 237 20 118 128 154 7 18 11 34 1 44 45 34 3 0 0 23 1 27 27 12 1 2 2 1 0 3 2 15 1 1 2 11 2 11 17 307 13 8 16 37 0 16 52 23 0 0 1 33 0 12 27 685 38 13 37 53 1 36 201 488 18 0 21 313 21 141 328 508 358 7 396 23 12 28 713 39 14 1 11 14 24 7 214 19 30 3 35 2 1 1 32 12 12 0 13 9 21 6 99 10 17 2 3 1 3 1 4 1 0 0 0 0 1 0 3 24 38 1 13 0 2 1 21 5 12 1 1 5 11 2 25 292 311 12 325 30 19 45 353 8 9 0 5 13 20 12 108 9 23 0 11 6 3 0 19 17 19 0 16 16 41 9 197 359 279 3 102 24 21 17 143 7 5 0 1 14 9 2 37 574 310 5 123 22 26 13 357 132 82 1 16 70 168 20 395 0
1718 165 422 314 178 11 293 409 325 47 25 35 319 14 348 392 159 31 24 36 11 1 10 32 270 47 31 51 341 22 293 315 401 25 50 15 40 11 26 25 28 2 4 3 39 1 11 15 309 34 20 34 20 1 19 29 393 42 20 26 331 45 122 164 167 16 35 18 33 1 41 39 28 4 5 4 41 2 47 42 15 1 4 3 1 1 2 2 16 6 1 4 23 2 39 24 292 24 17 20 33 3 25 34 32 2 1 4 54 5 17 40 324 31 22 28 31 2 35 51 418 48 13 26 332 38 141 276 361 303 25 466 37 24 49 507 27 24 3 19 20 24 13 165 27 45 5 56 6 4 3 42 9 23 0 27 15 28 9 176 25 42 3 14 4 7 0 13 6 3 0 1 3 3 1 9 23 43 0 41 3 1 3 39 8 30 0 14 7 28 6 68 273 313 49 381 46 31 61 414 16 21 2 18 36 28 22 179 25 30 2 42 2 3 3 50 28 36 3 26 23 95 26 309 340 307 14 148 34 38 29 160 11 9 1 6 32 43 12 64 333 339 12 194 39 27 21 258 162 173 11 88 155 309 54 818 1750 180 435 318 172 12 294 400 315 52 22 42 315 10 355 397 159 33 26 41 19 1 6 27 272 42 25 56 328 25 284 321 395 23 49 13 41 11 26 21 30 2 2 3 39 3 11 13 302 42 20 30 17 2 17 37 400 44 18 27 320 39 128 171 167 13 39 26 34 1 39 40 30 2 5 4 41 2 46 40 16 1 5 5 0 2 2 1 16 6 2 1 24 0 36 28 280 26 18 22 32 8 25 40 36 1 0 3 63 4 24 36 328 25 22 24 29 3 35 47 393 46 15 26 329 41 133 278 349 320 30 464 41 26 49 513 27 24 3 22 20 24 15 171 33 39 3 57 7 1 4 42 10 22 0 28 14 25 9 168 24 40 3 10 4 7 1 18 4 1 0 1 3 4 0 10 23 45 0 41 2 3 2 39 11 29 1 13 3 28 8 63 277 304 46 380 48 34 64 408 16 18 5 19 37 30 25 182 15 27 3 39 2 3 5 49 31 35 5 26 24 98 21 318 328 308 11 153 34 40 27 165 10 12 0 5 37 38 11 71 311 328 16 190 38 26 21 267 169 166 9 90 148 332 55 797 1740 189 420 312 174 14 293 411 307 46 24 33 301 13 346 383 152 34 27 33 15 0 8 29 272 44 26 55 324 26 287 298 407 27 43 17 42 9 25 25 25 2 5 2 43 4 12 12 301 36 18 29 21 2 15 37 391 45 17 26 314 41 123 163 179 15 33 29 29 1 33 41 32 3 5 4 39 3 45 46 16 3 6 3 2 0 4 2 12 7 1 4 21 1 37 30 267 28 20 23 38 3 34 35 40 0 0 4 63 4 24 38 323 26 21 29 29 3 32 49 387 42 14 27 339 45 124 284 366 324 39 462 36 29 43 496 24 25 3 21 22 21 12 178 32 43 5 47 4 1 1 44 9 27 0 26 15 27 11 180 29 36 3 16 3 5 1 18 3 6 0 1 4 2 1 6 27 49 0 36 1 3 6 36 10 21 2 13 5 28 7 59 281 318 49 387 47 31 66 399 18 18 2 16 34 33 22 179 25 37 2 43 4 4 6 51 29 29 3 27 22 100 27 305 345 321 11 161 32 43 35 169 11 11 1 4 26 37 12 71 340 324 11 194 31 29 23 267 163 176 9 84 143 339 54 807 0
3052 220 241 315 189 14 281 664 351 16 12 14 303 10 338 381 291 31 17 31 17 0 13 32 390 25 13 31 430 15 242 301 312 13 13 9 18 2 4 14 7 0 1 0 14 1 5 3 423 29 8 13 7 2 16 19 403 19 2 15 334 13 88 91 302 21 10 17 23 2 33 40 15 1 1 1 35 0 21 24 18 4 0 1 2 0 1 2 16 2 1 2 32 3 9 23 386 18 9 17 36 0 13 31 17 0 0 1 42 0 14 23 1051 44 9 30 23 5 38 183 517 18 5 13 327 12 107 258 408 330 8 339 22 13 12 401 17 6 0 2 11 14 3 112 12 34 0 16 3 0 0 21 13 11 0 11 5 11 1 86 6 24 0 5 0 1 1 6 0 1 0 0 0 1 0 2 15 37 0 19 0 1 3 11 3 8 0 3 1 11 1 11 373 606 17 324 30 25 39 288 9 11 0 2 11 26 12 100 17 28 2 20 2 1 1 15 21 24 0 16 23 68 12 138 531 326 4 113 26 16 16 123 2 4 0 0 17 15 3 25 592 366 7 105 20 18 16 241 141 104 1 25 112 157 22 315 3071 227 257 321 189 16 274 647 361 14 11 11 301 9 318 372 290 27 17 31 16 1 15 27 405 27 14 29 413 14 231 301 314 13 11 7 17 1 6 11 9 0 1 0 15 0 6 3 403 35 7 13 6 2 16 22 396 19 3 16 325 15 85 86 302 19 9 19 22 2 34 35 13 1 1 1 34 0 24 20 20 3 0 0 1 0 2 2 15 2 2 1 26 3 10 19 387 20 12 17 41 1 13 28 17 0 0 1 45 0 14 24 1091 41 10 32 27 5 35 184 534 19 5 15 325 12 106 260 397 329 6 339 23 13 11 393 20 11 0 2 10 16 1 111 15 32 0 16 2 0 0 20 11 13 1 11 5 13 2 81 6 23 1 2 0 2 0 3 0 0 0 0 0 1 0 2 10 34 0 23 0 1 3 13 3 8 0 4 1 10 1 11 381 605 16 321 25 32 37 274 9 10 0 1 11 26 12 99 17 27 3 21 3 2 2 16 26 24 0 12 25 79 12 134 529 332 5 104 29 15 15 116 1 3 0 0 20 18 3 26 605 378 6 101 18 17 16 249 146 109 1 26 99 160 25 321 3044 223 243 318 189 20 280 653 352 20 10 16 299 12 324 356 294 30 16 32 18 0 12 29 405 27 15 28 427 16 226 298 316 17 11 7 15 1 6 10 7 0 1 0 11 1 7 3 420 33 9 13 8 2 20 23 394 17 1 16 343 15 88 89 298 21 8 18 23 2 32 38 17 1 0 2 37 0 23 18 21 2 0 0 1 0 1 3 17 2 3 1 27 3 10 20 399 19 10 21 34 1 15 26 18 0 0 2 41 0 12 22 1066 40 11 29 25 5 35 200 546 16 4 16 333 14 110 257 413 315 6 340 21 10 14 371 31 6 0 2 11 16 1 129 12 32 1 17 4 0 1 18 10 10 0 11 3 10 4 89 6 22 0 5 0 1 0 3 0 0 0 1 0 1 0 1 14 36 0 17 0 1 3 12 4 9 0 4 1 13 0 14 370 589 21 302 30 25 31 281 10 8 1 5 7 24 9 94 16 29 2 18 4 1 2 14 22 23 0 14 23 74 13 136 540 330 5 106 27 16 17 115 3 4 0 1 17 16 3 25 616 368 3 109 21 17 20 246 156 104 1 25 101 166 27 313 0
4184 252 177 325 241 8 279 790 360 15 14 16 263 13 293 494 442 25 5 26 12 1 7 23 360 18 17 36 443 11 237 249 216 8 4 6 12 1 8 6 6 0 0 1 9 0 2 2 444 40 10 12 8 1 13 15 382 13 6 8 249 8 78 65 379 11 6 10 21 0 24 31 13 2 0 0 23 0 28 11 17 2 1 0 3 0 0 1 9 0 1 3 21 4 12 19 404 9 1 11 27 1 5 18 13 1 0 2 38 1 13 8 1412 29 4 29 36 3 32 232 477 18 5 18 315 10 101 227 359 304 3 291 14 8 8 389 9 4 0 5 8 15 8 110 13 19 0 20 0 2 0 13 12 7 0 8 5 13 2 52 6 11 0 2 0 1 0 4 0 0 0 0 0 0 0 1 30 41 0 11 2 0 2 11 10 3 0 0 0 10 3 11 350 513 10 194 32 18 36 259 9 5 1 2 9 14 9 72 14 20 0 8 1 0 0 5 12 15 1 7 23 44 7 94 442 235 1 75 19 9 16 114 1 2 0 0 7 9 5 19 554 320 6 94 16 11 21 201 118 60 1 13 84 121 8 257 4164 255 182 325 240 10 276 777 347 18 16 13 265 10 292 461 452 26 5 24 12 0 5 24 364 16 16 36 429 11 243 242 221 9 2 5 12 2 7 2 6 0 0 2 9 0 2 2 446 38 11 12 11 1 11 12 391 18 6 7 236 6 74 65 389 9 10 9 17 1 26 32 14 1 0 0 20 1 27 9 18 2 1 0 1 0 0 0 12 0 1 4 23 3 15 19 415 9 2 10 28 1 6 18 14 2 0 1 41 1 9 7 1414 28 6 30 37 3 37 214 492 20 4 19 329 10 101 213 342 307 1 278 13 6 11 359 10 6 0 4 10 17 11 124 16 23 0 17 0 3 0 14 8 6 0 11 7 11 3 50 8 11 0 2 0 0 0 4 0 0 0 0 0 0 0 1 31 43 0 11 2 1 2 11 11 4 0 0 1 11 2 9 357 514 7 190 30 17 36 268 7 3 1 3 10 14 11 69 16 19 1 7 1 0 0 5 14 15 1 8 26 44 7 91 432 246 2 78 24 10 15 112 2 1 1 1 7 6 5 19 574 344 6 88 16 10 21 190 126 63 1 15 90 124 12 271 4107 254 201 320 244 16 284 708 332 18 12 15 264 12 271 402 443 26 8 26 13 0 6 20 343 19 20 33 447 12 246 245 231 10 3 4 10 1 9 5 11 0 0 1 9 0 3 1 442 39 12 13 9 2 14 16 376 11 7 9 252 7 66 63 374 10 7 11 21 1 24 31 14 2 0 0 13 1 24 11 23 2 1 0 1 0 0 0 12 2 1 3 22 2 16 18 415 10 4 10 27 2 7 22 12 0 0 1 36 1 9 7 1465 26 4 32 30 2 34 214 508 18 0 21 342 10 100 213 335 301 6 288 10 10 9 331 16 11 0 5 14 15 14 150 15 24 1 17 0 1 0 10 16 8 0 9 6 11 2 60 8 12 0 2 0 1 0 5 1 0 0 0 0 0 0 1 30 43 0 5 2 0 1 14 10 4 0 0 1 8 2 8 359 517 11 207 28 21 33 261 10 3 1 1 13 16 7 68 16 28 1 7 1 0 0 10 18 13 1 10 28 46 11 92 438 236 3 77 18 11 16 113 4 2 0 1 8 9 6 25 590 338 7 91 18 17 17 196 140 67 1 14 87 132 15 284 0
3038 277 221 346 268 14 346 1004 288 11 7 15 324 14 431 567 291 27 12 27 5 0 11 29 362 20 7 29 640 11 320 310 236 9 6 4 10 1 4 9 6 0 0 0 8 1 1 2 419 29 5 9 14 0 12 29 378 18 2 8 253 7 72 79 279 10 9 8 22 1 32 33 9 1 0 0 23 1 18 14 13 1 2 0 0 0 0 1 12 0 0 0 24 0 8 10 371 9 8 10 31 1 8 18 6 0 0 2 29 0 8 10 1334 45 5 30 33 5 33 132 679 4 2 8 329 13 78 194 309 307 2 375 15 15 12 567 11 8 0 2 6 12 2 119 14 12 0 19 1 0 1 6 9 9 0 2 5 11 0 66 4 16 0 2 0 2 0 2 0 0 0 0 0 0 0 1 10 33 0 9 0 0 0 7 1 3 0 0 2 4 0 9 356 580 4 260 22 18 28 288 4 6 0 1 7 15 7 77 7 16 0 7 2 2 1 18 10 13 0 6 15 59 9 96 457 345 6 80 18 9 6 83 3 3 1 1 7 5 1 10 814 333 1 86 14 12 7 167 138 63 3 7 87 128 17 167 3045 276 209 351 243 18 331 936 274 11 10 14 306 15 403 563 302 28 11 31 9 0 8 34 362 17 9 28 652 12 315 276 230 9 8 8 13 2 4 4 6 0 0 0 12 1 1 2 421 26 4 8 12 1 7 28 379 16 2 6 255 6 74 81 285 12 7 7 24 1 33 35 9 1 0 0 22 1 18 14 12 1 2 1 1 0 0 2 9 0 0 0 22 2 7 11 376 13 7 11 30 1 7 21 6 1 0 2 31 0 9 9 1369 47 9 33 36 4 37 137 724 6 3 10 327 12 81 187 314 314 3 384 15 15 11 535 14 10 0 2 4 15 3 98 11 11 0 15 1 0 0 9 10 9 0 4 2 10 0 70 5 12 0 3 0 1 0 2 0 0 0 0 0 0 0 1 14 35 0 8 0 2 0 7 3 4 0 0 0 6 0 9 361 581 3 270 24 13 27 289 2 8 0 0 7 15 6 71 12 18 0 7 2 2 1 15 9 13 0 4 14 59 10 96 471 343 5 82 18 7 6 94 3 2 0 1 7 4 1 8 811 344 2 99 13 17 10 177 148 61 2 11 88 126 17 176 2999 281 218 338 241 17 319 893 294 15 6 15 280 12 354 505 275 26 13 34 8 1 9 28 334 19 10 27 543 10 281 273 245 8 12 8 8 2 9 15 2 0 0 0 6 2 2 5 398 29 5 4 7 1 8 28 356 18 1 6 235 7 73 75 281 16 14 8 20 2 34 35 9 1 0 0 20 1 21 16 16 1 2 0 2 0 0 5 16 0 0 0 21 0 8 9 374 13 4 10 33 2 9 19 6 0 0 1 27 0 7 11 1448 50 13 39 36 10 30 116 693 4 5 6 336 17 81 185 323 322 6 333 14 15 11 514 21 11 0 3 3 13 2 132 11 16 0 17 1 0 0 7 11 8 0 4 5 11 0 65 8 13 0 2 0 1 0 9 0 0 0 0 0 0 0 0 9 27 1 12 1 0 0 7 2 5 0 1 0 3 0 10 387 601 5 321 22 19 25 282 7 6 0 1 7 18 7 74 11 13 0 5 1 3 1 16 20 14 0 10 16 62 7 104 495 383 4 95 21 9 6 89 3 1 0 0 7 6 0 10 899 392 5 100 13 11 8 179 207 62 1 9 90 134 16 198 0
2235 177 329 333 199 11 356 658 552 42 23 39 362 18 447 470 188 35 20 49 19 1 12 45 346 45 29 56 343 24 266 374 271 25 13 14 25 3 16 15 21 2 1 1 22 2 6 8 321 41 14 27 12 1 29 50 383 42 8 20 235 24 118 161 159 12 15 11 44 0 60 44 37 2 0 3 42 3 41 39 5 1 4 2 2 1 3 4 7 1 2 1 21 0 22 20 266 13 12 19 58 0 21 51 35 1 1 4 51 1 29 40 439 43 7 40 33 3 43 157 374 33 9 26 350 27 153 424 535 358 20 427 46 11 33 547 44 22 2 7 21 23 8 156 22 39 1 42 6 0 0 49 25 15 1 27 13 19 7 154 16 24 2 5 0 1 0 5 2 2 0 1 0 2 0 4 34 55 1 25 3 3 5 40 5 26 0 3 6 17 5 45 319 369 14 277 42 28 71 396 22 14 1 2 21 20 17 110 19 19 3 19 3 0 1 30 15 20 1 19 15 37 12 186 297 198 6 96 38 20 27 131 5 6 0 0 14 14 5 41 371 295 7 139 36 25 39 411 120 104 6 38 103 163 37 568 2222 183 329 347 199 11 334 664 554 45 21 39 355 16 449 463 183 35 23 45 17 1 9 45 340 45 26 52 332 21 255 369 274 20 13 15 27 2 15 17 23 1 1 0 23 1 6 9 308 36 12 27 12 2 23 48 370 46 6 21 226 19 109 158 165 13 17 12 42 2 62 43 38 2 0 2 43 3 40 40 6 2 4 2 2 1 2 3 8 1 2 1 20 0 22 19 275 15 14 20 56 0 19 50 37 1 0 3 54 1 29 38 435 43 7 41 33 3 46 159 375 34 11 31 334 31 154 415 538 367 21 445 49 12 34 550 46 20 2 8 16 25 8 149 26 41 1 42 5 0 1 52 22 17 0 27 9 16 9 142 17 28 2 5 0 2 0 7 1 3 0 2 0 2 0 4 33 61 0 25 4 2 6 42 4 25 0 3 6 19 3 42 338 379 13 284 40 28 71 401 25 17 1 4 21 20 18 120 17 20 3 21 4 0 1 31 16 19 1 19 14 34 11 183 296 212 5 98 41 24 24 140 7 5 0 1 13 13 4 37 367 296 8 145 37 28 39 419 117 106 5 40 100 162 33 578 2219 184 327 350 198 13 336 671 551 40 20 45 361 14 439 465 179 34 19 48 17 1 9 48 337 47 23 52 327 19 253 368 268 25 13 14 26 1 17 13 21 1 1 0 21 3 6 11 301 35 14 30 13 1 24 51 371 43 7 22 228 19 111 152 168 12 16 12 42 0 59 43 38 2 0 3 40 3 39 41 5 3 4 2 2 1 4 4 10 1 2 1 19 0 21 21 277 16 10 21 56 2 20 52 37 1 1 4 54 1 28 38 438 45 10 41 33 4 42 157 376 33 9 30 334 29 150 413 543 363 22 451 47 13 33 552 43 22 3 8 16 22 7 149 24 42 1 39 7 2 0 48 22 15 0 27 10 17 8 144 16 29 1 6 0 2 0 4 2 3 0 1 0 2 0 6 38 58 0 23 2 3 5 40 3 26 0 3 5 18 3 41 326 397 12 275 40 28 70 418 23 17 1 4 24 20 18 124 18 19 3 23 4 0 1 29 14 21 2 17 12 38 12 187 307 211 6 100 41 26 24 140 6 6 0 2 14 13 4 38 375 300 9 146 39 23 40 418 117 106 6 41 96 160 32 564 0
1798 160 354 300 172 15 329 521 356 40 20 39 269 25 378 405 139 25 31 37 15 0 19 25 227 37 23 55 368 29 296 355 368 28 33 29 33 5 25 24 22 1 1 1 22 1 13 10 307 35 13 19 18 2 16 39 376 48 15 33 353 30 136 154 170 17 32 17 35 0 38 37 28 9 1 2 30 1 33 46 17 2 1 3 1 0 4 4 22 3 2 3 33 5 29 29 307 16 11 24 31 2 20 41 30 2 1 3 48 1 17 32 418 37 15 33 30 3 29 95 422 28 3 32 347 38 132 250 404 313 36 434 44 22 48 591 35 22 3 18 23 15 18 190 23 43 2 45 4 2 1 46 17 18 1 28 16 26 9 164 11 36 2 10 0 4 0 14 1 1 0 0 1 1 1 10 32 33 1 24 2 1 6 27 10 19 2 7 5 28 3 72 298 394 31 394 39 29 40 409 13 20 3 9 21 29 24 169 17 28 3 33 3 3 1 43 22 32 3 23 28 92 16 304 368 355 15 173 36 25 18 168 14 8 0 8 22 18 5 62 387 318 14 166 25 30 27 255 181 166 5 67 143 312 50 641 1816 170 364 307 192 15 335 517 367 42 22 37 275 19 389 407 134 35 28 34 12 0 14 24 230 37 23 54 368 28 295 361 357 26 27 28 36 6 26 25 21 2 1 3 24 1 16 10 297 37 13 24 18 2 17 35 367 45 14 32 344 28 133 155 166 15 27 20 32 1 39 40 29 5 1 2 31 1 37 45 16 1 3 4 0 0 2 5 22 2 5 1 27 8 31 29 303 16 14 22 34 2 21 37 28 1 1 3 51 3 19 24 412 38 11 33 30 4 27 98 421 31 6 24 346 32 145 267 411 306 36 454 41 18 48 598 31 17 2 17 29 23 21 188 21 36 2 51 1 2 3 48 19 21 2 29 12 27 9 153 14 39 2 11 0 6 0 17 2 1 0 0 1 5 2 9 34 27 2 28 1 1 5 28 9 25 0 11 6 32 3 75 301 380 32 369 42 26 42 403 13 19 5 10 27 24 28 170 15 33 1 33 2 4 3 41 18 31 0 26 30 81 18 320 357 332 13 153 33 27 18 175 14 10 2 7 21 16 6 60 373 306 16 169 25 33 27 269 181 167 4 64 144 283 47 661 1810 167 345 301 188 18 311 528 363 41 24 32 283 19 365 420 140 35 32 30 14 1 14 28 238 34 24 54 378 28 329 331 370 31 25 29 32 6 30 31 25 4 1 1 25 1 11 11 305 35 16 20 19 2 22 39 363 42 15 31 361 33 137 153 174 15 27 16 30 2 38 36 27 5 1 3 26 2 32 40 18 2 3 3 2 0 1 7 22 3 4 2 33 7 36 35 310 19 16 23 33 2 20 39 37 3 3 3 46 1 16 31 396 36 12 37 32 4 23 94 400 26 6 22 348 36 143 268 398 322 39 456 34 21 53 594 30 16 3 17 26 18 19 180 26 33 2 51 0 3 2 50 17 24 2 26 15 24 7 157 15 34 1 11 1 3 3 13 2 2 0 2 1 4 0 11 30 30 1 29 1 2 7 28 9 23 2 11 7 29 5 79 299 359 34 371 40 30 38 413 17 18 4 13 23 29 29 163 16 27 1 36 3 2 2 42 21 30 1 22 30 85 24 301 352 326 11 150 40 27 17 165 10 8 0 7 23 19 3 72 374 331 16 170 22 26 23 266 189 163 1 60 139 293 59 670 0
2913 281 317 373 318 14 385 749 250 18 15 10 291 7 400 386 243 30 17 25 11 0 9 30 298 23 19 25 619 25 733 347 286 11 16 8 13 0 4 4 6 0 0 0 9 1 4 1 350 23 11 14 12 0 13 15 401 19 8 7 378 11 126 74 210 14 18 7 25 0 18 37 16 0 0 1 24 2 18 17 6 0 1 0 1 0 1 5 5 1 2 1 20 2 18 14 318 16 10 22 31 0 8 18 11 0 0 0 29 2 4 7 761 36 10 24 24 2 19 63 447 13 2 10 397 14 87 119 232 330 7 436 19 14 12 487 5 4 0 4 8 6 2 115 12 22 0 23 1 0 0 6 7 9 0 6 4 24 5 83 12 15 0 5 0 0 0 5 0 1 0 0 0 0 0 0 21 27 0 4 0 2 3 9 4 7 0 1 3 7 1 15 264 637 22 471 27 34 25 324 8 4 0 1 9 24 11 104 13 16 1 12 1 1 3 15 9 19 0 15 19 123 13 198 378 823 4 122 13 10 6 74 7 4 0 0 5 18 2 20 483 378 2 93 12 17 9 137 190 97 0 10 111 182 17 238 2932 299 333 408 322 15 404 819 250 19 9 16 302 11 422 437 230 31 20 22 11 1 9 30 280 26 13 28 612 27 737 370 266 13 11 13 14 0 3 6 6 0 0 0 11 1 7 1 323 21 9 15 9 0 12 19 367 17 7 6 374 11 139 77 198 12 15 5 24 0 21 36 16 0 0 1 28 2 19 11 5 0 1 0 0 0 1 5 3 1 2 1 20 2 16 14 315 14 10 19 24 0 5 24 10 0 0 0 27 1 6 11 690 29 5 20 20 2 15 65 411 10 4 12 383 11 74 122 233 354 6 453 19 14 9 528 8 6 0 3 8 7 2 132 15 20 0 24 2 3 0 6 9 8 0 7 5 26 2 89 6 17 0 8 0 0 0 6 0 1 0 0 0 0 0 1 19 33 1 3 0 0 3 9 2 8 0 1 4 9 1 9 247 640 26 490 29 39 24 357 9 4 1 1 11 26 9 118 8 14 1 10 0 1 1 16 7 16 0 17 14 121 15 201 340 834 2 121 16 10 10 78 2 5 0 2 6 13 1 20 420 366 2 81 10 19 8 147 161 89 0 8 99 173 20 228 2851 311 315 415 319 14 390 886 254 19 13 13 311 8 399 446 228 28 15 25 11 0 15 35 271 25 11 24 636 29 726 366 280 11 13 16 15 1 3 6 4 1 0 0 7 1 3 3 306 18 11 13 12 1 17 21 390 19 8 4 373 9 152 84 189 12 18 5 23 0 22 32 14 1 0 0 31 2 24 12 2 1 2 0 0 0 1 5 4 1 2 0 16 2 13 15 290 14 8 19 29 1 5 21 11 0 0 0 23 2 4 6 642 32 7 17 19 1 20 68 452 10 2 11 387 12 78 138 225 349 11 459 19 16 16 541 4 6 0 3 9 10 1 160 11 21 0 24 1 2 0 6 7 9 0 9 2 23 1 85 6 17 0 5 0 0 0 4 0 1 0 0 0 1 0 1 15 24 0 5 0 0 2 11 3 4 0 0 2 9 1 11 240 634 24 487 26 33 25 386 9 3 0 1 11 26 9 110 8 21 0 9 1 1 2 16 6 17 1 15 15 131 11 190 342 806 5 133 10 10 10 80 5 5 0 0 6 13 2 23 432 353 2 85 13 18 9 124 180 105 0 11 109 164 16 224 0
4364 230 155 323 250 20 319 1131 216 13 5 10 326 9 427 617 352 25 8 23 14 2 10 24 394 19 10 32 628 17 347 313 173 6 5 4 8 0 8 8 2 0 0 0 8 0 0 2 418 23 8 6 10 2 10 16 355 11 0 4 287 18 92 54 337 10 3 8 25 1 26 32 7 2 0 0 22 0 19 18 14 1 1 0 2 0 1 0 13 3 1 1 25 1 6 16 372 4 3 12 27 1 6 22 6 0 0 0 29 0 5 4 1219 25 5 19 35 7 29 159 457 7 1 11 314 13 75 138 220 326 4 347 11 14 4 581 9 5 0 2 10 8 5 110 12 21 0 14 0 1 0 4 2 7 0 4 7 6 3 54 2 14 0 1 0 0 0 1 0 1 0 0 0 0 0 0 17 24 0 5 0 1 0 9 3 5 0 0 2 5 0 13 384 486 4 198 19 20 31 291 4 0 0 0 2 12 8 73 11 22 2 10 0 2 2 7 12 16 0 3 16 57 6 58 441 270 0 63 23 7 8 90 4 1 0 0 9 4 0 8 552 316 0 53 15 10 16 147 75 52 1 11 76 72 10 149 4379 237 164 315 245 21 296 1029 207 17 8 10 301 11 413 568 353 27 8 24 15 2 11 24 383 23 9 32 622 14 351 292 184 5 6 3 10 0 4 3 3 1 0 0 8 0 4 2 426 23 6 7 6 1 8 21 370 13 3 4 295 14 98 55 363 11 7 13 22 1 27 33 8 1 0 1 22 0 16 17 16 0 0 1 2 0 1 0 10 3 1 0 27 2 7 16 392 6 2 9 26 0 5 21 12 0 0 0 35 0 6 6 1219 28 0 24 41 4 30 156 479 6 5 13 301 11 77 134 242 302 7 349 11 11 7 515 10 2 0 2 7 5 5 115 13 21 0 15 0 1 0 7 4 6 0 3 3 7 3 54 4 14 0 2 0 0 0 2 0 0 0 0 0 0 0 0 16 28 0 3 0 2 0 12 3 4 0 1 1 4 0 11 402 550 9 206 17 18 26 297 6 1 0 1 2 8 9 69 15 22 1 8 0 4 1 9 8 17 0 3 12 58 8 56 439 282 1 68 26 6 10 99 5 1 0 0 7 4 0 9 554 343 2 59 13 11 15 141 87 61 0 10 84 75 11 134 4579 230 174 300 246 19 295 838 241 14 7 8 306 12 341 429 360 18 12 27 11 3 14 30 402 22 8 31 584 11 274 292 195 13 5 10 7 0 6 4 5 0 0 1 8 0 4 5 443 25 9 6 11 1 15 23 381 16 1 6 273 19 98 65 374 14 10 7 23 2 22 32 10 0 1 0 19 0 15 16 18 0 2 0 0 0 2 1 17 4 1 0 26 1 4 16 399 12 1 13 22 0 8 20 8 1 0 0 27 2 8 4 1224 30 0 29 40 5 31 163 460 10 2 7 331 15 88 165 247 337 12 298 7 9 6 350 11 2 1 2 7 8 8 106 15 24 0 12 0 1 0 10 5 6 0 6 5 4 3 66 9 12 0 3 1 0 0 4 0 0 0 1 0 0 0 2 14 23 0 3 0 1 0 9 5 5 0 1 1 3 0 14 416 520 3 221 23 25 25 292 8 0 1 3 6 11 8 61 11 23 2 11 1 2 0 13 10 19 0 7 12 61 8 87 453 310 1 80 22 6 11 99 7 2 0 0 9 6 0 13 550 332 2 80 13 15 13 153 130 69 2 16 95 105 19 167 0
1771 148 414 310 189 22 282 395 403 36 35 37 281 17 315 402 143 36 26 42 12 2 19 31 244 38 35 47 311 24 305 286 436 24 63 20 33 7 25 30 31 7 1 0 31 6 15 11 259 38 19 26 14 2 22 39 308 46 15 26 273 39 139 166 170 12 42 23 27 2 36 40 36 7 4 2 51 0 41 40 10 2 3 4 2 0 4 5 15 2 7 6 20 3 37 35 276 26 23 25 46 6 19 36 35 9 1 4 54 6 34 42 300 23 18 27 31 6 28 63 468 59 17 41 307 43 150 296 376 264 32 381 38 20 32 502 37 25 3 13 21 21 21 192 31 33 1 51 7 1 13 58 26 27 2 29 18 30 13 169 38 31 3 21 8 5 1 22 1 5 0 1 0 8 0 15 35 50 2 35 2 6 5 40 13 28 0 17 10 26 9 87 269 297 44 361 42 42 59 361 21 21 1 12 21 28 29 155 19 29 6 38 4 6 4 39 12 38 7 38 24 77 29 338 339 327 14 166 39 36 25 161 12 17 0 7 30 42 10 80 292 300 18 181 35 41 40 279 165 195 12 99 163 322 63 876 1816 140 429 313 195 21 284 379 392 36 31 38 288 21 326 401 142 33 26 41 12 3 16 33 255 40 37 52 301 23 323 281 439 26 58 22 35 6 22 33 33 6 1 0 29 5 15 12 247 40 20 32 16 0 22 34 319 48 13 27 279 41 129 165 175 13 36 22 22 2 33 42 36 7 4 5 43 1 35 36 12 2 7 6 1 0 2 4 12 4 4 5 20 4 33 40 268 25 24 25 48 6 22 37 39 8 4 5 53 7 31 40 293 23 11 32 33 4 29 69 437 49 19 45 321 47 144 294 362 269 35 392 42 23 26 491 34 24 5 13 26 25 17 176 37 32 1 66 6 3 11 55 25 31 2 24 16 29 14 167 39 26 2 22 8 7 1 21 1 2 0 1 0 12 2 15 36 53 1 28 2 7 4 45 12 29 0 18 11 29 7 85 264 295 41 334 42 43 58 363 21 20 0 14 25 34 33 175 11 28 5 40 3 5 6 39 14 35 6 37 31 84 31 346 337 319 13 163 33 36 22 161 10 24 0 4 23 43 9 86 279 304 15 166 34 37 42 279 163 198 9 95 148 330 67 905 1815 162 434 300 187 19 268 392 377 37 32 43 271 16 314 392 137 31 24 43 15 2 20 40 238 34 37 46 287 19 330 271 432 27 60 27 30 5 21 32 31 9 2 0 36 4 18 11 254 36 19 26 14 3 26 40 315 46 17 26 265 37 128 156 173 15 32 28 27 3 34 44 33 7 5 3 47 1 47 41 15 2 4 5 1 0 3 4 14 4 5 2 20 5 30 37 273 30 29 23 54 4 18 38 44 6 4 4 57 7 28 31 283 27 14 32 28 4 26 77 443 52 16 45 298 42 140 303 379 269 37 389 38 24 30 496 39 25 8 13 16 21 21 193 30 33 4 56 5 3 10 63 21 31 3 27 18 33 17 160 36 33 2 23 7 6 2 16 4 4 0 1 0 11 0 14 35 51 1 32 4 8 4 42 12 26 1 17 13 28 4 83 275 275 40 367 42 37 59 375 24 18 2 10 23 35 29 162 12 30 4 43 6 4 6 40 14 37 5 27 28 97 25 339 338 313 18 166 37 41 23 159 13 20 0 9 29 42 10 90 287 297 23 168 33 40 36 296 159 199 12 99 161 351 63 893 0
2588 185 172 284 236 12 300 661 551 39 5 28 336 17 401 624 227 36 7 40 11 2 7 50 316 27 11 30 359 12 189 339 208 6 8 7 5 0 13 16 11 1 0 0 12 2 3 4 314 27 11 20 8 2 14 38 383 33 1 19 184 8 81 153 238 10 8 11 34 1 31 47 25 2 0 2 30 0 37 31 9 0 1 4 2 0 1 3 11 1 2 0 18 2 7 19 366 8 8 14 33 1 30 44 35 2 2 2 33 0 8 22 1034 49 7 47 48 8 48 249 691 37 4 27 303 19 142 406 582 315 12 336 38 16 38 510 30 14 0 9 14 9 5 147 30 28 1 29 1 0 4 27 7 15 0 12 7 15 1 80 9 14 0 0 0 1 0 3 0 0 0 0 1 1 0 1 26 50 0 22 1 2 0 30 6 12 0 4 0 7 1 26 349 381 12 155 31 14 34 311 19 7 1 2 8 16 9 94 12 21 0 11 2 3 0 21 21 12 0 6 17 31 5 92 446 196 3 85 28 12 12 141 6 4 0 3 17 5 2 30 761 371 2 151 29 26 28 406 155 95 1 27 87 101 22 398 2591 185 169 268 235 8 292 660 554 39 8 29 344 14 400 619 243 36 8 39 13 0 6 46 329 24 11 30 401 17 197 332 210 6 6 4 12 0 13 12 12 0 0 0 11 1 3 3 335 27 10 12 9 2 14 39 396 35 3 17 198 11 83 157 238 12 9 11 36 0 33 45 24 2 0 1 30 1 40 29 10 0 2 3 2 0 0 4 11 1 2 0 22 2 11 17 358 9 7 11 39 1 23 40 38 1 2 3 34 0 8 24 1046 47 9 44 53 6 53 250 740 34 5 29 314 17 145 409 556 308 10 314 32 15 39 479 37 11 0 10 12 10 5 135 34 30 0 25 3 0 4 25 10 12 0 12 11 14 2 79 10 12 0 1 0 1 0 3 0 0 0 0 1 1 0 1 33 49 0 21 1 3 1 32 6 11 0 3 0 7 1 29 351 342 8 160 30 7 37 282 18 6 1 1 8 14 11 76 9 15 0 9 2 3 0 22 19 9 1 6 19 31 6 89 447 187 3 86 33 10 11 129 5 3 0 1 17 5 3 34 806 367 4 139 23 20 28 405 157 91 1 26 93 105 28 399 2634 179 175 269 233 12 303 678 525 42 5 27 359 11 387 584 245 34 7 38 10 1 7 48 334 26 9 33 367 16 194 333 211 6 10 6 11 1 12 12 13 0 1 0 14 2 4 4 335 28 10 15 5 2 16 35 378 34 2 18 199 12 83 149 250 12 7 12 34 0 29 46 26 3 0 2 27 1 41 26 7 0 2 4 1 0 1 4 9 1 2 1 19 2 8 20 367 10 6 15 32 1 25 41 34 1 1 3 33 0 9 15 1062 48 9 32 55 8 50 246 691 38 5 27 303 19 162 408 549 295 11 314 33 17 29 452 61 13 0 11 16 10 7 154 33 29 1 27 4 0 2 27 13 8 0 10 8 16 1 85 12 11 0 2 0 0 0 3 0 1 0 0 1 1 0 1 29 42 0 24 1 2 0 27 3 16 1 5 1 7 2 26 344 314 7 164 32 9 37 287 16 9 1 3 11 15 13 80 13 20 0 9 2 2 0 20 17 11 0 5 19 29 9 95 429 203 2 91 31 11 13 136 8 6 0 2 14 6 2 31 806 360 2 149 31 24 29 391 195 97 1 23 102 106 27 423 0
4006 384 188 420 319 23 395 1345 321 8 4 28 351 9 343 539 264 29 12 24 17 3 11 37 328 13 8 32 529 25 200 308 197 12 8 4 6 0 6 6 3 0 0 0 6 1 5 2 361 21 4 7 10 2 19 31 307 15 0 2 195 6 57 77 287 15 9 13 24 0 28 43 10 1 0 0 17 1 18 13 16 4 0 0 0 0 0 3 8 0 1 0 16 2 8 12 328 14 4 15 35 1 8 28 13 0 1 1 22 1 8 12 1189 44 8 24 49 2 31 155 500 9 1 16 262 5 81 212 350 397 4 377 13 7 16 549 12 3 0 2 2 11 3 93 8 24 0 11 1 0 0 12 6 3 0 6 1 12 1 62 10 11 0 1 0 0 0 3 0 0 0 0 0 3 0 0 11 30 0 8 0 1 2 14 3 3 1 0 0 5 1 4 325 576 8 228 26 16 29 318 6 3 0 0 1 12 7 45 7 14 0 6 2 1 0 15 13 13 1 4 13 55 8 80 359 202 2 71 11 5 9 78 2 3 0 0 7 5 1 12 560 257 3 89 18 8 13 206 105 59 1 12 73 87 5 191 4083 397 205 450 340 22 423 1445 328 9 4 29 374 11 368 596 260 30 9 23 15 2 12 39 298 13 8 30 525 26 212 335 175 10 11 5 3 0 5 7 3 0 0 0 6 1 4 3 340 20 5 7 10 2 20 32 301 16 0 2 209 4 60 86 279 20 6 12 24 2 27 48 11 1 0 0 18 1 18 14 16 4 0 1 0 0 1 4 6 1 0 1 16 2 11 15 329 16 4 17 37 1 7 32 10 0 0 1 24 1 8 12 934 35 6 20 47 1 27 175 393 10 1 17 225 5 79 201 353 420 3 415 13 6 16 593 9 4 0 2 3 12 4 106 14 25 0 12 1 1 0 11 5 3 0 5 3 11 1 64 7 13 0 3 0 0 0 4 0 0 0 0 0 3 0 1 11 30 0 7 0 1 2 15 3 3 0 0 1 7 1 6 296 604 9 243 29 16 28 355 4 3 0 0 1 11 5 52 6 14 0 6 2 1 0 15 9 13 0 4 14 57 8 81 345 203 2 73 13 4 12 91 1 3 0 1 6 10 0 11 482 227 1 75 17 11 11 200 87 53 0 18 61 79 8 178 4022 407 227 491 333 34 445 1548 314 10 6 27 374 11 354 651 236 29 9 22 14 1 12 42 288 18 8 28 507 29 213 340 187 11 7 4 4 0 4 5 1 0 0 0 5 1 5 3 320 20 3 8 10 2 20 35 266 17 0 2 183 3 55 96 272 10 5 13 28 2 27 49 7 1 0 0 20 1 18 13 22 1 0 0 1 0 1 6 8 0 0 0 20 5 8 15 320 12 4 17 33 1 10 30 10 0 0 1 22 2 9 13 847 35 12 19 44 5 27 158 381 9 1 14 220 8 73 207 332 409 2 410 13 13 16 681 10 4 0 6 6 15 3 171 10 26 0 12 0 1 0 16 6 3 0 5 1 18 1 79 10 16 0 3 0 0 0 2 0 0 0 0 0 2 0 0 12 27 0 7 0 1 2 14 3 3 0 1 0 5 1 8 291 588 8 236 24 20 37 360 5 4 0 2 6 12 4 62 9 17 0 5 1 1 0 14 12 14 0 3 16 55 8 83 332 212 2 65 12 5 9 94 2 2 0 0 5 6 1 16 444 220 2 82 16 11 11 205 69 50 0 12 62 77 5 168 0
1889 186 313 346 165 19 348 606 368 34 30 33 307 21 412 463 190 26 26 28 11 0 14 35 277 41 19 41 295 21 289 344 328 18 21 17 25 4 21 22 23 2 1 1 28 4 12 11 276 31 16 23 17 3 18 39 374 38 10 24 299 25 126 154 188 15 22 18 30 1 33 37 21 4 1 6 32 0 37 43 18 0 5 3 0 1 0 6 15 4 3 4 17 4 28 27 324 12 17 22 22 3 23 48 31 2 0 4 45 2 23 22 460 24 20 24 29 4 39 73 427 25 8 25 336 26 153 258 346 319 16 490 36 22 41 533 24 25 0 18 19 24 13 195 18 34 2 46 3 2 1 40 15 24 0 20 9 33 7 153 17 23 3 9 1 4 0 12 1 1 0 0 1 2 1 7 35 43 0 23 2 1 2 25 12 17 0 8 7 18 4 71 313 533 29 360 42 30 35 437 13 13 2 12 31 32 20 153 16 26 4 23 2 1 3 31 13 28 2 22 28 78 21 246 383 374 11 147 46 20 25 186 12 10 1 5 18 20 7 52 410 352 9 154 37 35 18 253 193 160 3 64 143 236 39 642 1880 199 342 359 182 22 360 595 375 31 33 37 320 24 403 461 188 27 24 31 8 1 14 38 272 45 21 43 303 26 310 354 323 20 20 19 26 5 21 19 22 3 1 1 27 2 16 10 267 30 16 24 20 2 19 40 370 36 9 25 290 26 123 160 185 7 23 12 30 1 35 42 22 5 0 2 37 3 38 41 14 1 5 3 0 1 2 6 16 5 6 4 15 1 26 31 301 13 18 26 26 3 21 48 28 4 0 5 45 0 24 26 450 30 18 27 28 2 38 83 411 26 8 22 342 29 153 240 348 329 21 483 33 25 47 539 25 22 0 22 18 25 13 195 16 33 1 47 3 1 0 44 12 20 0 21 8 33 8 154 16 21 1 9 1 4 0 13 1 1 0 0 1 3 1 7 38 45 0 23 2 1 3 28 13 19 0 8 7 23 3 70 322 521 28 345 43 35 35 427 14 10 1 9 30 30 21 159 14 25 8 21 2 3 2 29 14 32 0 24 23 86 25 261 374 354 14 138 49 22 26 176 14 9 1 7 16 17 5 57 400 337 8 143 36 27 19 253 172 159 6 59 128 239 45 653 1919 210 316 346 185 19 359 601 377 32 29 36 317 19 381 454 182 27 26 33 9 1 18 32 267 39 18 45 316 24 306 361 330 18 23 17 24 4 21 20 31 3 1 1 26 1 10 10 275 31 18 15 16 3 15 37 372 39 9 22 284 25 144 162 186 6 29 14 27 2 33 40 23 3 2 6 34 1 37 42 12 0 3 3 1 1 1 5 16 2 1 4 20 2 30 26 318 14 16 21 26 2 25 50 31 3 0 2 50 0 25 29 471 27 21 22 32 1 40 79 407 24 9 24 339 34 146 233 366 319 18 468 29 16 36 527 29 21 1 19 23 27 13 194 17 26 1 54 2 3 1 42 10 25 1 17 12 30 8 163 13 19 1 12 2 4 1 14 1 0 1 0 1 1 2 8 33 47 0 26 3 2 1 26 10 18 1 11 7 24 3 72 317 455 27 342 42 28 38 433 12 12 1 8 28 39 23 153 16 27 6 25 3 4 5 25 17 26 1 23 24 113 21 258 385 335 17 146 54 21 26 170 10 9 0 5 15 16 6 51 407 350 7 151 30 31 15 260 181 157 7 69 141 247 47 660 0
2288 196 170 256 167 3 264 667 560 18 16 36 300 10 317 569 207 41 17 39 10 1 20 33 320 38 11 39 323 17 191 324 179 12 12 11 12 1 19 8 16 2 1 1 21 1 4 8 320 46 9 28 14 2 13 51 380 37 4 12 183 16 87 164 236 14 17 7 32 1 49 52 24 2 0 2 36 0 35 32 7 0 1 3 2 0 0 5 13 3 0 2 7 3 8 22 368 12 5 18 46 2 21 52 33 3 3 1 34 3 12 29 924 58 14 39 49 0 39 213 720 30 5 28 342 21 138 461 624 349 15 368 34 16 38 549 45 24 0 11 18 11 11 143 31 25 0 28 2 3 1 36 16 8 1 15 7 14 2 86 24 11 0 5 1 1 4 13 3 0 0 0 1 1 1 2 44 37 1 12 2 0 3 21 8 16 0 0 2 10 1 32 393 292 17 203 31 13 52 310 18 3 1 3 17 14 5 83 12 14 2 10 2 2 4 22 13 17 2 5 9 29 5 121 413 223 5 82 36 15 17 161 12 6 0 4 12 9 4 25 748 433 11 160 25 23 39 428 164 100 2 30 111 117 28 470 2267 201 169 244 174 2 278 630 571 16 16 33 313 10 325 570 213 42 17 39 13 1 22 41 337 39 15 45 348 20 191 339 179 9 12 10 10 1 19 9 18 1 1 1 20 2 4 9 327 46 9 27 13 2 13 50 394 44 6 13 197 18 89 161 230 11 14 7 34 1 51 51 27 3 0 3 35 0 36 32 7 0 0 2 1 0 0 6 13 2 1 2 9 3 11 24 347 11 4 16 52 3 19 50 35 3 3 1 38 3 14 23 976 56 16 36 49 0 37 208 751 30 5 30 370 21 142 463 605 340 14 354 31 14 31 529 45 22 0 12 19 8 11 139 32 25 1 23 3 3 2 36 19 5 1 14 7 9 2 94 24 10 0 4 1 1 3 14 2 0 0 1 1 0 1 2 45 39 1 10 2 1 2 24 10 16 0 0 1 15 2 30 388 273 14 194 35 10 47 302 13 1 1 3 13 14 2 79 10 12 2 11 1 2 1 16 15 15 2 4 13 28 8 113 412 211 2 81 34 14 19 154 13 4 1 4 9 10 3 18 759 429 5 167 27 21 39 420 170 82 3 36 111 111 29 469 2262 190 174 254 173 6 289 659 558 17 17 35 305 7 328 533 206 42 17 38 11 1 19 36 328 40 17 37 326 21 188 321 184 10 9 11 14 2 18 8 20 1 1 0 19 1 4 7 333 42 8 28 13 1 15 57 390 41 6 13 185 20 92 155 230 8 13 7 31 1 53 56 25 0 0 2 39 0 33 38 9 1 1 1 2 0 0 5 12 2 0 3 12 1 12 23 353 12 5 17 46 2 23 56 37 3 3 2 39 3 14 23 1011 60 20 40 47 1 39 209 725 29 5 31 354 27 149 436 613 330 16 336 29 14 33 519 59 23 0 10 16 10 7 152 26 24 0 26 2 2 1 34 20 10 1 13 9 15 3 99 22 10 0 4 1 2 3 11 2 0 0 0 0 0 1 2 46 42 1 14 3 2 1 24 9 15 0 2 2 11 0 31 387 282 16 174 33 14 44 291 12 2 1 2 11 15 7 80 12 14 2 11 2 3 2 18 16 12 3 4 13 23 7 113 418 212 3 76 37 11 18 164 14 5 0 4 9 5 4 27 760 426 5 157 30 23 38 419 216 94 2 30 107 128 28 491 0
2380 241 295 371 302 16 408 828 244 14 18 23 330 22 438 475 219 28 13 18 10 0 15 36 352 26 16 26 725 29 800 357 275 23 17 12 12 1 13 7 3 1 1 0 15 1 4 2 352 18 7 10 9 1 14 28 439 16 6 6 601 5 137 71 180 14 13 10 15 1 28 31 12 2 1 1 20 0 20 7 9 0 1 0 2 0 1 0 1 1 0 1 21 2 32 11 289 8 10 16 29 1 7 16 11 1 0 1 29 2 8 10 653 31 6 19 33 1 23 77 469 6 2 7 395 12 111 154 230 294 4 403 19 6 11 377 10 6 0 5 9 8 5 109 13 17 0 15 0 1 0 10 6 11 0 10 10 20 4 102 16 19 0 6 0 1 0 0 0 1 0 0 0 0 1 2 11 30 0 11 1 0 2 6 4 7 0 0 3 10 0 17 248 627 11 484 18 31 28 332 5 5 0 3 9 25 11 98 5 19 0 15 3 3 0 10 14 22 0 9 17 58 17 184 401 912 5 148 17 24 7 77 4 3 0 3 7 16 4 21 536 350 3 88 10 20 10 152 161 102 0 14 130 179 22 248 2400 253 311 396 286 19 420 901 243 20 16 21 355 21 448 496 209 28 16 15 11 0 14 40 323 26 16 33 703 32 810 383 272 21 18 14 13 2 9 6 6 1 1 0 19 0 5 1 326 19 9 10 11 1 13 28 407 17 5 8 577 8 141 71 172 17 15 8 16 1 24 31 11 2 1 1 21 0 24 9 8 0 0 0 1 0 2 0 2 1 1 1 26 2 31 15 253 9 12 16 34 0 8 21 15 0 0 1 25 2 11 12 608 26 4 19 34 1 19 77 414 10 2 7 364 13 104 143 228 300 6 409 21 12 11 390 7 8 0 7 7 7 6 136 10 23 1 18 1 1 1 10 8 9 0 9 11 22 2 106 12 19 1 6 0 1 1 2 1 0 0 0 1 0 1 3 8 28 0 10 1 0 0 10 6 9 0 0 2 13 0 18 234 630 10 487 22 34 30 363 5 5 0 1 9 23 17 113 8 15 1 16 2 6 1 9 9 23 0 10 17 56 17 189 384 917 8 150 19 23 7 91 3 3 0 1 10 18 3 22 476 346 1 82 7 15 9 152 153 97 0 15 125 180 22 252 2327 264 320 380 295 22 410 879 236 18 15 22 330 26 425 485 214 26 17 14 10 0 20 35 313 23 20 27 692 36 790 364 253 18 19 8 18 1 14 10 10 0 1 0 14 1 6 1 321 18 18 10 11 1 7 27 468 10 8 3 519 9 156 70 172 13 13 9 13 4 22 32 9 0 1 1 17 1 19 10 8 1 1 0 1 0 1 0 3 2 2 0 28 1 19 17 271 13 12 14 25 0 11 22 11 0 1 0 25 3 9 8 568 21 8 23 29 7 19 77 465 8 3 7 409 18 105 152 216 316 6 420 17 9 16 404 11 8 0 8 11 12 7 171 8 14 1 13 1 0 1 14 8 15 0 6 6 21 2 131 18 15 0 7 0 0 0 0 0 1 0 1 0 1 1 2 8 29 0 11 2 0 1 8 3 7 0 2 2 8 2 21 235 620 13 525 20 39 27 375 3 11 0 3 10 28 17 105 11 22 2 15 2 4 0 8 12 19 0 6 20 50 18 183 381 893 4 161 15 15 6 84 5 8 0 2 8 14 2 17 506 341 4 74 13 20 4 153 191 93 1 14 114 193 22 271 0
2737 257 299 345 260 14 357 681 393 18 9 34 337 14 338 401 273 39 19 52 10 1 13 42 372 29 11 57 432 23 240 340 328 23 15 9 17 3 15 15 18 1 1 0 18 0 4 4 359 42 10 20 13 2 22 32 446 40 4 15 347 18 107 112 247 13 17 19 29 1 53 48 26 0 0 2 44 3 30 13 17 0 3 1 2 0 1 6 19 0 2 1 31 3 20 20 337 11 16 24 43 2 18 34 26 1 0 2 44 3 15 20 658 33 17 38 28 6 31 138 462 18 3 6 371 24 131 248 448 336 11 387 33 14 19 431 30 15 3 5 29 19 10 129 23 32 0 28 1 1 2 17 15 17 0 10 10 18 6 120 15 12 3 2 1 1 1 6 1 1 0 0 1 1 0 1 26 46 0 13 2 1 0 19 7 24 0 0 3 9 0 23 346 402 18 268 31 22 43 324 22 8 1 2 17 18 16 93 21 29 2 27 1 2 2 19 18 26 4 16 27 57 13 149 455 265 8 96 30 15 10 124 9 6 0 0 15 14 1 36 487 368 1 126 21 24 21 258 166 100 1 33 107 193 34 412 2667 256 294 331 275 12 371 655 404 17 9 37 349 13 368 403 295 38 21 46 13 1 9 35 387 28 11 59 439 23 242 340 326 20 14 7 21 2 12 13 17 1 0 0 18 1 6 4 395 33 10 27 18 1 14 33 465 41 6 15 357 20 115 105 270 11 12 12 28 1 49 39 20 0 1 0 46 3 30 15 18 0 4 2 1 0 3 5 19 0 4 1 33 2 18 16 356 12 13 18 42 4 21 29 24 1 0 1 42 3 20 16 705 45 13 42 31 5 38 124 466 18 5 12 392 26 127 239 425 320 13 383 37 9 24 417 31 13 3 6 29 22 10 124 18 39 0 25 2 0 1 19 13 18 0 8 9 16 4 125 13 16 0 4 1 0 0 8 0 1 0 0 2 1 0 2 24 45 1 16 2 4 0 16 6 25 0 0 4 11 0 28 351 390 18 244 39 17 41 318 17 4 2 1 17 20 13 87 24 20 1 26 0 2 3 18 27 23 2 17 25 60 18 146 472 276 6 82 25 13 10 120 9 5 0 1 13 16 1 33 491 353 7 138 21 20 17 244 158 103 2 29 114 187 28 408 2667 235 262 317 236 14 335 596 424 9 6 30 302 13 325 348 291 37 18 48 10 1 14 36 399 28 11 55 402 20 215 315 323 16 14 11 15 4 14 11 9 2 0 0 17 1 4 3 411 38 5 27 15 2 19 28 455 38 5 17 340 20 114 106 285 13 17 15 24 0 47 37 19 0 0 2 42 1 27 14 20 0 5 1 3 0 1 8 19 1 1 1 27 3 20 22 369 12 17 22 35 2 20 33 30 0 0 1 39 2 17 15 885 56 16 50 46 7 36 109 544 20 9 12 431 25 142 231 440 311 15 352 29 7 23 383 35 10 1 6 23 18 6 116 21 28 0 30 2 0 0 21 16 17 0 13 12 11 3 103 17 16 0 4 2 0 0 8 2 1 0 0 1 1 0 1 27 48 1 17 0 3 0 19 7 14 0 0 6 6 0 28 366 360 17 243 34 16 42 311 28 7 1 4 12 12 11 87 26 22 2 23 0 2 3 16 30 25 2 18 23 55 10 139 482 273 5 93 24 18 13 118 11 6 0 0 19 12 2 26 579 425 6 128 18 19 21 240 209 102 1 38 129 196 32 420 0
4196 324 172 382 307 19 356 1112 260 11 5 11 308 12 357 543 320 32 6 43 14 3 6 23 304 28 7 28 512 20 207 280 197 18 7 5 7 0 6 4 4 0 0 0 10 0 1 0 441 28 5 7 6 2 11 16 353 17 1 11 258 6 57 60 421 16 5 6 32 0 18 39 14 2 0 0 12 1 10 11 13 1 0 0 1 0 0 3 9 1 1 0 20 1 7 10 538 11 1 11 17 1 9 17 17 0 0 0 33 0 5 8 1346 30 4 22 22 2 16 89 444 8 0 10 257 10 48 122 266 303 6 371 9 9 13 533 6 3 0 1 5 9 2 117 14 22 0 17 0 1 0 13 3 8 0 7 4 19 1 58 6 7 0 1 0 0 0 3 0 0 0 0 1 1 0 1 12 41 0 5 1 0 1 9 2 7 0 3 1 4 0 10 333 662 11 310 21 21 29 302 7 3 0 1 2 7 7 56 14 19 0 11 2 2 0 11 10 18 4 9 13 70 3 101 434 266 0 58 12 2 6 86 2 3 0 1 6 9 1 6 502 332 2 49 8 10 10 128 83 65 0 12 66 106 5 141 4184 315 191 347 294 22 341 1073 252 13 4 12 307 13 351 574 324 31 10 41 15 3 8 30 322 20 6 30 533 20 215 274 198 18 7 5 6 0 3 7 3 0 0 0 8 0 2 0 443 24 2 7 5 2 13 14 382 21 1 14 288 8 68 61 420 18 3 9 33 0 20 38 14 2 0 0 19 0 12 11 14 1 0 0 2 0 0 1 8 1 0 0 19 1 6 8 533 10 2 12 20 1 7 21 19 0 0 0 29 0 5 8 1366 28 5 19 22 1 14 97 472 7 2 10 265 11 56 121 270 289 4 343 11 9 11 466 5 3 1 1 6 12 0 110 14 23 1 21 0 1 0 14 5 8 0 6 2 17 0 62 4 6 0 0 0 0 0 4 1 0 0 0 0 0 0 0 16 43 0 5 2 0 0 7 3 6 0 3 0 4 0 7 355 641 11 296 24 19 28 289 8 3 0 0 1 7 6 54 13 22 0 10 2 1 0 9 11 18 4 9 12 65 5 91 430 270 3 51 10 3 6 77 1 2 0 1 7 6 1 8 513 341 3 49 8 11 8 144 99 62 0 14 63 107 7 151 4141 295 183 334 268 24 329 924 255 10 7 12 273 17 307 474 323 30 8 31 14 4 11 23 334 21 5 26 517 24 229 247 216 14 8 6 8 0 2 3 4 0 0 0 5 0 4 6 474 24 5 7 10 2 8 14 390 13 4 12 297 11 75 44 422 19 10 4 28 2 14 32 17 2 0 0 14 0 12 12 21 1 0 0 1 0 0 2 9 0 1 0 21 1 10 8 546 7 6 17 21 1 7 16 16 0 0 0 36 1 5 9 1551 38 9 27 33 6 24 110 529 11 2 11 300 16 69 121 261 277 5 308 12 11 12 387 11 6 1 4 3 19 1 118 14 21 0 18 0 0 0 8 5 10 0 7 6 18 1 66 8 8 0 3 0 0 1 3 0 1 0 0 1 0 0 1 16 36 0 5 2 0 0 3 3 10 0 1 0 5 0 8 355 604 17 274 20 18 29 272 9 3 0 1 6 11 6 48 18 25 1 12 2 2 0 10 19 22 4 9 16 58 4 113 444 266 4 57 9 4 4 73 3 1 0 1 5 6 1 10 549 370 4 58 12 10 9 140 110 75 1 15 77 123 11 165 0
1813 159 183 329 174 11 326 816 533 26 16 20 263 11 389 690 162 21 10 40 9 0 9 55 246 30 9 38 234 13 186 348 189 9 14 14 11 1 5 13 17 0 1 1 14 1 8 9 277 38 9 26 6 0 15 49 432 30 2 21 178 20 100 171 157 8 13 13 34 3 41 36 42 0 0 3 28 1 40 34 11 1 0 2 2 1 4 5 19 0 3 1 15 1 7 14 292 11 11 14 24 0 18 45 51 3 2 3 41 1 10 26 636 43 17 45 41 5 44 142 979 55 7 28 335 34 135 378 552 321 24 464 43 14 58 1027 39 12 1 17 15 17 11 209 33 31 1 39 4 1 2 50 14 13 0 11 7 11 3 122 15 12 0 2 0 1 0 10 1 1 0 0 0 3 0 4 26 35 2 24 2 3 3 34 17 21 3 5 3 6 1 35 324 256 17 197 34 25 43 409 14 16 0 2 21 19 15 113 10 18 2 20 0 1 1 30 14 15 2 8 13 24 7 138 396 185 9 104 35 16 26 163 13 3 0 2 14 6 2 32 607 368 5 198 22 14 32 372 255 125 2 41 91 123 20 515 1820 164 202 338 185 10 334 864 545 20 13 27 267 17 402 723 150 22 9 39 9 0 11 57 241 30 6 46 245 12 194 381 183 13 12 12 12 2 8 10 22 0 1 2 20 1 8 5 256 35 10 24 6 2 12 45 431 30 3 22 197 19 102 191 157 9 12 11 34 1 46 41 45 3 0 2 41 1 40 32 8 1 1 2 0 1 4 6 13 1 2 2 13 0 7 16 272 9 15 9 33 0 23 34 52 2 1 4 35 0 15 32 649 36 13 38 41 5 36 158 950 51 9 33 301 24 148 383 548 318 21 445 51 12 63 1064 42 20 2 11 16 19 16 215 32 28 2 37 1 2 2 62 16 13 0 16 5 11 3 115 12 15 1 5 0 1 1 11 1 1 0 0 0 5 0 5 26 36 1 21 5 2 3 33 16 20 1 8 1 11 1 41 306 233 13 194 37 22 45 398 14 12 0 3 14 20 13 119 9 18 1 17 2 2 2 30 13 15 1 8 12 24 9 142 388 176 9 100 29 14 25 149 13 3 0 3 12 7 0 36 549 345 5 179 25 16 25 388 226 106 4 37 89 122 28 514 1823 156 212 325 206 18 341 947 527 19 12 30 313 17 429 789 153 20 7 44 10 1 15 49 251 24 11 41 230 13 184 393 198 19 12 11 12 0 11 20 24 0 1 0 20 0 8 10 243 35 8 24 8 1 14 55 411 39 4 21 169 19 99 187 166 11 12 10 34 1 37 44 32 1 0 2 28 2 32 30 6 0 0 2 1 1 2 5 15 1 2 3 11 1 13 20 259 9 15 17 25 2 20 46 54 2 0 2 38 0 14 35 559 32 16 44 36 2 41 133 837 47 3 28 295 23 146 388 537 318 22 468 51 15 61 1105 48 12 3 14 20 15 18 277 28 40 0 34 1 3 2 58 13 13 0 16 9 18 2 132 11 14 0 5 1 1 2 9 1 2 0 0 0 3 0 6 24 37 2 21 1 3 4 46 13 23 2 6 5 10 2 37 316 210 23 177 29 20 56 418 18 9 0 4 13 23 14 116 4 17 2 20 0 1 3 37 12 17 0 11 12 20 8 142 349 177 8 97 29 21 19 171 17 5 0 1 15 6 1 44 483 344 3 152 27 19 21 396 214 106 3 38 88 115 24 529 0
2342 194 215 339 207 12 370 1025 510 29 15 37 357 16 402 697 181 28 18 41 12 0 15 34 323 39 12 42 312 21 206 424 204 8 9 11 20 1 10 9 16 0 0 0 18 1 3 5 276 42 10 21 13 1 17 41 371 34 4 11 201 23 91 211 183 10 10 14 33 1 37 33 25 4 1 1 36 0 31 30 12 1 1 1 0 0 1 2 14 2 1 0 15 3 12 16 281 11 9 20 33 1 25 38 37 2 0 2 49 1 15 25 725 48 11 41 58 1 37 163 693 36 6 28 371 11 143 399 486 286 15 402 31 10 45 761 40 11 3 9 19 13 8 187 35 34 0 43 2 0 5 39 9 13 0 10 13 20 1 110 9 11 0 4 1 2 0 7 0 0 0 0 0 2 0 1 30 43 1 23 3 2 0 21 10 16 0 1 4 14 2 31 297 276 18 186 25 15 41 381 17 9 1 3 15 11 8 99 15 5 1 18 0 3 2 32 15 20 0 7 8 31 11 125 364 179 0 84 31 7 14 121 13 3 0 3 12 4 1 18 577 307 5 142 31 29 33 382 169 96 2 33 93 112 18 421 2362 193 199 355 217 9 385 1072 525 25 12 46 362 18 430 728 185 26 13 44 12 1 17 34 302 44 19 39 297 16 195 433 189 7 9 6 19 2 9 8 15 1 0 1 20 1 2 6 263 39 10 20 13 2 16 42 363 35 2 8 201 23 88 217 169 8 7 15 36 0 39 33 27 2 0 1 40 1 36 32 14 1 0 0 0 0 2 2 15 3 0 0 12 1 16 20 267 11 11 19 38 1 21 35 33 4 1 0 46 1 12 33 701 47 12 42 49 3 38 161 672 32 5 27 361 16 133 400 473 298 17 402 30 9 39 788 40 12 4 8 22 12 9 191 33 31 0 52 2 0 3 37 9 19 0 10 8 16 3 118 11 5 0 4 0 2 0 7 0 0 0 0 0 3 0 1 30 45 0 24 0 2 0 22 10 13 0 2 6 13 2 29 308 267 16 195 22 19 45 376 15 10 0 4 11 12 10 102 11 7 2 20 1 1 1 34 14 15 0 10 10 32 8 130 343 184 0 78 34 8 19 124 14 2 0 2 10 4 0 25 563 295 7 143 29 28 34 380 163 89 1 35 89 111 18 422 2334 199 200 349 223 16 396 1102 530 29 17 46 385 14 452 781 178 27 16 44 10 0 20 38 295 34 21 41 335 20 249 461 179 10 8 14 17 2 9 9 10 1 1 1 23 2 4 8 271 34 10 21 14 1 17 47 365 33 3 12 259 22 113 223 161 10 8 14 29 0 36 34 26 1 0 2 37 1 37 37 10 1 1 0 1 0 1 3 12 1 1 1 10 2 14 11 256 7 9 18 30 1 28 37 28 3 0 0 39 1 16 29 653 54 9 32 50 0 37 151 618 34 6 23 380 18 142 397 456 282 19 397 39 9 46 815 35 14 3 10 11 15 14 257 33 28 0 43 1 1 1 44 13 15 0 12 10 24 4 118 14 5 0 2 1 1 0 11 0 0 0 0 0 2 0 2 29 40 0 25 1 2 1 18 7 13 0 2 3 11 0 44 295 249 14 152 29 20 42 368 9 12 0 4 13 11 8 100 10 5 3 11 1 0 1 26 15 15 1 6 12 29 10 137 302 174 3 86 30 7 13 127 13 3 0 3 10 4 1 25 502 282 6 142 25 28 35 348 151 79 0 26 92 100 27 436 0
1833 150 310 250 145 10 239 337 575 33 39 42 266 19 310 399 191 32 40 44 11 3 20 51 308 40 53 57 205 25 204 260 345 29 36 14 38 2 22 22 28 3 3 1 26 3 15 22 316 52 24 31 21 4 23 34 354 49 16 33 212 27 127 178 156 20 31 19 24 0 40 39 51 4 9 8 46 6 65 55 15 2 1 4 1 0 3 5 18 4 8 9 33 3 42 31 268 13 27 22 42 3 38 38 38 5 2 7 54 3 31 47 460 25 16 48 44 3 40 173 417 48 14 46 312 38 204 449 508 270 33 300 33 19 47 350 75 28 1 13 22 31 12 160 40 39 3 47 6 4 6 42 23 28 3 25 22 25 5 136 34 23 3 13 3 6 6 22 3 2 0 3 3 6 0 13 53 79 5 23 9 4 2 43 12 23 0 10 7 31 6 75 284 230 37 178 44 25 65 263 20 18 3 12 34 25 23 140 22 31 5 31 4 5 11 28 20 33 7 34 25 51 28 260 390 203 12 132 65 34 36 184 12 9 0 7 27 28 11 91 457 340 11 168 56 46 48 439 180 166 7 80 174 264 94 921 1819 147 310 250 151 12 240 316 568 37 43 46 268 22 310 378 211 30 40 39 15 3 19 49 314 40 48 55 204 24 221 262 342 30 35 15 36 3 27 18 34 3 4 1 27 4 15 23 316 54 25 30 18 4 23 36 367 45 14 35 211 29 126 172 155 20 32 16 22 1 42 38 52 6 5 9 53 3 65 49 15 2 2 5 1 0 4 7 24 5 8 8 36 5 42 33 274 13 27 31 39 3 38 38 41 3 1 6 50 2 33 47 460 27 18 46 56 1 37 179 426 46 13 50 304 37 201 454 510 269 35 284 39 16 40 351 73 22 1 13 20 35 9 164 42 44 5 43 5 5 5 44 26 27 1 31 23 28 8 135 37 22 3 15 3 5 6 24 1 4 0 3 3 6 1 10 57 73 3 24 7 3 3 39 11 25 0 12 7 32 6 70 303 221 32 187 46 24 61 253 18 18 4 12 32 29 25 129 18 31 5 33 3 3 11 26 20 33 6 29 25 52 31 263 390 203 10 123 63 34 41 178 11 12 1 7 27 26 10 95 458 337 10 175 52 47 51 435 179 155 5 65 183 265 97 929 1817 148 295 241 142 12 235 307 559 31 37 47 258 20 298 372 210 30 38 42 12 1 16 48 326 39 53 56 202 18 201 241 357 28 35 14 35 3 22 19 35 3 3 2 28 4 15 19 310 52 26 31 24 4 25 33 365 54 16 37 209 30 119 165 166 17 34 17 22 1 37 34 47 2 7 9 47 5 61 56 21 2 1 7 1 0 4 7 18 4 9 7 33 4 45 31 282 12 27 24 44 3 32 34 44 3 2 6 49 3 32 43 510 34 24 45 53 1 46 178 479 48 15 48 316 39 205 460 490 267 37 270 37 17 40 324 75 23 3 17 28 24 9 159 35 39 4 46 6 5 5 37 34 31 1 29 21 28 5 132 34 25 2 14 3 6 6 24 2 1 0 5 2 5 0 9 59 73 3 23 6 6 2 45 9 27 1 11 8 26 7 76 304 225 36 183 40 22 61 237 24 18 4 9 30 29 23 138 14 32 4 34 4 2 9 33 17 30 6 33 22 46 27 259 394 202 12 125 63 33 45 172 15 10 0 6 29 29 12 95 503 345 14 170 50 49 52 411 209 164 5 87 187 274 96 922 0
2164 156 232 305 186 15 305 746 387 16 7 22 300 15 422 580 183 26 20 25 12 1 6 38 352 26 15 26 429 15 345 352 229 14 14 9 10 3 9 10 16 0 1 0 14 1 3 4 354 36 11 14 6 0 13 39 486 27 7 15 316 16 126 115 214 10 9 12 20 1 27 38 21 1 0 2 22 1 21 19 20 1 0 4 0 0 1 7 12 0 0 2 21 6 18 14 347 8 6 16 26 0 17 43 25 0 0 1 36 1 12 13 939 50 7 41 45 4 38 131 788 30 5 10 415 18 122 253 427 313 12 429 19 16 14 644 28 6 0 3 16 16 6 170 21 27 0 31 1 2 2 25 14 7 1 7 6 22 2 91 6 17 0 3 0 1 1 4 1 0 0 0 0 0 0 2 24 25 0 11 0 3 0 20 11 9 0 3 0 7 1 13 347 435 18 351 27 21 27 380 5 9 0 3 12 13 12 91 9 16 1 13 1 2 0 17 18 14 0 8 20 61 8 146 443 341 6 129 22 12 11 115 5 1 0 0 10 13 1 14 765 369 2 187 24 14 12 260 193 101 4 27 112 155 20 293 2175 159 218 322 188 10 268 701 380 14 12 14 302 14 390 540 189 23 19 33 9 0 8 38 353 27 13 22 433 18 343 289 225 13 11 10 12 0 7 11 16 1 0 0 9 0 3 5 345 40 10 11 7 1 12 32 486 28 4 17 323 18 126 117 223 11 10 9 21 1 24 30 21 1 0 1 24 1 21 13 25 0 0 1 0 1 1 5 13 0 0 1 19 6 16 16 389 5 11 12 32 1 7 39 23 2 1 1 34 1 12 9 967 53 8 36 38 4 40 143 891 27 5 12 394 20 138 258 406 317 9 415 21 16 16 639 27 7 2 3 10 11 4 134 21 30 0 31 0 1 0 19 17 6 1 12 6 17 2 80 5 14 0 4 0 1 0 6 0 0 0 0 0 1 0 2 23 26 0 9 0 1 0 18 7 9 0 3 1 6 1 15 362 436 15 344 28 22 26 386 10 9 0 3 13 11 11 96 9 17 0 18 1 2 0 16 17 15 1 10 19 63 10 128 468 364 4 149 19 12 9 111 3 1 1 0 9 13 1 17 807 390 2 191 21 19 14 272 211 125 4 28 108 152 19 278 2094 154 213 289 174 9 271 635 371 13 12 17 274 15 346 496 194 22 20 27 9 2 9 30 337 24 16 22 444 20 337 317 251 14 13 11 11 1 6 11 22 0 0 0 13 0 5 4 380 30 15 13 6 1 11 29 493 31 5 14 355 13 127 109 239 9 14 9 24 2 26 30 25 1 0 1 23 2 17 10 18 0 0 1 0 0 0 5 12 0 0 3 27 7 16 13 359 6 6 15 21 4 13 36 25 1 0 2 31 0 13 10 1073 60 17 35 48 5 36 138 918 27 6 14 417 24 129 244 390 300 9 401 22 13 14 570 24 4 1 4 11 20 5 140 19 27 1 25 0 2 1 15 15 6 2 5 9 25 2 85 7 8 0 3 1 1 1 7 0 1 0 0 0 0 1 3 24 25 0 10 0 2 0 13 6 11 0 7 1 5 0 14 376 429 14 312 22 20 25 339 10 10 1 1 14 12 9 89 17 18 1 11 1 1 1 21 30 19 0 8 13 61 13 121 484 358 7 139 22 13 10 112 4 2 0 2 11 10 0 17 936 394 5 200 20 16 13 267 278 125 4 31 124 161 28 300 0
2320 258 387 310 158 14 265 444 406 50 36 51 258 27 344 368 133 27 34 36 14 1 21 32 228 35 33 53 305 33 300 323 363 40 45 15 28 5 21 19 22 1 1 0 37 4 13 13 215 41 24 27 19 2 16 43 281 40 17 20 281 26 126 156 174 19 33 19 24 1 46 39 20 4 4 6 33 6 37 47 11 3 7 3 2 0 4 2 11 6 9 2 31 5 27 39 238 14 27 23 35 3 26 36 38 4 3 3 33 2 19 32 350 24 8 32 26 4 32 90 292 31 14 23 291 28 149 291 391 322 31 462 34 26 31 486 52 29 5 20 17 20 15 152 35 37 2 32 5 3 1 49 19 28 2 21 17 33 10 152 35 34 1 17 3 6 3 20 2 1 0 0 4 1 0 6 30 51 1 25 9 6 3 40 10 16 0 7 9 23 13 67 263 563 28 443 32 32 55 403 16 12 2 9 19 42 26 150 10 26 2 36 3 3 4 39 22 31 3 36 34 101 32 318 326 359 7 154 41 30 28 157 10 10 0 8 18 21 9 64 322 281 14 148 32 32 20 277 140 148 8 50 129 276 73 775 2438 259 379 326 160 16 297 431 416 50 38 55 249 28 333 381 147 27 37 32 15 0 18 40 228 35 25 46 297 32 299 328 356 37 50 10 34 8 23 25 22 1 1 0 37 3 7 13 207 41 19 23 20 3 16 42 277 50 19 22 238 34 124 154 175 17 35 20 21 0 55 33 26 7 4 5 34 4 42 49 8 4 3 4 3 0 4 0 13 6 9 3 25 6 33 41 242 15 22 20 36 6 26 32 40 3 4 7 39 1 22 28 311 27 12 35 25 4 31 95 265 33 12 25 293 28 149 306 429 333 28 433 38 17 43 455 46 31 4 21 18 19 14 159 40 35 1 37 2 3 2 45 21 31 0 25 17 37 10 151 29 33 1 14 2 7 5 19 3 0 0 0 2 5 0 10 29 55 2 19 10 4 3 40 12 18 1 10 7 27 10 73 276 520 34 389 44 39 59 359 13 12 3 6 26 33 23 150 8 24 1 38 2 3 4 34 17 29 1 35 38 94 30 327 334 342 10 156 38 34 28 168 10 12 0 7 18 22 10 65 309 272 11 156 33 42 25 297 139 134 6 50 114 266 73 796 2434 252 368 301 169 14 291 480 425 42 34 53 261 26 346 360 151 25 41 35 17 1 23 32 241 33 34 48 332 29 333 351 362 39 42 14 34 5 20 24 23 2 2 0 33 5 12 14 222 40 26 24 24 1 20 40 271 47 14 23 285 37 153 159 169 17 33 16 23 0 52 33 20 4 3 7 28 6 37 45 10 3 5 4 3 0 2 1 13 3 9 2 23 4 41 48 241 13 31 24 40 4 25 35 33 5 3 5 36 4 22 27 309 32 14 32 27 4 31 96 280 28 16 24 301 32 143 313 410 311 27 395 33 23 35 439 53 33 3 20 17 19 19 167 30 37 2 28 2 4 3 48 21 32 0 16 19 40 11 142 31 31 1 13 3 8 3 18 3 0 0 0 3 3 0 8 33 48 2 27 10 4 4 44 10 27 1 8 9 33 14 66 258 489 32 361 38 24 60 339 13 13 3 7 21 34 32 142 13 27 3 38 2 5 3 35 18 29 1 40 37 113 36 338 311 309 13 143 33 28 23 155 11 10 0 10 17 23 9 69 296 268 11 154 34 37 33 279 139 143 6 49 135 280 76 799 0
1726 149 398 291 173 20 301 384 447 40 44 40 266 22 356 413 119 30 31 44 20 1 15 47 251 36 35 66 297 21 281 300 406 33 45 24 36 6 20 30 34 7 3 6 31 11 20 14 268 46 23 24 17 4 23 37 312 66 14 29 296 37 125 199 138 12 25 17 29 1 49 23 38 5 2 3 46 1 40 39 15 4 9 3 3 0 2 6 20 2 7 2 21 5 38 36 264 19 17 21 45 5 34 36 58 2 3 3 52 6 23 41 319 23 22 34 35 5 29 87 385 48 14 34 315 40 143 318 410 264 44 362 49 21 51 464 49 26 2 18 31 25 21 225 42 45 4 58 4 5 3 53 16 24 1 29 18 29 12 175 25 40 4 22 5 6 2 24 3 2 0 0 6 4 0 8 32 47 1 25 5 4 8 35 17 28 0 11 9 28 10 100 236 266 39 279 44 40 61 381 32 22 3 13 36 22 29 167 11 34 10 45 2 3 2 33 24 21 9 33 26 66 19 339 311 260 26 147 49 36 37 170 22 9 0 6 28 28 11 91 299 335 15 168 39 36 26 324 170 191 4 80 193 331 71 922 1725 155 398 290 164 19 300 381 454 36 42 43 273 22 357 413 126 36 32 44 17 0 19 45 257 41 28 59 290 24 276 314 388 36 44 28 42 7 23 25 32 8 3 7 34 11 18 16 261 45 26 23 11 3 21 36 306 64 16 27 281 35 123 201 144 10 26 17 34 1 54 23 42 5 1 4 50 3 42 40 14 3 10 4 4 0 2 5 17 2 8 3 20 5 38 37 281 21 17 21 41 6 35 34 57 1 4 2 56 6 24 44 320 28 21 34 32 7 30 81 372 50 8 35 300 43 150 318 423 274 36 375 45 27 51 470 45 24 3 22 29 21 20 203 38 41 3 56 4 5 4 54 15 23 1 32 16 30 16 177 25 42 2 17 4 6 3 23 3 2 0 0 4 5 0 13 34 50 3 27 6 4 7 34 13 29 1 9 13 30 11 95 254 261 41 267 42 38 64 391 29 23 3 16 34 23 30 171 14 32 9 38 3 4 0 38 20 20 11 33 24 62 18 352 308 252 21 158 46 43 36 169 19 7 0 7 29 28 9 102 290 334 13 179 34 37 23 333 162 182 8 79 183 335 76 911 1705 168 405 284 158 22 295 405 450 40 37 43 280 17 343 398 124 30 28 47 20 2 12 45 240 36 36 62 275 21 256 315 404 32 45 24 40 7 26 32 30 7 5 6 33 10 13 13 265 45 21 27 13 3 26 36 316 63 11 28 295 38 120 189 147 16 37 14 33 1 47 23 42 4 1 5 41 2 39 40 17 4 11 6 5 0 3 3 16 3 7 2 22 5 34 35 271 19 17 24 43 5 30 39 65 1 4 2 48 6 29 32 319 22 19 37 36 6 29 84 374 45 14 34 297 42 140 321 421 276 43 379 51 24 56 466 46 28 2 18 22 24 20 217 42 40 5 50 4 4 6 59 16 23 2 32 19 28 15 166 27 46 3 14 5 4 4 29 2 2 0 0 4 4 0 13 33 50 1 24 4 5 11 33 14 26 0 10 12 32 9 98 250 268 39 284 36 35 58 385 28 22 2 14 39 22 27 176 14 33 11 41 5 4 0 36 22 25 9 31 23 62 17 356 316 258 24 148 53 37 42 186 17 7 0 7 29 31 13 93 297 330 16 163 36 36 23 342 177 179 6 82 179 341 70 928 0
1863 168 331 298 161 14 276 413 583 53 30 58 308 25 433 446 148 35 29 53 10 1 18 39 313 45 34 69 222 22 297 410 308 41 27 27 31 4 17 25 30 2 1 1 34 4 12 9 226 46 14 21 12 4 19 46 295 51 8 35 219 28 131 199 120 5 37 16 27 1 41 41 48 5 3 5 44 1 65 41 8 4 2 5 0 0 3 5 16 4 4 1 28 7 35 37 258 21 20 29 62 2 26 48 36 7 2 9 67 5 41 38 344 30 27 31 30 4 41 142 327 34 3 43 275 34 158 442 587 310 28 348 64 16 51 403 68 36 4 12 26 27 27 148 46 45 0 52 9 2 5 43 19 21 2 27 21 16 9 145 32 30 0 11 3 2 1 13 3 1 0 0 1 5 1 4 42 65 4 33 2 3 3 49 11 25 0 8 8 28 8 56 299 236 35 269 45 25 63 350 29 17 0 14 30 29 22 135 14 16 2 18 2 4 3 30 18 17 3 25 28 46 22 268 362 282 6 102 51 27 34 188 13 13 1 4 12 32 5 62 414 324 3 176 50 29 42 501 140 124 4 34 111 247 62 839 1878 171 335 281 167 15 273 413 589 58 32 58 325 23 453 461 138 34 34 55 12 1 18 40 330 46 39 74 231 23 290 415 300 39 31 23 35 5 17 28 32 3 0 2 33 5 14 12 232 50 15 17 13 4 22 45 299 54 9 36 225 25 131 202 118 4 36 15 28 1 43 42 43 5 2 8 35 3 71 38 10 1 0 4 0 0 4 3 14 3 2 2 24 5 37 39 251 20 15 29 61 3 29 44 33 8 1 4 67 3 42 41 344 27 23 40 29 3 43 144 323 35 5 41 288 35 164 455 575 296 32 343 60 18 55 397 73 35 4 13 25 29 25 152 46 44 3 54 11 2 6 48 20 22 1 30 20 18 12 139 28 26 0 9 4 4 1 13 3 2 0 0 1 5 1 3 42 68 3 33 2 4 3 48 11 22 0 7 6 27 8 63 296 219 31 250 43 23 64 339 30 16 0 15 31 30 21 128 14 13 3 18 3 1 2 36 19 19 4 26 31 53 25 270 351 268 4 107 48 29 34 181 13 12 0 4 15 31 8 63 399 312 6 169 49 27 48 488 137 111 4 37 116 248 66 831 1855 170 331 295 167 15 283 408 605 56 27 53 312 26 437 456 146 36 30 49 11 1 18 38 318 41 39 72 227 26 285 410 304 35 26 22 30 5 18 27 36 1 1 2 36 4 10 9 231 43 18 18 16 4 24 48 310 53 8 36 228 25 132 208 117 5 36 12 32 1 42 42 42 4 2 6 39 5 74 39 9 1 2 4 0 0 4 2 15 3 3 2 27 4 37 37 254 17 18 30 52 3 27 52 38 8 2 5 67 6 37 36 336 35 22 34 28 6 49 146 321 35 5 44 280 34 159 454 568 298 33 350 60 20 53 393 73 34 5 14 26 27 23 161 44 45 2 43 9 3 7 50 20 17 1 29 20 22 8 141 29 27 3 8 4 2 1 12 2 1 0 0 2 6 1 6 38 71 5 36 2 2 2 43 13 20 0 9 8 26 7 67 300 246 30 270 47 27 65 336 27 18 0 14 31 31 22 133 12 16 3 22 2 3 3 35 18 21 4 28 28 54 23 266 346 274 4 115 48 33 30 175 14 10 1 3 15 28 7 72 403 304 6 174 45 29 48 486 140 120 4 31 116 233 68 836 0
2762 288 217 375 288 11 415 1193 362 20 8 27 348 12 546 842 239 22 14 39 17 0 7 43 346 21 18 44 533 15 545 382 160 10 7 4 8 0 7 10 11 0 1 1 10 0 2 3 366 29 7 12 13 3 21 22 482 20 2 6 389 10 143 106 203 14 7 15 33 1 21 42 8 0 0 2 29 1 25 16 13 0 0 1 0 0 1 0 8 3 1 0 16 2 15 13 291 15 7 13 25 1 9 34 13 0 0 1 44 2 10 27 847 34 6 23 35 7 30 135 650 9 3 11 407 12 118 212 327 284 11 350 30 9 33 605 16 4 0 4 5 12 4 148 14 19 0 15 0 1 0 11 8 5 0 5 7 9 6 85 4 8 0 1 0 1 1 2 0 0 0 0 0 1 0 1 23 26 1 18 0 0 0 20 0 7 0 0 1 12 1 13 253 428 7 280 12 30 32 331 6 8 0 0 6 28 8 82 8 11 0 3 2 2 3 10 10 11 0 5 16 45 14 118 337 330 2 103 13 11 7 85 3 0 0 0 8 10 0 16 509 245 5 89 14 8 14 201 98 66 2 5 69 97 20 215 2774 280 215 394 301 17 416 1246 350 20 10 24 377 16 567 833 234 21 18 37 20 1 7 43 327 25 20 44 513 17 541 417 159 13 8 5 10 1 11 5 10 0 0 1 17 0 4 7 366 31 4 10 15 4 20 14 435 18 1 8 388 15 156 110 206 14 10 14 30 1 25 39 11 0 0 2 24 2 25 20 7 0 0 1 0 1 2 3 4 4 0 1 17 2 12 10 282 13 9 14 25 2 8 35 16 0 0 1 44 1 10 20 810 27 6 19 38 5 28 144 630 8 4 11 362 11 120 195 326 279 9 361 30 11 33 630 15 5 0 5 6 12 7 179 14 18 0 19 1 1 0 8 6 5 0 9 6 17 6 88 6 10 0 5 0 1 1 3 0 0 0 0 0 1 0 2 18 28 1 16 2 0 0 23 7 10 0 0 2 11 1 14 236 418 6 283 14 27 33 341 7 7 0 1 5 26 10 84 10 12 0 6 2 1 2 10 10 11 0 3 18 50 14 120 326 327 1 110 17 13 5 85 3 1 0 1 8 10 0 16 466 242 4 81 13 6 13 194 104 66 0 5 62 98 21 215 2697 301 220 409 304 11 436 1266 368 26 3 24 360 18 598 896 215 20 15 38 16 2 13 42 316 21 18 36 471 18 529 429 151 16 7 5 8 0 10 13 15 0 0 1 17 0 6 5 335 26 9 15 12 2 25 20 445 17 2 8 396 16 164 119 206 12 7 17 30 2 24 47 8 0 0 2 27 1 28 17 12 0 0 2 0 0 2 0 8 4 0 1 15 1 10 12 269 9 11 18 26 1 12 30 11 0 0 1 34 1 11 20 759 29 6 25 35 6 25 133 621 12 3 11 335 13 126 210 317 309 13 386 30 12 32 637 12 5 0 5 4 19 8 181 13 21 0 20 1 1 0 17 8 7 0 11 7 16 5 99 5 9 1 5 0 1 1 2 0 0 0 0 0 1 0 1 18 24 1 13 0 1 0 22 3 9 0 0 2 11 1 13 229 395 8 312 11 25 27 364 8 7 0 2 7 28 6 91 8 11 0 5 3 2 2 12 12 14 0 4 16 45 10 119 307 306 2 102 18 12 3 88 1 1 0 0 8 10 0 21 418 245 7 78 12 8 14 206 127 62 1 6 77 97 20 225 0
2736 287 297 389 301 27 385 712 271 12 7 14 372 10 466 441 211 36 24 27 10 0 15 22 290 32 22 40 476 21 636 360 271 23 24 15 17 1 13 11 8 0 1 0 23 1 3 5 335 28 12 7 10 1 17 25 420 19 2 7 407 17 141 83 218 14 11 13 31 0 33 26 14 0 0 0 15 1 29 17 8 0 1 0 1 1 0 1 4 2 2 2 20 6 24 16 310 8 7 18 30 1 17 21 10 1 0 3 33 0 8 12 668 27 6 19 29 2 20 82 468 10 4 10 321 17 111 157 279 347 6 479 13 18 17 451 11 10 1 2 9 13 3 114 11 22 0 24 2 0 0 13 11 17 0 15 7 15 3 100 3 20 1 1 0 1 0 2 0 0 0 0 0 3 0 2 13 33 0 14 2 2 0 9 5 9 0 0 3 16 2 17 274 537 24 430 27 26 28 335 8 11 0 2 13 28 12 119 10 18 0 16 1 6 1 20 7 24 1 11 19 80 18 217 403 704 11 158 28 22 13 92 7 5 0 0 8 16 5 13 509 336 4 88 13 19 10 166 148 113 0 17 138 208 22 298 2755 292 296 396 306 28 379 771 265 8 11 14 380 12 475 469 210 37 26 25 8 0 16 24 273 33 23 42 469 24 651 355 264 21 24 15 17 2 13 9 13 1 0 0 19 0 4 2 321 26 11 6 11 1 21 25 407 17 4 9 392 18 135 90 204 15 11 10 30 0 33 33 12 1 0 1 19 1 30 17 5 0 0 1 3 0 0 1 8 0 2 2 20 5 20 19 295 10 6 21 29 1 17 24 13 1 0 3 29 1 12 15 638 28 7 22 25 2 19 74 442 10 3 11 305 14 108 150 264 364 8 497 19 16 19 474 10 10 1 2 8 15 3 125 6 19 0 29 2 0 0 14 12 17 0 14 10 17 4 101 4 22 0 5 0 2 0 5 0 0 0 0 0 2 0 2 14 28 0 11 1 1 0 9 5 14 0 1 2 13 1 18 246 540 26 436 31 26 23 354 5 12 0 3 11 26 15 134 12 20 1 14 1 5 1 24 6 20 1 14 17 86 15 209 407 709 11 154 34 22 13 92 9 4 0 1 9 17 3 14 484 323 6 76 16 15 11 162 144 110 0 17 129 199 22 308 2713 281 312 375 296 34 375 759 281 13 12 13 367 8 453 476 212 27 22 27 10 0 15 23 257 30 18 39 477 32 643 353 288 24 21 17 12 2 16 10 11 0 0 0 15 0 4 5 312 24 17 12 13 1 16 23 427 18 3 8 402 15 147 84 199 15 12 15 26 0 27 32 12 2 0 0 18 1 26 17 14 0 1 1 1 0 3 2 7 0 2 0 18 5 18 17 309 9 9 18 20 4 16 24 12 0 0 3 29 0 12 9 627 26 9 13 30 3 16 83 456 9 4 11 333 19 103 149 269 338 5 466 15 14 15 467 13 12 1 3 14 22 3 138 9 18 0 22 3 0 0 17 16 12 0 17 7 20 1 106 8 22 0 2 0 1 0 2 0 0 0 0 0 4 0 2 12 31 0 11 0 2 1 8 8 14 0 1 1 11 2 13 246 550 23 446 31 27 23 362 6 5 0 1 10 28 11 116 14 18 0 14 1 6 0 17 9 22 3 15 21 83 16 212 416 726 10 153 25 18 15 105 6 4 0 0 10 18 3 17 512 320 1 92 12 19 11 157 171 114 1 19 134 200 27 297 0
2496 141 210 253 201 10 310 825 389 17 7 17 278 14 320 569 296 33 19 20 17 2 16 37 394 20 13 35 517 18 317 285 264 10 12 11 17 1 5 10 3 1 1 0 12 2 4 7 477 32 9 8 9 1 17 34 673 19 7 13 480 14 114 94 242 16 9 8 23 1 23 27 22 0 0 0 19 0 18 10 16 0 0 0 1 0 2 3 17 0 1 0 34 2 6 9 405 12 16 12 21 1 5 24 14 1 0 0 22 1 4 14 1278 43 10 27 41 4 33 161 1081 12 2 13 498 17 108 222 283 262 3 287 19 9 12 443 30 6 0 1 11 10 5 149 22 27 0 20 0 0 2 8 10 7 0 5 6 16 3 72 8 10 0 2 0 0 0 3 0 0 0 0 1 0 0 1 16 31 0 12 2 1 0 11 10 7 0 0 2 8 2 10 306 479 6 272 16 14 26 290 9 7 0 1 6 14 8 51 15 17 2 15 1 1 1 10 9 26 1 8 18 76 6 118 427 284 1 85 14 6 9 92 5 1 0 0 7 5 0 7 730 349 9 98 12 13 18 180 209 93 5 11 106 135 14 217 2564 145 198 259 199 11 306 739 399 16 5 12 268 9 308 538 323 32 14 23 19 2 14 40 406 23 12 30 526 15 319 277 258 8 14 10 15 0 2 12 8 0 2 0 12 1 5 3 480 33 12 11 12 2 18 27 686 17 13 12 489 11 106 92 266 12 10 13 24 1 21 28 18 0 0 0 18 0 14 11 19 0 0 0 2 0 2 4 15 0 0 0 22 1 9 14 427 6 10 14 25 1 4 26 17 0 0 0 24 1 8 13 1298 43 9 35 43 2 40 154 1084 18 2 12 513 20 112 206 294 243 5 297 15 8 15 408 27 9 0 3 11 14 5 125 27 25 0 20 2 0 2 7 10 5 0 5 7 14 3 65 6 12 0 3 0 1 0 1 1 0 0 0 1 0 0 0 13 34 0 12 0 1 0 8 11 6 1 0 1 8 1 11 320 457 6 259 21 17 24 263 9 14 0 0 5 10 12 44 17 21 1 14 3 2 0 13 16 27 1 8 15 66 9 121 424 289 3 76 17 6 9 98 3 2 0 2 8 7 0 7 753 365 10 93 16 9 20 181 209 93 3 11 90 141 16 232 2519 162 227 263 202 6 297 671 387 14 5 16 268 11 304 421 297 32 13 21 16 2 15 32 415 25 17 30 532 14 308 260 260 10 14 10 16 0 4 10 6 3 2 0 10 0 5 6 473 36 11 8 11 0 29 28 627 15 12 11 467 13 109 90 265 17 14 13 28 1 19 35 19 2 0 1 19 0 20 7 19 0 0 1 1 1 2 4 15 0 0 0 24 1 10 11 449 9 12 17 21 2 9 30 16 0 0 0 26 1 6 10 1328 40 14 31 44 2 42 153 1036 17 2 9 484 13 93 224 318 256 5 280 15 8 11 378 26 8 0 2 10 22 4 129 21 25 0 19 2 1 2 5 10 8 0 6 9 10 2 60 7 13 0 5 1 0 0 2 0 0 0 0 0 0 0 1 16 33 1 15 0 0 0 8 11 8 1 0 5 6 3 16 339 474 6 296 21 13 23 265 9 7 0 2 8 10 13 46 12 19 1 15 2 1 1 13 16 26 0 12 16 72 9 138 441 306 2 86 13 9 6 106 4 0 0 1 12 11 1 13 778 398 12 102 16 19 20 165 279 92 4 14 96 142 16 264 0
1993 155 275 277 166 8 320 540 433 27 18 22 307 17 375 454 170 44 23 41 9 0 9 34 330 33 23 33 394 25 252 346 312 18 12 24 24 0 10 12 14 1 1 1 18 0 4 5 370 42 15 23 9 0 13 25 504 42 11 24 301 26 122 162 199 15 22 9 48 1 37 42 34 5 1 1 29 5 45 29 9 0 0 1 0 0 3 5 13 1 0 3 26 5 16 19 407 17 10 26 50 0 22 30 22 1 0 0 48 0 18 17 693 35 15 33 39 7 33 89 649 24 6 24 409 32 124 296 462 311 16 393 27 16 32 551 25 16 1 11 13 15 12 160 32 38 0 33 2 0 0 22 19 22 0 19 13 24 7 120 15 28 0 3 0 4 1 10 3 1 0 0 0 1 0 1 24 38 0 17 1 4 0 26 14 24 0 4 2 12 1 31 361 396 23 307 42 21 40 344 16 16 0 6 24 25 18 112 15 37 1 22 1 2 1 30 20 24 2 16 23 53 10 175 471 286 8 151 21 16 21 143 3 5 0 4 16 14 3 37 567 402 4 142 35 23 20 317 200 132 2 41 129 195 26 513 2009 144 285 270 165 8 304 513 448 27 17 29 325 13 368 414 172 44 19 38 13 1 8 36 342 33 27 38 415 26 261 334 309 16 18 19 23 0 10 8 9 0 1 0 23 0 2 7 397 44 13 23 8 0 15 25 511 44 10 26 325 25 126 157 194 17 18 7 48 1 38 37 36 5 0 2 27 2 46 23 8 0 0 1 0 0 4 5 11 2 0 3 28 4 20 16 413 15 7 26 53 0 16 29 29 3 0 3 51 1 18 20 702 32 13 37 33 6 35 105 680 28 9 22 432 29 124 315 448 315 11 380 28 16 31 495 22 14 1 12 13 15 13 148 34 41 0 38 3 0 2 24 19 27 1 19 8 23 7 108 10 24 0 3 0 4 1 6 3 1 0 0 1 1 0 1 24 41 0 17 2 3 1 25 11 20 0 5 3 15 1 33 383 387 22 300 39 24 40 333 14 14 1 4 22 27 13 101 17 36 1 28 1 1 1 28 17 21 2 13 24 53 13 172 477 271 7 143 25 14 23 136 5 4 1 1 17 16 3 31 571 400 1 148 36 20 19 318 202 151 2 43 133 192 30 511 2017 150 285 257 154 11 296 474 440 23 23 30 308 15 361 369 182 41 21 42 11 0 13 39 340 41 22 40 403 26 233 327 311 21 17 16 21 1 13 12 19 1 1 0 18 0 3 5 395 44 15 21 10 1 16 22 522 46 8 28 327 25 123 167 198 16 15 10 50 1 41 35 32 7 1 3 30 2 42 22 10 0 1 1 1 0 2 4 11 1 0 2 32 4 21 15 403 15 11 20 54 1 17 32 29 2 0 2 57 0 19 18 746 42 14 36 43 7 37 94 681 29 5 19 434 31 126 317 468 296 19 386 25 13 36 437 27 16 0 14 11 15 7 128 23 44 2 39 2 0 3 18 19 26 0 17 10 26 7 104 23 25 0 5 2 2 2 5 4 1 0 0 1 3 0 1 27 36 0 20 1 2 3 31 14 16 0 8 8 15 1 33 378 393 20 289 44 26 41 329 10 14 0 5 22 26 15 103 22 37 3 28 1 2 2 27 19 25 2 14 31 56 13 167 481 281 7 146 18 14 25 134 6 4 0 1 17 13 4 33 604 396 4 149 36 21 22 309 221 162 0 44 144 208 28 507 0
3458 345 195 363 188 26 301 1042 408 27 12 44 258 18 456 898 223 16 11 27 12 1 11 34 269 19 9 34 363 16 287 385 169 17 5 4 14 0 7 10 3 0 1 1 8 1 6 5 277 25 9 18 10 0 16 25 291 15 9 15 234 9 98 125 295 22 9 17 21 1 32 43 17 0 0 2 24 0 16 32 12 0 1 0 0 0 4 1 7 1 3 2 15 0 9 20 304 13 4 13 31 2 14 26 19 1 1 1 32 4 8 28 866 28 10 19 30 2 25 153 461 30 6 22 263 14 120 297 386 298 4 388 26 13 28 674 30 13 2 4 18 11 9 169 27 23 0 24 2 2 1 32 11 9 0 10 3 13 3 101 15 19 0 4 3 3 0 8 0 0 0 0 0 3 0 6 26 27 1 12 3 0 2 25 6 3 0 2 4 9 1 21 309 453 12 207 23 13 29 331 10 5 1 5 8 11 7 101 14 19 0 6 0 3 0 19 10 9 1 5 11 34 9 109 327 277 5 83 21 16 12 140 4 4 0 2 8 8 5 19 607 287 4 80 27 20 22 278 104 72 0 19 64 106 19 317 3511 344 178 371 201 18 272 927 399 24 14 41 265 13 437 843 252 23 14 28 9 0 9 28 267 22 11 41 322 14 272 343 157 16 8 4 11 0 6 13 11 0 2 1 10 2 8 6 287 31 5 16 7 1 17 25 316 19 5 14 255 6 88 119 307 23 11 18 15 0 29 49 17 0 3 1 27 2 15 30 15 2 2 1 2 0 4 4 8 1 3 3 11 1 5 15 340 7 4 16 36 3 14 26 21 2 1 1 31 2 11 32 903 30 7 21 31 0 24 156 505 27 5 27 266 11 122 300 392 290 7 373 24 9 32 651 33 9 2 5 15 12 6 167 28 24 0 24 2 2 1 27 12 7 0 12 3 14 5 75 12 17 0 6 1 1 2 8 0 0 0 1 0 2 0 3 28 32 0 11 2 0 2 23 6 7 1 1 2 11 3 20 325 491 13 215 22 17 31 309 13 4 0 5 7 11 13 96 14 20 0 3 1 3 0 19 13 11 1 8 8 36 8 111 346 277 3 76 23 16 16 127 6 2 0 4 6 10 6 15 623 301 2 85 24 16 26 295 122 77 1 20 49 110 28 314 3508 321 185 346 199 23 282 941 376 21 13 40 243 16 383 775 251 22 6 27 7 2 9 26 272 20 12 35 329 19 244 330 178 11 9 5 14 1 8 9 8 1 0 2 6 2 6 7 313 24 8 16 6 1 14 30 312 15 8 10 258 4 88 113 328 20 11 14 14 0 31 33 24 0 0 1 21 0 21 26 24 1 1 1 2 0 5 4 15 2 2 2 21 3 8 19 348 9 6 11 29 2 15 20 15 1 1 0 35 2 11 31 968 37 14 23 27 1 28 141 562 28 6 26 285 12 119 295 387 279 10 351 20 17 27 603 42 14 1 9 16 10 5 196 24 24 0 17 1 2 2 31 9 10 1 8 6 16 7 84 12 22 0 7 2 2 1 6 0 0 0 1 1 2 0 4 28 27 0 11 1 2 3 24 7 2 0 0 3 6 4 17 338 473 14 183 20 13 27 284 13 3 0 7 8 10 12 95 17 21 0 5 1 3 1 16 16 6 1 9 10 41 7 109 357 279 3 83 30 13 14 121 10 2 1 4 11 8 4 22 671 319 4 99 21 17 21 285 148 81 2 22 70 115 27 321 0
2484 230 238 399 259 16 423 1141 506 27 10 28 335 21 375 691 224 33 9 41 7 0 17 64 294 23 10 34 290 21 208 350 247 13 11 7 17 0 8 16 11 1 0 1 11 3 4 4 330 40 7 20 8 3 11 49 404 28 1 10 230 14 97 139 211 14 15 5 30 0 44 48 17 2 0 0 30 0 26 32 13 2 0 2 1 0 2 3 11 0 1 1 12 2 11 20 314 14 14 18 38 2 11 44 27 2 1 4 41 0 12 14 844 51 9 42 45 5 42 171 587 21 4 26 336 19 122 287 497 311 7 461 23 16 31 726 29 6 0 6 12 19 4 134 23 24 0 33 2 0 2 23 14 15 1 15 11 26 0 92 7 5 0 5 0 1 1 6 0 0 0 0 0 2 0 4 22 34 0 15 2 0 3 21 5 13 0 2 3 9 1 25 305 327 18 262 23 17 46 338 7 11 0 2 7 18 9 99 8 22 1 20 2 2 2 19 21 17 1 6 20 49 7 137 343 188 4 106 33 14 15 133 4 3 0 3 13 5 0 17 553 321 3 142 13 20 17 290 148 86 1 21 79 127 10 345 2523 223 250 392 267 14 445 1180 520 22 11 38 368 18 401 739 222 32 10 42 11 0 17 63 301 27 11 34 301 25 213 371 232 14 12 9 15 0 5 12 14 1 0 1 12 2 5 8 322 40 7 17 10 3 14 49 394 24 2 14 228 15 95 144 200 11 18 3 27 0 44 49 18 0 1 0 30 1 25 31 11 2 0 1 1 0 1 2 9 0 0 1 13 3 10 18 294 16 14 14 42 1 12 50 27 3 1 3 39 1 11 18 769 52 7 42 46 2 45 189 531 16 4 23 332 19 127 313 482 317 8 477 26 16 33 746 27 6 1 6 13 19 4 142 19 22 0 38 2 0 2 30 11 18 1 17 7 24 1 104 7 8 0 8 0 1 1 4 0 0 0 0 1 2 0 5 26 37 0 16 1 1 3 24 5 14 0 1 3 11 1 26 300 320 16 250 28 16 43 331 11 9 0 5 10 20 9 102 6 23 0 21 2 2 2 16 15 17 1 7 20 50 4 143 306 187 5 98 31 13 16 129 4 1 0 0 13 6 3 18 481 280 5 137 13 20 16 302 131 75 0 21 71 126 17 351 2490 234 247 402 260 16 451 1213 502 21 6 35 372 16 396 777 212 34 10 43 11 0 14 68 288 21 10 35 298 26 206 383 222 20 13 10 18 0 7 10 9 1 0 1 14 2 3 2 311 36 9 16 8 3 11 51 376 28 1 12 216 10 94 153 199 13 14 4 27 0 50 50 18 0 1 0 26 1 24 30 16 2 1 2 1 0 1 2 10 0 0 1 11 4 11 18 286 21 13 16 41 1 13 48 28 3 1 2 38 1 12 13 759 46 9 39 41 3 39 192 505 15 2 25 306 19 121 301 484 348 7 481 22 15 37 789 30 7 0 7 15 19 3 177 17 24 0 33 2 0 2 26 9 16 1 13 9 21 0 96 5 6 1 7 0 1 1 5 0 0 0 0 0 2 0 5 19 37 0 15 1 0 3 25 6 12 0 1 3 16 1 25 292 335 16 297 25 20 39 360 10 12 0 2 6 19 11 105 7 18 1 22 2 2 1 19 13 19 1 5 16 56 5 141 302 194 8 110 32 15 12 139 2 2 0 3 12 7 1 17 461 281 2 138 12 21 14 295 129 73 2 23 78 121 8 346 0
3033 279 226 392 294 13 440 1358 361 15 5 18 342 16 412 904 241 29 9 40 12 2 17 46 292 20 12 29 429 18 218 375 195 16 11 7 9 1 9 28 4 0 0 1 18 1 1 6 305 31 9 9 18 2 10 43 364 21 1 6 195 11 79 97 205 14 10 14 33 0 33 33 18 0 0 0 23 0 19 17 19 1 0 4 1 0 1 12 5 2 0 1 20 0 7 16 288 13 5 20 30 1 12 33 19 1 0 0 27 0 3 13 813 31 13 37 46 1 37 135 657 17 5 12 294 17 119 228 367 350 8 484 15 18 27 911 20 7 0 4 12 20 3 180 12 26 0 17 0 0 0 21 9 10 1 9 5 8 1 95 4 14 0 2 0 0 1 2 0 1 0 0 0 0 0 0 16 31 0 9 1 4 0 16 3 3 0 1 3 8 1 7 242 492 15 272 30 22 32 339 11 4 0 1 6 19 5 66 8 20 2 4 0 2 1 18 12 13 0 3 18 65 10 131 304 179 1 80 19 5 8 85 3 1 0 0 9 7 0 8 470 234 6 94 12 10 11 215 140 66 1 16 75 117 10 248 3040 279 236 418 307 16 442 1389 359 18 6 23 350 18 432 880 229 28 9 45 12 2 15 52 301 21 13 30 415 17 220 368 178 14 11 8 11 1 8 14 3 0 0 1 18 2 0 5 296 33 6 11 17 2 15 38 359 25 3 7 186 7 78 97 204 15 8 13 30 1 38 39 18 0 0 0 22 0 20 19 10 0 0 0 2 0 1 5 6 2 0 1 19 0 5 17 288 12 4 18 35 1 12 38 19 1 0 0 25 0 7 11 794 26 12 33 43 1 34 136 634 14 6 16 288 15 123 229 366 357 7 470 19 16 24 934 15 7 0 5 17 23 3 211 10 30 0 19 0 0 0 22 4 8 1 10 6 8 0 93 4 12 0 2 0 0 0 1 0 1 0 0 0 1 0 0 19 32 0 8 1 3 0 17 4 4 0 1 4 9 2 12 257 494 10 271 26 21 32 348 9 6 0 0 8 22 5 70 6 19 1 4 1 1 3 18 6 13 0 3 16 61 9 137 306 187 2 78 17 2 6 93 5 0 0 1 7 5 0 8 454 223 6 91 12 10 9 229 125 66 0 13 65 116 8 247 3087 279 242 410 314 15 428 1365 353 18 7 18 349 15 420 849 229 24 8 44 12 3 14 51 285 23 12 29 411 16 215 360 197 12 11 8 10 1 7 15 6 0 0 1 18 2 0 6 293 30 8 13 16 1 13 41 334 20 3 9 177 8 87 96 199 14 9 12 28 1 37 35 24 0 0 1 25 0 22 19 9 0 0 0 1 0 1 3 6 2 0 2 18 0 8 13 289 13 2 18 37 1 9 41 21 2 0 0 27 0 3 14 831 32 11 38 39 0 38 155 592 23 7 14 283 13 126 246 362 362 7 472 19 14 25 882 23 9 0 5 12 24 4 217 11 30 0 17 0 1 1 20 7 8 1 12 7 6 0 95 5 13 0 5 0 0 1 1 0 1 0 0 1 0 0 0 15 33 0 11 1 3 0 18 3 4 0 2 3 6 0 10 258 512 11 289 31 23 39 331 8 4 0 0 8 22 3 70 8 21 1 8 1 0 1 20 12 14 0 5 17 71 8 133 300 189 1 69 17 4 10 95 6 1 0 1 6 6 0 9 440 235 4 99 12 10 13 234 130 65 1 11 67 125 14 250 0
2466 243 264 365 222 11 361 717 371 35 10 23 350 10 412 496 223 42 14 46 12 2 15 35 363 36 18 54 386 23 247 343 267 13 10 11 14 0 6 17 4 1 0 1 16 1 3 7 399 53 8 19 12 3 14 37 415 34 3 11 273 17 96 141 255 18 16 11 42 0 42 32 23 4 0 2 35 4 33 22 15 0 7 0 3 1 3 4 14 1 1 3 24 2 19 20 386 14 9 21 34 3 24 26 21 2 0 5 59 3 17 13 888 44 10 29 44 3 28 95 501 24 4 17 391 19 140 267 407 332 9 439 23 9 35 615 22 12 1 7 16 19 4 171 29 31 0 30 2 0 3 30 11 18 1 11 10 20 1 105 15 12 0 8 0 3 0 5 1 2 0 0 0 2 0 3 36 48 1 15 2 1 1 14 6 9 1 4 4 11 1 20 349 418 15 315 38 21 33 332 11 8 0 4 11 18 8 102 14 20 1 13 1 1 2 22 17 16 2 12 13 68 12 148 397 266 5 90 26 19 14 141 11 4 0 0 15 15 5 28 526 335 2 120 28 21 28 249 139 92 1 13 122 160 29 392 2496 249 277 379 234 12 334 671 370 27 12 33 344 13 394 437 230 40 15 44 7 0 14 38 357 39 17 53 383 24 249 340 262 12 11 11 15 2 4 16 5 1 1 2 14 0 4 5 390 48 2 19 12 2 13 36 421 36 7 10 268 16 90 132 258 20 18 12 45 0 38 29 26 2 0 0 38 3 35 23 13 1 6 2 3 1 3 4 13 2 1 4 21 0 22 19 394 18 12 17 36 3 24 24 24 2 0 4 65 1 19 17 907 37 11 33 40 3 25 102 503 25 4 21 397 15 138 265 411 337 5 441 22 12 34 553 21 12 2 4 14 10 4 151 30 31 1 32 2 0 3 23 12 18 2 15 11 16 2 97 14 18 0 8 1 2 0 4 0 3 0 0 0 3 0 3 38 51 0 16 2 0 1 13 8 7 0 4 3 9 3 24 355 444 15 323 40 16 39 337 12 9 0 7 16 21 7 100 14 20 1 18 2 2 2 20 20 19 2 11 13 68 13 135 419 284 4 96 30 16 16 139 9 4 0 0 15 15 3 23 535 356 3 125 28 25 29 259 144 96 2 12 106 163 34 403 2534 246 265 344 208 10 310 596 397 25 19 26 319 14 365 351 217 44 15 37 11 1 19 33 372 37 15 52 360 21 232 306 297 13 14 11 13 2 5 12 4 2 0 1 14 0 2 7 408 42 8 19 15 1 12 37 415 39 2 12 276 16 96 126 266 21 22 14 44 0 43 28 22 4 0 2 35 3 35 21 15 0 4 1 3 1 2 3 15 0 3 5 26 0 26 22 417 15 9 23 39 3 23 24 23 2 1 2 63 1 18 16 950 46 11 37 42 3 33 110 563 25 5 23 403 19 142 268 427 335 5 397 21 9 30 478 19 13 2 8 10 12 7 128 31 34 0 30 1 1 4 19 11 18 1 15 14 15 2 98 21 24 0 8 0 3 0 7 3 1 0 0 0 2 0 4 40 55 0 25 2 1 1 16 7 9 1 5 6 11 1 17 372 434 20 304 39 20 33 310 14 10 0 5 11 22 8 86 18 20 2 17 0 1 1 22 20 20 2 10 18 72 10 138 452 290 5 92 31 19 15 133 10 4 0 2 17 16 2 31 581 389 3 126 32 23 29 267 174 101 1 18 125 174 38 413 0
2777 255 313 334 288 10 365 742 285 15 9 17 308 10 455 422 217 23 21 31 11 1 15 33 318 28 33 30 489 30 509 298 304 27 19 11 14 1 5 8 5 0 0 0 21 2 5 6 327 30 7 15 15 1 13 25 388 13 4 8 387 11 125 84 223 12 16 10 21 0 33 32 18 3 0 1 24 1 22 16 9 1 2 1 2 0 3 5 12 0 2 2 26 2 20 18 324 9 11 17 41 3 18 27 15 0 0 0 25 1 10 13 821 36 11 22 36 5 33 123 516 13 5 10 341 16 113 187 271 342 6 397 13 8 13 356 24 8 0 3 6 15 3 106 13 24 0 16 0 1 0 13 15 11 0 4 11 18 7 93 8 22 0 9 0 0 0 3 0 0 0 0 1 1 1 0 19 25 0 6 0 2 0 12 7 12 0 1 3 15 3 14 327 612 19 394 22 32 27 285 7 7 0 2 8 28 11 80 16 27 0 16 2 2 1 10 14 21 1 15 30 78 13 199 382 736 5 124 22 27 10 108 7 5 0 0 10 16 1 22 628 357 4 101 17 20 8 188 173 110 1 21 125 209 24 264 2809 256 323 351 289 15 364 812 282 23 11 19 320 9 471 463 227 24 19 30 14 2 12 37 300 31 32 29 473 32 518 299 301 24 19 14 14 1 7 6 5 0 0 0 24 2 6 5 302 29 7 18 15 2 14 22 382 17 3 8 378 11 126 85 221 13 16 14 27 0 37 36 18 1 1 1 21 0 24 15 10 0 2 1 2 0 2 4 13 0 2 1 27 1 23 19 297 9 11 13 48 3 19 24 15 0 0 1 31 3 7 13 700 35 7 23 35 6 24 125 470 12 2 12 309 13 109 179 270 361 11 427 10 7 13 395 27 11 1 7 11 17 2 128 16 29 0 17 0 1 0 13 13 8 0 6 10 18 6 86 8 25 0 9 0 0 0 4 0 0 0 0 1 2 1 1 23 27 0 8 1 2 0 15 7 14 0 1 4 17 2 19 300 640 22 391 21 33 23 325 7 7 0 2 6 28 10 82 11 28 1 18 2 1 0 13 5 24 1 21 34 85 14 203 399 748 7 127 17 27 13 96 5 3 0 0 9 18 2 26 549 322 4 100 19 13 8 185 139 108 2 17 114 205 24 278 2776 279 332 362 280 18 386 891 283 19 10 14 319 12 468 504 209 25 16 24 14 1 11 38 276 29 27 32 460 29 502 302 298 29 17 17 16 2 9 10 6 1 0 0 16 4 6 6 291 28 3 17 15 1 23 25 357 15 5 10 369 13 119 99 203 9 23 16 25 3 38 42 12 3 0 0 19 1 27 17 10 0 2 2 2 1 2 3 17 0 2 0 25 4 19 24 301 9 8 18 46 1 21 26 13 0 0 1 28 2 8 14 660 27 7 28 36 2 22 104 473 11 2 8 303 17 100 167 266 372 11 437 15 9 13 454 19 13 0 13 8 22 2 173 18 18 0 19 0 1 0 16 11 9 1 6 12 25 5 104 8 16 0 8 0 0 0 8 0 0 0 1 0 1 1 1 25 26 0 7 1 2 0 15 10 10 0 2 3 15 2 20 294 633 15 398 21 36 24 313 6 8 0 3 9 26 11 94 14 26 1 18 2 1 0 17 14 23 0 14 26 85 10 202 375 730 7 145 20 31 7 107 8 3 0 3 9 23 1 24 489 305 3 87 17 17 7 196 148 110 1 15 103 197 29 300 0
1839 129 324 239 154 16 258 347 519 44 40 55 276 19 322 394 179 29 38 50 14 2 25 33 297 52 43 57 228 20 235 328 385 36 22 27 37 4 18 30 25 1 0 6 30 5 14 13 322 54 20 31 23 3 21 38 335 47 15 35 200 23 106 156 138 12 37 11 33 3 41 34 41 3 3 4 32 4 51 54 18 6 8 1 3 0 2 8 16 6 7 3 34 2 35 38 264 21 29 19 51 5 32 40 39 6 2 7 54 2 29 45 423 46 26 39 48 5 42 136 373 33 17 42 280 48 195 457 495 253 26 279 45 28 36 367 72 33 4 14 24 29 14 192 53 48 7 45 4 1 8 35 35 31 3 18 15 23 14 134 54 31 4 10 3 3 2 13 2 3 0 1 2 5 0 11 46 65 2 33 7 6 5 36 15 25 0 11 12 29 7 78 277 209 24 172 27 19 60 293 45 23 2 7 31 22 44 146 22 24 5 29 1 3 7 29 25 35 6 25 25 56 36 262 348 223 16 107 61 32 37 184 20 14 0 7 30 36 12 86 486 358 15 186 56 46 49 427 213 134 15 67 179 272 95 966 1831 133 319 236 153 15 254 340 526 48 40 45 272 18 304 394 180 30 40 47 8 3 20 34 299 52 45 60 232 26 244 321 392 34 20 25 30 10 17 28 35 1 0 5 36 5 17 13 339 46 19 33 23 3 23 38 339 50 14 30 198 26 112 156 142 8 36 9 29 2 43 34 44 6 2 7 33 5 52 55 21 6 9 1 2 0 1 6 17 4 9 3 30 3 31 43 271 17 34 19 47 4 31 38 38 8 1 7 54 3 29 47 417 48 28 37 51 5 45 134 382 37 13 39 290 46 203 474 505 244 24 273 44 26 35 345 66 25 3 19 30 32 16 187 50 45 7 43 5 2 8 38 30 35 3 21 15 20 16 137 49 31 2 15 9 4 2 13 2 3 0 1 2 4 0 10 44 71 3 33 7 7 7 37 19 22 1 15 13 32 5 81 275 218 24 165 30 19 66 285 41 21 2 9 32 22 40 152 20 28 8 26 1 3 4 26 28 34 7 32 26 50 34 261 347 209 20 110 64 34 34 174 20 18 1 6 30 35 8 76 482 346 16 187 51 42 49 437 212 142 15 59 192 267 98 965 1821 131 320 221 157 17 248 309 502 46 39 46 265 21 316 381 182 30 38 59 9 1 22 31 310 49 41 61 230 20 248 319 380 38 23 24 37 8 15 25 28 1 1 5 29 8 15 17 353 54 19 28 24 4 15 33 348 47 13 30 197 25 111 156 143 11 38 19 28 2 41 34 38 4 3 6 35 5 52 45 20 4 8 1 3 0 4 7 18 4 6 2 32 3 37 36 281 17 33 17 45 4 35 41 38 8 2 6 61 3 32 45 450 46 27 34 49 4 50 139 400 33 19 51 282 47 205 456 492 251 23 253 37 21 36 353 72 25 4 16 29 28 18 170 50 42 6 42 7 2 8 39 31 36 4 22 14 25 12 126 54 29 3 10 5 6 4 14 5 2 0 2 1 5 1 6 52 67 3 29 9 6 4 34 13 25 0 12 9 30 8 81 272 214 26 162 32 24 55 261 46 24 3 8 32 26 39 150 25 25 6 30 0 4 5 25 29 35 6 35 25 53 37 254 376 216 17 105 60 34 35 191 23 15 0 5 24 31 7 88 517 358 17 197 45 45 50 412 235 140 13 63 201 277 93 973 0
3228 252 218 340 214 16 325 954 297 19 7 21 295 6 382 550 299 28 12 22 10 0 8 30 355 20 12 21 530 14 337 288 208 4 7 3 9 0 4 6 9 0 1 0 7 0 2 3 394 33 5 9 10 0 11 22 363 15 3 5 252 7 85 91 292 14 7 11 29 0 24 31 15 0 1 0 20 1 21 15 14 2 0 1 0 0 1 2 13 1 0 0 18 2 12 9 353 11 4 12 34 0 12 21 8 2 0 0 40 1 2 10 1451 41 14 32 43 1 24 128 702 12 1 6 308 13 103 172 322 326 8 368 12 13 12 496 15 5 0 3 11 12 2 117 11 15 0 17 0 0 0 11 7 10 0 7 3 14 3 61 7 7 0 1 1 0 1 2 0 0 0 0 0 1 0 0 16 34 1 10 0 0 2 9 5 8 0 0 2 7 0 8 345 558 10 291 20 24 27 309 4 2 0 0 8 14 12 75 7 11 0 7 1 0 2 15 14 13 1 5 12 58 6 114 418 359 1 84 17 16 8 95 4 3 0 1 5 11 0 11 853 344 1 81 17 16 9 157 169 59 0 10 88 105 17 182 3236 246 194 331 213 13 302 960 308 16 11 18 277 7 395 533 303 28 11 20 12 0 11 32 355 18 15 25 501 14 340 280 212 5 9 4 11 0 6 6 5 0 1 0 9 0 3 3 392 31 7 12 12 0 10 25 380 15 2 7 259 6 86 82 285 13 12 10 25 0 25 33 18 0 0 0 22 1 20 12 19 2 0 0 1 0 1 2 20 2 0 0 19 2 13 6 369 11 3 9 36 0 13 23 11 2 0 1 38 2 2 12 1472 47 10 37 44 1 28 120 703 16 2 8 303 12 103 171 326 318 5 370 16 14 12 484 11 4 0 4 10 8 3 111 18 15 0 14 0 0 1 9 9 10 0 9 6 13 4 56 10 9 0 2 0 0 1 2 0 0 0 0 0 2 0 0 11 33 0 11 0 0 1 13 5 8 0 0 2 6 1 11 350 539 12 281 24 24 23 310 6 3 0 1 8 18 14 68 9 13 0 8 1 0 2 16 13 10 1 3 15 62 5 111 420 356 2 80 18 17 7 84 3 2 0 0 2 8 0 10 857 354 3 79 18 17 11 157 183 70 0 12 90 101 14 194 3190 243 214 328 206 17 294 890 321 11 10 15 257 4 324 489 280 25 11 20 13 1 8 25 320 17 15 18 463 11 302 266 237 4 9 6 6 0 5 7 6 0 1 0 8 0 0 2 371 36 7 7 9 1 17 19 337 11 1 6 209 5 87 79 273 14 5 10 22 0 26 30 17 0 0 0 17 0 22 14 34 2 0 0 1 0 0 1 18 1 0 1 24 4 15 17 370 12 6 13 30 0 11 30 11 2 0 0 30 2 3 8 1574 44 16 36 36 1 28 121 680 15 0 13 311 18 96 168 358 315 6 334 7 16 15 439 16 5 0 5 14 15 6 139 18 22 0 14 0 1 0 12 12 7 0 7 6 15 1 62 9 8 0 0 0 2 1 4 0 0 0 0 0 0 0 0 16 32 0 7 1 0 0 10 10 5 0 0 4 5 1 8 348 562 14 314 21 30 20 328 10 8 0 1 9 19 9 79 9 22 0 11 1 0 1 14 18 12 1 8 19 60 6 106 440 400 3 118 18 12 6 92 4 1 0 2 6 8 2 20 894 384 4 104 16 15 12 159 266 82 1 9 95 109 20 198 0
1770 183 329 315 217 26 331 898 414 32 31 38 257 22 376 783 150 33 31 37 14 5 22 31 197 38 30 31 260 23 278 290 290 29 35 17 38 4 34 20 43 5 0 3 29 5 17 18 200 36 25 27 18 8 14 32 294 40 12 19 248 35 111 159 174 13 43 15 23 3 26 29 46 9 4 4 28 3 40 39 19 3 6 7 0 1 3 6 10 1 4 1 25 4 28 30 263 21 10 11 39 1 24 39 41 2 4 3 42 2 32 28 366 36 17 30 38 4 35 105 540 51 11 32 262 31 137 304 395 262 39 354 28 24 41 714 50 28 1 19 11 31 15 355 28 30 4 46 3 4 5 42 13 21 4 25 18 29 17 160 29 28 2 7 3 5 3 16 4 5 0 0 4 6 0 6 29 37 1 29 7 2 5 30 9 26 0 16 8 26 7 75 229 301 44 344 29 20 57 291 13 21 1 12 27 29 26 155 18 19 10 36 2 3 4 35 20 20 9 30 21 78 34 263 274 248 13 126 37 26 20 167 17 4 0 8 21 26 9 69 324 252 12 161 36 45 32 321 159 159 6 73 123 262 60 807 1867 186 337 324 225 21 343 823 419 37 29 31 247 23 374 734 150 29 27 37 13 4 20 42 208 34 25 32 247 28 281 285 276 40 34 22 36 5 31 19 35 4 1 2 33 4 17 12 207 40 24 30 21 4 12 40 309 37 13 31 268 25 125 167 176 12 40 12 23 5 27 40 46 9 4 3 39 5 43 45 20 2 3 5 2 0 6 8 13 3 3 4 26 5 29 31 275 21 20 14 34 1 19 33 39 7 3 5 48 6 32 40 351 43 19 36 29 2 34 103 458 43 9 25 257 30 119 299 418 286 44 335 33 25 37 636 44 32 2 20 16 31 15 303 30 24 2 48 4 4 8 44 18 26 2 28 18 15 11 163 29 34 3 10 5 5 2 15 2 3 0 1 3 9 2 7 26 44 2 25 7 3 6 34 8 25 2 14 11 21 5 79 235 328 47 335 40 28 43 330 21 15 0 15 25 31 27 135 21 23 8 42 2 4 3 37 16 25 9 33 28 90 34 257 253 257 14 142 40 28 25 173 12 5 1 9 26 24 8 68 295 250 12 153 35 38 38 327 148 149 3 77 122 268 57 847 1955 193 330 347 216 24 348 736 443 39 29 41 250 20 386 587 136 33 29 39 19 5 21 38 211 39 22 30 273 20 235 322 308 30 34 16 34 3 21 27 36 4 1 2 27 7 13 17 208 38 20 36 25 7 16 37 306 53 10 21 260 34 139 170 171 16 37 10 27 1 38 35 38 7 4 3 39 4 42 46 21 3 9 7 3 1 3 5 14 2 5 3 24 5 29 29 279 22 19 21 43 8 22 39 39 4 4 4 49 3 29 36 391 40 22 30 28 5 30 122 422 47 13 26 268 30 129 314 404 273 44 312 32 29 35 549 48 34 2 15 24 31 21 273 39 34 4 48 2 3 9 43 18 26 3 25 18 24 12 162 33 41 2 17 5 3 2 18 2 7 0 2 3 10 2 7 27 44 2 30 7 3 6 33 9 25 0 19 9 25 5 76 230 308 44 310 40 33 47 323 23 22 1 13 25 28 28 153 15 21 9 40 0 4 2 44 20 21 11 31 23 87 35 264 266 242 13 130 35 28 27 156 14 8 3 7 25 26 8 69 274 256 6 158 46 39 40 350 156 169 8 83 135 289 71 847 0
1944 139 209 236 197 13 284 542 623 44 18 40 321 6 385 603 177 28 13 41 13 0 6 40 304 41 26 44 250 18 285 302 229 17 18 9 17 2 6 16 19 0 0 1 19 3 7 6 287 44 11 27 15 0 15 51 400 43 5 16 189 25 91 186 193 12 14 6 25 0 36 56 39 2 0 0 29 1 30 40 18 0 2 3 1 0 3 2 10 1 1 4 11 4 18 30 299 5 12 17 35 2 29 43 42 0 0 0 38 0 20 35 695 55 13 51 50 6 60 200 710 38 6 39 343 27 168 477 617 299 19 344 35 13 41 533 66 20 0 7 19 22 9 184 40 33 0 45 1 1 5 41 21 10 0 10 11 19 4 94 14 14 0 4 1 0 4 8 0 3 0 0 0 1 0 5 49 44 0 14 3 4 4 25 10 21 0 7 4 9 3 41 343 278 17 209 38 7 38 304 23 11 0 6 9 9 18 100 19 12 1 20 2 3 3 36 26 25 2 10 21 32 10 136 448 247 6 106 32 13 18 151 8 2 0 3 19 12 4 32 723 369 11 160 47 30 32 515 217 126 1 38 102 149 25 563 1910 137 206 225 189 9 287 525 623 33 24 43 310 12 369 602 192 27 20 38 13 1 9 41 314 43 23 43 268 16 295 284 232 13 18 8 17 2 8 12 23 0 0 1 17 3 9 8 295 37 11 22 18 1 16 49 414 50 1 16 207 25 89 195 197 10 21 4 26 0 38 48 40 1 0 0 29 0 27 39 16 0 2 2 1 0 3 2 11 3 0 1 15 3 18 34 325 4 7 16 39 2 31 44 39 1 0 0 41 0 21 35 734 54 14 48 46 3 54 199 720 38 6 41 344 20 174 477 623 291 18 331 33 8 43 528 62 18 0 8 18 21 11 172 33 36 0 39 1 0 4 40 18 9 0 13 14 13 7 106 16 13 2 5 1 0 1 6 0 3 0 1 0 2 0 2 45 44 0 14 3 4 2 31 10 19 0 6 3 10 1 44 334 271 18 205 33 11 37 309 18 14 0 8 18 9 19 87 17 16 2 15 2 2 1 33 21 19 2 11 22 36 7 143 471 233 4 115 32 15 14 151 9 2 0 2 14 9 3 31 739 388 13 169 40 26 33 493 223 129 1 39 111 153 36 544 1935 139 201 223 186 8 278 519 600 38 24 43 311 15 359 583 178 33 20 33 12 0 10 41 331 40 19 52 273 15 292 305 228 16 17 9 16 3 8 12 20 1 1 1 22 4 6 12 291 34 11 29 13 2 18 53 406 40 1 21 207 26 90 185 193 10 15 7 34 0 35 54 38 2 0 1 28 1 25 40 19 0 2 1 1 0 5 1 12 2 1 2 12 2 17 30 326 7 12 16 31 3 25 46 42 1 0 0 45 0 19 37 734 48 15 57 50 4 60 199 699 45 9 41 345 22 162 453 610 292 24 335 34 9 35 538 62 19 0 11 20 20 15 160 48 25 0 41 3 3 2 39 18 7 0 12 10 22 4 91 17 13 0 4 2 2 1 11 0 2 0 0 1 1 0 3 40 43 0 12 2 3 3 27 11 18 0 3 3 12 1 47 341 274 18 201 37 8 34 313 17 10 0 6 16 12 16 90 16 17 2 14 2 2 1 38 24 20 4 12 23 29 8 146 479 236 8 100 34 15 17 150 10 6 0 3 15 7 4 32 729 387 10 180 38 22 33 485 245 129 1 38 105 155 36 591 0
1797 154 379 233 138 22 202 322 515 41 50 44 263 22 283 367 190 27 53 42 7 3 18 36 254 45 52 74 155 21 236 302 367 45 32 38 35 4 26 16 33 3 4 2 24 4 10 21 303 53 26 34 16 3 31 42 291 48 17 40 184 32 124 163 154 8 37 17 34 3 38 26 40 4 8 5 45 10 61 49 19 7 8 3 4 2 3 4 25 6 7 9 20 3 47 49 263 19 35 27 50 2 37 42 46 11 1 6 52 2 34 52 376 33 23 44 46 5 51 172 351 49 11 60 286 36 205 441 506 246 36 248 29 19 35 307 81 22 7 18 35 39 13 168 45 67 7 45 6 3 3 34 36 31 6 25 18 25 16 153 49 44 0 20 9 10 3 14 3 5 0 3 4 6 1 8 64 59 1 31 2 7 6 45 19 32 1 11 8 29 9 72 255 172 27 143 40 17 65 230 38 26 7 11 31 30 49 157 21 28 8 31 5 7 0 41 19 26 8 33 31 42 40 299 381 234 17 93 71 40 33 176 28 16 0 10 45 37 14 99 468 331 16 165 52 62 58 441 184 165 21 90 214 306 114 1041 1811 144 380 235 137 20 207 298 524 41 51 46 254 23 288 374 190 27 52 46 11 3 19 40 266 42 54 72 150 25 233 302 368 38 35 35 34 5 22 17 30 4 3 2 21 4 11 18 304 56 27 38 16 5 30 35 292 51 18 43 171 30 130 160 150 14 38 12 31 4 39 25 45 3 8 7 48 10 65 48 23 7 8 1 1 1 2 4 25 5 7 11 22 3 44 48 250 22 30 28 46 5 38 42 44 6 2 7 51 5 35 60 382 35 23 40 45 4 56 171 362 48 19 60 287 36 199 437 494 240 39 240 34 20 38 304 76 26 7 19 30 36 14 181 49 64 5 41 8 3 6 29 36 34 5 23 18 23 15 160 52 43 0 22 9 15 4 13 5 4 0 3 5 6 1 8 52 60 3 31 5 3 5 48 21 28 4 7 11 27 9 75 254 172 25 141 46 16 64 233 38 24 4 12 29 27 54 160 20 29 8 31 5 5 2 42 20 27 5 33 35 41 42 307 380 228 16 98 62 42 32 173 24 13 1 12 47 38 16 95 477 332 11 175 57 56 51 442 199 164 14 88 213 310 106 1033 1824 147 368 229 126 17 191 289 505 39 48 43 242 20 277 344 186 28 57 39 12 2 15 39 257 41 49 68 160 26 228 286 370 45 38 31 36 5 24 17 29 6 2 3 25 5 8 21 318 54 27 41 14 7 28 32 309 54 17 39 173 29 126 155 156 12 44 17 35 3 38 26 46 4 8 11 42 9 65 44 18 8 8 2 1 2 2 4 21 3 5 8 19 3 50 49 266 21 30 27 49 4 36 46 48 6 0 6 60 2 32 50 413 33 27 42 43 3 49 171 378 50 20 60 289 40 206 433 485 253 33 241 32 20 35 271 94 26 6 19 38 35 10 164 45 65 8 46 6 5 7 32 33 33 4 28 20 21 14 152 50 45 0 18 8 12 3 14 4 6 0 4 5 8 1 11 61 52 1 30 7 4 4 53 25 27 6 9 11 24 8 66 262 169 27 142 40 12 63 231 35 23 2 11 33 30 58 150 21 29 8 32 6 6 1 36 26 29 10 36 36 38 35 302 368 225 16 100 68 41 37 177 28 14 0 14 46 38 11 89 496 340 22 167 61 61 54 443 211 171 21 86 219 312 113 1065 0
3797 315 172 341 266 12 315 922 242 6 7 16 258 11 372 506 356 29 8 32 14 1 4 33 286 21 6 26 454 17 195 324 214 4 5 6 8 0 1 7 3 0 0 0 9 0 2 3 418 36 6 5 7 1 12 24 330 14 4 5 239 6 54 70 481 23 10 17 25 1 27 34 11 0 0 1 21 0 15 8 11 0 0 3 0 0 1 1 10 1 2 1 34 1 7 13 565 12 2 11 28 2 7 32 10 1 0 1 19 0 6 11 1332 55 8 38 31 2 18 91 443 5 2 4 300 8 60 120 304 329 4 371 14 6 7 581 6 7 0 1 4 12 6 105 9 17 0 9 0 1 0 11 6 7 0 3 3 7 1 67 8 8 0 2 0 0 0 2 0 0 0 0 0 1 0 1 10 29 0 3 0 2 0 4 4 3 0 0 2 5 1 7 423 589 11 251 16 17 31 280 5 5 0 1 7 11 3 61 17 13 1 7 1 2 0 11 15 16 0 5 15 52 2 92 568 356 1 77 19 5 11 84 2 2 0 1 6 7 1 9 761 423 1 65 10 8 12 151 96 69 0 6 88 100 8 167 3778 308 174 328 258 26 320 912 246 7 4 13 248 9 356 520 367 26 12 33 14 1 3 29 309 19 8 26 452 18 196 306 221 6 5 4 10 0 1 8 5 0 1 0 9 0 3 4 412 41 8 5 6 2 11 23 348 14 1 6 241 6 62 58 492 18 9 15 21 1 27 25 12 0 0 1 24 0 13 9 20 0 1 3 0 0 1 2 9 1 1 1 32 1 5 13 547 14 3 12 27 4 7 29 11 1 0 1 21 0 5 9 1355 55 9 41 36 2 25 101 473 4 2 5 322 10 60 131 290 309 3 336 13 5 8 569 21 10 0 1 6 7 5 121 8 17 0 9 0 1 0 13 6 8 0 4 2 6 2 71 10 11 0 2 0 0 0 1 0 1 0 0 0 1 0 0 13 28 0 2 0 2 0 10 1 2 0 0 1 7 0 6 430 569 14 245 20 18 29 260 6 6 0 1 5 11 2 59 17 20 1 6 1 2 0 8 14 14 0 7 11 47 7 89 570 359 1 68 20 5 12 67 3 2 0 1 6 8 0 11 760 425 2 69 14 12 10 149 92 68 1 11 90 100 6 168 3709 286 174 287 235 20 294 768 228 12 4 12 237 8 351 461 367 27 12 30 11 1 5 29 322 18 8 17 477 17 201 295 246 5 5 9 9 0 5 7 5 0 0 0 7 0 1 2 445 43 7 4 8 1 11 24 388 8 2 5 241 6 69 67 478 18 14 17 22 1 30 27 12 0 0 1 19 0 14 9 25 0 1 4 1 0 0 6 20 1 1 1 36 1 6 11 561 9 4 19 30 0 5 24 14 1 0 1 22 0 5 7 1537 62 11 47 38 4 28 112 500 2 2 6 367 15 75 120 310 281 4 325 10 8 7 454 11 12 0 0 9 10 4 128 9 16 0 11 2 2 0 10 6 7 0 2 4 11 2 80 6 8 0 3 1 0 0 2 0 0 0 0 0 1 0 0 11 27 0 6 0 1 0 8 5 2 0 0 1 5 0 9 432 526 12 225 13 13 31 233 6 5 1 1 7 10 3 50 17 17 1 8 2 2 0 15 18 14 1 9 14 54 5 101 560 331 0 67 22 7 13 81 3 2 0 1 7 10 0 12 790 439 4 73 10 10 9 153 164 85 1 7 108 105 6 190 0
2095 223 368 323 234 13 346 896 496 46 25 38 340 24 488 791 175 34 43 51 21 5 16 41 245 47 32 60 290 24 430 402 275 34 29 20 28 6 13 25 20 1 0 6 33 6 10 7 239 49 12 16 16 1 18 41 259 47 4 26 221 45 94 167 181 19 32 17 32 0 39 41 31 5 2 7 48 2 55 47 7 0 5 2 1 1 1 4 9 3 7 2 22 3 31 30 234 7 12 23 42 1 29 44 26 3 2 5 51 2 19 41 281 19 13 30 33 6 38 121 266 21 10 17 228 27 126 370 478 302 33 421 44 29 44 605 44 22 4 15 13 9 13 193 42 29 1 40 6 7 5 39 12 16 0 23 11 27 6 109 25 34 0 9 3 9 3 12 1 0 1 2 2 6 2 9 30 64 0 18 1 4 7 25 7 27 1 5 9 29 5 64 237 289 31 281 41 28 52 328 14 16 1 10 29 26 22 161 13 18 3 32 5 2 1 29 12 18 3 23 28 68 26 292 335 316 6 99 51 33 22 155 16 8 0 3 22 28 11 54 289 235 4 120 35 32 25 344 81 72 4 34 92 218 41 661 2160 213 370 317 240 17 376 851 517 48 34 37 374 23 478 794 184 35 41 50 22 4 22 43 254 53 40 57 301 26 432 425 280 35 24 25 33 6 11 20 23 1 0 4 31 6 12 6 253 51 13 16 17 1 15 44 258 46 3 32 229 43 92 177 167 18 32 10 35 0 40 36 29 5 1 7 43 1 57 52 13 1 3 2 0 1 1 6 9 1 5 4 23 3 38 30 224 11 12 16 48 1 37 42 27 4 2 6 52 2 17 39 276 20 10 30 32 8 37 126 276 21 7 26 235 31 141 384 462 272 33 382 43 22 49 557 47 19 1 15 15 9 15 203 40 32 1 40 6 5 5 37 11 15 0 22 14 27 7 115 22 39 1 12 1 9 2 9 1 1 1 1 2 7 1 7 34 63 0 20 3 3 7 25 8 28 1 6 8 34 7 70 245 253 25 256 37 26 55 314 18 18 0 8 30 23 24 149 14 21 6 24 3 2 3 26 7 17 4 23 24 61 25 298 305 308 11 94 50 32 19 157 15 6 0 2 24 31 10 57 278 239 5 112 33 33 30 340 75 74 4 30 92 227 40 660 2186 208 388 309 226 17 367 723 501 51 30 40 348 23 447 647 165 34 37 48 17 5 17 51 244 45 31 49 316 26 392 408 309 36 24 18 34 3 15 26 23 2 0 3 28 5 12 8 227 54 18 20 14 5 25 49 258 39 10 25 219 35 104 186 185 18 30 15 33 1 38 39 28 5 3 6 44 2 46 55 13 1 3 4 3 0 1 4 13 1 6 3 22 3 32 25 220 14 14 20 42 3 29 43 28 3 3 6 56 2 20 36 318 21 14 37 31 4 41 114 286 25 9 25 226 30 154 385 485 303 32 373 46 16 47 495 50 23 2 16 16 11 14 225 39 32 0 40 4 8 4 37 11 19 0 22 14 34 7 133 25 36 1 14 1 8 4 11 2 0 1 2 4 8 3 6 37 57 1 19 3 1 5 24 9 27 0 7 8 35 4 69 251 268 32 279 36 29 50 293 19 16 1 9 33 24 20 158 15 21 9 32 3 5 3 35 13 21 2 29 24 73 29 303 294 339 11 123 41 37 29 157 15 5 0 8 25 35 9 54 309 236 5 108 38 37 24 361 107 83 3 42 109 231 50 683 0
2034 172 272 326 150 18 295 559 677 49 27 58 311 19 459 576 148 26 23 43 10 1 24 48 288 34 25 57 210 26 271 395 264 32 19 19 23 6 14 11 18 1 1 0 17 1 11 10 232 49 7 28 10 3 13 59 268 39 11 28 169 20 113 191 159 15 22 13 30 0 43 41 38 8 3 3 36 1 62 57 5 2 3 2 0 0 1 10 13 0 3 3 17 6 26 32 252 17 5 10 48 3 28 57 44 6 0 7 55 4 27 54 440 29 14 59 33 9 36 217 380 31 10 56 268 26 153 520 705 313 19 339 44 16 53 465 51 33 4 14 21 17 9 158 37 37 1 51 4 2 6 54 16 30 1 20 14 27 12 101 32 23 1 11 2 5 3 8 1 0 0 0 1 2 1 3 32 55 2 25 2 4 5 38 12 17 0 10 4 20 8 56 306 255 17 249 43 22 52 328 24 19 2 1 22 25 20 121 15 17 2 20 2 1 3 30 26 18 0 18 23 50 22 218 363 316 6 120 39 23 36 175 13 11 0 4 24 21 6 47 442 334 8 171 30 27 43 536 111 103 5 33 84 171 34 670 2037 182 262 320 147 14 305 560 690 54 25 54 316 19 475 568 158 28 32 40 11 0 22 49 291 34 29 59 235 23 271 405 265 32 17 20 23 5 11 10 20 1 1 0 19 2 13 9 238 43 9 28 11 4 15 61 280 38 11 33 176 24 119 200 155 13 18 13 28 0 46 36 40 7 2 4 38 1 61 57 5 3 5 1 2 0 0 11 15 0 2 3 19 8 29 38 237 12 6 9 51 3 28 61 43 4 0 6 55 4 28 53 435 32 14 59 36 8 32 227 380 30 10 50 268 28 155 520 691 297 18 326 48 16 47 470 46 33 4 14 25 15 11 153 36 32 1 48 4 2 8 53 18 30 3 20 17 28 12 109 31 22 2 8 0 4 3 6 1 0 0 1 1 1 0 2 33 60 1 31 3 4 3 38 9 18 0 6 4 24 8 52 294 254 20 241 41 27 46 323 23 18 2 4 23 28 22 117 16 22 3 15 2 0 3 28 20 21 1 24 26 48 21 213 351 293 4 118 45 22 37 182 12 10 0 3 26 21 3 43 438 318 7 170 33 27 45 520 112 94 4 26 90 172 37 687 2055 172 259 318 155 13 303 561 690 45 20 52 322 22 484 573 149 27 30 51 12 0 22 43 294 31 24 57 224 25 245 395 261 31 20 13 22 7 16 11 21 3 1 0 20 3 13 9 242 46 12 25 18 4 16 62 282 32 6 33 173 25 123 210 137 17 21 13 26 0 44 38 37 6 2 3 32 3 64 56 6 2 6 2 2 0 2 9 15 1 3 3 26 5 31 35 238 14 8 9 51 3 27 62 43 3 0 4 54 4 25 51 429 29 16 57 35 8 37 222 377 32 9 48 274 30 143 533 678 316 20 338 48 14 48 465 48 35 4 12 26 13 14 166 36 30 1 54 5 3 8 54 21 30 1 21 15 35 9 116 28 29 2 6 1 4 3 5 1 1 0 0 2 2 0 3 31 57 3 27 1 5 4 39 12 15 0 7 4 15 6 49 296 271 15 245 45 23 45 333 20 15 2 4 25 22 19 124 15 20 3 21 1 0 3 28 26 16 2 24 20 39 22 192 351 285 5 123 40 26 38 178 10 7 0 4 27 26 3 43 431 308 4 164 36 30 48 535 110 95 3 32 99 184 37 685 0
3187 316 204 397 272 10 296 1081 275 15 8 16 259 12 362 459 212 34 10 25 8 0 11 34 268 12 13 29 395 11 446 307 161 11 6 9 6 0 5 9 4 0 0 1 6 1 2 0 324 29 9 6 11 0 13 36 331 18 2 5 215 3 79 65 227 17 10 17 23 1 30 38 21 1 0 1 18 0 11 19 16 2 1 0 1 0 1 2 11 0 0 0 17 0 10 3 340 11 8 19 22 0 9 34 13 0 0 0 26 2 14 13 1288 47 9 34 45 1 27 119 628 15 6 14 288 12 87 172 366 378 2 520 17 14 12 692 13 7 0 2 5 10 3 99 17 13 0 15 1 1 0 12 7 4 0 10 4 12 2 57 5 14 0 2 1 0 0 3 0 0 0 1 0 1 0 0 17 35 0 9 0 1 1 3 4 4 0 1 1 4 0 11 303 482 5 338 16 22 40 445 10 6 0 1 7 10 2 86 3 20 1 13 0 1 1 10 11 9 0 6 14 52 7 117 443 284 4 105 18 12 7 95 7 2 0 2 9 10 0 13 836 375 1 115 26 17 17 209 188 95 2 15 59 102 17 216 3253 314 206 406 280 19 309 1168 273 13 9 16 282 18 371 526 198 32 10 29 7 0 11 29 251 15 11 35 392 15 451 312 160 9 4 6 7 0 1 13 6 0 0 1 8 0 3 1 326 32 6 9 16 0 13 35 306 21 1 5 200 3 75 64 211 12 9 15 27 2 27 38 17 1 1 0 19 0 16 15 16 0 0 2 2 0 1 2 17 1 0 1 16 1 12 5 351 10 9 15 26 2 6 34 12 0 0 1 26 1 21 13 1130 38 17 37 40 4 25 132 594 17 3 16 249 15 89 170 352 376 6 549 14 11 21 700 16 9 0 5 9 12 1 119 14 18 0 20 1 0 1 12 10 5 0 9 6 15 1 61 8 13 0 3 0 0 0 3 0 0 0 0 0 1 0 1 15 37 0 11 0 0 1 9 3 5 0 0 2 1 1 10 286 475 7 339 18 18 38 446 8 7 0 0 7 12 3 95 10 13 0 10 1 1 1 9 8 10 0 5 11 57 9 127 404 293 2 102 21 9 8 102 9 3 0 2 6 6 0 16 779 351 3 106 18 27 16 208 187 95 2 14 70 102 20 214 3240 311 249 394 300 23 379 1140 297 14 9 17 290 23 333 555 200 35 12 23 13 1 14 31 248 14 18 30 417 16 443 350 157 8 10 12 8 1 4 15 7 1 0 0 14 0 4 4 323 29 7 8 13 1 16 38 345 18 4 5 239 4 100 78 182 18 6 14 25 1 28 42 19 1 0 0 19 0 13 14 12 0 1 1 0 0 2 3 15 0 1 0 20 1 7 12 307 9 11 15 20 4 9 33 11 0 0 0 24 0 13 16 1009 41 12 28 41 2 27 121 578 8 3 15 296 15 98 191 344 376 8 515 22 18 12 649 22 7 0 7 7 14 7 152 10 19 0 18 0 1 1 14 7 2 0 19 6 12 5 80 9 12 0 4 0 0 0 5 0 0 0 1 0 2 0 2 18 31 0 13 0 2 1 10 2 7 0 1 3 8 2 17 274 490 9 351 18 25 38 454 7 9 0 1 8 14 4 98 5 18 0 12 1 1 1 13 13 16 0 4 14 51 10 132 356 265 5 118 18 13 11 109 6 6 0 0 7 12 2 19 658 313 1 93 23 17 13 198 184 68 0 19 80 111 20 238 0
3001 269 230 380 301 24 434 1050 309 14 12 9 366 12 490 748 225 43 12 30 23 2 11 37 331 28 11 41 614 23 568 394 213 16 17 6 10 4 4 9 4 1 0 0 7 3 3 4 330 17 7 11 10 0 13 28 426 18 6 9 328 13 129 91 207 20 8 14 46 1 37 38 14 1 0 0 24 0 16 11 10 0 0 1 0 0 0 0 6 2 1 1 16 1 18 12 288 10 4 15 30 2 10 24 16 1 0 2 31 3 7 11 727 33 9 24 40 4 29 100 509 11 0 9 364 8 111 192 298 349 4 407 16 10 13 569 12 7 0 3 11 19 11 153 16 28 0 19 1 1 0 14 15 8 0 5 8 13 4 74 5 10 1 5 0 0 0 6 0 0 0 0 0 1 0 1 16 37 0 16 2 1 0 12 8 7 0 2 2 9 2 12 300 550 5 352 23 20 36 304 11 6 1 2 8 15 9 76 11 18 2 9 1 0 1 12 9 20 2 17 11 59 8 132 317 425 2 119 15 16 4 98 5 0 0 1 11 8 0 11 484 273 1 81 12 12 13 185 115 55 0 16 68 129 20 227 3006 292 254 403 319 36 452 1061 306 16 13 12 370 15 510 793 227 38 13 28 21 2 15 40 305 26 13 39 606 28 595 413 206 12 12 10 6 4 5 7 5 1 0 0 11 2 2 5 316 19 2 11 12 0 13 29 409 22 2 10 319 8 113 96 186 18 9 14 46 1 40 39 15 0 1 0 21 1 17 14 13 0 0 2 0 0 0 2 6 0 1 3 17 0 18 11 279 9 2 15 30 2 12 23 14 1 0 2 35 2 7 12 643 34 6 26 39 3 24 108 512 7 1 9 346 6 101 180 291 348 8 442 18 10 15 610 13 7 0 2 14 22 5 173 15 35 0 17 2 0 1 16 9 5 0 7 12 18 4 80 7 10 0 4 0 0 0 6 0 0 0 0 0 1 0 0 14 30 0 11 1 1 0 14 5 8 0 2 1 11 2 21 271 564 6 367 25 28 38 316 8 4 1 5 8 21 8 79 6 17 1 9 1 1 0 14 10 15 1 15 8 55 9 144 298 403 2 113 15 14 6 99 7 0 0 1 11 5 0 9 458 259 4 73 13 12 12 175 110 56 0 16 53 122 11 223 2907 275 265 415 320 48 495 1088 282 14 14 14 371 21 519 805 224 37 13 24 22 4 11 43 310 29 7 32 677 29 603 428 194 14 12 10 8 4 10 7 2 1 0 0 10 1 2 4 303 17 5 11 15 1 17 30 402 16 6 6 354 5 130 110 178 15 13 13 37 2 35 37 12 1 0 0 19 0 20 15 16 1 0 0 1 0 0 0 6 0 0 3 18 1 12 14 260 3 7 15 27 2 11 24 11 0 0 2 29 3 4 8 636 28 7 18 42 4 25 100 518 5 2 9 360 6 103 191 251 344 9 425 16 13 15 592 16 12 2 5 14 24 3 216 14 25 0 16 1 0 0 13 6 7 0 6 10 22 3 98 9 9 0 3 0 1 1 3 0 1 0 0 0 1 0 1 16 35 0 9 1 1 1 13 6 7 0 3 3 9 0 18 260 545 11 393 24 28 37 299 8 6 0 1 5 20 8 98 6 17 1 8 1 1 0 16 14 16 1 15 6 70 8 136 289 395 3 115 15 16 5 95 7 2 0 2 14 6 2 13 442 254 1 57 12 11 6 164 120 58 1 17 57 117 17 221 0
2132 207 290 359 178 16 297 604 467 38 21 35 309 13 378 498 238 28 20 42 8 1 8 33 352 38 25 52 364 12 262 359 304 19 13 8 18 1 9 9 16 0 0 0 14 1 5 4 352 46 18 22 11 2 8 26 461 33 8 22 290 17 125 130 219 5 12 13 35 1 43 40 34 1 2 2 32 0 39 31 13 0 1 2 3 0 2 5 10 0 3 0 21 2 17 29 348 10 13 12 41 3 25 36 33 2 0 1 49 1 20 27 758 31 12 40 42 5 35 127 544 32 3 32 386 22 160 320 432 318 17 393 33 19 41 530 37 15 2 8 26 19 6 190 35 39 1 34 1 1 0 27 11 21 1 12 8 18 4 111 14 18 0 7 1 3 4 6 0 0 0 0 1 0 0 1 38 48 0 18 2 3 1 29 6 9 1 3 3 14 5 33 342 340 17 233 25 18 44 329 13 9 0 1 18 21 22 115 15 24 1 15 0 4 1 27 26 29 1 17 23 46 13 170 454 265 6 108 37 29 24 140 8 3 0 0 23 17 5 39 536 369 5 160 34 27 20 346 169 113 2 38 136 181 35 475 2196 223 290 346 174 16 280 555 474 37 19 42 297 13 374 451 242 31 15 45 6 0 10 26 370 43 23 52 361 12 257 327 296 21 12 9 20 1 9 7 12 0 0 2 16 1 5 3 349 49 17 20 10 3 7 27 445 38 7 17 288 14 116 139 223 6 17 11 35 2 42 38 33 1 2 2 32 0 45 31 12 0 0 3 2 0 2 4 8 1 3 0 25 2 21 24 358 12 17 15 44 1 24 38 40 1 0 1 51 1 18 25 746 40 14 37 42 6 31 141 558 35 3 33 376 23 154 338 447 334 14 397 33 12 46 474 33 21 1 7 20 17 6 153 36 41 0 39 0 0 0 27 9 17 1 12 9 22 4 100 16 19 0 9 2 3 3 5 1 0 0 0 1 2 0 1 37 52 0 17 1 3 2 36 6 9 1 4 1 14 4 27 365 359 17 237 23 20 52 324 13 10 0 4 18 21 26 115 13 27 1 18 1 5 3 25 27 29 1 17 21 50 10 162 466 272 7 108 41 27 24 143 12 4 0 1 24 16 5 37 530 390 6 156 29 29 18 378 164 124 2 40 133 177 37 465 2208 208 281 325 150 12 275 517 472 35 21 25 282 12 335 373 247 33 17 47 10 1 9 29 366 45 24 50 352 11 241 306 314 18 16 11 21 1 9 8 12 0 0 1 13 1 7 2 357 50 14 21 12 3 14 27 456 37 7 21 295 15 117 128 227 3 19 12 39 2 42 34 31 1 2 3 37 1 33 34 13 1 0 2 1 0 3 2 11 0 3 0 27 2 21 26 381 16 16 14 48 0 25 39 36 1 0 1 49 1 21 26 810 37 20 39 39 5 36 145 582 33 3 28 395 26 170 323 470 331 10 361 35 12 32 409 36 19 2 8 21 15 5 139 40 39 1 40 1 0 1 21 16 20 1 18 5 17 5 102 18 21 1 7 2 3 3 4 0 1 0 0 0 0 0 2 31 56 0 18 2 3 1 25 7 9 1 4 0 13 6 26 365 359 18 238 25 21 47 326 14 7 0 1 17 22 21 112 13 28 1 16 0 5 0 25 29 31 1 20 24 46 17 165 481 291 7 108 42 24 23 143 9 3 0 1 26 19 6 36 562 421 9 154 33 28 23 368 205 131 3 40 142 198 39 495 0
2090 200 253 409 214 10 362 964 210 12 7 16 366 16 596 629 179 24 10 26 6 1 10 35 320 20 11 21 713 27 565 405 240 15 12 16 6 0 8 7 9 0 0 0 17 0 6 2 328 24 4 11 10 2 12 24 565 19 2 9 553 19 127 90 159 11 8 14 18 1 26 32 9 0 0 0 32 2 11 17 8 0 1 1 1 1 0 1 6 1 0 0 30 4 15 14 281 4 5 11 25 1 8 19 13 1 0 1 28 0 2 7 665 19 3 8 18 1 17 72 458 9 3 8 366 8 86 135 229 365 11 686 16 13 16 768 9 8 0 8 6 13 2 188 10 23 0 24 0 0 1 24 6 11 0 7 3 24 2 105 5 17 0 6 0 0 0 3 0 1 0 0 0 1 0 1 11 25 0 3 3 0 1 10 5 9 0 1 3 8 0 16 282 724 9 572 15 38 35 462 9 7 0 2 7 18 11 121 10 29 0 18 0 3 1 12 10 19 0 13 17 66 13 132 464 550 2 137 25 15 6 93 2 1 0 1 7 14 0 13 382 322 1 87 11 13 4 128 118 108 1 15 88 147 5 213 2054 206 243 401 204 8 391 918 212 15 10 16 359 16 618 634 179 17 11 23 7 1 12 33 322 19 16 25 739 27 591 402 237 15 11 14 13 2 7 5 9 0 0 0 14 0 8 1 345 17 4 11 16 2 15 21 561 20 2 10 601 20 147 104 150 13 8 15 24 1 22 29 9 1 0 0 36 2 18 16 14 0 1 1 1 1 1 2 7 1 0 0 29 3 15 15 292 4 9 11 17 1 9 22 12 1 0 1 31 1 5 7 686 18 1 12 19 0 21 55 501 10 2 8 370 13 85 129 216 350 8 644 19 16 12 742 12 8 0 5 6 9 3 177 12 28 1 20 0 0 1 24 7 12 0 8 5 21 2 117 7 17 0 5 0 0 0 2 0 0 0 1 0 1 0 1 13 30 0 6 2 0 2 10 6 8 0 2 2 7 2 11 283 705 5 545 25 35 36 434 11 3 0 0 7 23 13 117 12 28 0 18 1 3 1 14 11 24 0 12 19 66 12 122 439 536 5 129 21 15 8 90 3 3 0 1 10 14 0 15 400 308 1 82 11 15 5 138 124 97 2 19 89 149 9 212 2089 195 265 371 185 13 319 707 250 18 13 10 293 13 506 482 177 17 11 26 12 1 16 29 338 17 15 21 655 25 478 337 280 22 16 18 16 0 16 5 10 0 0 1 20 0 7 1 348 22 6 14 18 2 14 27 489 18 8 10 489 17 132 99 182 13 10 23 20 1 21 41 6 2 1 1 29 1 17 14 19 1 2 1 2 2 2 4 19 1 1 0 30 3 15 9 319 13 12 14 21 1 14 24 15 1 0 0 21 1 6 6 691 29 9 22 27 4 18 44 445 9 5 14 360 21 112 148 229 363 17 593 16 20 12 598 15 7 0 11 13 12 9 194 11 24 0 29 1 0 0 19 17 12 1 12 10 20 3 112 11 16 0 7 2 0 0 8 0 0 0 0 0 2 1 0 9 24 0 9 3 1 1 7 13 9 0 2 2 7 2 26 340 781 17 624 18 41 34 446 14 13 0 4 10 27 16 112 22 21 1 14 1 3 0 20 28 24 1 18 18 67 11 151 513 604 10 183 13 20 8 100 6 3 1 1 13 14 2 26 397 404 2 116 18 21 5 144 174 128 0 27 109 168 6 281 0
2283 199 267 279 169 15 310 599 393 16 11 21 327 9 391 457 277 29 20 33 8 1 8 37 415 39 21 31 437 26 282 330 295 17 18 12 15 2 9 13 5 0 1 0 13 1 5 4 440 36 11 12 12 2 16 31 479 27 8 16 330 14 98 111 247 10 8 11 39 3 32 33 22 2 0 0 27 1 36 21 12 2 2 3 3 0 2 1 14 0 0 1 25 3 23 21 393 5 9 14 35 1 12 31 26 1 0 1 43 0 9 10 936 33 10 35 42 3 39 157 627 19 3 19 410 22 145 274 410 331 6 372 19 12 21 452 33 21 0 6 13 15 7 164 24 29 0 25 1 0 3 20 13 18 1 11 12 23 3 95 11 21 0 6 0 0 0 7 1 1 0 1 1 2 0 2 27 39 0 16 3 2 0 13 9 8 0 3 3 9 2 14 351 452 22 264 29 12 40 307 10 10 1 4 16 16 14 98 14 24 0 13 3 0 1 23 22 18 0 12 18 62 13 150 474 347 3 104 34 20 11 124 10 4 1 0 15 12 1 27 678 395 2 134 21 20 23 269 182 108 3 14 129 190 31 377 2307 205 264 288 174 14 290 572 400 18 7 20 315 7 397 450 272 32 19 29 9 1 13 38 401 37 18 29 423 25 282 324 299 17 11 10 11 1 12 14 8 1 1 2 12 1 6 2 432 34 10 15 12 1 14 29 480 29 8 15 310 15 103 109 250 9 13 9 38 2 32 33 27 2 0 0 25 1 39 24 18 3 1 2 2 0 2 1 15 0 2 2 24 2 23 17 403 6 11 16 40 1 11 31 24 0 0 1 47 0 10 11 947 32 12 38 40 2 36 149 639 23 6 15 423 21 133 270 404 340 9 382 16 15 19 458 35 14 0 8 14 16 5 150 25 23 1 25 1 0 3 20 14 24 1 8 11 25 4 87 11 18 0 5 0 0 0 3 1 1 0 0 1 3 0 2 24 42 0 14 3 2 1 14 9 10 0 3 1 6 2 17 356 460 23 258 32 16 40 308 9 9 1 7 17 16 15 100 18 26 0 12 2 0 1 18 22 17 0 14 15 62 16 158 475 347 6 103 32 21 12 120 10 4 1 0 13 14 2 26 660 412 3 142 20 21 24 283 193 115 2 15 130 190 24 366 2317 206 255 284 170 11 293 563 380 21 9 18 314 7 387 445 278 30 22 33 10 1 14 37 406 36 20 34 439 25 277 320 296 19 15 12 12 2 12 9 6 1 1 1 12 1 6 2 433 33 9 11 12 2 16 31 480 28 7 13 318 14 102 114 248 7 11 9 36 3 31 38 25 2 1 0 27 1 37 24 15 2 1 2 2 0 2 2 21 0 0 1 26 2 24 16 404 7 10 14 36 1 9 33 31 1 0 1 44 0 6 11 960 36 8 39 33 2 38 152 603 18 2 20 414 23 134 264 404 341 12 382 13 13 22 438 33 15 0 5 14 15 4 135 24 24 0 23 1 0 3 19 13 20 1 12 12 25 2 91 11 18 0 7 0 0 0 5 1 1 0 0 1 4 0 2 22 46 0 15 3 1 0 17 7 10 0 4 0 8 3 13 361 464 20 260 30 13 39 311 11 8 1 5 18 14 15 98 18 30 1 15 2 0 1 21 17 21 1 10 19 60 12 158 496 351 4 100 36 19 14 121 8 5 1 0 16 11 1 29 677 405 4 136 19 21 24 285 221 124 2 13 137 197 30 366 0
1896 208 181 318 190 7 337 898 371 13 7 19 289 9 394 665 171 25 7 41 14 0 11 37 307 19 7 23 310 17 249 326 182 6 16 3 9 0 6 8 7 1 0 2 9 0 6 4 315 26 3 24 14 0 17 33 480 22 7 15 334 7 101 119 215 12 10 14 17 1 24 25 27 1 0 2 20 2 19 13 11 0 0 1 2 0 0 1 16 2 1 1 13 1 6 17 362 11 10 21 35 0 14 33 37 0 0 1 19 0 12 9 1133 48 6 47 53 2 38 133 1147 45 6 30 400 20 107 237 430 294 15 502 20 9 25 983 22 12 1 5 6 12 6 162 21 22 0 20 1 0 0 38 13 8 0 8 2 14 0 83 8 15 0 1 1 0 0 3 0 0 0 0 0 1 0 1 26 26 0 9 2 2 2 17 4 7 0 3 2 6 0 22 357 352 9 295 23 24 25 378 5 6 1 2 13 11 9 92 15 17 1 15 1 1 1 21 13 17 1 9 15 20 6 101 435 248 2 110 17 9 9 112 7 2 0 2 9 6 1 16 938 386 4 143 18 15 15 260 177 114 3 19 78 101 16 252 1868 197 172 307 189 8 336 891 380 12 6 17 303 6 397 659 184 25 8 38 14 1 12 28 328 20 8 25 347 16 244 340 181 7 13 8 11 0 6 6 7 0 0 2 7 1 4 4 324 25 5 25 13 0 17 31 501 21 9 18 346 10 109 112 215 9 9 10 20 1 19 33 24 0 0 2 23 3 19 14 12 2 0 2 2 0 2 0 21 0 1 2 13 2 8 15 370 14 10 18 35 1 14 31 43 1 0 0 19 0 12 8 1191 47 10 52 53 3 30 130 1169 48 9 28 412 22 121 239 393 274 13 477 21 7 23 957 21 16 1 5 6 6 6 162 15 20 0 24 2 0 1 39 16 11 0 5 1 12 0 83 9 10 0 2 0 0 0 3 0 2 0 0 0 0 0 0 26 30 0 14 1 0 3 14 8 6 0 3 2 6 1 24 370 323 9 266 24 16 31 355 8 6 1 4 12 7 12 82 21 13 0 14 1 1 0 19 17 14 0 6 13 28 5 102 450 249 4 99 21 7 8 96 7 3 0 0 6 4 1 17 933 383 6 126 20 18 15 260 188 105 3 24 81 101 11 265 1912 171 163 299 164 6 340 893 385 16 7 19 285 11 371 590 171 22 10 33 15 1 7 39 322 21 7 27 296 12 226 333 178 9 18 8 13 0 9 8 5 0 0 1 11 0 8 6 347 24 6 25 9 2 17 36 487 16 8 14 321 11 98 135 215 10 11 13 22 0 24 30 20 1 0 1 16 4 22 12 14 2 0 1 0 0 1 4 19 0 1 1 15 0 7 15 362 13 12 17 32 0 12 33 37 1 0 1 21 0 9 10 1220 46 14 50 49 4 36 142 1137 51 10 24 422 19 105 245 393 288 12 449 22 11 28 921 27 15 1 6 5 12 3 181 17 20 1 20 0 0 0 40 20 13 0 4 6 11 3 95 8 12 1 2 0 0 0 3 1 1 0 0 0 0 0 0 27 27 1 17 2 1 2 17 6 7 0 3 1 7 0 22 378 308 12 281 21 17 25 362 12 8 1 4 13 9 8 83 24 21 0 9 1 0 0 28 17 9 0 7 8 28 6 104 450 248 7 112 19 9 10 106 7 2 0 3 7 6 3 23 928 410 8 145 22 21 9 269 238 117 4 23 90 99 14 280 0
1913 174 292 293 182 14 314 513 386 27 23 23 325 12 389 469 235 29 27 33 14 2 9 31 374 43 22 48 434 24 266 363 343 24 19 9 20 1 13 16 14 4 0 0 22 1 8 8 385 37 22 17 16 2 20 32 490 43 7 25 358 16 120 145 193 8 22 10 39 0 36 39 27 0 1 0 39 1 33 19 11 1 2 2 1 1 2 3 21 1 1 2 31 3 22 19 373 12 15 19 48 0 33 28 22 0 2 1 52 0 25 12 686 42 12 32 38 3 34 93 558 31 9 18 440 22 153 268 396 316 21 386 26 14 30 475 21 22 0 12 15 26 6 211 28 38 1 32 4 2 2 19 16 14 0 14 9 25 6 116 15 21 0 5 0 0 1 3 3 2 0 0 0 2 0 1 26 47 0 15 3 3 0 22 9 17 0 7 5 21 1 40 374 455 16 310 36 20 45 325 15 7 2 6 23 24 15 118 18 17 2 29 0 1 1 25 24 24 1 14 24 84 16 207 472 345 7 126 36 20 20 141 4 5 0 1 15 10 2 28 506 370 6 157 32 20 22 258 183 164 5 29 145 216 32 466 1909 172 291 294 173 9 317 470 392 24 22 23 307 16 389 444 235 31 26 30 18 3 10 37 386 41 19 48 452 23 256 374 348 19 21 10 17 1 14 13 19 1 0 0 24 1 5 6 376 38 23 15 15 0 18 23 485 41 6 23 368 19 123 148 195 10 17 10 38 1 33 41 31 0 1 0 42 1 30 23 14 1 1 3 3 0 1 5 21 0 0 2 29 3 22 16 390 16 16 15 47 0 36 30 22 0 3 2 48 0 27 11 707 42 15 37 39 3 35 95 596 32 11 18 451 24 150 268 410 318 18 382 29 13 31 448 22 19 1 10 12 22 10 183 29 37 0 32 3 2 1 18 19 15 0 15 9 25 7 104 13 16 1 5 0 0 0 3 3 2 0 0 0 1 0 1 21 47 0 17 2 2 0 22 7 19 0 6 7 22 1 35 368 461 20 317 37 16 50 323 21 10 1 3 21 25 14 116 18 20 4 24 0 1 1 26 23 27 0 16 23 86 22 195 463 326 8 132 37 18 19 137 5 6 0 2 14 12 2 26 547 374 6 161 33 22 20 268 191 153 4 38 140 217 26 470 1906 156 283 276 171 15 303 443 394 21 25 22 298 12 363 414 222 30 27 25 17 2 8 27 359 37 17 50 425 19 266 350 369 20 20 10 16 2 10 12 17 2 1 0 25 1 5 6 399 31 24 21 12 0 18 27 494 45 10 23 345 15 129 131 198 12 18 11 36 0 33 39 26 2 1 0 36 1 29 22 18 2 3 1 2 0 1 2 26 0 0 1 33 3 21 16 399 15 14 17 48 0 36 32 21 1 3 3 46 0 26 10 771 41 17 37 38 4 41 102 586 28 11 20 462 31 151 253 392 316 20 362 28 13 21 409 37 18 1 11 12 23 6 171 27 33 1 34 3 3 1 18 19 17 0 10 10 30 8 111 15 19 0 6 0 1 1 3 3 3 0 0 1 1 0 3 18 45 0 16 2 2 1 16 8 17 0 6 5 19 2 43 375 484 21 314 36 16 50 311 19 12 1 3 29 24 12 123 24 25 3 33 0 1 1 23 28 24 1 19 23 80 17 199 479 352 8 128 34 24 17 121 6 4 0 4 12 11 2 27 582 379 3 166 29 28 18 278 246 175 7 33 162 230 31 476 0
2254 252 385 310 174 25 271 413 403 32 31 50 255 21 318 378 136 35 25 50 10 3 15 33 228 40 25 55 292 29 274 323 376 34 48 26 29 6 18 24 20 3 1 0 39 5 16 20 271 35 18 24 23 3 17 43 267 37 16 22 273 27 136 144 197 15 46 20 24 2 38 38 26 0 3 3 37 4 37 35 21 1 4 3 2 0 6 5 23 2 4 5 24 2 49 38 254 18 30 21 36 6 20 39 32 5 2 6 46 2 32 28 330 30 21 33 27 5 26 89 289 28 11 27 257 32 142 307 437 288 25 388 39 18 37 448 50 26 3 12 29 25 16 168 34 36 2 32 3 3 3 28 20 32 1 19 15 26 18 170 25 33 0 14 3 4 5 13 6 4 0 0 5 6 1 14 32 37 0 23 9 3 2 38 15 25 1 2 9 29 5 80 267 565 36 455 42 30 44 364 20 18 2 12 23 33 27 157 14 32 4 31 3 2 4 42 12 34 5 30 33 84 33 315 337 354 14 139 40 34 29 174 14 12 1 3 21 32 12 65 310 315 15 126 34 35 32 288 132 144 6 60 151 321 95 781 2410 257 400 313 187 25 270 416 414 34 29 54 242 28 324 356 152 29 28 53 7 3 18 35 220 38 28 56 252 24 260 324 368 39 53 22 34 5 21 25 25 3 1 1 41 8 14 21 268 43 16 26 23 4 20 37 258 34 17 22 214 25 117 148 198 10 42 23 25 2 40 38 32 2 1 8 34 2 45 41 20 2 8 1 1 0 4 3 19 4 5 5 21 6 42 36 265 22 25 23 38 6 17 39 32 6 2 6 48 4 34 30 293 29 19 32 29 7 23 100 269 37 12 29 241 31 144 313 474 284 28 360 40 20 35 439 55 23 5 17 25 24 19 169 44 29 4 37 5 3 2 28 15 30 2 22 17 30 16 166 31 26 1 17 4 1 5 10 5 3 1 0 5 5 2 11 29 40 0 27 9 7 3 39 10 26 1 3 9 34 5 82 269 482 41 395 45 31 47 362 19 15 4 10 21 30 28 149 13 35 4 26 3 2 5 44 12 33 7 36 30 99 31 345 326 352 12 143 43 32 26 166 15 11 0 2 20 37 10 71 313 314 14 131 31 41 38 300 125 139 8 58 141 338 86 806 2415 228 403 303 184 26 285 423 408 37 31 52 257 22 341 359 151 25 26 42 11 4 16 32 230 45 37 51 322 34 290 333 369 33 52 23 32 5 19 24 21 4 0 0 47 7 16 22 276 35 22 30 19 2 21 44 256 32 13 21 248 35 118 154 199 14 40 18 26 1 42 35 30 6 3 5 44 4 34 40 15 0 0 3 2 0 6 6 23 3 8 6 31 3 45 43 251 16 34 18 37 4 27 36 34 3 3 5 46 3 34 25 302 31 22 30 28 9 29 103 277 36 12 31 257 30 139 337 455 264 23 353 38 20 43 385 52 21 3 10 27 20 22 179 40 30 1 36 3 4 3 34 22 31 0 18 25 23 16 180 30 29 0 21 5 2 6 13 6 5 0 0 5 5 1 15 28 32 0 23 7 6 3 33 11 29 1 5 10 36 8 89 242 475 29 362 46 31 40 325 23 15 3 16 24 35 30 144 13 39 4 31 1 5 2 35 12 33 6 29 31 97 38 328 336 341 11 134 41 39 19 160 12 10 1 3 26 31 15 71 283 295 17 121 36 39 34 301 130 137 7 67 139 328 101 823 0
2774 199 156 254 220 15 272 856 207 6 2 7 226 11 232 386 339 23 10 12 9 1 9 23 322 22 3 17 449 14 161 204 162 5 2 4 5 1 6 2 3 0 0 0 5 0 1 1 427 10 3 0 5 3 13 21 429 12 5 5 227 5 50 51 257 10 4 4 28 2 17 19 6 1 0 1 17 0 7 4 13 1 1 1 1 0 1 0 12 1 1 1 20 1 4 13 340 4 3 9 18 0 3 20 18 0 0 0 18 0 4 3 1101 23 4 20 35 0 22 93 641 8 0 10 294 6 66 108 202 217 2 211 6 8 8 374 9 3 0 0 7 6 3 103 15 30 0 4 0 1 1 4 2 5 0 1 6 12 3 46 1 8 0 0 0 0 0 1 0 0 0 0 0 1 0 0 11 19 0 5 0 1 0 8 0 0 0 1 1 3 0 2 237 316 8 133 13 13 18 185 5 3 0 1 4 10 1 28 14 15 0 4 1 3 1 8 10 17 0 2 15 39 2 73 247 151 0 25 13 2 7 51 5 2 0 1 1 3 0 4 387 184 3 33 4 6 6 99 95 62 0 5 74 80 2 123 2759 205 155 260 224 9 248 803 204 7 4 10 227 11 229 348 335 24 10 12 12 1 8 20 319 21 5 16 420 12 152 200 165 5 2 4 7 1 5 3 4 0 0 0 5 0 1 0 414 12 5 1 6 1 9 19 406 13 4 2 217 5 51 47 272 11 6 6 27 0 20 16 4 1 0 1 17 0 8 5 20 1 1 1 1 0 0 1 13 1 1 1 22 1 3 9 371 6 4 8 20 0 1 17 20 1 0 0 16 0 7 6 1173 24 5 20 29 1 21 79 646 8 0 8 266 7 63 107 200 217 6 216 5 8 8 343 4 3 0 0 4 11 0 98 11 28 0 3 0 1 1 8 3 4 0 1 2 9 1 37 0 8 0 0 0 0 0 0 0 0 0 0 0 0 0 0 10 22 0 7 0 1 0 10 3 2 0 1 3 2 0 5 259 347 7 134 12 18 20 187 5 2 0 1 3 13 2 33 17 17 0 4 1 3 0 6 8 17 0 3 14 35 3 73 279 165 1 26 14 2 6 52 3 2 0 1 3 2 1 4 409 204 4 41 4 6 7 89 116 68 0 6 67 77 6 125 2893 200 190 251 222 8 254 668 207 8 7 10 216 16 207 252 329 20 14 16 10 2 13 19 329 22 5 19 419 12 142 191 194 7 7 7 6 3 6 6 3 0 0 0 6 0 3 1 413 15 3 0 7 2 7 16 383 14 4 3 199 5 52 53 283 16 6 9 27 1 22 19 11 2 0 0 17 0 9 3 26 2 3 1 0 1 2 1 12 2 0 0 21 2 4 15 385 5 4 13 18 2 3 17 16 0 0 0 14 0 5 1 1115 26 6 22 33 1 19 69 576 11 3 9 283 8 74 107 220 222 5 181 4 9 5 249 8 6 0 2 2 14 1 90 14 29 0 8 0 1 1 5 1 7 1 1 4 16 0 54 4 9 0 2 1 1 0 1 0 0 0 0 0 0 0 0 12 20 0 4 0 0 1 8 4 0 0 1 2 1 0 4 272 358 7 143 11 16 13 180 4 4 0 2 5 11 4 50 21 21 0 9 1 5 0 6 11 19 1 3 16 37 1 92 283 176 0 35 14 5 5 61 5 2 0 0 5 1 0 7 382 225 5 46 8 8 9 102 127 74 0 14 65 99 5 144 0
3877 304 186 428 313 21 368 957 273 10 3 12 364 8 405 473 377 21 6 21 24 1 7 31 365 20 9 20 576 26 258 269 219 5 5 9 5 0 4 6 6 0 0 1 8 0 3 0 404 18 2 7 9 0 6 13 424 11 1 13 278 9 74 57 438 21 8 8 23 2 14 32 11 0 0 0 23 2 16 9 21 0 1 1 0 0 1 1 11 0 0 0 20 2 6 7 514 14 6 7 22 2 5 13 10 0 0 1 22 0 4 7 1338 32 4 23 32 1 27 114 467 7 2 9 261 7 63 137 276 325 2 369 9 8 6 413 9 5 0 2 6 17 1 75 18 17 0 7 0 0 0 5 2 8 0 6 2 12 1 62 6 9 0 2 0 0 0 0 0 0 0 0 0 0 0 1 10 27 0 4 0 0 0 5 0 9 0 1 1 7 1 8 412 702 8 262 14 32 27 291 4 4 0 2 9 20 4 76 16 29 1 9 0 1 0 6 17 18 3 8 12 62 7 81 425 325 3 50 14 7 2 73 2 1 0 0 4 6 0 5 611 322 1 70 11 14 8 129 86 76 2 10 54 99 4 140 3938 302 174 414 303 15 365 919 260 10 3 10 355 8 416 483 378 23 8 22 26 1 7 28 378 20 8 18 581 27 256 266 231 6 4 4 2 0 3 6 6 0 0 0 8 0 5 0 414 20 3 5 13 0 4 14 431 17 2 9 296 5 73 60 443 19 7 9 23 1 14 29 11 0 0 0 20 2 14 11 20 0 0 0 1 0 0 1 13 0 0 0 23 2 6 7 510 15 6 6 24 1 4 11 13 0 0 1 23 0 7 8 1376 28 5 22 32 1 26 111 478 10 2 10 284 6 58 132 268 306 2 357 10 9 8 406 6 4 0 1 6 13 1 65 16 21 1 8 0 0 0 7 5 10 0 6 3 12 1 49 6 8 0 2 0 0 0 0 0 0 0 0 0 0 0 1 11 24 1 4 0 0 0 4 1 9 0 0 1 7 2 7 402 674 7 256 17 29 27 262 6 4 0 0 8 20 3 72 17 27 1 8 0 1 0 6 14 17 2 7 13 60 6 92 432 323 2 51 15 5 4 69 2 1 0 0 3 5 0 8 639 332 1 60 9 14 12 125 92 73 2 11 60 105 8 145 3895 272 180 377 286 12 343 799 272 7 5 11 330 7 359 401 375 29 7 22 19 1 7 33 412 20 8 17 568 28 247 250 242 8 6 5 2 0 4 11 8 0 0 0 9 0 6 4 446 22 1 7 17 1 7 14 427 15 2 8 295 5 71 56 429 21 9 9 23 1 13 29 11 1 0 0 24 1 17 9 29 0 0 2 2 0 0 5 12 0 0 1 33 3 7 8 529 16 6 9 21 0 2 9 13 0 0 1 24 0 5 6 1504 32 9 25 38 9 31 107 530 8 1 9 316 15 81 136 280 296 2 334 8 9 5 334 6 6 0 4 6 14 5 79 19 16 0 8 0 0 0 5 9 6 0 7 3 13 1 61 6 9 0 2 0 0 0 2 1 0 0 0 0 0 0 0 10 29 0 6 0 0 0 1 0 11 0 0 2 3 1 5 426 643 7 234 16 29 29 262 9 4 0 1 9 16 2 65 17 26 1 11 1 2 0 5 17 20 2 7 12 64 7 83 422 320 0 59 11 4 4 71 4 2 0 0 5 5 0 4 682 351 3 73 11 14 14 121 135 73 3 12 78 116 7 160 0
1951 166 306 271 133 17 297 487 631 45 29 47 308 10 471 543 165 32 29 54 12 0 17 45 311 59 28 62 254 18 301 391 263 33 21 19 29 5 21 14 15 2 0 3 18 0 8 8 234 49 14 28 13 3 19 51 266 42 7 24 166 32 119 180 148 11 28 11 32 0 49 51 46 6 2 5 61 1 72 49 3 2 1 4 1 0 0 1 17 2 1 6 15 3 41 42 240 11 7 25 41 3 28 47 45 8 0 11 52 4 26 41 451 58 10 46 43 1 40 182 367 45 3 36 267 18 178 470 655 300 27 366 51 12 37 475 63 27 1 16 17 11 14 137 43 51 6 54 10 1 4 46 21 21 3 14 12 14 14 124 28 21 1 10 0 5 4 8 0 2 0 0 2 6 0 6 59 52 1 26 4 3 6 54 9 14 0 8 3 28 7 52 296 210 21 249 51 21 63 318 33 13 1 8 26 29 28 125 11 19 6 17 4 6 5 35 13 21 7 22 16 51 37 231 361 275 11 100 46 41 39 190 16 7 0 7 33 34 8 52 456 324 7 158 54 31 39 490 117 109 6 39 98 182 49 755 1993 161 306 267 134 17 306 494 646 46 31 48 317 15 485 548 171 31 31 51 12 0 16 50 322 56 27 68 241 20 286 404 262 34 22 17 24 6 23 14 15 2 0 3 21 1 8 7 239 53 16 25 13 2 22 58 267 45 5 23 177 31 120 181 136 9 26 11 33 1 48 50 47 3 1 8 57 2 77 50 4 2 1 3 0 0 0 3 19 2 3 4 13 4 45 50 225 9 7 19 40 3 33 43 42 8 0 8 49 4 23 45 448 51 12 47 46 2 34 187 380 45 5 40 278 20 171 479 643 295 24 361 53 16 42 465 59 22 2 17 22 12 18 140 40 59 5 51 10 1 3 50 18 27 2 13 18 13 12 127 25 19 1 10 1 3 5 6 2 2 0 0 2 9 0 7 51 50 3 25 4 3 5 56 9 16 0 8 2 27 6 55 277 208 18 243 57 22 55 305 31 12 0 8 22 26 29 123 11 14 5 16 2 6 6 32 12 18 7 23 16 47 38 235 350 261 9 96 49 38 46 188 13 7 0 8 33 34 7 51 449 310 7 149 53 39 42 485 119 100 6 32 106 176 55 759 1961 159 303 270 131 18 299 493 631 45 29 42 307 16 469 542 172 31 32 47 17 0 17 50 325 61 32 59 236 18 282 396 266 38 22 18 23 5 27 14 16 1 1 2 19 1 4 11 242 53 15 29 11 4 24 53 270 43 6 27 186 34 117 179 147 10 24 13 30 0 46 49 47 4 3 6 63 2 69 50 9 2 1 3 0 0 0 4 19 2 3 4 17 3 42 41 245 9 7 16 41 4 35 48 38 6 0 10 51 3 24 45 434 58 11 46 45 1 40 175 378 42 4 35 281 21 165 484 646 299 23 371 53 13 40 472 60 24 2 15 20 15 18 147 42 54 5 51 9 2 2 47 26 22 2 18 14 21 11 128 26 26 1 8 1 6 4 9 2 2 0 0 2 5 0 5 55 52 4 24 4 4 5 56 12 13 0 9 3 25 6 56 281 216 21 243 47 21 57 323 30 14 0 10 29 22 35 118 11 18 5 17 2 6 7 38 13 16 8 25 16 42 38 233 349 272 9 105 48 42 41 187 13 10 0 6 31 35 6 53 448 310 11 148 62 36 36 466 117 106 7 34 104 174 54 759 0
4692 398 234 403 379 16 451 1268 287 13 1 8 333 13 383 536 329 25 11 24 19 1 12 41 319 23 7 30 560 24 283 325 203 11 4 7 5 2 5 6 2 0 1 0 11 1 1 2 384 20 5 7 15 2 17 35 310 11 1 3 173 1 65 54 302 13 7 6 30 0 26 36 9 0 0 0 19 1 16 13 17 0 0 0 0 0 1 4 8 1 0 0 14 2 8 7 349 8 5 7 29 1 4 30 14 0 1 0 27 0 10 8 1130 47 9 29 38 2 18 152 398 11 1 15 265 4 81 148 298 327 0 334 18 12 5 512 3 1 0 1 1 8 3 79 7 21 0 12 0 0 0 17 6 2 0 4 8 14 1 71 3 4 0 0 0 1 0 3 0 0 0 0 0 1 0 0 9 32 0 4 0 0 2 10 2 8 0 0 1 6 2 10 275 587 10 200 19 19 33 285 4 3 0 1 7 10 5 70 7 17 0 1 0 2 0 7 10 11 0 9 11 65 9 87 296 173 1 59 15 3 9 58 0 1 0 0 7 5 0 7 457 253 2 63 10 8 5 179 55 55 1 5 66 106 7 178 4692 420 239 431 388 20 458 1356 292 12 1 11 346 15 402 568 315 25 9 28 18 0 12 50 287 20 7 36 554 25 295 329 196 12 4 6 10 2 4 5 2 0 1 0 9 0 2 2 368 21 6 5 12 2 14 36 295 11 1 5 161 5 57 62 302 12 9 5 33 0 25 38 9 0 0 0 20 1 20 12 15 0 0 1 0 0 1 3 7 2 0 0 11 2 6 8 349 8 6 10 31 1 4 34 11 0 1 0 27 1 13 9 1020 39 8 28 36 2 21 142 374 9 2 11 226 5 65 148 291 362 0 343 17 8 7 544 2 2 0 1 0 13 3 84 7 17 0 14 1 0 0 14 5 3 0 4 9 13 0 80 3 6 0 0 0 1 0 2 0 0 0 0 0 2 0 2 7 33 1 4 0 1 1 12 1 7 0 0 0 4 1 12 253 595 9 209 24 22 36 313 2 4 0 0 8 12 7 76 6 19 0 0 0 2 0 8 12 13 0 8 11 58 8 92 287 167 0 57 13 3 9 68 1 1 0 0 9 4 0 9 428 234 1 57 10 9 4 179 47 55 0 3 52 100 6 180 4725 419 252 432 393 21 457 1381 290 12 1 11 351 18 407 575 314 21 9 27 18 2 11 50 290 21 4 34 538 27 290 340 179 11 6 5 9 2 6 12 3 0 1 0 8 0 0 3 363 22 7 6 12 0 15 41 284 11 1 3 156 2 59 60 294 13 6 4 28 0 30 43 8 0 0 0 22 1 16 13 12 1 0 1 0 0 2 6 9 1 0 0 14 2 6 9 329 8 5 11 34 1 4 33 10 0 1 0 27 0 12 10 988 38 8 26 35 3 19 155 352 11 3 11 233 5 68 150 296 359 0 351 18 11 7 553 3 2 0 1 1 13 2 104 7 18 0 14 0 0 0 15 5 2 0 6 7 16 0 78 3 5 0 0 0 1 1 2 0 1 0 0 0 1 0 0 7 32 1 3 0 0 1 12 1 7 0 0 2 7 1 12 250 593 9 209 21 25 32 308 4 5 0 0 9 9 6 82 6 18 0 0 0 2 1 7 8 12 0 8 11 59 11 93 273 165 0 57 16 2 10 79 0 1 0 0 7 6 0 9 420 223 1 60 10 8 4 176 41 49 0 5 58 97 8 173 0
2957 226 258 351 232 18 354 791 387 15 9 18 327 8 342 405 270 27 17 36 24 2 15 40 368 32 11 40 459 27 213 370 288 21 10 17 18 0 11 14 12 1 0 0 20 0 5 2 404 41 21 15 13 1 21 32 373 21 7 20 319 21 103 118 267 18 23 10 25 3 46 41 20 1 0 1 31 0 28 16 17 0 3 3 0 0 1 3 18 1 1 3 30 3 17 17 357 16 15 18 38 2 20 40 28 3 0 1 41 1 9 21 792 31 12 37 48 6 41 165 456 18 6 24 367 19 132 237 410 348 12 351 26 15 27 413 31 11 0 4 19 12 10 107 17 38 0 32 1 2 0 14 14 17 1 11 9 27 2 114 14 14 0 5 0 0 0 4 1 0 0 0 0 3 0 4 15 40 1 13 2 0 3 22 7 16 0 0 6 14 5 17 364 422 27 239 27 15 45 371 15 16 0 1 14 16 11 99 17 23 0 21 5 0 4 15 24 19 2 13 17 54 11 181 378 287 6 98 28 20 13 103 7 4 0 0 14 12 6 22 480 361 11 128 23 23 23 263 117 111 3 31 129 174 17 377 2988 193 270 324 221 18 334 758 394 16 9 19 329 16 353 386 310 28 20 34 20 3 11 49 396 35 16 47 465 24 234 358 284 21 12 17 20 0 10 12 15 0 0 0 22 0 6 8 432 45 21 15 14 2 18 28 389 24 7 17 325 22 100 118 280 12 25 10 29 2 41 37 25 4 1 0 31 0 26 17 18 1 2 3 1 0 1 1 12 1 1 1 28 1 19 23 363 16 8 17 46 1 19 44 28 1 0 3 41 2 17 18 848 36 7 37 53 2 47 169 467 21 8 20 394 20 131 245 402 322 10 343 29 14 27 393 31 7 0 6 13 13 8 103 12 35 0 33 2 2 0 13 12 16 1 12 10 30 6 103 12 11 1 3 0 0 0 4 0 0 0 0 0 5 1 3 17 35 1 14 2 1 3 25 3 20 0 1 6 14 5 23 366 382 22 217 27 15 47 347 10 9 1 1 16 18 12 91 17 20 2 20 4 1 3 15 25 15 2 15 22 50 15 196 384 260 4 103 23 18 7 94 8 4 0 1 12 9 3 18 482 372 8 129 22 17 23 251 118 109 4 29 126 184 23 374 2960 203 246 291 188 8 296 717 398 11 9 12 286 13 320 359 296 25 19 32 16 3 12 40 390 33 14 40 441 22 207 343 284 27 13 13 21 0 8 10 14 0 0 0 16 0 6 4 424 40 22 15 12 1 16 29 389 24 4 21 307 23 95 110 272 13 31 19 28 3 41 35 26 3 0 0 29 0 22 20 17 1 5 1 0 0 0 4 20 2 1 1 24 2 18 16 376 10 14 16 46 2 21 36 32 0 0 0 44 1 11 20 1093 42 14 38 58 5 50 156 562 17 7 20 441 18 144 229 386 307 9 314 26 14 22 355 33 10 0 5 15 11 7 93 14 36 0 32 1 2 0 20 16 19 2 8 10 27 3 102 12 9 0 3 0 0 0 3 1 0 0 0 0 3 0 3 22 41 0 9 1 1 4 16 7 18 0 1 6 12 2 19 393 376 25 212 24 16 49 331 16 8 1 2 17 17 8 90 18 18 1 17 3 0 3 13 28 16 2 14 20 55 12 177 403 268 4 112 23 19 8 101 10 3 0 0 13 8 4 14 573 417 10 136 24 19 25 237 179 101 8 38 130 179 17 372 0
3161 160 98 212 229 13 283 794 211 5 2 7 232 9 183 315 375 14 6 15 9 1 8 24 361 12 7 20 530 14 140 219 156 0 3 3 6 0 4 5 5 0 0 1 5 0 0 0 421 16 6 3 9 1 14 17 468 7 1 2 258 3 45 47 253 3 2 9 21 0 12 21 10 0 0 0 14 0 4 2 19 1 0 1 1 0 0 1 16 1 0 1 26 0 1 5 299 5 3 5 12 1 5 11 11 0 0 0 21 1 4 3 1134 13 4 10 41 2 25 62 810 9 7 10 331 9 75 125 148 167 3 149 4 9 4 425 3 1 0 1 4 11 3 74 10 9 1 3 1 1 0 1 6 4 0 2 3 10 0 41 2 2 0 1 0 1 0 2 0 0 0 0 0 0 0 0 14 16 1 4 1 1 0 4 2 2 0 0 6 1 0 3 223 339 2 98 6 9 22 149 5 3 1 0 3 7 4 30 7 15 1 3 1 0 1 5 10 7 2 3 16 58 2 49 281 98 0 22 5 4 7 36 0 0 0 0 5 2 0 2 397 196 0 35 10 5 8 88 89 36 1 5 61 50 9 87 3189 163 114 216 221 10 222 753 214 4 4 7 209 6 170 287 394 14 3 13 10 1 6 18 356 11 9 17 498 11 143 172 164 1 2 2 8 0 1 7 5 0 0 1 3 0 1 0 403 15 8 5 12 0 13 10 452 7 1 4 229 1 41 46 277 5 0 10 18 0 16 24 11 0 0 0 15 0 3 2 19 1 0 1 1 0 1 1 15 0 0 1 21 1 3 4 338 3 2 6 11 1 7 17 11 0 0 0 21 1 2 2 1190 18 5 10 35 3 19 77 838 8 4 8 305 4 81 124 148 173 2 150 5 9 3 400 7 3 0 3 2 15 2 76 9 8 1 5 0 0 0 1 6 2 0 2 3 7 0 27 3 2 0 0 0 0 1 2 0 0 0 0 0 0 0 0 13 19 0 4 2 0 0 4 1 2 0 0 1 3 0 4 247 368 3 96 6 11 23 145 2 3 0 1 4 6 4 41 6 13 0 4 1 1 1 8 10 7 0 3 10 54 3 63 289 104 1 24 5 2 4 44 0 0 0 0 7 2 0 0 431 212 1 33 8 8 6 99 104 48 0 5 47 55 12 95 3234 166 136 228 210 13 232 670 227 7 11 4 199 10 171 216 386 12 4 19 9 1 9 24 333 12 5 21 422 12 121 191 179 3 7 2 5 0 6 6 10 0 0 0 7 0 1 0 387 18 6 8 13 1 6 16 411 8 6 3 216 3 42 62 268 4 3 13 19 0 17 26 10 0 0 0 16 1 3 3 19 1 0 1 1 0 0 1 18 0 0 0 19 1 3 8 366 4 6 3 13 1 6 19 14 0 0 0 19 1 2 3 1101 23 11 12 29 3 15 76 676 14 2 7 294 8 79 120 170 170 3 146 6 17 5 316 7 2 0 4 2 23 2 87 11 6 1 6 0 0 0 1 5 4 0 1 3 11 1 38 6 1 0 2 0 0 0 2 0 0 0 0 0 0 0 0 9 19 0 6 2 0 0 4 4 4 0 0 1 3 0 5 251 434 9 129 11 16 21 149 8 1 2 0 7 9 2 41 15 17 0 6 1 1 3 5 20 12 1 1 17 67 6 73 294 136 0 30 6 5 6 45 2 0 0 1 9 1 2 6 406 245 4 45 8 7 9 100 128 59 0 6 67 73 12 136 0
3094 298 330 359 259 12 342 881 203 6 12 12 323 14 350 419 281 18 12 31 13 0 19 32 328 21 19 37 699 34 644 287 275 17 22 8 14 3 8 4 5 0 0 0 11 2 4 2 358 18 7 12 13 0 10 21 433 13 5 10 436 9 101 66 234 5 8 8 23 0 24 33 12 1 0 0 24 3 21 11 13 0 0 1 0 1 2 2 11 0 2 1 32 2 14 19 297 17 12 11 16 1 11 21 9 0 0 0 22 2 6 11 788 28 11 20 20 0 16 77 487 11 1 9 372 20 79 132 232 352 7 422 13 7 22 418 11 10 0 3 7 13 5 95 8 21 0 18 0 0 0 16 7 6 0 10 8 24 5 81 11 15 0 1 0 1 0 4 1 1 0 0 0 0 0 1 17 25 0 4 1 1 0 14 2 7 0 0 3 9 2 14 307 677 12 432 20 32 23 363 8 6 0 4 7 20 6 109 6 29 0 11 1 4 2 15 6 21 0 6 28 111 6 192 368 659 5 117 28 8 9 88 4 3 0 2 12 4 0 13 518 322 7 79 13 16 10 138 143 112 0 5 111 180 11 210 3118 313 331 387 280 14 362 949 219 8 14 20 331 16 381 442 259 19 11 27 13 0 15 30 293 21 18 35 667 30 651 308 270 17 20 5 11 2 10 4 6 0 0 0 13 3 3 2 338 21 6 13 10 0 9 26 408 16 5 9 433 8 106 67 222 5 10 8 23 0 24 40 14 1 0 0 26 2 22 13 16 0 0 1 0 1 0 3 10 0 2 1 27 4 14 19 305 16 13 12 18 1 11 25 12 0 0 0 21 2 5 13 688 24 8 14 21 0 17 79 426 10 3 9 325 21 74 138 231 374 10 444 14 8 21 456 10 12 0 3 8 15 3 109 9 22 0 19 0 0 0 20 5 6 0 11 12 24 4 81 12 14 0 4 1 1 0 3 1 0 0 0 0 1 0 1 16 27 0 5 1 1 0 14 1 10 0 0 3 10 4 16 281 693 9 447 28 36 21 384 6 5 0 6 7 19 6 117 6 35 0 11 0 4 1 17 4 26 0 7 28 104 7 202 354 646 5 115 30 9 10 95 3 4 0 1 12 5 0 11 456 293 5 75 15 16 7 148 127 109 0 9 111 178 11 208 3042 313 327 404 270 15 379 1035 210 15 8 11 321 17 381 481 234 19 12 22 15 2 16 36 290 25 20 36 650 25 625 304 266 18 14 7 11 0 12 7 5 0 0 0 14 1 4 2 311 22 7 14 12 2 6 26 402 11 8 7 429 10 100 79 210 9 9 14 24 0 22 34 10 1 0 0 23 2 24 15 15 0 0 0 0 1 0 0 7 0 2 3 31 0 10 19 293 15 13 12 21 1 14 23 11 0 0 0 21 3 5 18 666 24 9 14 20 1 16 81 438 11 3 11 339 18 78 119 247 362 7 472 15 10 15 528 11 11 0 6 6 15 8 126 6 21 0 17 1 0 0 16 6 8 0 9 10 22 2 101 11 18 2 2 0 1 1 5 1 0 0 0 0 0 0 0 11 30 0 7 3 0 0 15 1 9 0 1 5 11 2 14 266 661 11 452 24 36 21 395 9 5 0 2 3 20 10 120 11 31 0 11 0 3 2 16 6 23 1 6 22 103 8 198 351 631 3 109 32 10 14 89 5 4 0 0 11 9 1 18 457 295 4 79 11 14 11 135 135 114 1 12 114 173 15 213 0
2289 180 177 238 185 10 296 694 625 32 12 35 297 19 361 577 217 22 20 30 12 1 12 50 315 29 15 35 275 11 257 337 190 13 8 8 15 2 9 12 15 0 0 0 16 0 1 7 316 31 6 18 8 2 19 43 367 27 6 15 217 17 78 162 231 6 11 12 28 2 33 38 32 1 3 3 20 0 35 39 13 0 2 2 1 0 0 3 12 0 1 3 17 1 13 28 341 14 12 19 38 3 21 49 44 3 0 2 38 3 22 19 986 53 14 43 44 5 36 246 728 28 7 33 319 17 145 466 600 283 13 338 27 14 31 563 50 10 0 5 13 19 9 155 39 27 2 30 1 3 1 25 21 15 0 13 4 12 1 96 9 13 0 1 4 2 1 3 1 0 0 0 0 0 0 2 28 50 0 16 1 0 2 27 11 13 1 3 6 11 5 29 330 280 14 193 29 12 39 310 7 14 0 6 12 10 17 65 13 17 3 9 1 3 4 24 10 14 0 8 18 18 7 96 402 232 3 88 24 9 11 158 10 5 0 0 21 6 6 22 835 371 7 160 45 15 30 493 209 107 5 22 107 113 34 431 2289 175 155 242 199 5 322 686 629 35 11 36 302 14 365 583 209 24 23 33 12 1 11 37 325 29 15 43 299 18 261 343 190 13 7 5 17 1 4 12 15 0 0 0 12 0 1 6 327 30 5 25 10 1 19 42 367 29 6 15 214 11 75 170 221 8 12 11 28 4 27 37 34 3 1 3 22 0 34 34 10 1 2 0 1 0 0 5 19 1 1 3 16 1 14 16 341 15 11 19 36 2 23 45 49 1 0 3 43 2 22 21 1005 60 13 45 44 4 45 237 738 35 6 34 339 23 144 478 590 281 11 337 27 12 32 561 49 9 0 5 9 13 9 144 34 28 2 28 3 1 1 29 18 15 0 14 4 14 3 88 12 10 0 0 2 2 1 2 1 0 0 0 1 0 0 2 25 54 0 12 0 1 3 23 9 20 1 5 3 12 4 31 334 257 9 185 32 10 42 289 11 10 0 6 11 13 15 65 10 17 2 10 1 1 4 25 11 15 1 7 15 19 8 91 408 228 4 90 20 11 15 154 9 3 0 1 20 4 4 26 852 364 7 163 43 19 29 468 193 100 3 23 111 111 33 443 2271 181 173 253 187 7 320 667 614 30 11 33 293 16 357 570 213 23 19 31 17 0 11 50 311 32 21 34 298 13 252 327 196 11 8 9 15 2 5 18 15 0 0 0 15 0 3 5 331 36 6 25 8 1 23 36 385 27 3 17 221 16 74 163 225 8 14 15 32 2 31 43 34 1 2 2 24 1 28 34 13 1 1 1 1 0 1 4 14 1 2 3 20 1 19 20 339 13 7 16 36 1 22 48 39 2 0 1 45 1 21 21 987 57 14 45 52 2 38 240 728 25 9 31 346 21 148 446 578 284 14 337 28 16 34 542 51 14 0 7 15 15 10 163 32 28 2 33 0 2 1 26 19 16 0 19 8 10 2 96 12 10 0 1 4 2 1 2 1 0 0 0 1 1 0 2 33 56 0 10 0 1 5 28 10 13 1 5 3 12 4 24 345 266 10 182 32 8 40 287 16 9 0 6 12 13 14 72 17 19 2 9 1 0 4 25 10 14 1 7 15 26 6 99 424 228 4 95 25 11 10 167 9 6 0 1 15 6 3 23 793 376 6 167 40 18 26 444 212 99 3 24 124 110 40 476 0
3252 312 163 351 230 22 291 1008 379 17 20 33 303 18 554 942 237 30 17 21 9 4 8 34 309 20 13 43 390 16 261 402 175 6 5 8 10 2 2 6 9 1 0 1 11 0 8 3 285 20 8 13 6 3 15 32 296 14 2 9 209 8 103 109 310 11 7 7 19 1 28 34 29 2 2 1 18 0 31 32 12 1 0 0 0 0 1 2 9 0 2 2 22 0 7 24 288 12 6 11 24 2 12 37 22 0 1 1 29 0 10 24 853 45 6 32 30 4 28 168 482 26 3 24 287 12 120 282 381 343 8 403 27 11 32 692 20 9 0 7 13 18 6 167 22 19 0 12 2 3 3 16 13 9 0 5 3 11 2 63 14 15 0 3 1 1 2 4 1 0 0 0 1 2 1 2 27 35 1 4 0 1 5 21 8 7 0 2 3 9 0 21 317 568 8 173 21 18 43 313 9 5 0 6 12 16 10 90 18 13 1 6 2 2 0 9 10 10 2 7 14 36 6 95 385 305 1 74 31 9 12 123 6 1 0 2 7 7 2 37 589 265 4 92 25 23 20 295 101 54 1 17 83 95 16 288 3232 318 164 374 207 20 276 987 380 21 19 31 295 17 519 919 222 27 18 22 6 2 7 38 310 23 12 34 402 10 222 359 175 5 6 5 10 2 1 12 11 1 0 0 10 0 3 3 271 22 2 15 16 0 11 30 306 15 3 11 214 9 94 108 324 13 6 8 14 0 27 39 22 3 2 3 22 0 34 37 13 2 0 0 0 0 1 3 13 0 2 2 23 1 5 20 314 13 6 12 24 1 12 38 28 0 1 2 30 0 8 21 901 49 7 37 25 4 30 164 510 28 6 19 268 9 133 280 386 378 10 386 29 13 29 684 21 9 0 5 11 17 10 165 19 16 0 11 1 4 2 17 7 5 0 7 2 10 1 51 11 13 0 1 1 1 1 5 0 0 0 0 0 1 0 2 32 42 0 7 1 1 4 15 8 8 0 2 5 5 1 15 330 584 9 174 31 15 39 305 14 6 0 5 9 14 10 94 17 20 0 7 3 1 1 8 8 11 2 7 6 28 7 90 399 312 2 70 29 11 13 140 5 0 0 2 10 9 3 33 610 282 4 94 32 23 20 295 112 69 0 20 75 92 21 291 3321 295 162 334 197 12 293 944 378 17 21 34 279 20 463 844 236 28 14 20 13 2 7 34 303 26 12 38 390 12 233 348 181 7 6 4 8 1 4 10 11 1 0 0 9 1 4 2 299 22 4 12 7 2 12 25 304 15 1 10 222 4 80 110 315 9 9 7 16 1 21 40 22 2 2 1 25 0 27 28 17 2 0 0 0 0 2 2 13 0 2 2 21 0 9 25 289 12 5 13 25 1 14 30 24 0 1 0 29 1 12 30 984 55 8 36 30 5 35 164 554 21 6 19 315 11 138 283 367 337 10 370 27 16 20 630 22 14 0 4 10 16 14 185 21 18 0 12 3 1 1 13 14 9 1 5 5 10 0 57 13 19 2 2 0 0 0 5 0 0 0 0 0 3 0 2 25 36 0 13 1 0 3 18 6 5 0 4 3 4 3 16 330 560 9 169 24 16 38 299 10 8 0 4 12 11 14 95 25 16 0 5 1 1 1 5 20 10 1 6 11 29 8 82 398 313 0 66 31 13 15 122 9 3 0 2 10 9 4 28 660 292 6 112 26 25 25 298 141 64 1 25 92 104 17 300 0
2292 222 255 363 260 16 343 1001 415 22 6 35 318 10 460 610 202 25 14 41 10 1 11 38 312 34 14 48 366 17 236 325 250 14 10 13 8 1 13 7 13 0 0 1 19 2 8 6 307 33 7 19 11 1 16 30 390 33 7 6 347 19 81 129 222 8 26 6 35 3 35 41 19 1 0 3 31 2 19 24 14 0 1 2 1 1 1 1 14 2 2 1 18 2 8 14 327 12 5 25 30 1 18 34 36 2 0 2 41 0 15 12 802 40 5 38 35 5 43 190 498 30 3 25 301 25 112 297 416 313 13 452 29 11 26 711 24 12 0 6 10 14 7 149 31 23 2 37 4 2 1 38 13 15 1 10 9 20 3 83 8 13 0 5 1 2 1 5 0 0 0 0 2 1 0 3 26 39 1 10 0 2 0 17 6 11 0 3 2 10 0 10 338 406 20 498 26 17 38 384 9 7 1 3 14 16 9 111 15 19 1 17 1 1 1 17 16 16 0 16 13 44 9 133 377 323 6 133 21 14 13 135 5 8 0 1 8 12 0 17 572 333 5 133 19 19 18 299 148 99 1 27 78 143 19 350 2296 222 259 372 269 16 359 1032 429 28 10 33 329 12 465 657 201 25 17 45 9 1 10 45 305 32 19 48 378 16 247 340 240 16 11 11 6 1 12 7 12 0 0 1 20 3 9 6 307 39 6 17 11 1 14 31 382 36 4 6 360 17 77 135 220 8 22 7 36 3 34 46 19 1 1 3 32 2 21 22 12 0 0 1 0 1 1 1 13 1 2 1 14 3 9 15 317 12 4 23 34 2 18 36 33 1 0 2 40 0 13 18 733 35 9 34 33 6 37 173 481 29 4 23 288 23 110 304 403 315 13 465 30 13 26 734 20 9 0 3 10 17 7 156 31 29 2 36 3 2 0 39 13 15 1 11 8 21 5 83 9 12 0 4 1 2 1 3 0 0 0 0 1 1 1 4 22 40 0 14 1 1 1 20 5 11 0 3 4 8 0 15 329 401 19 493 30 17 37 400 9 9 0 3 14 14 9 110 18 21 1 16 1 1 2 15 12 21 0 14 13 43 10 140 371 323 9 122 22 14 16 128 5 7 0 1 8 10 0 22 550 315 6 125 18 18 12 299 133 92 1 22 76 142 23 338 2301 221 272 381 267 16 367 1085 429 23 8 34 326 11 466 684 188 25 12 41 10 3 11 42 293 33 16 45 368 21 247 358 235 14 13 13 9 1 12 9 15 0 0 2 18 2 10 10 298 33 7 21 9 1 16 31 362 37 4 13 317 17 80 140 207 9 21 6 33 3 36 44 20 0 0 2 31 2 25 19 9 2 1 1 0 1 0 1 13 1 2 1 14 4 10 14 306 16 11 22 30 0 14 34 30 1 0 3 37 1 15 17 714 35 5 34 43 4 35 173 449 34 2 19 293 22 107 313 417 344 10 460 33 14 34 750 23 14 0 4 10 16 10 162 23 20 2 37 4 2 0 46 13 14 1 11 11 24 5 97 12 13 0 6 0 2 1 0 0 0 0 1 0 0 0 2 22 38 0 14 0 1 0 23 6 6 0 3 1 7 0 19 320 415 20 500 20 19 33 404 9 9 0 4 15 15 7 123 14 16 1 21 0 2 2 14 14 15 0 12 17 51 9 137 345 328 11 141 31 15 10 133 6 7 0 0 7 12 1 20 508 312 5 130 14 13 18 294 122 99 0 26 77 132 14 343 0
3765 324 249 384 340 23 396 1413 365 14 2 18 330 10 366 567 345 38 7 27 20 0 6 46 345 19 7 27 468 17 212 290 237 8 9 3 11 0 4 10 3 0 0 0 7 0 2 3 382 28 11 5 6 1 11 29 319 9 0 6 204 5 64 84 283 19 14 7 25 4 31 34 11 0 0 0 22 0 19 14 37 1 0 1 4 1 3 3 14 2 1 0 19 1 8 15 351 12 3 21 33 1 9 29 11 0 1 1 25 0 12 15 1136 30 9 33 32 2 25 151 491 15 1 9 261 10 90 194 358 347 11 345 19 14 10 553 22 6 0 5 7 24 4 116 19 20 0 17 1 2 1 9 7 6 2 5 6 14 1 71 9 10 0 4 0 3 0 2 0 0 0 0 0 1 0 0 16 25 1 5 0 1 0 10 3 5 0 0 1 4 2 11 327 507 9 214 18 19 32 295 5 4 1 2 8 15 10 71 9 17 1 6 0 4 0 13 20 12 1 9 12 77 6 122 314 187 2 75 16 8 8 77 6 2 0 1 6 9 0 7 535 249 2 70 15 15 13 219 134 68 0 10 62 111 8 187 3804 346 253 405 350 32 413 1464 361 14 3 23 349 8 370 601 344 38 9 31 18 1 7 44 350 19 9 28 471 13 214 290 194 9 10 2 9 0 3 8 3 0 0 0 7 1 0 2 367 29 4 5 10 1 10 36 321 13 1 6 195 5 65 84 285 20 11 7 30 4 34 33 12 0 0 0 21 0 21 13 15 2 0 2 1 0 1 3 13 2 1 1 20 1 8 11 342 14 4 23 32 1 8 33 14 1 2 0 28 0 13 15 1095 27 5 32 36 1 25 142 453 10 0 8 238 7 91 204 357 358 10 352 17 14 11 585 20 5 0 4 11 19 4 133 16 21 0 18 1 1 1 10 2 6 1 5 4 12 1 71 9 10 0 3 1 2 0 1 0 0 0 0 0 1 0 1 16 21 1 4 0 1 1 11 2 6 0 0 1 5 2 14 317 523 11 222 17 21 32 307 5 4 1 1 10 14 10 69 9 11 1 7 0 4 0 16 12 9 0 8 14 73 6 123 303 190 1 81 14 6 8 79 5 2 0 2 7 8 0 7 500 248 2 67 11 17 10 222 115 59 0 6 54 97 7 178 3828 335 235 410 347 18 407 1477 368 13 0 23 338 6 369 587 346 41 8 27 18 2 6 42 341 21 7 32 474 14 213 294 212 7 10 4 9 0 3 8 3 0 0 0 7 0 1 2 366 31 4 3 6 2 9 33 317 9 1 6 190 3 69 80 289 22 9 8 27 4 32 35 14 0 0 0 23 0 19 14 12 2 0 1 1 0 2 3 12 2 1 0 17 1 8 9 335 13 2 25 30 1 8 30 14 1 2 0 28 1 11 14 1123 28 9 32 34 1 25 141 445 13 0 9 239 7 84 201 355 373 10 365 17 14 12 579 12 6 0 2 8 19 4 116 17 21 0 16 1 2 0 10 4 6 1 5 5 13 0 64 9 10 0 3 0 3 0 1 0 0 0 0 0 1 0 0 16 23 1 6 0 1 1 13 1 6 0 0 1 4 2 10 314 535 10 221 19 21 33 320 6 6 1 1 10 13 10 74 8 13 1 7 0 4 1 15 11 10 1 9 14 67 5 122 314 186 1 78 13 7 8 81 3 0 0 1 7 7 0 7 494 250 1 69 11 15 12 214 157 58 0 7 54 100 4 179 0
2714 226 160 231 216 20 305 683 271 8 5 6 334 8 448 443 402 23 7 25 16 1 8 29 485 17 13 29 689 14 374 298 263 8 2 3 5 1 1 3 5 0 0 0 12 0 0 4 570 24 8 8 10 3 13 16 914 26 6 7 481 7 122 77 289 8 5 10 31 2 19 26 18 0 0 0 25 0 24 2 24 0 0 0 1 1 3 4 19 0 0 0 30 0 12 9 451 11 1 12 32 1 7 10 13 0 0 0 26 1 5 2 1568 30 4 23 44 3 29 90 1415 9 5 6 564 6 99 164 197 223 1 224 7 8 5 284 5 6 0 0 6 3 3 81 11 23 0 8 0 0 0 6 4 2 0 4 4 10 0 57 4 4 0 0 0 0 0 2 0 1 0 0 0 2 0 0 19 27 1 3 1 0 0 4 2 8 0 0 3 3 0 9 300 412 4 134 28 22 19 190 8 4 0 0 6 12 5 36 16 17 1 5 0 1 0 3 16 10 0 4 15 20 4 66 478 237 2 42 11 6 13 56 3 1 0 0 3 2 0 7 896 318 3 50 18 6 15 128 209 81 1 5 122 97 10 151 2728 210 149 240 214 12 284 629 285 6 4 11 338 9 398 419 421 28 10 27 16 2 10 27 473 16 14 24 702 14 385 278 258 10 5 3 8 0 0 1 3 0 0 0 9 0 3 6 574 24 9 8 13 1 10 14 919 22 7 8 489 5 112 75 303 10 4 5 29 1 23 25 19 1 0 1 22 1 20 6 26 0 0 1 3 2 5 4 17 0 0 0 35 0 12 11 482 12 1 14 32 0 5 13 11 1 0 0 27 1 7 4 1597 35 5 23 39 2 34 80 1469 10 5 8 557 10 111 159 201 218 2 202 7 4 3 267 11 11 1 1 5 5 1 67 13 21 0 7 1 1 0 6 7 2 0 3 1 10 0 49 5 9 0 0 0 0 0 1 0 1 0 0 0 1 0 0 19 26 0 4 1 0 0 8 1 13 0 0 2 4 1 5 305 376 7 133 22 20 21 184 3 4 0 1 5 12 5 41 19 17 0 4 0 0 0 6 17 12 0 6 14 21 6 61 480 236 1 44 11 11 15 56 5 2 0 0 2 3 1 7 905 326 4 54 26 7 15 122 233 84 1 7 120 91 15 151 2863 214 162 223 197 16 263 621 293 9 12 4 329 8 359 361 415 23 9 29 13 1 13 30 493 13 15 32 625 15 331 257 302 8 3 8 11 0 6 8 9 1 0 0 14 0 2 2 587 24 7 7 15 1 19 18 782 24 12 10 435 7 114 94 319 14 5 11 22 1 19 32 15 0 2 0 25 2 20 7 28 3 0 2 2 1 3 6 28 1 1 1 31 1 14 10 491 19 5 12 29 2 8 18 17 0 0 0 20 2 5 5 1559 30 18 27 52 5 34 94 1147 14 6 7 538 12 124 157 227 218 7 223 4 9 7 248 12 8 0 2 8 8 0 82 18 21 0 7 3 1 0 7 3 2 1 4 5 13 1 42 13 8 0 3 0 0 1 0 0 1 0 0 0 0 0 3 22 25 1 4 1 0 0 7 13 7 0 0 3 6 1 6 319 394 9 138 26 19 20 199 13 7 0 2 6 12 1 50 20 14 0 9 1 2 0 10 23 13 0 8 18 25 10 77 487 226 3 53 17 6 13 80 2 5 0 1 7 5 0 8 850 385 6 67 20 12 9 137 264 98 3 15 160 127 21 195 0
2153 176 311 313 243 15 372 719 267 14 14 22 306 5 414 628 240 38 20 27 7 0 19 34 363 22 27 40 724 23 787 353 312 10 23 13 13 2 9 13 5 0 0 0 10 0 3 3 371 30 9 17 14 3 13 26 523 22 11 8 589 20 156 81 176 9 17 9 35 0 29 25 11 0 0 1 20 3 22 16 12 2 0 2 1 0 0 1 14 0 1 0 27 1 35 18 303 11 6 15 31 0 18 19 15 0 0 0 29 1 7 14 697 32 9 23 35 2 28 99 536 20 3 7 436 18 152 180 269 255 6 400 7 12 22 435 15 8 2 8 9 13 3 140 16 18 1 27 0 0 0 9 11 11 1 14 4 21 5 105 14 22 1 7 0 1 0 2 0 0 0 0 0 0 0 1 18 33 1 12 2 2 0 11 6 10 0 5 2 9 1 24 247 419 18 391 16 24 29 270 14 6 1 1 9 34 7 107 11 27 1 13 0 1 2 16 20 20 1 11 28 73 20 209 347 710 3 151 23 28 12 90 6 5 1 1 11 19 5 17 549 332 5 97 17 17 14 156 152 98 0 12 143 209 35 324 2236 196 333 342 237 23 369 729 290 11 12 27 333 15 445 611 237 34 14 29 13 1 20 41 317 26 32 40 684 31 802 375 297 13 25 14 21 1 12 13 6 0 0 0 18 0 7 6 356 25 11 18 15 2 13 26 488 24 6 11 546 24 156 95 172 15 16 11 32 1 30 29 12 0 2 1 25 3 22 11 12 3 0 1 1 0 0 1 13 1 0 0 29 1 32 20 305 8 7 18 28 0 18 23 18 0 1 0 29 1 7 12 590 31 6 22 30 4 23 111 468 18 4 9 383 14 132 192 263 281 14 422 11 12 21 440 18 8 2 8 10 15 4 153 16 21 0 20 1 0 1 15 12 15 0 11 5 22 6 116 13 21 1 8 0 1 0 6 1 0 0 0 0 0 0 3 24 34 0 14 0 3 1 9 9 12 1 1 2 11 0 22 235 427 15 399 24 26 27 314 17 11 1 2 13 28 11 125 13 26 1 16 0 1 1 17 16 18 1 10 24 72 24 230 327 720 3 158 22 30 13 90 5 3 0 0 13 20 4 22 458 298 5 83 14 20 12 168 137 107 1 12 136 219 29 328 2155 216 348 326 213 18 362 792 252 10 16 25 316 13 417 554 220 38 15 30 14 1 20 35 311 21 29 33 687 24 760 346 318 22 24 16 18 4 8 21 7 0 0 0 11 0 9 10 344 21 16 15 11 1 14 32 448 17 6 8 471 19 162 89 167 14 23 12 29 1 28 30 17 2 0 2 24 4 27 12 12 1 0 1 2 0 0 8 12 1 0 1 33 1 25 16 280 11 7 24 27 1 18 24 11 0 0 0 27 2 6 12 547 34 16 22 31 3 24 108 443 14 4 11 370 11 134 182 282 285 12 466 14 21 20 504 14 7 2 5 9 22 6 236 10 19 0 17 2 1 0 17 13 16 0 14 12 27 2 138 14 25 0 6 1 1 0 4 0 0 0 1 0 0 0 6 17 31 0 8 0 3 1 16 8 10 0 4 1 12 0 23 235 455 13 425 22 24 25 362 13 12 2 1 11 30 13 127 10 28 1 17 0 2 1 15 19 20 2 7 25 75 24 232 342 740 2 159 16 32 12 98 8 4 0 3 14 23 5 29 432 319 3 91 19 18 11 168 157 121 2 16 155 211 28 365 0
2313 187 152 235 200 11 264 726 332 7 6 14 286 9 355 590 327 26 12 20 13 0 10 42 414 21 11 32 481 21 286 269 273 8 7 5 10 1 12 9 3 0 0 0 6 1 2 4 544 21 9 6 9 0 14 24 652 12 5 5 448 7 85 102 268 15 10 7 21 1 21 28 18 0 0 0 25 1 14 12 20 1 0 1 1 0 3 1 22 0 0 0 31 1 16 11 471 8 5 7 19 1 6 21 13 1 0 0 18 0 2 7 1769 39 5 30 37 3 33 94 1296 6 3 9 497 13 92 155 292 265 5 245 4 9 6 399 13 8 0 4 8 12 3 96 12 13 0 6 0 0 0 9 10 5 0 4 7 7 1 56 6 4 0 1 0 0 0 1 2 0 0 0 0 1 0 1 24 21 0 4 0 0 1 8 4 3 0 0 7 8 0 7 353 381 8 208 23 12 16 226 6 6 0 1 4 11 5 38 18 34 0 8 1 0 0 7 23 21 1 8 26 37 6 77 517 273 0 67 19 10 6 71 2 3 0 0 6 4 1 7 1107 391 0 107 20 8 14 138 257 104 2 11 107 127 9 184 2345 183 160 249 209 8 267 696 333 10 6 11 301 11 346 558 341 21 13 25 17 1 17 39 401 20 11 24 466 23 300 261 274 6 6 7 15 3 4 5 6 0 0 0 6 1 3 1 567 19 10 7 12 0 11 27 662 13 5 7 467 12 96 101 268 19 9 3 19 2 27 20 19 0 0 0 16 1 11 12 23 2 0 0 0 0 3 3 20 0 0 1 34 1 11 13 482 10 4 6 19 1 4 21 13 0 0 0 21 1 3 9 1737 32 10 30 49 7 32 90 1313 10 3 9 475 17 82 141 254 270 9 262 6 5 8 379 9 5 0 6 4 7 1 96 15 18 0 4 1 1 0 7 16 9 0 4 9 15 1 56 3 5 0 2 0 0 0 3 2 0 0 0 0 0 0 1 26 19 0 3 0 0 1 5 7 6 0 2 5 5 0 9 360 407 7 206 27 15 16 238 9 4 0 0 3 12 3 49 23 28 0 4 1 2 0 8 17 22 1 7 25 38 5 77 496 275 1 74 15 3 12 65 8 2 0 0 5 4 1 7 1063 392 4 96 11 11 10 126 260 115 1 9 116 128 19 186 2346 183 171 256 181 10 271 730 337 8 11 14 282 23 306 487 325 20 15 22 13 0 13 34 359 23 14 21 423 28 253 259 324 8 12 8 6 1 7 23 6 0 0 0 10 2 6 1 577 20 10 8 14 2 15 31 587 11 3 7 435 9 90 87 263 15 18 14 20 3 25 26 22 0 0 0 18 1 10 8 24 2 1 2 4 0 1 14 27 0 1 1 34 1 11 18 480 9 8 10 20 3 13 13 17 0 1 2 18 0 7 7 1601 47 24 37 56 2 35 126 1099 14 7 10 457 19 92 179 316 269 9 257 8 9 13 381 21 12 0 3 11 11 5 98 23 16 0 10 1 3 0 5 19 10 1 4 11 13 0 86 13 4 1 2 0 1 0 1 1 0 0 0 1 0 1 1 24 10 1 7 0 0 1 3 8 9 0 1 4 6 0 11 385 373 10 209 22 13 17 205 13 4 1 0 12 9 3 54 22 26 1 9 0 1 1 17 32 26 0 6 25 40 10 97 483 297 3 87 19 6 6 85 8 2 1 0 11 7 1 15 977 405 4 119 17 11 10 162 349 114 1 18 132 170 22 228 0
2155 201 244 301 167 14 310 742 397 12 11 18 337 11 362 586 162 30 12 36 10 2 7 40 309 25 14 23 371 25 317 379 246 19 14 11 17 0 5 15 11 1 0 2 18 1 2 6 331 36 11 13 12 1 22 29 434 20 6 18 303 11 116 140 192 6 15 12 23 1 32 39 33 0 0 0 26 0 29 17 9 1 1 2 2 0 1 2 14 0 0 1 28 2 15 14 354 16 16 13 32 0 9 33 18 1 1 0 32 0 8 13 1070 53 19 42 47 3 44 150 773 25 1 19 390 18 133 278 467 333 8 397 15 14 18 642 33 10 1 6 15 15 5 160 10 21 0 31 0 0 0 25 14 16 0 8 6 10 2 88 7 23 0 3 0 0 0 4 0 0 0 0 0 0 0 3 19 33 1 15 0 0 0 16 8 7 0 1 5 5 1 21 330 367 12 334 26 23 30 361 15 14 1 3 16 11 17 86 12 21 0 12 0 6 3 17 18 9 0 16 19 44 8 139 492 361 4 134 30 16 10 138 12 1 0 1 12 17 5 12 734 408 4 142 22 17 21 256 189 107 0 19 111 146 25 317 2178 179 205 307 166 12 273 651 382 15 10 17 319 10 362 505 180 27 13 41 7 2 5 37 331 21 18 30 371 23 301 356 256 12 13 11 12 0 7 15 8 0 0 2 14 0 2 6 350 38 11 10 9 2 20 28 455 19 6 13 306 12 112 131 212 7 14 17 20 1 30 34 35 0 0 0 24 1 33 14 4 1 0 2 1 0 3 2 11 0 0 2 29 3 12 9 399 10 14 14 32 2 11 33 19 1 0 0 40 1 9 12 1154 49 18 44 49 5 40 141 817 31 4 23 388 18 142 268 423 336 9 405 18 9 19 591 26 11 0 6 12 10 2 132 14 22 0 33 0 0 0 20 10 14 0 6 6 12 2 85 11 22 0 2 0 1 0 5 0 0 0 0 0 0 0 1 21 25 0 17 0 0 0 20 9 8 1 1 4 4 1 17 378 391 15 321 26 18 35 347 12 13 3 2 13 8 14 81 15 20 0 13 0 2 3 15 19 11 0 13 23 50 10 134 492 371 2 134 33 13 10 119 9 2 0 1 12 11 6 15 844 441 4 155 28 17 16 271 219 117 1 18 118 148 25 301 2140 180 204 268 151 8 270 620 377 8 13 18 312 7 340 488 182 34 12 24 10 1 8 36 331 21 15 29 390 26 304 344 250 11 13 8 13 1 8 16 6 0 0 1 13 0 4 5 382 21 14 18 13 2 20 30 472 17 7 14 333 13 118 131 206 5 11 11 18 1 28 32 35 0 0 0 27 2 29 9 6 2 0 1 1 0 1 2 13 2 0 1 31 2 15 16 412 14 16 17 33 0 7 26 26 1 0 1 30 1 8 12 1251 53 22 30 59 3 44 152 854 25 2 16 422 11 149 267 416 303 11 376 19 10 15 538 28 9 0 4 14 9 5 123 12 19 0 23 0 0 0 26 13 15 0 8 9 15 2 73 13 18 0 3 0 0 0 7 1 0 0 0 0 0 0 2 26 30 2 13 0 0 1 16 11 11 0 1 4 7 1 18 390 376 18 303 29 15 31 316 8 12 2 3 13 6 12 75 23 19 0 10 0 2 2 17 20 12 0 18 20 46 7 126 515 360 2 126 26 14 12 115 9 1 0 1 12 12 4 15 934 446 4 146 22 16 19 267 258 130 2 17 120 149 24 319 0
5560 309 152 390 242 15 351 1657 178 19 3 13 279 10 342 535 239 18 5 21 6 0 8 25 227 14 9 28 582 23 251 301 137 9 5 1 8 0 5 2 2 1 0 0 2 0 2 1 328 18 3 4 6 0 7 20 253 13 0 2 174 4 40 57 318 13 6 11 19 1 19 35 5 0 0 0 17 0 11 11 17 0 1 0 2 0 0 2 6 0 0 0 26 3 7 6 348 12 0 17 18 0 3 25 7 0 0 0 22 1 7 8 1300 25 3 12 17 0 16 109 281 6 1 3 239 6 41 106 239 333 0 366 11 12 10 698 2 2 0 1 3 13 1 105 7 15 1 8 0 1 1 6 2 1 0 5 3 19 2 55 4 8 0 2 0 0 0 0 0 0 0 0 0 0 0 0 6 20 0 7 0 0 0 8 1 5 0 0 2 2 0 3 297 647 4 205 15 19 21 321 2 1 0 0 10 14 3 58 5 14 2 4 2 3 0 8 10 11 0 6 8 68 10 69 358 245 0 44 11 7 6 79 1 0 1 1 6 3 1 10 380 281 1 51 7 6 4 115 71 45 2 5 47 69 11 124 5489 325 159 402 241 16 334 1428 182 16 3 14 259 7 335 498 246 19 7 18 10 0 12 21 244 15 5 31 571 25 275 266 138 10 1 2 7 0 2 6 0 0 0 0 2 1 2 1 343 21 2 4 4 0 8 11 252 12 1 2 185 4 41 53 339 17 9 10 18 1 20 31 5 0 0 0 19 0 17 9 19 1 1 0 4 0 1 1 8 0 0 1 20 4 7 8 399 15 2 9 21 1 4 19 8 0 0 0 18 1 8 13 1472 30 3 20 19 1 18 89 315 4 2 3 225 6 41 99 238 320 0 366 17 15 8 633 2 1 0 1 2 11 2 122 7 13 0 9 1 0 1 8 1 3 0 5 4 15 3 50 3 8 0 1 0 0 0 2 1 0 0 0 0 1 0 1 6 20 0 8 0 0 0 9 1 4 0 0 3 4 1 5 335 636 4 224 16 18 19 295 3 3 0 1 8 14 5 62 5 23 2 4 0 3 1 8 12 12 1 4 10 66 10 69 373 234 0 47 13 5 6 66 2 1 0 2 5 5 1 10 421 310 1 49 8 9 5 106 69 49 2 7 49 77 8 132 5583 279 177 347 219 17 304 1057 201 10 5 10 218 14 288 373 256 26 5 22 9 0 10 22 268 14 6 19 493 21 183 264 202 15 6 4 8 0 5 11 1 1 0 0 4 1 6 2 348 21 8 2 11 0 9 12 237 10 3 3 155 7 49 55 359 24 9 7 21 1 23 30 10 0 1 0 14 0 14 9 37 0 1 1 6 0 2 8 8 1 0 1 19 5 10 11 412 16 4 16 22 0 4 20 9 1 0 0 16 1 7 14 1548 41 12 25 22 3 22 126 326 5 3 5 254 6 44 101 267 294 8 286 14 13 11 419 7 2 0 2 5 18 2 89 7 16 1 14 0 0 1 7 4 4 0 4 7 14 0 66 1 6 0 3 0 0 0 4 2 0 0 1 0 1 0 0 8 20 0 6 0 0 1 9 3 4 0 1 3 6 0 5 404 728 6 202 14 17 18 269 6 5 1 1 8 12 6 68 12 21 2 9 2 3 1 8 21 15 0 8 14 43 4 71 398 302 4 89 13 12 8 86 6 1 0 3 9 5 1 14 486 373 1 81 14 14 4 118 129 78 3 9 65 98 16 166 0
3595 324 244 447 354 15 471 1375 345 14 9 29 390 13 436 877 249 34 8 34 11 2 18 48 300 31 14 30 475 26 280 371 192 11 10 9 10 0 1 11 4 1 1 0 9 0 2 3 319 24 3 14 10 0 20 32 274 14 3 3 215 14 73 90 220 15 7 13 35 0 29 46 17 1 0 0 25 1 22 20 15 1 0 1 0 0 1 3 6 0 1 1 19 1 4 15 289 7 8 18 22 0 14 28 13 2 0 1 27 0 7 16 842 32 8 28 42 2 38 154 329 9 1 9 235 15 91 197 364 359 3 459 24 7 15 770 8 5 0 3 2 15 5 168 13 24 0 20 2 0 0 15 4 6 0 9 6 25 1 94 6 13 0 3 0 1 0 4 0 0 0 0 0 1 0 0 18 34 0 5 1 1 1 9 2 8 0 0 3 6 0 11 285 506 9 290 25 25 41 355 8 7 0 3 10 16 6 82 10 15 1 7 3 3 1 11 10 15 0 4 18 57 9 136 260 177 1 81 17 11 6 90 3 1 0 0 7 12 0 9 388 245 2 93 9 13 12 203 63 58 0 5 61 97 7 208 3615 339 243 476 367 16 476 1392 340 15 12 31 398 14 439 873 235 33 8 34 9 1 16 48 289 30 14 29 455 27 284 367 191 9 10 8 8 0 3 10 4 1 1 0 11 0 2 4 307 24 4 13 10 1 16 34 269 17 2 3 218 13 72 96 227 15 7 14 33 0 28 45 17 1 0 0 25 1 17 20 12 1 0 1 0 0 1 3 8 0 1 0 19 2 3 10 290 7 8 17 21 0 16 26 14 2 0 0 29 0 5 17 801 33 5 33 45 2 37 152 319 9 2 10 216 13 82 199 360 373 3 471 25 11 12 774 7 4 0 2 2 14 4 179 10 25 0 21 3 0 0 16 5 6 0 8 6 24 2 90 7 13 0 3 0 1 0 2 0 0 0 0 0 1 0 0 17 32 0 5 1 1 1 13 4 7 0 0 3 7 0 12 284 506 10 294 24 22 43 366 8 8 0 2 10 17 7 100 10 18 1 6 1 6 1 11 8 14 0 5 15 63 10 141 251 177 0 85 17 11 5 91 3 1 0 0 7 12 0 10 375 237 2 91 7 14 13 207 59 59 0 4 55 96 5 205 3587 336 246 470 362 14 470 1384 340 19 12 28 399 15 434 866 235 35 8 36 12 1 18 48 291 30 14 31 462 28 274 362 194 9 10 8 8 0 2 9 2 1 1 0 9 0 3 6 309 22 3 15 10 0 16 34 272 16 2 3 210 14 76 99 226 15 9 15 33 1 31 44 16 1 0 0 28 1 18 21 11 1 0 1 0 0 1 2 6 0 1 0 19 1 3 11 297 8 9 14 23 0 16 29 13 2 0 0 25 0 5 16 817 34 6 31 41 2 33 153 327 7 1 10 226 13 84 198 368 375 3 472 26 11 13 757 9 5 0 1 5 14 2 174 10 27 0 20 2 0 0 17 7 7 0 9 5 24 1 93 6 14 0 3 0 1 0 2 0 0 0 0 0 1 0 0 15 36 0 4 0 1 1 13 3 7 0 1 3 6 1 10 285 517 9 291 24 23 42 368 10 7 0 2 11 16 8 94 10 19 1 6 1 4 2 14 7 14 0 4 16 59 10 137 257 181 1 82 17 12 6 93 2 1 0 0 7 13 0 9 377 248 3 87 7 13 13 199 63 62 0 4 52 96 5 212 0
2997 273 230 407 297 24 397 1077 401 17 5 22 299 15 340 567 228 36 8 42 8 1 16 42 297 24 10 40 345 20 173 272 216 10 12 4 11 2 3 11 12 0 1 0 12 2 1 6 335 35 5 12 12 2 21 30 359 18 1 11 154 9 51 87 295 12 14 13 26 0 32 50 24 1 0 0 16 1 27 16 14 1 1 1 1 0 1 2 11 2 2 1 14 0 11 13 355 19 8 12 26 2 8 44 16 2 0 0 30 4 13 10 968 54 9 51 43 7 43 178 540 18 8 15 259 11 117 286 452 376 9 387 24 19 13 613 29 13 1 7 9 16 6 157 16 28 0 18 0 0 2 23 7 7 0 11 6 17 0 76 11 17 1 2 0 1 0 9 1 1 0 0 0 1 0 0 27 41 0 11 0 2 1 28 5 4 0 0 2 8 2 12 343 460 16 333 28 31 47 333 16 9 1 5 7 17 6 79 16 16 0 9 4 2 0 16 4 14 0 15 17 37 8 124 388 280 1 82 24 15 5 126 3 2 0 2 7 5 2 13 688 346 11 121 25 12 16 300 145 72 3 22 66 124 20 303 2992 282 226 405 306 20 416 1179 402 17 9 31 326 15 347 623 232 35 7 34 12 1 19 44 284 23 12 41 349 22 174 303 206 9 13 3 13 1 3 10 13 0 1 0 11 2 2 4 314 34 7 13 14 2 20 28 352 24 3 10 151 8 55 94 294 10 18 16 25 0 29 49 21 1 0 0 20 2 28 24 12 2 1 1 2 0 1 0 12 1 2 0 15 1 9 9 347 20 7 13 27 3 9 43 15 2 1 0 35 6 14 15 918 56 6 45 43 4 32 176 528 18 6 14 244 11 115 285 457 380 9 396 24 22 12 657 26 14 1 6 9 18 9 162 10 29 0 22 0 2 2 24 9 6 0 9 6 14 1 78 7 14 1 2 0 1 0 7 1 0 0 0 0 0 0 0 22 40 0 14 1 2 1 28 6 4 0 0 1 9 2 10 325 425 18 327 26 29 48 349 12 6 2 7 4 18 7 82 15 13 0 8 3 1 0 16 3 8 0 15 13 37 9 126 371 265 1 81 22 15 5 150 2 1 0 3 7 7 2 17 626 337 7 106 26 15 16 305 130 73 0 15 61 106 19 303 3025 276 251 413 307 21 431 1256 403 18 13 24 314 20 346 672 217 32 13 31 9 1 19 47 271 22 12 39 339 22 174 318 207 11 10 3 12 1 5 16 12 1 2 0 10 1 1 3 301 34 5 12 13 1 18 30 336 25 3 9 155 8 53 97 272 13 16 16 27 0 34 60 18 1 0 0 22 3 25 20 8 2 0 1 2 0 1 1 11 1 1 0 14 0 12 14 328 15 9 12 30 2 13 40 12 0 1 0 31 6 10 15 861 52 8 47 41 3 37 169 487 15 3 16 244 12 127 280 448 379 10 386 23 19 18 693 23 13 1 5 11 24 5 211 13 33 0 18 1 0 2 26 13 5 0 10 4 16 1 101 11 16 1 3 0 2 0 11 1 0 0 1 0 1 0 1 24 38 0 11 0 1 0 27 3 4 0 1 1 10 2 14 318 414 13 323 21 27 40 351 13 4 2 3 7 18 10 91 13 16 0 7 2 3 0 16 3 9 0 13 14 41 8 145 337 252 0 85 20 14 5 140 1 2 1 2 14 7 1 14 611 318 7 109 23 14 18 314 124 67 1 16 61 108 18 287 0
2144 177 287 301 179 7 298 613 452 27 14 30 330 20 334 390 158 34 31 46 9 3 14 39 341 43 30 55 335 12 227 351 263 16 22 11 13 2 10 18 19 0 1 1 8 4 5 2 350 43 11 20 12 1 22 41 436 38 11 23 273 21 111 143 219 8 16 9 36 0 45 38 40 4 1 3 35 2 40 26 16 2 3 2 0 1 0 2 11 3 0 2 26 3 25 20 374 14 9 15 51 2 25 30 42 3 1 1 54 1 21 32 775 44 12 42 38 6 29 111 521 39 9 37 417 28 169 347 491 358 15 363 50 17 52 485 53 18 0 12 13 13 14 168 22 53 1 36 1 1 1 32 14 11 1 18 18 30 5 110 19 19 1 6 1 3 0 9 0 1 0 0 0 3 0 3 29 59 0 32 3 2 0 32 14 21 1 4 4 17 3 34 375 315 22 268 39 16 54 347 14 11 0 4 22 18 13 114 13 23 0 33 0 2 2 22 20 21 1 18 25 43 12 157 439 220 3 114 42 14 24 156 5 2 0 2 14 9 7 50 449 386 3 190 35 32 32 351 151 155 1 47 139 182 40 571 2156 165 276 292 176 9 309 588 462 30 15 29 332 20 333 377 157 35 30 45 9 3 13 44 343 44 30 50 338 14 226 358 260 14 21 11 11 2 11 18 17 0 1 1 13 3 5 2 353 41 11 21 14 1 18 36 450 41 13 19 269 23 117 138 218 8 14 12 36 0 46 38 41 3 2 1 37 2 43 31 16 2 2 2 0 1 1 1 13 1 0 2 32 4 25 19 382 11 9 16 53 1 28 32 44 5 1 1 54 1 16 29 779 43 13 44 41 6 27 122 538 38 12 35 420 36 170 356 489 372 17 362 50 15 46 469 50 22 0 10 12 13 11 161 20 55 1 38 1 1 1 29 13 15 1 18 18 31 4 112 17 16 1 7 0 4 0 5 0 1 0 0 0 2 0 3 29 59 0 30 3 2 0 34 16 17 1 4 3 18 3 36 375 312 24 265 38 16 54 348 11 13 1 6 19 19 15 103 11 24 0 33 3 1 1 20 20 21 2 19 25 37 14 155 443 214 3 109 39 12 25 150 4 3 0 0 14 8 7 39 453 389 4 184 38 29 30 364 154 151 1 48 146 176 37 578 2151 171 276 282 176 8 304 546 463 25 16 35 326 20 333 351 164 37 30 49 9 3 15 38 340 40 30 58 338 17 229 337 257 16 21 9 13 1 13 17 18 0 1 1 9 2 3 2 348 44 12 22 11 1 19 37 456 39 11 21 265 25 109 136 224 10 14 9 38 0 45 39 39 4 2 1 36 1 41 30 14 2 4 2 0 1 1 1 16 2 0 2 29 3 27 17 380 13 9 17 49 2 28 32 50 3 1 1 52 1 16 32 827 40 15 39 47 5 30 128 578 39 8 37 429 36 174 341 489 362 13 358 44 14 45 424 42 21 0 11 16 12 11 147 23 52 1 33 1 1 2 30 19 12 0 18 18 28 4 111 21 18 1 7 0 1 0 8 0 0 0 0 1 3 0 2 29 59 0 29 3 2 1 32 16 21 1 4 4 18 3 34 375 318 25 264 41 16 55 341 14 11 1 4 20 18 12 102 14 24 0 34 1 1 1 18 19 22 2 15 28 41 17 159 442 223 4 108 42 14 25 149 5 3 0 0 19 10 8 41 498 384 6 186 36 30 33 364 176 153 2 51 133 181 40 576 0
2057 188 244 285 171 14 300 710 613 38 32 44 333 15 480 660 192 31 11 40 12 0 16 51 346 54 14 56 284 16 188 353 200 13 8 14 13 2 11 12 13 0 1 0 14 1 4 7 311 35 16 33 11 2 15 53 392 37 6 18 209 14 88 170 160 3 17 12 43 0 50 42 30 2 4 4 33 1 39 52 13 3 2 0 0 0 3 3 16 1 4 1 16 4 21 35 277 24 11 18 64 2 20 41 41 2 0 1 44 3 23 27 667 50 12 59 57 3 62 181 535 43 6 39 304 20 149 457 614 293 16 336 39 14 30 598 53 33 0 11 21 21 11 221 41 49 1 37 4 0 3 31 13 20 0 19 9 13 4 108 26 17 0 7 0 1 0 6 0 0 0 1 0 3 0 3 38 59 1 19 2 2 2 31 7 18 0 3 3 13 3 33 333 248 15 154 34 14 51 336 18 6 0 9 18 15 21 89 15 20 2 12 0 3 2 31 19 17 1 6 16 43 10 141 389 162 3 69 56 17 26 166 10 3 0 2 20 7 17 50 619 377 13 158 50 27 34 426 181 107 4 27 83 141 48 525 2037 189 244 286 173 17 296 674 608 40 33 46 346 16 476 651 191 32 16 42 10 1 15 47 338 53 18 52 291 17 193 355 209 13 6 11 15 1 13 8 13 0 1 1 12 1 6 4 305 37 15 36 12 2 13 54 392 45 5 16 206 15 92 169 162 4 16 12 42 1 50 45 35 3 3 5 29 1 45 42 18 2 2 0 0 0 3 4 14 1 4 2 15 4 24 35 287 25 11 21 64 2 26 46 40 2 1 1 47 3 22 29 699 49 13 55 58 6 56 172 559 46 5 37 299 22 159 453 618 286 17 341 38 13 35 571 60 26 0 14 20 18 11 193 39 42 0 35 5 0 3 34 16 18 0 19 9 11 4 113 29 22 0 6 0 0 1 4 1 0 0 0 0 4 0 2 41 60 3 19 2 1 3 31 12 17 0 3 0 16 4 33 338 245 16 151 31 17 46 319 21 9 1 7 17 12 20 88 12 17 2 16 0 3 2 26 19 14 1 10 14 48 10 131 375 155 4 75 52 18 26 157 10 2 0 1 20 4 17 42 654 372 12 160 45 33 35 429 183 111 4 27 99 138 48 541 2028 168 248 276 163 16 293 631 597 37 35 34 329 21 446 579 203 33 15 37 12 1 16 46 348 46 16 47 288 18 184 361 235 16 8 11 17 1 14 15 17 1 0 0 11 1 6 8 325 39 18 33 13 3 15 53 389 36 6 17 213 13 90 157 168 7 13 13 39 0 54 38 31 3 3 6 32 2 46 38 11 3 4 3 1 0 1 5 15 2 5 1 17 4 27 33 287 20 13 21 58 5 23 41 36 3 0 2 41 6 22 21 739 52 15 44 57 4 55 175 595 37 10 32 326 26 162 449 584 282 23 322 34 7 33 542 61 26 2 15 21 16 12 182 35 45 1 32 5 0 6 28 23 22 0 18 14 12 3 111 27 16 0 8 0 1 0 4 2 0 0 0 0 2 0 5 40 58 1 19 2 1 3 25 12 20 0 3 1 18 3 35 339 248 22 160 31 17 49 317 18 9 0 6 14 14 24 75 15 25 2 17 1 4 3 25 21 18 1 7 21 49 10 137 404 165 5 74 45 15 20 148 18 3 0 2 20 10 14 48 693 387 11 155 49 30 35 419 224 128 3 32 115 143 50 562 0
2160 201 229 368 197 14 371 939 497 23 15 19 318 15 439 609 196 34 19 44 7 0 12 45 338 33 9 43 306 27 226 356 249 13 14 6 12 1 10 16 19 3 0 0 14 2 3 4 294 32 14 24 14 3 23 41 370 36 4 13 287 16 98 148 193 9 12 11 32 0 32 50 34 1 2 2 25 2 49 29 20 1 1 0 3 1 1 1 8 1 1 3 20 2 13 13 353 12 6 15 40 2 24 33 29 0 0 0 39 1 18 23 767 46 10 37 37 3 39 185 613 33 9 33 364 27 124 329 505 302 15 455 28 16 33 668 26 19 1 7 15 6 7 160 28 25 0 29 0 0 0 36 11 16 0 16 14 14 1 130 12 7 1 8 0 1 1 6 0 0 0 0 2 2 0 3 25 45 1 20 3 1 1 25 6 11 0 5 5 10 1 21 320 329 13 265 40 16 55 362 16 5 0 2 13 22 12 105 12 20 2 14 1 3 3 20 16 11 0 17 14 47 10 164 406 215 2 106 32 14 20 150 9 3 1 0 18 11 1 32 531 337 8 143 33 16 19 333 186 113 1 35 92 161 21 405 2190 202 229 359 207 14 396 992 490 25 14 18 347 16 447 656 195 40 13 39 9 0 15 46 338 34 13 47 332 28 237 375 243 10 12 8 13 1 9 16 18 1 0 1 17 2 3 3 269 36 11 21 10 2 26 39 368 29 3 17 278 16 105 165 188 10 12 9 28 1 31 45 37 1 2 1 23 2 43 31 12 1 1 0 1 0 1 4 7 1 1 3 22 2 15 16 311 13 7 12 38 1 24 37 33 1 0 0 42 3 15 21 715 43 12 41 39 3 45 183 580 35 7 32 347 30 122 331 497 303 19 459 31 15 39 709 20 22 0 10 23 9 7 168 21 26 1 30 0 0 0 30 9 15 0 17 14 15 2 143 9 10 1 7 0 1 1 6 0 0 0 0 1 2 0 2 28 41 3 22 3 0 0 29 5 12 0 7 4 9 3 26 312 318 11 261 36 16 57 376 14 5 0 2 13 17 14 112 14 16 1 13 1 5 2 22 14 14 0 14 19 46 12 160 386 211 3 105 32 14 18 148 11 1 1 1 16 12 2 32 482 324 10 144 31 16 20 325 164 99 2 25 88 154 25 410 2148 207 241 371 227 15 388 1038 495 26 18 24 352 17 458 704 172 32 14 40 11 1 11 51 309 34 12 46 296 31 214 411 257 15 21 9 15 1 11 19 15 1 0 3 16 2 4 6 274 32 10 22 9 3 25 39 338 28 1 13 253 15 107 156 167 10 16 8 22 3 31 48 27 1 1 1 23 2 41 29 11 0 1 1 2 0 6 4 10 1 1 1 19 1 12 23 299 11 8 10 46 2 24 28 28 0 0 0 47 1 16 25 649 37 11 34 37 3 40 191 543 29 7 27 318 26 132 321 498 320 19 479 31 17 43 774 20 25 2 12 22 13 10 212 18 27 0 32 1 1 0 37 10 13 0 16 17 21 2 156 10 12 0 8 0 1 1 11 0 0 0 0 2 3 0 3 26 47 2 22 4 1 0 27 7 13 0 8 5 7 2 28 298 314 13 274 36 21 49 405 17 6 0 4 16 15 13 120 15 21 3 13 1 4 1 24 13 11 0 14 14 51 14 168 370 210 2 114 27 19 23 151 9 3 0 1 17 18 0 31 403 310 9 151 29 20 18 326 155 100 1 31 91 147 24 421 0
2589 183 157 247 235 10 274 724 322 7 2 10 255 9 320 625 332 22 11 20 13 1 14 37 393 17 10 22 518 17 306 295 217 10 5 5 7 0 6 10 5 0 0 0 9 0 1 1 508 18 9 10 20 1 17 28 649 9 2 6 383 8 103 74 279 9 16 7 22 2 16 26 11 0 0 1 19 0 9 14 15 0 0 2 1 0 0 2 15 0 1 2 24 1 6 5 444 15 6 11 22 3 4 16 14 0 0 2 31 1 2 5 1860 32 6 19 34 3 23 98 1631 14 6 8 444 10 104 134 253 210 3 315 3 8 7 407 6 4 0 0 7 10 5 93 14 16 0 12 1 0 1 3 3 2 0 4 6 13 2 55 16 7 0 0 0 0 0 1 1 1 0 0 0 1 0 0 26 22 0 5 1 0 1 5 3 4 0 0 1 3 2 6 296 440 5 238 15 14 20 235 5 4 0 2 6 16 3 40 10 21 0 4 0 5 1 9 15 11 1 3 12 30 7 71 462 253 3 59 13 7 6 58 4 1 0 3 3 3 1 8 1008 383 10 73 15 15 16 112 203 87 3 9 96 90 17 150 2605 168 161 232 223 11 251 644 298 4 3 12 246 7 331 541 346 21 15 24 17 0 16 25 413 17 7 31 475 14 273 266 235 8 8 6 12 0 7 3 3 0 0 1 10 0 1 2 536 23 7 6 18 1 14 24 692 16 0 6 360 6 92 64 312 11 14 9 15 1 21 26 16 0 0 1 25 2 8 10 20 2 0 2 0 0 1 3 12 0 0 2 28 0 6 7 453 15 3 9 18 1 6 14 18 0 0 2 29 0 2 12 1940 31 11 18 49 4 28 86 1760 9 5 10 471 14 103 128 222 201 6 307 7 12 3 400 4 6 1 1 6 5 5 95 19 12 0 8 0 1 1 3 5 6 0 5 4 12 1 40 12 7 0 0 0 0 0 0 0 0 0 0 0 2 0 1 24 26 0 3 0 0 2 6 1 9 0 1 2 4 2 3 306 444 7 245 12 10 24 220 6 8 0 1 4 14 5 39 17 20 0 6 0 4 0 11 19 15 2 2 14 28 6 66 460 258 1 57 12 5 5 60 6 1 0 0 2 3 2 6 1031 382 6 66 23 13 13 114 219 82 1 10 81 104 15 147 2748 190 160 236 203 13 252 677 298 11 7 10 253 10 277 403 318 21 13 24 17 1 14 35 426 21 10 29 470 23 200 240 245 14 7 10 11 0 7 9 7 1 3 1 5 0 2 0 550 22 12 10 16 2 19 27 670 10 2 9 348 6 97 77 305 18 13 10 18 1 20 27 15 0 1 0 19 0 11 8 29 2 2 1 1 0 2 4 13 0 0 1 29 0 8 16 448 20 10 12 20 1 4 19 24 1 0 2 33 0 4 12 1750 40 11 32 46 5 39 140 1435 14 6 15 502 14 106 176 273 236 8 324 4 8 11 376 13 8 2 4 6 10 7 97 21 14 0 9 0 1 2 7 12 6 0 3 8 10 4 47 15 6 0 3 1 0 0 6 2 1 0 0 0 1 0 3 19 22 1 6 0 0 1 8 7 3 0 0 5 3 1 10 309 471 10 275 16 12 22 258 6 9 0 3 7 9 5 35 20 24 0 12 1 3 0 12 20 13 1 6 16 27 7 66 425 279 0 79 16 6 6 74 9 5 0 0 4 5 0 12 860 373 10 74 18 11 21 138 268 97 1 21 122 112 20 184 0
1953 154 299 289 160 8 299 483 472 28 15 39 331 10 352 423 156 44 26 41 3 0 15 32 320 39 17 56 355 22 304 368 360 28 17 18 24 3 20 29 24 0 0 2 24 3 6 8 331 42 9 11 14 2 23 49 469 47 6 22 314 29 130 166 173 7 30 16 38 1 48 45 27 2 0 3 44 1 41 29 6 1 5 1 1 1 2 3 17 4 2 1 29 4 23 22 362 6 14 14 46 2 29 40 33 3 0 1 47 1 23 26 549 42 16 41 34 4 28 113 424 33 10 18 436 26 141 343 505 315 23 384 37 13 26 497 42 15 2 7 19 24 12 179 36 49 1 37 1 2 3 42 17 14 1 21 12 27 6 148 30 19 1 3 0 3 1 7 2 0 0 0 2 2 0 4 27 50 5 20 4 2 1 31 13 25 0 5 6 18 3 42 322 280 31 260 44 23 40 353 12 18 1 4 23 23 16 125 7 32 2 28 2 1 1 31 23 27 4 23 27 66 21 217 462 338 6 128 55 27 22 173 10 5 2 2 17 26 4 31 475 361 6 164 39 21 19 329 153 158 2 34 145 241 44 600 1960 159 290 283 162 11 301 454 473 28 16 42 312 9 345 405 165 44 25 41 3 1 16 34 323 37 18 57 350 21 301 352 362 29 18 16 26 2 18 27 22 0 0 2 24 2 6 8 339 39 9 11 15 2 23 46 480 48 8 22 317 34 130 149 168 7 31 16 39 1 48 43 26 1 0 2 46 2 43 30 10 1 4 2 1 0 2 3 15 3 3 1 31 4 24 25 358 8 14 16 43 1 30 33 30 4 0 1 51 1 23 24 568 44 15 37 37 3 27 119 449 31 9 19 444 27 156 346 501 306 24 386 28 13 28 472 43 18 2 7 19 22 12 162 30 51 1 36 1 2 1 36 18 18 1 20 12 28 5 148 26 21 1 3 0 2 2 4 4 2 0 0 1 2 0 2 30 53 4 20 4 1 2 27 13 24 0 4 6 16 2 40 347 271 30 263 40 21 44 335 16 16 1 6 27 23 15 129 13 30 3 27 0 1 2 28 24 25 4 18 27 62 18 219 471 354 6 114 58 24 22 171 12 2 1 3 17 26 4 31 491 389 9 165 42 26 18 334 162 153 4 38 144 246 46 597 1956 144 284 273 160 11 285 404 463 27 16 38 301 7 347 362 164 44 25 41 3 0 16 34 330 39 21 57 347 23 301 343 382 28 20 18 23 2 19 27 20 0 0 0 24 3 6 8 343 44 12 13 14 3 21 52 473 43 10 23 312 27 128 141 180 7 34 17 40 1 49 41 29 1 0 2 45 2 40 23 11 1 5 1 1 0 1 4 18 3 2 2 32 4 24 27 373 7 17 19 45 2 28 33 31 5 0 2 48 0 20 22 624 41 21 42 36 5 33 114 487 32 11 22 447 30 156 337 514 296 23 369 29 10 33 408 41 16 1 10 17 21 12 148 39 49 1 36 0 2 1 35 24 16 1 21 10 29 6 139 27 19 2 4 0 2 1 4 3 1 0 0 1 2 0 2 29 51 2 17 4 1 2 36 12 26 0 6 6 15 1 38 330 269 26 264 43 20 44 337 14 17 1 3 28 26 15 126 19 31 2 28 1 1 2 33 25 27 5 22 32 62 18 222 472 352 7 120 53 23 23 160 14 5 0 4 18 25 5 29 546 382 9 166 41 23 18 320 194 178 7 36 167 248 48 605 0
3098 294 322 376 408 27 476 1127 364 28 20 27 495 25 593 804 261 23 21 37 18 4 16 47 301 26 17 49 567 31 557 417 194 30 12 8 21 4 12 12 9 0 0 2 15 5 4 8 257 24 17 19 22 2 19 42 243 26 3 17 216 19 101 136 185 12 19 11 23 2 36 44 17 5 0 2 27 1 32 23 7 2 1 0 2 0 3 3 6 0 1 3 27 3 28 24 210 12 8 15 36 3 13 39 15 2 1 5 33 5 14 20 444 27 7 24 29 6 32 128 289 17 5 11 222 16 111 256 360 317 14 329 25 38 35 546 36 11 0 11 21 14 9 230 13 24 0 29 5 2 2 30 15 14 2 12 7 22 4 119 17 16 0 6 0 4 4 7 1 1 0 0 0 3 1 5 17 36 1 10 1 1 2 29 7 14 0 5 8 23 1 40 234 366 16 249 26 37 30 307 11 11 0 7 16 19 24 137 8 16 0 14 2 6 1 27 6 9 2 12 19 67 15 191 263 293 2 77 20 26 11 125 5 2 0 4 13 15 8 29 229 212 5 86 12 16 7 255 71 51 2 26 68 123 23 405 3156 279 302 345 410 24 490 1105 367 23 15 28 496 17 624 816 265 29 25 37 25 2 13 45 315 30 24 46 609 33 526 439 206 36 18 8 21 3 12 20 8 1 2 3 13 6 5 6 264 30 16 18 23 3 24 44 265 30 3 11 241 19 107 143 201 9 15 8 29 2 35 35 20 4 0 2 26 1 36 22 7 2 1 0 3 0 6 7 8 0 3 2 22 6 23 24 176 6 6 12 32 4 11 38 16 2 1 5 35 6 19 20 490 26 8 21 32 7 28 134 291 20 8 13 251 12 105 267 362 277 8 303 29 28 38 520 30 10 0 10 24 15 7 211 15 23 0 29 7 1 3 40 15 11 1 15 5 24 6 113 18 20 2 5 1 4 3 6 1 1 0 0 0 3 0 5 12 41 1 9 1 1 3 25 8 11 0 4 6 21 1 37 232 326 17 239 28 31 32 274 13 6 0 6 22 16 24 110 7 12 3 16 3 4 0 26 7 11 4 12 21 81 15 197 271 293 3 79 17 30 8 108 6 3 0 1 14 20 9 35 212 195 5 82 14 14 6 246 68 55 1 21 60 133 28 412 3186 289 313 362 426 22 497 1068 386 22 15 27 500 22 587 662 281 20 16 35 22 4 12 43 303 31 31 42 583 29 500 435 206 32 19 11 20 3 13 17 9 0 1 2 10 3 7 6 268 28 21 21 16 2 19 47 257 24 2 8 238 20 115 145 185 9 14 7 18 4 38 42 19 5 0 0 23 0 41 29 6 1 1 1 3 0 5 4 6 0 2 2 24 3 31 28 202 13 12 9 38 5 14 39 20 2 1 4 34 4 18 20 490 29 10 15 36 8 25 136 285 16 5 15 225 16 105 267 374 308 13 314 32 25 34 428 37 15 0 14 20 17 5 202 14 24 0 26 4 4 1 35 14 9 1 14 7 21 11 112 18 22 1 6 1 3 2 7 1 2 1 0 1 4 0 5 17 38 1 14 1 1 3 23 5 13 0 4 3 22 3 41 229 363 17 273 29 30 34 296 16 11 0 5 22 19 20 112 10 13 0 26 1 5 1 25 8 9 4 17 14 80 14 196 268 307 8 81 24 30 11 117 6 5 0 3 14 19 9 29 226 205 6 93 13 18 6 246 77 59 2 24 74 143 20 434 0
4097 283 155 378 265 10 338 1177 255 13 0 7 264 5 299 436 262 22 9 22 15 1 9 34 258 17 7 28 375 25 157 236 164 9 2 6 6 0 9 3 6 0 0 0 2 0 1 2 356 35 1 8 9 1 10 28 306 14 1 8 249 8 49 65 374 15 2 8 33 0 25 32 10 0 0 0 17 0 7 9 11 2 1 1 1 1 0 2 15 1 0 0 16 3 5 7 428 12 6 17 17 0 8 16 16 0 0 0 28 0 7 10 1428 42 4 26 27 2 20 130 582 10 3 10 268 11 66 147 330 321 3 460 7 14 19 782 9 5 0 3 5 9 2 122 12 23 0 14 0 0 0 10 3 6 1 12 4 14 0 54 6 10 0 1 1 1 0 5 0 0 0 0 0 0 0 0 13 39 0 6 0 0 1 1 1 7 0 3 0 8 0 8 348 567 6 381 16 22 26 388 7 7 0 2 5 14 8 62 8 12 2 10 0 2 0 15 10 12 1 6 14 42 4 84 450 247 0 84 14 4 8 85 5 1 1 1 6 9 0 8 655 353 4 93 10 10 9 170 103 73 2 9 54 83 10 151 4098 270 148 365 253 15 328 1095 254 10 0 7 242 7 291 429 281 22 10 25 12 2 10 33 277 22 9 30 395 18 152 219 169 8 1 6 10 0 5 3 6 0 0 0 3 1 2 2 363 36 2 9 11 1 11 23 327 14 2 7 250 7 49 64 390 22 3 9 28 1 24 29 8 0 0 0 16 0 10 8 17 1 1 1 2 1 0 2 17 1 0 1 16 2 5 6 436 7 7 18 20 1 5 15 24 0 0 0 32 0 8 9 1488 49 6 24 29 2 20 137 617 10 2 11 283 12 73 150 332 299 9 417 9 15 15 738 18 4 0 4 4 4 8 118 12 21 0 13 0 0 0 9 4 7 0 10 4 12 0 51 5 9 1 2 0 2 0 4 0 0 0 0 0 1 0 0 12 37 0 8 0 0 1 6 2 9 1 1 1 7 0 12 361 543 7 354 15 23 31 365 10 5 0 2 7 13 6 57 10 12 4 8 0 2 1 9 9 14 1 7 16 40 5 87 453 242 2 89 15 2 10 82 6 1 0 1 6 10 0 12 688 354 4 98 8 10 10 170 107 72 0 7 54 87 9 176 4020 232 176 324 232 17 316 896 275 9 6 7 250 7 281 379 265 21 10 23 14 1 11 32 303 19 7 26 414 21 151 231 211 8 4 7 9 1 5 13 6 0 0 0 6 0 2 2 377 38 7 9 12 1 15 24 308 10 4 6 213 6 54 85 374 20 5 16 29 1 27 35 11 0 0 0 20 1 6 10 26 2 2 2 3 0 1 5 18 1 0 0 20 3 4 8 443 11 7 13 19 0 12 18 23 1 0 1 27 1 8 4 1659 60 5 33 37 3 31 176 638 18 5 8 334 19 77 179 328 293 12 359 12 22 14 540 19 6 0 3 10 10 2 116 15 20 0 12 0 0 0 11 5 15 0 14 3 15 2 62 8 6 0 3 0 1 0 5 0 2 0 0 0 0 0 0 18 33 0 6 0 0 0 4 5 6 0 1 1 5 0 15 419 510 13 271 18 25 19 321 13 9 0 2 6 13 5 62 14 17 2 10 2 3 0 15 19 15 0 7 13 45 3 92 435 226 5 95 17 1 7 94 8 2 0 2 10 5 0 9 670 391 8 127 12 12 10 183 171 72 0 10 65 106 12 198 0
3185 265 202 322 326 16 384 1038 360 6 4 23 336 6 436 668 289 33 8 30 11 1 9 39 314 20 13 28 550 18 286 319 193 13 5 4 5 1 8 4 8 0 0 1 6 0 1 2 358 36 4 13 15 2 15 28 410 15 0 2 372 4 87 83 261 13 8 12 23 0 25 33 7 0 1 0 24 0 18 16 22 1 0 1 1 0 0 2 8 1 0 1 18 2 5 16 349 10 5 9 24 0 7 23 14 0 0 2 31 1 9 10 1093 41 6 27 50 2 36 94 692 18 3 17 279 8 96 182 302 305 6 386 7 19 14 509 6 5 0 1 6 11 4 102 17 20 0 22 1 0 0 7 8 8 1 5 3 15 0 59 5 10 0 2 0 0 0 1 1 0 0 0 0 0 0 2 26 19 0 6 0 0 0 11 6 7 0 2 1 5 1 11 323 465 10 457 22 13 30 291 6 6 0 0 4 17 3 58 13 17 0 4 1 3 1 8 10 11 0 4 12 34 5 107 500 281 0 91 23 11 3 101 1 1 0 1 7 4 0 9 859 361 6 87 14 5 9 172 123 65 4 7 65 102 12 183 3163 264 216 317 334 20 372 958 355 7 9 24 314 11 435 659 290 32 6 25 16 3 7 37 320 18 15 35 578 18 298 283 208 11 8 4 9 2 6 2 8 0 0 0 8 0 1 3 370 26 5 10 16 3 14 29 433 15 3 3 375 4 86 78 257 13 10 11 22 1 27 30 8 0 0 0 25 1 19 13 26 2 0 0 0 0 1 1 13 1 1 0 15 1 7 17 340 15 5 12 31 0 5 20 13 0 0 3 29 2 10 8 1152 45 7 26 47 3 40 104 712 17 3 12 305 6 91 187 290 282 3 369 12 17 12 486 15 10 1 0 4 13 4 106 13 16 0 19 0 0 0 7 5 7 0 4 3 16 1 56 9 5 0 5 0 0 0 3 0 0 0 0 0 1 0 1 35 22 1 8 1 1 0 12 6 7 0 0 2 7 3 11 315 455 6 447 25 15 28 276 4 8 0 0 6 16 2 63 15 19 0 8 1 3 1 9 10 11 0 4 16 32 4 102 502 268 1 82 18 10 2 85 1 0 0 0 5 5 0 9 875 366 8 98 15 6 10 164 161 65 4 10 69 96 13 193 3148 271 251 310 307 24 364 833 371 4 10 20 321 8 392 566 284 30 11 21 13 2 11 43 313 18 11 29 497 23 279 295 242 9 10 11 7 2 8 5 7 1 0 0 4 0 5 6 379 31 10 15 21 3 12 27 430 18 2 9 348 7 99 76 253 22 14 12 22 1 26 33 9 0 0 0 18 0 20 14 27 1 0 0 0 0 1 1 18 1 1 0 19 0 8 18 351 11 6 11 28 0 12 24 13 1 0 2 29 1 6 4 1158 56 8 35 53 5 45 116 646 18 5 13 334 16 114 177 290 302 11 336 9 20 10 422 28 9 0 1 8 22 5 141 12 21 0 23 0 0 0 15 12 7 0 4 6 20 1 87 11 8 1 5 0 2 1 2 0 0 0 0 0 2 0 0 29 23 0 10 1 0 0 10 7 6 0 0 5 5 1 17 306 486 11 372 26 18 26 261 10 10 0 1 8 13 2 77 17 17 0 7 1 2 1 14 28 12 0 4 19 46 7 122 464 261 2 101 19 10 2 99 3 1 0 0 8 3 1 13 820 357 7 108 20 9 9 173 248 79 3 13 89 128 12 229 0
6361 309 107 335 321 15 312 1198 193 6 7 6 314 1 278 337 358 17 4 18 2 1 5 30 301 11 9 23 492 7 168 252 137 6 2 2 5 0 0 7 5 0 0 0 5 0 2 1 377 15 2 3 13 0 8 11 263 7 2 1 188 4 30 52 478 7 4 6 16 0 16 38 9 0 0 0 4 0 3 2 12 0 0 0 1 0 1 1 7 2 0 0 18 3 5 4 430 6 2 5 15 1 2 16 7 0 0 0 25 0 3 4 1575 28 2 20 28 1 21 117 462 4 0 5 243 8 41 88 177 311 1 331 8 10 11 471 5 2 0 5 4 10 3 66 5 15 0 6 0 0 0 4 1 2 0 4 3 5 0 24 3 6 0 2 0 0 1 0 0 0 0 0 0 0 0 3 2 21 0 3 0 0 1 7 3 2 0 0 0 4 0 1 373 666 7 241 8 19 20 279 0 0 0 0 4 9 3 46 7 15 0 5 0 0 0 5 6 11 0 3 10 45 5 58 333 208 0 37 5 4 3 57 2 0 0 0 1 5 0 7 397 283 2 44 0 5 7 95 48 41 0 2 37 52 5 94 6333 306 106 303 312 15 300 1051 173 7 5 7 292 2 244 330 372 16 2 21 0 1 6 21 320 11 13 21 486 10 177 220 143 5 2 3 3 1 0 3 3 0 0 0 3 0 1 3 403 21 1 3 12 0 7 12 268 11 2 2 196 2 31 42 491 8 4 4 21 1 17 28 7 0 0 0 3 0 2 5 12 1 1 1 1 0 0 2 6 1 0 0 17 3 3 7 465 5 4 6 13 0 3 18 10 0 0 0 21 0 5 4 1782 27 1 17 27 1 18 87 522 5 0 4 263 7 45 75 173 283 1 309 6 5 12 470 6 1 0 3 4 7 2 62 5 15 1 9 0 0 0 5 1 1 0 4 1 4 0 21 4 3 0 1 0 0 1 0 0 0 0 0 0 0 0 0 6 26 0 4 0 0 1 4 3 1 0 0 0 5 0 5 382 662 8 228 8 21 18 253 1 1 0 2 4 12 3 41 6 17 0 2 0 0 0 7 4 10 0 3 13 48 3 61 344 208 0 45 4 3 3 48 2 0 0 0 2 2 0 6 439 319 2 35 2 9 5 87 51 46 0 4 33 59 3 103 6374 292 117 286 289 13 286 925 169 5 4 6 275 3 228 255 385 15 4 17 4 0 6 24 353 15 13 21 503 14 171 220 164 9 2 2 6 0 5 7 5 0 0 0 8 0 2 0 421 14 1 5 10 0 9 11 282 8 4 2 195 2 32 43 487 5 3 7 12 0 16 30 7 0 1 0 7 0 4 6 22 1 0 0 1 0 1 0 9 1 0 0 22 3 3 6 446 7 3 6 15 0 6 12 7 1 0 0 21 0 2 3 1819 32 3 23 37 3 23 104 466 6 2 3 301 8 56 96 175 262 6 263 7 4 9 370 11 4 0 3 5 7 2 71 9 15 0 8 1 0 0 3 3 1 0 3 3 5 1 31 7 3 0 3 0 0 1 3 1 1 0 0 0 0 0 0 0 25 0 6 0 0 1 4 5 2 0 0 0 4 0 6 410 659 10 224 11 23 18 204 2 1 0 2 6 10 2 43 7 21 0 5 0 1 0 8 11 15 0 3 11 47 3 60 360 213 0 45 3 1 4 50 3 0 0 1 2 8 1 5 456 346 4 43 4 6 5 88 76 56 1 6 45 71 5 119 0
2739 178 237 205 113 9 159 801 464 28 22 35 163 10 237 573 142 15 33 18 11 1 7 26 181 15 35 29 230 15 679 226 239 25 13 9 22 1 11 10 6 4 0 1 22 3 6 9 205 20 18 9 7 0 13 30 249 23 11 16 261 17 114 100 109 14 22 12 17 0 19 34 25 4 3 5 16 2 15 29 15 1 7 2 0 0 1 2 19 0 4 4 20 0 39 15 170 12 10 16 16 0 12 31 32 3 0 3 18 4 16 30 799 43 18 31 36 4 37 263 877 25 6 23 220 27 115 402 488 203 18 282 44 20 42 927 85 12 3 8 14 13 9 239 32 22 2 21 3 1 4 33 11 10 1 11 11 10 8 88 33 31 1 7 0 5 0 7 2 2 0 1 2 5 0 6 47 23 3 15 1 1 8 27 4 11 0 6 7 10 5 47 197 250 14 320 19 19 25 232 15 9 2 7 16 21 21 109 19 20 0 18 0 1 4 19 16 12 4 18 21 53 23 155 316 524 9 153 24 24 9 114 10 11 0 4 22 19 8 40 942 261 13 117 26 18 25 454 206 97 6 55 109 188 44 541 2755 158 243 207 122 25 166 795 497 28 14 37 182 12 251 623 150 18 33 27 16 2 14 33 169 15 32 34 237 15 683 217 234 33 16 7 18 2 10 12 10 3 0 1 18 3 3 11 208 22 12 16 5 0 9 37 287 29 5 10 268 16 98 105 115 13 22 16 14 1 29 26 36 3 4 3 15 2 19 31 20 1 5 1 0 0 0 2 16 2 6 2 23 1 35 16 175 14 12 17 19 1 10 33 28 1 1 7 23 5 13 29 716 37 17 27 37 9 44 292 838 27 6 32 233 25 116 419 485 199 20 266 37 21 34 921 91 17 1 5 18 17 11 238 30 18 3 20 4 3 3 27 12 8 1 9 7 20 4 91 26 36 0 6 1 1 0 7 0 1 0 0 1 5 1 2 42 20 3 12 2 3 6 24 10 11 0 6 7 11 5 46 185 259 8 326 19 20 24 215 11 11 1 11 13 21 19 104 24 13 1 26 0 0 3 23 13 15 5 13 25 43 29 149 314 499 11 146 27 30 6 113 18 11 0 3 14 23 12 37 900 255 11 113 21 22 24 452 201 93 4 46 89 190 56 538 2654 153 257 209 124 23 186 845 442 19 20 31 169 10 255 598 148 20 30 24 11 1 11 39 178 15 33 34 237 17 674 220 248 39 21 6 18 0 11 15 10 3 1 2 17 4 5 8 211 22 16 13 6 1 11 27 251 24 12 9 263 17 104 105 123 13 23 10 14 0 13 30 31 2 3 0 8 2 19 34 21 0 5 1 1 2 2 1 16 2 7 3 23 0 39 23 184 11 9 16 18 0 13 40 33 4 0 2 20 3 12 29 749 30 27 34 35 8 49 279 816 30 6 31 209 30 115 383 434 195 17 282 44 19 30 957 114 17 1 8 18 26 10 250 25 17 1 23 4 0 5 27 20 6 2 11 4 19 6 98 27 29 0 5 1 3 2 9 1 1 0 0 1 5 0 6 35 25 3 9 1 3 6 25 12 10 0 6 6 12 2 52 185 252 18 304 20 14 21 221 15 11 0 9 23 19 15 108 14 17 3 21 3 2 1 16 28 13 7 14 20 57 26 166 322 524 10 139 22 25 7 123 16 8 0 5 21 26 9 41 881 265 11 117 24 24 25 422 236 97 5 45 96 194 50 601 1
1975 228 327 299 107 21 220 946 235 15 9 10 182 13 271 559 110 16 25 22 4 0 13 21 167 20 28 19 311 22 685 227 344 25 26 13 11 2 8 8 4 2 0 0 21 1 5 5 255 32 12 9 10 4 7 27 212 18 3 5 413 27 126 82 147 9 19 8 12 3 28 28 15 1 0 2 22 1 22 21 13 2 1 0 3 0 2 3 8 1 3 2 26 1 35 12 286 10 11 19 31 2 11 33 23 0 0 2 13 2 5 12 1079 35 12 38 18 4 29 158 594 23 5 11 231 13 61 191 404 278 13 415 16 10 17 1010 42 13 1 9 17 11 6 277 13 22 1 17 0 1 0 16 11 12 0 7 10 12 5 97 14 24 1 10 1 0 1 9 0 0 0 1 1 1 0 5 17 19 0 6 1 2 1 14 9 13 0 3 6 17 1 22 245 427 12 606 24 25 21 303 7 9 2 4 6 19 14 122 17 28 3 28 0 2 1 17 7 19 3 18 16 74 26 240 346 643 4 172 23 46 11 138 9 9 0 1 9 23 5 30 974 307 5 108 18 26 16 276 253 120 4 31 89 232 17 416 2093 225 342 284 122 26 198 875 252 18 7 14 199 8 289 628 126 11 24 26 3 2 15 26 171 22 35 21 312 18 690 220 331 24 24 16 16 1 6 17 8 1 0 0 17 1 8 3 234 31 11 16 6 2 8 28 225 14 2 6 387 25 132 81 151 11 26 6 14 0 25 29 16 1 0 3 20 2 22 27 24 3 1 0 5 0 0 6 12 0 1 1 17 0 34 15 268 14 7 18 36 0 11 33 22 1 0 1 14 2 5 12 1033 40 11 33 19 3 22 191 622 22 5 11 222 15 52 206 377 287 16 421 21 10 21 1038 47 12 0 9 12 14 6 262 12 22 0 18 1 2 0 18 13 10 0 6 7 15 7 95 13 26 1 12 0 0 2 5 2 0 0 1 0 1 0 3 15 21 1 8 0 2 0 12 1 12 1 0 5 16 0 25 248 450 13 615 18 31 16 328 13 12 2 6 6 17 11 107 10 20 1 28 0 2 2 14 10 25 1 25 19 84 26 244 347 648 5 148 21 40 10 130 12 7 0 0 7 26 3 30 894 331 1 112 16 18 13 268 213 89 2 26 80 228 19 386 2404 215 346 264 110 19 214 885 243 16 7 16 196 14 281 599 123 11 30 26 4 1 9 26 173 18 23 17 317 24 674 206 329 26 29 18 15 1 8 11 7 1 1 0 14 1 8 6 243 30 16 11 7 3 9 39 235 11 5 6 392 24 129 78 137 5 25 10 12 2 32 32 14 0 0 4 20 1 16 21 10 2 2 1 4 1 1 3 15 0 3 2 17 0 37 14 264 7 9 18 33 0 11 37 23 0 0 3 14 2 4 16 948 30 9 38 18 3 24 161 616 19 5 10 237 14 57 205 360 273 18 426 18 10 23 954 46 14 1 7 11 24 4 262 10 22 0 15 0 2 1 17 9 12 0 7 6 21 8 122 11 24 1 10 0 1 1 4 1 0 0 0 0 2 1 4 12 24 0 10 0 1 0 13 5 12 0 1 2 14 0 24 237 448 14 581 17 27 17 323 9 9 1 7 8 24 11 130 15 28 1 26 0 6 1 21 19 25 0 20 26 97 21 266 346 633 5 150 23 35 8 132 9 8 0 1 4 32 2 28 859 333 4 89 20 20 16 263 185 103 2 32 86 251 24 383 1
2284 148 398 193 273 18 341 725 486 23 17 28 371 18 406 723 209 9 35 14 26 2 20 43 279 23 45 28 867 46 710 356 290 45 36 9 67 9 16 16 14 3 1 1 70 11 11 8 216 17 17 12 17 0 19 31 308 22 10 14 755 79 190 157 120 8 53 8 17 2 24 24 36 4 3 3 35 2 26 24 17 1 10 2 1 0 0 5 10 2 6 3 21 3 30 20 137 7 10 10 26 1 13 23 34 5 3 5 37 2 10 27 332 22 6 17 23 1 28 167 441 30 3 23 261 27 99 415 367 157 20 264 33 7 37 511 56 13 0 5 17 13 15 114 25 21 3 23 3 3 3 34 16 11 1 15 11 29 8 139 14 23 1 5 0 3 0 13 1 0 0 2 0 11 1 6 27 36 2 13 5 6 8 36 11 14 1 8 10 55 12 66 133 271 68 647 26 17 33 236 8 11 0 7 8 26 15 64 15 13 6 58 2 6 5 23 9 15 14 55 22 96 32 322 134 318 12 102 19 22 15 80 1 8 0 2 11 30 4 39 281 153 10 85 28 17 27 270 80 86 3 58 68 260 49 605 2503 157 404 207 311 29 330 748 503 22 20 24 365 19 363 677 210 14 37 18 23 3 23 47 258 24 47 40 655 50 700 324 281 41 33 11 72 9 13 10 19 2 3 2 71 7 14 10 202 17 19 10 18 0 22 33 288 25 10 15 719 77 158 159 124 8 47 8 15 6 28 24 27 3 4 5 30 2 28 22 15 2 11 0 1 0 2 7 12 0 3 3 28 3 37 19 150 6 9 11 28 1 12 23 37 5 0 5 32 3 14 31 345 30 9 20 28 1 25 177 429 28 8 25 249 34 99 395 372 157 20 256 39 15 44 531 52 9 2 3 15 15 13 130 31 17 3 26 5 6 3 38 12 10 1 15 6 32 14 140 12 30 2 8 0 3 1 8 1 0 0 2 1 7 1 5 30 26 1 12 5 6 8 37 13 26 1 7 13 65 16 63 120 277 69 650 20 19 39 221 16 8 1 11 10 22 21 69 19 13 6 54 0 5 5 26 5 17 11 49 21 109 36 333 135 309 10 101 15 26 10 86 3 4 1 3 15 27 6 37 292 147 8 86 21 16 23 268 88 82 3 47 77 259 52 605 2499 164 407 202 288 21 305 741 473 24 20 26 344 19 349 641 209 13 34 17 21 3 22 39 242 20 46 37 667 52 680 315 293 41 29 15 72 10 17 15 16 4 1 0 75 8 16 10 197 17 16 12 17 0 18 34 285 21 12 12 728 79 160 147 123 6 56 8 14 3 26 26 33 4 2 4 28 2 28 25 13 2 10 1 0 0 1 6 15 0 8 4 28 0 40 15 158 8 13 14 23 2 13 28 35 3 1 7 37 2 8 26 331 28 6 18 32 2 23 185 423 34 6 20 239 31 101 379 358 158 21 265 44 13 34 568 68 11 0 10 14 20 12 120 32 19 5 22 4 6 4 27 13 8 0 14 6 33 9 149 14 29 1 6 0 5 1 10 0 0 0 2 0 8 2 7 25 24 1 15 6 4 7 35 10 17 1 12 14 61 12 64 130 340 71 681 22 23 35 235 15 14 0 8 12 22 15 82 14 25 8 55 1 6 5 21 7 21 10 52 22 107 36 323 127 328 9 98 14 27 13 80 6 5 1 2 13 31 6 40 301 167 8 84 23 15 27 282 87 92 5 39 87 260 44 621 1
5042 173 207 236 143 32 177 959 367 34 10 22 182 16 155 344 149 8 11 12 9 3 11 31 195 14 17 20 328 19 225 173 192 11 12 10 8 3 11 16 19 1 0 0 13 2 7 8 185 19 7 12 8 1 10 37 195 18 7 20 191 10 71 92 448 13 6 3 12 0 21 28 40 3 1 3 15 1 15 20 19 1 1 1 0 0 2 2 10 1 1 1 22 3 12 20 360 16 11 12 22 1 10 26 42 8 0 4 22 2 12 30 872 33 11 37 25 3 24 247 544 40 5 45 220 6 85 336 442 210 25 228 55 16 54 904 52 15 0 10 22 14 10 196 25 13 0 29 5 1 6 44 15 18 0 11 10 13 15 84 11 20 1 5 4 1 2 7 2 1 1 0 0 4 2 3 31 28 0 13 1 0 2 38 9 9 0 3 4 9 2 41 297 649 12 173 11 11 29 215 12 6 1 5 15 17 4 72 11 17 2 5 1 1 3 20 15 14 4 9 11 78 17 130 327 244 11 68 20 19 9 85 8 5 0 3 7 11 7 25 326 278 8 93 14 18 19 346 104 69 3 38 83 138 26 473 5041 169 176 229 145 14 182 955 382 34 8 21 187 14 152 362 164 9 12 17 9 2 8 32 210 15 14 26 376 19 227 183 209 13 9 12 7 3 10 13 17 0 0 2 15 1 5 4 195 16 9 11 4 2 8 33 195 19 8 17 190 14 68 97 436 15 12 6 17 2 22 24 40 5 0 2 17 0 17 19 13 0 1 1 0 0 3 3 14 0 1 4 20 2 10 23 354 11 9 13 18 1 12 25 47 11 1 5 25 2 10 33 930 33 10 38 25 2 24 236 553 36 8 45 237 11 86 325 431 190 25 231 55 14 47 960 47 10 0 9 19 23 6 167 25 14 1 24 3 3 7 37 18 19 1 10 10 10 8 77 13 16 0 3 2 1 4 7 2 1 0 0 2 3 2 2 26 26 0 10 2 0 1 46 11 9 0 5 3 9 2 41 294 571 11 174 14 7 29 221 14 5 1 4 15 9 9 72 13 17 2 4 1 2 2 15 10 14 3 8 13 68 14 111 315 255 8 77 26 13 11 74 6 4 0 4 9 9 5 23 338 274 7 85 14 23 22 334 115 71 4 46 86 137 29 478 5178 173 192 213 138 23 168 966 370 26 13 18 186 9 133 353 149 7 8 17 11 1 11 30 214 16 13 23 345 18 211 170 207 12 13 7 12 2 12 14 19 2 0 2 13 1 7 5 186 12 9 11 4 3 8 39 198 18 5 18 197 13 65 86 431 12 4 6 14 0 16 28 45 2 1 3 17 0 14 19 9 0 1 1 0 0 4 2 10 2 1 0 23 3 9 19 344 12 10 9 13 0 13 31 48 6 0 4 16 3 12 31 970 33 10 38 25 3 31 247 583 40 7 46 247 8 90 336 442 198 21 235 51 17 51 895 56 17 0 11 20 25 6 119 25 14 1 26 6 1 6 45 19 20 0 11 10 11 11 72 13 19 1 6 3 0 3 8 0 1 0 0 0 4 2 3 27 32 1 7 3 1 3 40 11 15 0 3 2 10 1 41 292 552 14 162 13 10 23 220 12 6 1 2 10 14 8 66 14 17 2 8 1 0 2 13 23 13 3 12 14 61 12 114 302 233 7 75 19 15 11 77 7 6 0 4 11 11 6 25 359 266 9 103 18 22 17 349 116 71 5 37 88 138 29 487 1
1228 126 169 248 144 13 247 1087 235 11 9 22 206 13 354 860 132 14 8 18 15 0 5 28 245 16 5 20 417 15 497 313 122 11 6 4 8 1 6 15 9 1 0 2 10 0 8 3 247 18 3 6 9 1 12 26 465 9 4 6 364 9 127 84 103 9 5 6 17 0 16 22 15 0 0 0 17 0 15 9 12 0 0 2 0 1 3 2 13 0 1 1 11 2 8 8 158 8 6 5 10 1 1 17 18 0 1 1 17 0 5 15 772 20 7 22 24 2 13 87 1368 16 3 14 349 14 126 161 162 218 12 499 17 11 16 1029 17 8 0 3 7 11 8 251 9 13 0 9 0 0 0 14 10 2 0 6 4 13 2 63 2 11 0 3 1 0 1 7 0 0 0 1 0 1 0 4 19 19 0 8 0 0 1 11 4 8 0 1 1 7 1 17 197 292 11 495 10 17 26 384 10 5 0 3 7 12 2 80 11 15 2 13 0 0 1 12 12 11 1 6 13 30 8 93 245 260 2 104 16 8 4 77 4 2 1 1 9 8 1 15 419 211 3 77 12 10 6 122 196 70 4 28 86 69 26 208 1233 145 179 262 153 14 242 1124 250 13 11 21 223 9 342 807 137 14 13 18 11 0 6 24 227 15 10 19 405 19 491 278 128 10 8 4 9 1 4 8 9 0 0 1 8 0 5 7 228 15 4 3 9 0 7 23 459 13 3 6 373 15 127 84 99 7 5 6 16 2 21 26 17 1 0 0 16 0 15 10 9 2 2 0 2 0 2 1 12 0 1 2 11 4 10 14 160 7 6 7 11 1 3 16 20 0 0 0 15 0 3 17 751 23 7 17 30 2 17 71 1328 12 2 14 345 11 112 167 183 222 10 518 18 13 16 1117 13 11 1 3 8 11 5 254 13 13 0 16 0 0 0 10 5 8 0 5 4 9 2 74 5 12 0 1 1 2 1 9 0 0 0 1 0 1 0 4 22 14 0 7 1 0 1 14 8 5 0 2 1 7 2 13 177 272 9 481 11 17 18 385 8 4 0 3 7 16 4 84 14 14 1 9 1 0 1 13 10 13 1 8 10 30 12 93 247 244 1 104 12 10 3 76 1 1 0 4 7 6 2 13 422 226 6 79 9 6 6 144 199 63 4 17 91 66 26 209 1349 140 178 255 141 16 245 1082 247 14 10 19 219 8 325 764 116 12 14 19 11 1 10 27 216 9 7 20 340 16 440 272 133 14 6 6 6 1 10 9 9 1 0 0 6 1 5 7 215 17 5 5 13 1 17 31 438 18 3 7 326 8 122 92 104 7 8 7 13 2 17 23 15 1 0 0 10 0 14 15 14 0 0 0 0 0 1 2 16 1 0 1 9 2 8 20 166 9 7 9 7 2 6 29 14 1 0 0 18 0 3 15 693 16 12 22 21 2 20 94 1232 17 2 16 328 18 94 166 199 225 11 556 14 16 24 1125 22 12 0 5 8 14 1 273 15 19 0 13 0 0 0 12 8 4 0 5 5 11 4 81 6 9 1 2 0 3 2 7 1 0 0 1 2 1 0 4 13 18 0 8 0 0 0 13 5 7 0 1 2 11 2 13 181 311 10 517 12 15 19 405 15 6 0 5 8 19 7 86 7 16 1 12 2 3 0 15 8 13 4 10 14 23 10 91 254 259 2 112 11 9 5 88 7 1 1 3 6 8 1 16 465 213 2 90 12 11 8 146 190 69 3 22 84 73 27 220 1
1173 157 230 388 125 13 320 691 169 17 5 7 246 9 765 825 141 15 13 19 7 1 14 11 273 17 14 35 601 24 1028 489 224 17 7 6 11 1 7 7 8 0 0 1 6 1 6 2 343 22 10 9 6 0 12 12 441 23 1 4 472 9 168 69 124 7 9 13 6 1 17 24 14 0 0 1 19 2 34 21 6 0 0 0 1 1 1 2 8 0 1 0 30 1 24 14 281 15 8 10 21 2 7 16 6 0 0 1 20 0 7 12 698 16 3 16 22 1 10 41 505 11 1 12 366 9 115 107 187 311 9 522 4 5 9 527 10 9 0 13 7 8 4 220 13 28 0 14 0 0 1 6 3 14 0 8 3 13 3 101 9 18 0 3 0 0 0 4 0 0 0 0 1 0 0 1 19 26 0 7 0 1 1 3 7 4 0 0 4 4 1 23 289 683 9 593 30 40 25 398 3 4 1 5 15 15 8 148 10 30 1 15 0 1 1 6 5 12 0 8 17 33 10 152 727 1049 4 189 29 23 10 136 5 4 0 2 16 15 1 34 849 514 5 86 17 17 12 118 207 106 2 21 131 125 25 203 1179 168 222 386 130 8 303 705 172 11 5 13 238 12 720 870 162 13 16 22 13 1 11 17 287 17 17 25 595 24 1054 490 208 17 12 7 15 2 7 4 9 1 0 1 10 0 7 4 336 26 10 6 11 0 8 14 426 20 3 4 494 9 194 71 121 9 10 11 7 0 20 24 12 1 1 1 22 0 37 20 7 0 0 1 0 1 1 3 6 0 3 1 29 4 25 13 292 13 9 11 23 0 11 19 9 0 0 1 20 0 2 10 701 15 5 9 22 2 11 42 551 9 2 11 360 8 108 120 167 309 8 509 7 8 10 500 10 5 0 15 6 9 7 223 11 22 1 8 1 0 2 6 6 15 1 5 6 15 7 84 9 14 0 7 0 0 0 1 0 0 0 0 1 0 0 3 19 28 0 3 0 1 0 5 9 6 0 0 4 2 1 24 266 662 11 597 28 35 24 385 9 3 1 3 19 18 6 160 7 29 1 15 1 1 1 7 7 9 1 4 16 28 10 133 739 1024 7 182 31 21 10 132 7 3 0 2 17 11 3 35 869 515 4 86 14 13 11 120 205 103 0 19 129 121 27 199 1148 166 250 400 119 20 300 706 162 12 14 18 248 13 680 784 141 15 19 27 7 0 15 19 272 13 20 28 524 17 920 489 269 16 6 8 15 1 9 6 10 2 0 2 11 1 5 4 341 31 11 12 11 0 13 14 416 12 4 6 477 11 159 86 100 9 14 11 8 1 15 26 12 0 0 1 23 1 40 26 11 0 1 0 0 1 1 1 10 3 2 2 25 0 35 22 296 11 9 15 20 3 12 20 9 0 0 0 20 1 5 6 632 18 7 9 27 1 14 34 454 11 5 9 319 13 108 117 211 324 13 508 7 11 16 552 11 6 0 11 12 15 7 258 11 36 0 12 0 1 1 13 8 10 1 8 8 19 7 112 16 21 0 10 1 2 0 4 0 1 0 0 1 0 0 1 20 20 0 7 0 5 1 5 11 4 0 1 3 3 4 26 302 660 14 584 22 33 28 431 5 6 0 10 19 19 10 157 13 36 1 9 2 2 1 4 9 15 0 13 21 47 10 136 674 1041 5 220 32 34 11 153 4 4 0 4 22 16 4 47 768 501 3 101 18 12 11 121 211 121 1 26 156 149 30 268 1
3395 156 253 225 113 13 205 806 315 20 13 28 161 13 313 759 135 16 28 25 5 0 10 20 173 20 43 19 368 15 759 293 225 33 18 9 23 1 5 16 17 0 0 1 18 3 6 5 175 22 13 11 5 1 11 24 209 23 6 7 434 23 155 89 142 6 26 9 10 0 25 37 21 1 0 2 14 3 24 34 11 0 1 1 2 1 1 2 14 3 3 1 13 1 25 26 201 17 6 12 21 3 14 30 22 0 0 1 15 0 10 23 597 29 13 29 22 1 19 154 514 35 9 15 241 18 102 246 394 226 13 331 26 17 26 679 40 17 1 7 12 14 7 259 24 15 0 26 1 0 1 21 10 13 1 14 11 17 4 112 15 29 1 12 1 3 0 5 0 1 1 0 2 2 0 5 23 25 0 13 1 2 1 20 4 5 0 4 2 12 1 34 216 364 20 441 16 18 19 289 18 8 1 3 8 15 13 150 12 15 0 18 1 1 3 21 9 11 0 14 25 50 26 204 313 698 9 139 19 45 9 132 15 5 0 1 19 20 5 50 797 272 5 116 26 19 10 314 196 96 4 52 77 196 32 458 3508 173 256 238 131 15 203 731 350 21 21 32 166 14 299 758 126 18 24 28 4 2 8 22 169 25 36 24 314 17 771 283 217 25 23 9 21 3 5 15 16 0 0 0 27 5 8 7 180 25 12 15 3 2 9 23 213 27 10 8 456 24 152 103 127 9 25 11 10 1 24 37 19 2 0 2 19 5 31 32 12 0 0 1 1 0 0 2 13 2 3 0 13 0 28 21 203 16 10 8 23 1 15 36 18 3 0 0 19 0 13 27 541 24 15 31 20 4 17 181 499 27 7 13 226 20 92 260 427 216 14 333 23 13 22 685 47 20 1 9 11 16 9 239 28 20 0 28 0 0 1 23 15 9 1 13 10 18 5 116 11 40 2 14 1 3 0 3 0 3 0 0 1 1 1 5 27 19 0 13 0 2 1 25 3 6 0 3 5 16 4 32 207 346 15 430 17 19 20 311 11 11 1 5 8 20 17 146 11 19 3 18 0 0 1 15 12 11 2 11 22 48 14 215 291 676 8 135 18 45 15 129 10 4 0 4 18 16 7 46 769 261 7 119 36 14 13 336 178 88 3 35 81 201 31 462 3466 150 263 233 113 16 204 768 327 26 17 28 162 15 281 753 124 15 29 24 5 1 9 24 170 27 32 18 327 18 775 294 226 29 19 13 19 3 5 14 19 1 0 0 17 2 9 8 183 27 9 14 5 0 9 25 218 23 9 9 448 22 161 88 126 4 22 9 10 0 23 33 16 3 0 2 17 2 26 33 19 0 4 0 0 0 2 3 13 2 3 0 14 0 22 27 209 15 8 11 20 0 8 48 20 2 0 1 25 1 10 19 644 20 11 34 19 0 25 171 531 29 5 14 220 23 87 268 414 218 15 326 25 8 24 709 37 17 0 8 4 15 7 272 23 18 0 26 0 0 3 21 10 10 2 10 14 23 1 101 14 41 2 10 0 3 0 4 0 1 0 0 0 2 3 5 24 21 0 9 1 0 1 25 4 6 0 2 5 19 2 37 211 306 19 425 19 20 20 299 13 12 1 4 9 23 15 158 10 20 1 21 1 1 0 11 12 8 1 12 21 43 18 212 300 666 4 132 21 51 18 124 11 1 0 4 14 15 3 44 801 280 9 119 29 17 17 322 192 94 2 42 88 183 38 434 1
1477 179 256 346 120 14 347 561 226 10 12 27 270 5 638 791 179 16 13 29 12 1 9 26 293 26 24 27 603 22 872 471 244 17 12 11 10 2 2 10 8 3 0 0 12 1 5 5 342 23 8 9 13 2 17 14 470 22 1 8 531 16 187 99 124 8 14 7 25 2 22 21 5 0 0 0 23 0 27 19 10 0 2 2 0 0 0 0 12 1 0 1 22 0 25 23 321 12 9 8 23 2 13 14 11 0 0 0 22 0 7 10 648 11 3 12 33 1 18 33 516 6 5 7 403 17 120 131 189 330 12 560 6 13 13 516 3 11 0 8 8 17 4 196 11 22 0 22 0 0 0 12 8 10 0 9 5 19 2 121 13 15 0 6 0 1 1 9 0 0 0 0 0 1 0 0 23 26 0 6 0 0 0 8 2 8 1 1 6 5 0 18 270 683 10 711 19 29 34 422 11 6 1 0 15 18 10 143 10 21 1 12 1 0 0 13 17 18 0 8 21 35 13 151 635 792 2 190 37 27 17 95 5 6 0 1 13 13 0 20 771 454 3 82 14 18 9 106 165 97 3 15 125 138 18 236 1480 176 246 354 132 18 342 598 202 9 14 26 283 7 639 804 185 12 17 19 11 1 14 26 288 33 29 21 577 30 892 483 243 17 15 12 9 1 7 11 7 2 0 2 15 0 5 3 324 26 4 12 15 0 13 19 474 19 2 10 552 14 190 109 125 8 9 11 16 0 26 20 8 0 0 0 21 2 21 28 15 0 4 1 2 0 0 2 10 0 0 0 26 3 28 22 313 14 8 6 19 2 17 15 12 1 0 1 32 0 9 11 652 13 6 12 28 2 10 23 594 9 4 4 400 18 100 117 179 313 10 556 10 15 12 534 2 11 0 4 10 18 5 217 12 22 0 25 0 1 0 11 8 13 0 7 9 18 7 127 11 17 0 1 0 2 1 4 1 0 0 0 0 1 0 3 21 22 0 6 0 0 0 8 8 6 1 1 4 6 0 15 253 665 11 653 17 25 35 420 6 5 2 2 16 17 11 131 11 18 0 8 2 1 1 15 22 19 0 6 11 32 9 142 649 814 3 186 31 26 18 75 6 3 0 1 10 10 2 22 740 443 4 83 23 17 10 104 179 106 4 13 124 133 24 220 1386 185 291 343 132 20 372 564 204 9 17 42 254 14 613 766 175 15 17 25 7 0 14 31 282 21 24 18 562 27 706 512 280 24 15 10 2 2 12 8 10 1 0 1 12 0 6 4 315 29 12 10 10 1 11 18 453 16 10 12 471 13 191 104 134 13 15 10 15 1 22 24 8 0 1 0 22 0 17 28 14 0 3 4 0 0 1 2 17 1 0 0 26 1 29 30 322 14 12 15 26 2 15 17 15 0 0 1 23 0 11 8 567 19 3 10 33 0 16 32 499 11 4 12 385 14 110 127 208 334 14 544 5 17 16 489 10 10 1 9 8 18 6 253 14 18 0 23 0 1 0 7 7 11 0 11 13 19 4 113 12 24 0 7 0 1 2 12 1 0 0 0 1 1 0 5 25 27 0 6 0 1 0 5 9 6 0 0 8 8 1 32 293 699 13 667 23 38 20 422 13 9 1 4 26 18 11 181 10 34 0 13 1 1 1 12 14 15 0 9 14 37 19 177 608 866 7 220 19 24 14 107 8 8 0 0 14 8 4 31 672 466 5 80 24 18 7 112 178 120 3 28 145 171 26 267 1
2263 160 301 227 271 15 362 1213 295 19 11 15 263 18 449 1084 157 18 21 14 16 2 19 33 200 15 27 17 476 19 706 322 239 23 19 8 13 0 13 12 9 1 1 0 16 2 7 9 265 14 16 9 16 0 10 29 324 12 6 7 391 19 135 107 130 5 17 12 14 0 18 24 9 2 1 0 14 0 17 19 15 0 1 1 1 0 0 0 13 0 2 1 21 3 28 13 253 15 12 7 20 0 11 21 7 2 1 0 10 2 8 9 1067 22 8 24 30 3 17 145 968 8 2 9 229 8 73 215 229 184 12 268 11 12 17 646 24 8 1 5 9 16 7 291 21 13 1 12 1 1 0 20 6 4 1 10 9 17 5 121 14 34 4 5 0 0 0 3 0 0 0 0 1 3 0 4 8 27 0 7 0 3 2 10 3 8 0 6 2 14 4 34 178 539 16 469 15 17 17 230 9 3 0 4 7 28 11 87 16 20 1 13 2 1 1 13 13 14 2 16 13 62 23 223 320 506 6 112 19 26 5 81 4 3 0 0 13 18 4 25 679 224 1 82 12 13 10 207 234 79 2 18 87 187 29 310 2385 142 291 260 233 23 355 1224 295 20 11 12 245 18 476 1143 163 15 17 17 12 0 10 32 208 19 25 14 462 18 732 309 246 25 18 7 18 0 9 13 9 2 1 0 19 2 8 9 262 19 14 5 16 2 13 24 318 13 4 6 370 16 129 104 143 7 14 10 14 0 13 28 7 0 0 0 16 1 22 21 14 0 1 1 1 0 0 3 12 1 3 1 25 0 31 15 242 9 4 6 24 0 8 26 11 3 1 0 11 1 7 12 1016 28 9 29 22 4 19 154 926 6 4 9 238 11 69 208 219 183 13 251 15 11 19 677 29 8 1 7 11 17 10 285 14 20 0 11 0 1 2 18 7 7 0 11 6 19 6 112 7 35 3 5 0 0 0 3 0 0 0 0 1 1 1 2 11 27 0 7 0 4 2 7 6 8 0 4 2 17 2 41 191 508 20 446 16 17 18 220 6 7 1 0 8 25 16 92 10 21 2 18 3 1 0 9 15 17 1 14 13 68 19 228 319 505 6 113 15 25 4 86 7 3 1 0 13 17 4 29 676 212 2 77 11 11 12 217 192 81 2 18 85 182 34 321 2418 162 314 256 246 23 361 1198 298 22 12 14 256 18 464 1059 164 9 22 15 14 1 19 33 197 18 34 17 460 18 702 321 252 30 27 10 13 0 10 15 14 1 1 0 20 2 11 6 253 19 14 11 14 2 10 31 314 13 7 7 375 17 132 108 137 10 18 7 16 0 16 24 8 1 0 0 14 2 18 21 22 0 1 3 1 0 1 2 12 2 2 2 24 0 29 15 237 13 8 10 19 1 11 25 13 1 1 1 7 2 6 11 919 24 12 29 32 3 18 169 756 8 4 11 216 11 80 203 206 186 13 289 11 13 18 722 36 12 1 8 15 22 11 349 12 14 1 11 0 1 2 14 10 5 0 9 10 21 6 130 14 34 2 7 0 0 1 4 0 1 0 0 0 2 1 1 9 25 1 9 2 3 2 13 9 10 0 3 2 20 2 34 180 530 19 437 12 18 23 238 10 7 0 2 16 26 10 104 11 21 1 16 2 2 0 19 15 18 2 16 23 91 19 234 310 517 6 118 16 23 7 78 4 2 1 3 14 20 2 30 580 216 2 72 8 15 9 218 197 76 2 28 84 199 29 354 1
1471 131 319 273 134 9 270 580 254 25 8 22 243 15 405 541 116 15 20 16 10 2 9 23 259 17 21 19 548 32 845 334 313 26 41 8 22 2 19 7 16 4 0 0 28 1 2 3 251 22 22 15 18 1 25 19 402 28 9 12 572 26 182 109 141 10 22 17 16 6 24 19 17 1 0 1 31 2 18 18 8 2 3 2 2 0 0 5 4 0 3 3 22 0 33 20 281 15 16 22 12 1 12 30 18 1 0 3 25 2 10 13 569 30 11 25 23 4 30 116 564 13 5 17 309 15 108 167 297 253 18 432 10 12 20 609 27 23 1 5 12 22 8 206 20 24 1 30 1 2 0 26 10 12 1 21 8 35 4 126 15 16 1 16 0 0 1 3 1 0 0 0 1 2 0 4 18 31 0 17 0 1 1 20 5 12 0 4 8 23 3 33 302 678 26 738 31 27 29 363 12 7 0 11 11 30 10 145 21 33 1 28 4 6 1 16 18 30 2 19 29 94 11 242 447 731 9 225 23 29 11 122 10 4 1 2 18 23 2 43 686 344 9 127 20 30 12 221 182 126 2 33 121 251 36 409 1482 144 297 277 157 15 254 611 256 29 7 23 234 12 397 578 118 14 24 26 13 0 14 19 237 20 26 19 529 22 869 302 311 23 29 12 18 3 14 6 21 3 0 1 16 0 7 2 244 29 14 12 23 2 19 25 420 27 9 11 610 29 197 115 142 16 23 16 14 3 22 20 22 1 1 1 25 3 25 16 6 1 5 0 1 0 1 3 8 1 0 3 31 1 23 14 300 16 12 17 13 2 15 33 17 1 1 0 26 1 8 21 577 34 16 28 23 2 28 106 580 24 7 14 300 20 99 171 303 257 17 466 21 10 25 586 16 15 2 8 9 19 15 233 15 19 0 26 0 1 0 31 12 11 0 18 5 31 6 99 20 21 0 12 0 0 0 7 2 2 0 0 1 2 0 4 13 33 1 17 0 0 1 13 7 13 0 2 7 15 2 37 296 642 19 732 32 28 23 348 12 11 2 11 7 38 17 124 10 33 0 27 2 2 1 24 16 33 1 24 25 99 14 243 487 691 11 207 23 22 12 135 4 7 0 1 18 17 2 29 682 356 7 148 20 26 15 213 183 131 2 35 117 243 31 388 1317 116 283 253 120 8 252 620 214 30 14 27 241 11 382 597 126 14 13 21 13 2 14 23 230 20 28 17 561 24 800 287 327 25 35 15 17 0 15 2 15 1 0 1 17 2 4 3 292 20 10 17 14 5 18 27 457 27 8 19 637 36 218 112 145 14 21 14 22 2 22 23 16 0 0 0 23 2 13 21 11 1 1 0 0 0 1 1 11 1 1 3 22 1 27 13 297 17 14 11 16 0 20 26 15 1 0 0 24 1 11 14 656 27 19 24 26 5 13 93 670 18 3 9 351 18 102 173 252 243 14 463 17 6 21 596 24 13 1 6 14 14 11 248 13 29 0 25 0 1 1 28 11 18 1 14 4 25 8 121 24 25 1 9 0 1 0 6 1 0 0 0 1 3 0 5 14 23 1 14 0 0 0 9 7 11 0 4 7 12 2 41 290 646 25 699 25 32 16 319 12 13 0 6 17 33 13 139 10 30 1 25 1 1 0 23 24 31 2 16 26 101 13 206 456 656 10 243 17 26 8 140 6 5 0 2 14 14 1 32 790 370 10 132 19 19 19 194 274 150 1 38 145 249 24 402 1
1875 180 429 225 159 18 195 562 364 35 29 48 200 21 322 515 104 15 52 27 12 1 21 33 186 22 38 35 255 19 449 258 408 39 49 23 38 10 26 16 31 4 3 0 30 6 14 15 182 28 20 17 11 1 17 34 213 31 14 17 275 44 150 148 150 16 37 20 20 4 26 40 24 3 4 5 25 1 33 47 20 2 12 5 0 2 2 4 16 1 7 2 22 4 50 37 210 24 21 24 26 3 17 37 39 8 3 9 18 6 14 34 514 29 23 36 23 8 33 157 349 34 19 40 229 36 121 330 435 227 31 350 39 23 37 779 63 22 2 18 28 19 17 217 31 21 5 39 6 3 7 53 18 17 2 23 9 24 15 146 33 62 4 19 3 6 4 20 7 1 0 0 2 10 0 19 28 35 1 24 2 5 8 34 17 18 1 11 17 41 16 82 207 298 37 364 26 29 38 271 15 17 3 14 21 29 24 160 20 14 8 41 2 3 3 43 20 33 10 40 27 99 53 393 237 413 16 151 27 64 15 149 10 14 0 10 29 54 16 99 577 212 15 132 39 33 25 396 154 131 16 80 118 355 65 901 2007 180 448 252 169 20 217 627 392 38 35 57 192 21 294 554 123 25 50 29 11 3 12 32 194 23 44 31 218 29 432 260 410 57 63 21 42 11 20 14 37 1 5 2 33 7 12 15 186 30 15 18 13 1 13 28 201 32 15 18 275 37 151 133 165 18 38 25 21 1 34 45 31 2 2 4 21 0 34 44 30 4 11 7 3 2 2 4 21 4 9 4 24 6 44 29 230 27 23 29 35 6 18 35 40 6 1 9 23 3 14 39 421 24 25 26 27 7 35 171 354 36 16 39 205 38 124 331 456 189 35 303 38 31 33 735 61 21 3 14 31 17 18 219 32 17 6 52 5 5 5 61 14 26 3 27 9 27 13 124 31 64 5 15 3 11 3 26 7 3 0 0 5 9 2 19 33 38 3 19 7 7 5 39 20 17 1 6 12 33 16 97 182 304 37 301 28 32 39 255 14 19 5 13 21 36 31 162 24 17 8 42 3 4 6 36 23 27 9 37 29 109 51 398 216 379 16 148 30 44 7 154 11 15 2 8 26 61 14 104 414 218 10 131 35 32 30 412 148 129 12 85 131 360 71 922 1870 179 453 244 165 16 224 613 366 33 31 50 191 20 320 581 119 21 53 24 9 2 22 40 185 31 52 28 301 19 434 285 425 54 70 26 35 7 25 27 34 4 6 1 36 8 9 14 197 32 15 28 15 6 19 37 211 33 15 23 293 34 152 128 164 21 39 20 25 4 27 39 34 3 1 6 23 0 39 47 30 2 11 6 3 2 3 4 17 2 10 5 21 6 46 33 231 19 24 20 28 4 18 38 35 7 0 9 30 1 15 31 397 27 25 27 25 8 30 168 372 25 13 44 234 42 140 329 446 197 36 300 37 26 45 674 66 20 5 14 34 21 22 241 28 20 5 37 6 5 6 63 18 20 1 25 12 24 13 144 37 65 3 15 1 8 2 25 7 3 0 1 4 9 1 24 38 33 1 21 5 5 8 37 19 17 1 13 13 32 15 84 188 308 39 329 21 36 32 252 22 20 1 14 22 33 34 152 25 22 7 45 2 4 8 34 24 30 9 37 22 103 51 392 196 407 18 168 30 51 10 142 12 12 1 9 26 58 21 107 339 220 9 132 40 35 33 384 163 136 13 83 140 344 60 920 1
1738 138 147 209 148 10 199 704 214 9 5 11 219 11 357 618 203 11 7 4 19 1 4 14 311 13 12 21 639 18 434 265 160 7 11 6 8 2 10 10 12 0 0 0 6 0 4 4 363 17 10 8 11 1 10 17 564 7 5 2 552 8 129 59 190 14 9 16 13 0 14 22 11 0 1 0 8 0 7 13 18 2 2 1 0 0 0 5 14 0 0 0 22 3 8 10 357 13 7 9 19 0 8 24 12 0 0 1 11 0 8 6 1636 32 19 19 45 9 28 129 1337 16 7 12 415 16 104 161 279 262 7 394 4 6 13 783 22 17 1 6 10 12 2 197 9 10 0 9 0 1 0 13 9 1 0 8 8 19 1 66 9 13 0 4 0 2 0 5 0 0 0 0 1 0 0 3 13 19 0 7 0 0 0 7 5 6 0 0 4 5 2 16 286 485 8 448 17 18 15 307 8 4 1 2 6 7 5 84 17 13 0 10 1 1 1 10 26 10 0 7 15 38 7 88 492 497 6 137 8 10 7 99 6 4 0 2 5 6 3 15 1293 341 7 92 12 10 6 210 319 84 0 24 92 81 20 202 1729 143 112 207 132 9 172 703 217 11 11 8 191 11 317 656 172 18 8 13 11 2 9 21 289 15 6 17 634 14 462 223 146 7 4 4 5 1 1 8 7 0 0 0 7 0 2 1 315 13 8 9 15 2 8 16 616 13 3 4 729 6 117 56 188 9 6 12 19 0 11 19 11 0 1 2 12 1 13 10 23 4 0 0 0 0 1 2 11 0 0 0 19 2 8 8 320 14 10 7 18 1 11 15 15 0 0 1 13 0 8 4 1652 25 13 19 44 3 30 110 1425 12 6 7 417 14 90 153 261 236 6 441 9 8 9 923 25 8 2 7 5 7 3 173 7 12 0 12 0 0 0 10 8 4 0 6 4 22 1 51 6 14 0 1 0 1 0 3 0 0 0 0 0 0 0 1 7 10 0 6 0 0 0 5 5 6 1 0 3 6 2 15 277 542 6 644 15 13 14 340 10 1 0 1 0 11 3 64 20 13 1 4 0 1 3 12 15 12 0 9 15 42 7 75 420 538 5 120 5 7 7 98 3 4 0 1 3 4 0 11 1301 306 4 80 17 18 6 168 309 68 1 20 73 75 12 183 1670 155 155 217 118 10 170 762 189 10 11 11 191 16 329 673 187 20 9 12 6 3 5 20 285 11 9 13 585 14 459 218 161 8 6 9 8 1 7 9 10 0 0 1 9 1 2 2 323 19 7 9 15 0 9 22 639 7 3 2 786 7 109 64 201 7 7 13 16 0 10 19 11 3 0 0 13 1 7 8 23 2 0 1 1 0 2 4 11 0 0 1 15 2 12 12 298 14 8 6 16 3 8 29 15 0 0 1 14 0 4 8 1524 25 16 18 30 5 23 108 1280 9 6 4 432 13 101 123 254 220 10 491 7 7 9 944 27 16 1 7 3 13 4 237 11 4 0 7 2 0 0 16 6 6 0 6 10 17 0 57 16 11 0 6 0 2 0 1 0 0 0 0 0 0 0 1 12 10 0 7 0 0 0 5 4 7 0 0 2 6 3 12 263 565 11 672 8 24 13 342 13 7 0 2 4 14 4 70 22 17 0 15 0 1 3 17 15 18 0 7 12 47 9 89 398 469 7 151 8 5 7 101 7 5 1 1 8 7 1 17 1147 283 4 89 14 10 7 179 357 71 0 15 85 84 13 231 1
1924 150 292 260 147 15 305 1000 325 20 8 25 285 10 381 815 138 14 26 18 8 1 14 27 265 28 20 18 555 19 659 375 303 18 24 11 11 4 11 21 16 1 0 0 9 1 5 6 236 17 15 12 7 2 16 30 337 18 2 3 423 18 133 123 134 7 19 13 18 0 20 24 10 3 2 0 12 1 20 17 11 1 3 2 1 1 3 1 11 3 0 3 25 0 25 13 213 20 9 8 21 1 10 29 13 3 0 0 21 3 12 13 632 24 12 26 25 4 28 164 572 13 6 16 289 16 108 237 337 256 16 367 20 9 13 652 32 13 1 12 16 23 6 251 16 21 0 21 1 0 0 21 12 10 0 13 6 18 5 124 13 17 0 1 0 1 0 5 0 0 0 0 2 0 0 3 20 24 0 9 1 0 0 13 7 12 0 2 3 9 1 23 259 633 19 584 21 21 28 327 11 10 0 3 5 27 12 131 7 21 1 15 1 0 0 13 18 13 2 11 26 107 11 236 365 724 8 198 23 28 11 107 7 2 0 4 12 19 3 26 652 302 4 112 14 25 15 265 203 87 3 25 119 202 19 358 1983 151 299 268 153 9 264 1032 344 24 6 28 263 10 400 839 157 20 24 18 11 3 11 27 267 24 20 19 548 22 633 346 286 14 29 5 17 2 9 21 12 1 0 0 9 2 10 7 234 17 10 13 11 0 17 31 344 14 6 9 429 19 125 128 132 13 13 12 24 0 28 25 22 0 0 0 25 0 14 19 13 0 2 0 2 0 2 4 8 0 2 2 26 0 18 18 240 19 8 11 18 1 15 30 20 2 1 0 21 2 9 12 680 25 11 23 28 3 19 165 576 19 8 17 292 17 117 219 338 247 18 380 17 12 18 697 24 13 1 8 19 18 4 232 21 23 0 20 3 1 2 18 12 9 1 10 11 18 1 111 13 12 0 3 0 1 0 5 0 1 0 2 0 1 0 0 21 26 0 10 3 1 0 10 10 12 0 2 6 12 4 25 267 579 19 527 24 25 23 295 9 5 0 4 5 26 16 125 8 21 2 8 1 0 1 20 11 16 1 15 19 119 16 233 343 718 7 175 16 27 8 107 9 3 1 3 12 19 8 32 685 295 4 104 12 14 14 263 200 80 2 29 94 206 16 365 2043 159 295 256 144 9 282 1071 338 17 7 26 278 8 399 724 153 13 17 17 9 3 20 28 262 22 20 26 536 21 621 350 292 14 28 9 14 3 10 14 13 0 0 1 8 1 3 3 234 23 11 15 13 2 20 29 350 16 7 11 435 18 134 130 134 13 22 9 20 1 26 22 20 0 0 0 17 0 19 22 12 0 2 1 2 1 2 1 15 0 2 1 27 1 21 18 244 22 9 10 21 1 19 33 13 1 1 0 29 2 8 15 697 13 14 19 25 4 23 164 530 14 9 20 310 18 113 231 337 242 20 361 19 10 13 626 28 19 1 15 15 16 3 230 19 19 0 21 3 0 0 23 15 11 1 10 7 23 7 118 13 17 1 3 0 1 1 8 0 1 0 0 0 0 0 1 18 27 0 10 1 0 1 14 6 13 0 0 6 12 3 20 267 590 16 519 19 25 27 304 11 7 1 2 9 35 7 123 11 19 2 11 3 1 0 18 11 17 1 15 37 110 13 236 337 732 7 178 22 31 6 113 7 1 0 1 12 19 2 26 655 298 4 110 18 17 13 244 201 89 2 22 111 222 23 407 1
2031 196 197 289 198 13 287 1053 282 16 8 17 267 9 413 818 219 13 7 16 10 0 11 36 328 16 15 23 453 18 316 296 214 9 12 6 19 0 8 9 6 0 0 0 12 1 3 3 296 25 5 14 15 0 17 36 480 17 1 8 402 7 100 88 202 11 10 14 15 0 31 32 16 1 0 1 14 0 14 17 17 1 1 2 1 0 0 2 11 0 2 0 20 0 16 11 336 9 12 17 28 2 14 30 18 0 0 0 26 0 5 15 1393 35 9 33 35 7 33 161 847 21 3 9 304 19 114 198 286 266 10 404 10 11 12 629 35 7 0 5 7 14 4 179 14 13 0 24 0 0 1 14 9 10 0 5 4 15 3 74 11 9 1 9 0 1 0 2 0 1 0 0 1 0 0 0 16 26 0 10 1 0 1 7 7 6 0 4 5 6 0 20 299 482 14 391 10 23 33 284 8 13 0 2 10 17 8 78 16 27 0 14 1 3 0 16 23 18 0 8 19 53 15 117 441 364 7 101 26 8 8 69 4 6 0 2 2 9 1 21 1165 367 7 102 16 20 13 196 263 93 5 15 78 145 13 247 1991 205 183 323 213 13 292 1134 300 16 8 18 269 7 464 860 218 17 9 20 8 0 7 43 311 18 13 21 436 20 313 323 204 5 10 7 15 0 8 9 4 0 0 0 12 0 0 7 307 18 8 10 9 0 20 32 475 23 4 6 375 14 84 92 202 14 10 11 16 1 20 39 20 1 1 1 17 0 14 18 19 0 0 2 1 1 0 1 12 1 0 0 21 1 15 12 361 9 7 14 21 1 13 24 14 1 1 0 27 2 10 19 1396 34 6 33 33 5 25 137 877 12 5 11 313 14 105 179 297 251 5 433 12 5 12 633 30 7 0 5 5 12 8 180 11 14 0 18 0 0 1 15 7 9 0 8 4 18 5 87 8 15 1 4 0 1 0 5 0 0 0 0 0 1 0 2 20 30 0 9 1 0 1 10 10 7 0 1 2 6 0 20 295 478 17 336 15 25 29 281 6 8 0 2 7 18 9 81 16 30 0 15 1 3 0 13 19 23 0 10 16 47 9 111 453 361 5 88 21 4 7 74 4 2 0 1 5 8 2 16 1187 338 3 90 17 17 15 188 244 97 2 15 84 130 10 239 1992 208 217 332 189 23 295 1085 293 11 14 19 274 17 421 822 191 19 6 15 7 0 13 41 308 15 13 19 418 21 308 298 228 7 13 5 16 0 6 19 11 1 0 0 8 0 4 4 306 19 10 12 12 0 20 40 438 22 1 5 362 11 98 91 203 11 12 14 14 0 22 36 17 3 0 0 13 2 14 19 22 0 0 1 1 0 0 0 17 2 1 0 22 0 11 17 348 8 13 15 17 2 12 38 10 0 1 0 25 0 12 11 1397 36 12 37 45 8 32 127 804 16 5 10 301 21 97 170 301 273 7 412 11 7 14 646 26 9 0 7 10 15 3 176 15 13 0 23 1 1 1 13 10 14 1 7 6 13 7 98 14 13 1 4 0 3 0 6 1 0 0 0 2 0 0 2 22 21 1 9 0 0 1 10 8 11 1 1 3 7 0 17 293 464 10 360 16 24 22 294 7 9 1 4 8 21 7 88 14 33 0 16 2 1 0 18 29 17 0 8 21 50 10 127 431 373 6 94 23 6 10 75 5 4 0 1 5 9 4 21 1115 327 9 102 18 15 10 189 343 98 3 19 84 162 12 282 1
1409 144 257 300 127 10 316 619 181 21 5 19 295 6 500 637 116 10 9 21 6 0 12 13 258 25 14 22 537 27 568 434 208 12 7 8 8 3 13 10 6 0 0 1 20 0 3 3 278 22 9 13 8 0 13 10 629 33 3 18 726 24 157 103 137 5 16 11 22 0 22 17 13 0 1 0 25 0 29 23 7 1 1 1 0 0 0 1 4 1 0 3 20 0 17 13 290 5 12 10 19 1 12 15 27 1 1 0 28 0 10 14 710 22 10 19 12 2 10 43 932 23 5 13 421 24 101 126 186 261 8 631 19 10 19 771 11 8 0 7 6 10 4 258 12 32 0 24 2 0 0 29 5 18 1 14 9 20 2 128 9 16 0 9 0 1 1 1 0 0 0 1 0 1 0 4 13 25 0 20 0 1 0 14 0 14 0 5 7 10 1 30 267 597 25 785 27 26 35 457 11 9 0 6 15 28 10 130 22 18 0 30 0 0 1 8 11 14 0 13 16 39 8 175 546 512 8 182 18 22 8 119 9 3 0 1 11 8 2 35 698 395 7 145 11 9 13 150 216 125 1 38 109 162 21 275 1417 146 254 296 135 9 299 602 172 24 6 17 270 6 485 620 124 11 12 17 7 0 16 13 270 19 11 25 568 17 537 412 221 13 7 8 7 2 6 10 10 0 0 1 22 0 6 4 281 22 6 17 5 1 13 13 600 30 7 20 728 24 161 105 128 4 13 12 18 0 16 19 10 2 0 1 29 0 23 14 12 0 0 0 0 0 0 2 7 1 1 2 16 0 17 14 289 6 11 9 20 2 8 15 26 1 1 0 28 0 13 13 706 24 10 22 12 1 12 45 917 35 3 11 417 22 91 121 190 251 11 664 11 6 21 790 15 9 0 7 7 8 4 246 11 27 0 26 2 1 0 30 7 19 0 13 9 27 1 127 8 13 0 10 0 0 0 5 1 0 0 0 0 2 0 1 11 28 0 19 0 1 0 17 4 12 0 4 7 8 1 22 291 628 24 798 25 25 37 459 9 7 0 6 16 26 9 123 18 20 0 23 0 0 1 11 10 16 0 12 16 47 10 191 536 536 7 195 15 20 9 128 5 3 0 3 10 10 3 37 716 400 3 143 12 10 12 155 222 124 1 30 91 172 19 286 1458 113 266 277 127 12 287 558 202 19 8 9 309 13 480 573 137 8 13 18 12 1 15 23 313 20 15 22 572 34 559 415 230 12 9 12 15 1 8 9 8 1 0 0 26 0 4 6 312 22 16 17 14 0 15 15 653 27 8 13 795 32 208 134 135 6 18 10 16 1 16 20 17 2 1 0 18 2 23 19 11 0 1 1 1 0 1 0 7 2 0 2 26 0 14 20 296 11 21 11 17 0 15 13 24 0 0 1 28 0 16 8 741 28 11 23 25 1 17 37 814 29 3 13 478 16 98 143 192 241 13 559 11 10 19 643 13 10 0 5 12 12 7 266 14 30 0 23 1 0 0 19 13 21 0 12 10 25 5 151 9 12 0 7 0 1 1 3 0 0 0 0 1 2 0 0 10 24 0 12 0 3 0 13 6 10 0 8 8 11 2 39 298 583 21 633 23 25 34 410 10 12 0 8 22 22 12 128 14 29 1 30 0 1 0 20 17 23 0 17 23 55 8 178 534 487 8 175 15 24 12 122 6 1 0 3 8 7 3 23 631 400 4 159 12 11 13 149 250 123 3 34 135 186 16 336 1
4937 99 240 159 161 11 229 650 503 33 16 23 202 14 205 477 119 10 15 25 17 0 20 24 248 22 19 29 490 23 191 201 165 11 13 5 23 2 12 17 20 0 1 3 23 2 9 4 157 17 8 13 15 1 11 31 356 35 9 16 728 31 91 117 119 9 19 4 14 1 29 23 55 9 3 9 26 0 11 24 23 1 6 0 0 0 1 4 9 4 1 0 11 0 10 20 120 4 7 10 22 1 9 23 81 4 1 7 34 3 11 30 357 27 14 20 28 1 21 204 501 71 6 66 258 24 105 481 334 163 28 270 77 21 72 628 66 18 2 11 18 8 10 149 32 20 2 33 11 2 9 88 19 6 0 19 8 20 9 111 14 12 3 12 3 4 3 9 0 0 0 1 1 4 5 4 26 13 0 21 7 3 10 64 18 16 0 11 9 25 7 65 154 160 21 293 17 14 29 202 9 8 3 8 16 6 11 92 6 15 2 23 0 2 0 23 15 11 3 23 14 37 13 209 145 91 2 58 21 9 16 92 7 4 1 8 17 8 4 45 241 121 9 85 26 8 28 387 132 54 7 51 59 128 36 541 5076 117 234 161 163 18 228 627 508 35 14 24 214 18 201 511 136 12 19 26 24 1 17 25 224 20 22 32 375 14 206 182 169 14 15 5 24 2 8 14 25 1 1 1 21 3 10 1 149 16 8 13 20 0 11 27 308 41 6 13 526 32 103 101 125 12 18 7 16 1 30 28 63 6 4 6 25 1 18 28 10 2 2 0 0 1 2 2 11 2 3 2 12 1 8 18 122 5 10 10 18 0 6 27 73 9 2 10 38 3 10 33 346 25 16 26 31 4 24 228 558 80 9 61 238 28 106 468 365 156 26 295 71 13 72 646 64 16 1 3 15 12 13 145 35 15 1 31 4 3 8 80 21 5 0 20 6 18 10 114 9 13 2 8 3 3 4 9 1 0 0 1 3 5 5 4 30 15 1 19 7 2 10 67 22 15 1 15 16 28 7 56 143 198 19 294 16 15 30 213 10 7 2 6 14 8 11 97 6 19 2 21 0 1 2 25 12 14 3 16 13 36 14 219 151 94 1 66 19 11 13 84 4 4 0 6 12 7 3 45 254 122 9 82 31 11 36 377 108 64 6 58 65 119 43 552 5241 110 248 149 156 19 219 623 473 28 17 28 190 15 209 468 118 8 15 23 15 0 11 26 210 22 21 34 315 23 192 183 187 14 12 6 26 3 9 18 23 4 2 0 27 4 7 3 140 23 6 10 17 1 13 29 312 41 10 14 465 28 111 102 122 6 20 10 11 1 25 28 57 6 6 6 26 1 18 28 14 0 4 0 1 0 1 9 10 0 3 4 14 0 14 16 126 5 9 9 21 0 7 25 78 6 2 9 35 5 13 24 345 26 9 28 30 3 26 232 567 77 7 61 261 20 97 443 358 158 29 274 68 12 75 617 77 12 5 2 16 23 8 159 38 16 1 31 6 4 6 87 15 8 0 16 6 21 9 113 9 9 2 8 2 3 4 8 0 1 0 0 1 5 4 4 26 15 0 21 8 1 9 67 17 16 0 14 13 31 9 53 150 172 18 278 13 16 36 202 6 7 2 9 13 9 9 94 8 22 5 30 1 3 2 17 19 19 4 18 18 61 16 223 152 97 1 63 14 16 13 93 7 5 0 7 12 9 1 49 286 123 9 86 24 4 35 384 135 67 3 59 75 144 36 586 1
2302 164 400 245 124 21 221 579 426 50 32 36 214 23 274 702 137 23 45 30 14 2 25 33 189 28 51 44 225 24 381 262 398 61 40 23 41 8 22 16 33 2 3 0 31 6 18 16 173 35 13 16 21 5 32 29 223 37 11 25 268 40 155 118 136 16 35 14 16 4 31 37 39 5 5 4 36 4 37 64 20 2 6 6 1 0 6 4 11 3 6 4 27 6 64 37 180 12 20 30 32 4 15 37 41 6 0 6 33 1 27 38 512 18 19 32 23 6 28 157 371 40 10 39 222 24 114 405 413 178 18 319 45 20 51 648 87 22 1 14 15 22 23 247 36 23 2 34 9 4 6 42 27 20 1 17 20 26 6 142 29 40 3 16 0 13 5 15 5 3 1 2 1 11 4 10 56 49 3 13 6 4 11 46 7 12 0 10 13 29 16 94 183 276 31 368 27 20 43 257 17 12 2 18 21 22 22 157 16 27 7 43 4 3 4 29 13 36 10 33 33 96 44 395 209 408 13 160 29 60 20 141 6 11 2 12 17 56 10 81 343 197 12 120 41 29 37 339 180 116 14 69 122 310 77 896 2452 175 438 252 133 41 213 624 427 50 36 36 234 26 275 686 135 26 36 33 14 1 13 31 183 24 56 49 209 25 357 279 389 73 38 19 49 7 21 23 26 3 4 2 33 6 19 14 167 29 13 17 12 4 23 25 218 32 10 24 264 45 139 126 124 25 35 19 20 3 34 41 47 8 5 4 35 4 38 54 15 2 6 5 2 0 4 4 11 2 11 5 26 3 61 42 183 17 29 25 30 5 14 38 45 6 0 7 39 3 25 50 328 21 15 30 27 7 26 173 339 46 7 36 201 33 132 408 440 206 25 277 59 17 47 627 79 25 4 12 20 17 17 270 29 25 1 38 10 3 5 49 20 23 0 19 18 23 13 120 28 46 3 16 2 9 3 18 6 5 2 3 1 10 2 6 49 50 3 16 7 4 6 51 10 19 0 12 9 37 10 83 193 262 37 352 30 19 39 270 23 13 2 18 18 33 24 167 16 32 9 37 5 3 3 18 9 33 9 42 25 88 46 374 211 394 13 142 32 58 25 153 12 11 1 10 14 56 8 92 317 202 9 120 39 33 41 355 140 113 13 65 119 325 78 907 2393 164 434 232 157 31 218 626 411 57 30 50 234 26 293 618 139 23 41 33 19 2 15 38 185 26 59 42 237 28 393 273 392 67 49 25 49 12 22 21 29 1 1 1 32 12 14 21 175 38 19 18 19 4 29 25 229 30 16 27 277 38 133 118 133 24 36 23 17 3 34 40 43 3 3 6 36 4 34 43 13 0 8 3 3 0 6 5 10 1 8 3 23 4 53 40 187 15 20 31 16 6 18 27 38 3 1 5 37 4 28 54 336 17 15 31 25 3 26 171 341 46 5 35 218 25 134 412 419 202 26 285 53 20 47 577 72 22 5 15 22 22 22 302 28 27 5 35 7 2 4 53 21 23 3 13 14 25 12 147 30 37 5 18 4 8 3 16 4 4 1 3 3 10 1 14 48 51 2 13 10 3 3 48 17 10 1 12 9 38 11 101 201 282 34 373 26 19 41 272 15 21 4 13 19 27 18 172 24 30 9 37 4 1 5 29 10 33 11 31 27 85 41 374 200 423 16 165 31 44 29 147 10 12 0 8 20 53 15 77 308 200 9 115 40 35 36 350 150 118 13 72 115 311 77 887 1
2903 162 251 183 145 19 205 651 441 23 18 27 163 9 299 483 186 14 27 17 9 0 8 24 199 15 40 27 333 24 652 227 324 26 18 10 16 1 17 22 15 3 0 1 26 4 10 6 267 26 19 10 15 1 15 38 257 23 8 7 237 22 118 109 269 15 21 14 6 2 17 34 25 2 2 5 18 1 25 29 41 1 2 4 1 0 1 7 19 4 0 1 22 2 40 20 324 21 12 16 25 0 15 40 39 3 1 3 21 4 13 23 940 28 12 40 26 7 38 267 557 31 6 28 231 19 89 373 417 219 22 211 29 11 34 486 98 18 2 7 26 17 7 198 29 30 2 17 4 4 2 34 15 9 0 15 12 13 7 73 17 30 0 10 0 1 1 6 2 1 0 0 3 2 0 2 31 40 0 8 0 0 1 29 9 9 0 3 4 16 2 28 274 411 17 311 20 14 23 199 21 10 0 8 10 19 17 76 16 20 1 19 0 2 0 14 20 24 1 17 19 72 40 190 412 625 7 144 26 49 23 122 8 6 0 4 21 29 5 59 665 295 10 107 29 25 30 358 228 87 0 37 116 189 52 571 2782 152 265 185 158 29 213 689 459 26 20 25 172 6 316 532 211 21 34 23 15 0 8 16 216 10 39 34 344 15 683 250 290 34 18 9 18 2 16 13 16 0 2 0 20 4 12 3 287 29 16 7 6 2 16 35 272 23 11 11 235 15 119 84 272 20 20 8 13 4 16 25 25 5 1 2 19 0 35 36 32 0 4 1 2 0 0 2 20 2 0 1 22 3 38 26 322 7 12 20 20 1 9 28 33 3 0 4 23 2 13 24 977 26 7 38 23 9 33 283 647 32 11 34 232 17 95 375 425 199 20 219 32 9 27 540 72 12 4 12 15 16 14 191 31 26 1 15 2 5 2 28 15 14 0 6 8 11 7 67 16 35 0 9 0 3 1 7 1 2 0 0 2 2 0 2 22 27 0 4 1 1 0 24 7 13 0 2 8 22 3 29 258 395 14 321 25 19 27 183 19 7 1 6 6 16 12 64 15 22 1 14 1 5 1 18 9 24 3 26 21 66 34 201 405 592 4 139 24 45 20 112 8 6 0 3 17 25 7 59 685 289 5 102 29 25 29 348 182 98 2 30 113 191 42 559 2692 145 264 170 150 16 220 761 422 27 19 23 181 11 309 573 184 20 31 26 7 1 11 17 207 13 38 24 347 16 685 257 291 27 21 9 19 1 18 14 13 1 1 1 17 3 16 4 271 22 24 10 10 2 19 33 271 22 8 7 231 18 111 101 254 15 18 12 9 2 17 31 23 3 4 1 15 0 22 32 27 0 1 2 0 0 1 6 14 1 0 3 21 1 37 22 301 14 15 12 17 2 10 21 25 3 1 4 21 1 13 18 1083 31 22 33 23 7 21 264 625 36 8 28 242 19 99 351 400 192 19 231 24 11 34 577 75 18 2 12 17 19 8 176 32 20 1 13 1 5 2 34 27 18 0 12 7 12 3 85 18 34 0 9 2 4 3 5 0 1 2 0 1 2 1 3 30 38 0 9 1 2 2 27 9 8 1 1 5 17 3 28 274 379 17 287 22 17 23 177 20 10 2 7 8 19 16 68 17 22 2 19 1 4 0 17 23 20 2 19 22 64 33 192 402 597 7 148 24 47 19 114 11 7 0 5 25 28 6 61 703 296 12 105 30 22 21 359 216 94 2 43 106 196 46 549 1
1560 108 316 254 156 16 298 625 262 20 22 15 249 21 404 540 126 16 18 21 22 4 15 35 238 17 29 30 516 31 802 305 296 17 21 19 26 2 18 12 13 2 0 1 26 2 11 2 263 26 14 18 10 2 16 28 391 24 9 17 560 33 167 107 139 13 24 21 18 1 14 26 15 1 0 0 29 1 17 14 5 4 0 0 3 0 0 3 11 1 2 1 20 1 29 14 268 18 11 17 18 1 16 39 12 1 0 0 32 2 12 15 569 31 14 33 19 2 25 103 557 20 5 18 290 25 120 201 318 273 17 420 20 17 26 563 29 15 0 7 17 18 11 221 17 13 1 29 3 0 0 24 17 18 1 14 13 23 8 143 19 23 0 5 0 4 0 10 2 0 0 0 0 1 1 3 22 25 1 13 4 1 1 14 6 13 0 8 5 19 2 40 284 633 19 780 20 30 29 327 13 18 1 8 13 28 13 142 15 29 1 18 2 3 1 30 14 26 1 15 27 96 16 273 457 710 14 204 21 22 12 135 6 6 0 4 14 25 4 31 605 348 10 125 27 22 19 228 239 120 3 37 113 232 26 457 1604 138 327 280 156 13 308 606 235 23 17 21 282 20 383 493 119 12 13 26 20 1 11 32 236 17 17 25 563 34 831 338 321 23 19 19 21 2 12 12 16 1 0 2 26 3 14 4 239 27 16 20 12 2 10 28 375 27 9 17 540 26 176 108 161 15 18 12 13 2 26 27 17 0 2 2 29 2 19 18 6 4 1 0 1 0 0 3 14 2 1 2 26 4 29 22 283 20 10 14 17 3 18 36 17 2 0 0 26 1 14 19 544 34 14 37 18 2 27 97 538 19 6 20 271 33 114 197 298 281 19 429 28 22 22 597 27 12 0 6 17 14 9 186 12 23 1 25 2 3 3 31 11 17 0 13 10 31 5 135 16 28 1 9 0 2 0 12 1 0 0 0 0 3 1 3 17 25 1 8 2 3 0 18 10 10 0 5 2 20 0 44 301 618 22 753 19 31 29 317 17 13 0 5 20 39 8 129 16 30 1 16 1 4 1 28 21 31 2 14 24 84 14 277 454 689 11 207 21 26 17 133 9 9 1 3 10 18 2 42 591 341 7 150 35 27 22 216 198 129 6 41 131 217 35 434 1438 113 276 219 126 13 253 580 216 18 22 15 247 21 392 556 124 16 16 23 18 0 17 27 229 15 21 22 599 23 786 300 283 28 28 8 18 1 20 16 21 0 0 1 24 1 11 7 276 23 14 20 13 1 15 27 445 18 13 12 622 22 193 100 151 13 22 12 14 3 18 28 17 1 0 0 29 1 18 12 9 2 1 2 2 1 1 5 13 3 0 4 30 0 31 23 295 12 15 23 25 0 17 21 21 3 0 1 15 0 10 19 673 35 9 23 25 5 26 86 686 20 8 18 315 31 112 191 255 256 22 353 14 12 17 611 23 17 1 5 9 14 10 230 19 17 1 24 1 1 0 23 15 18 0 12 19 24 9 141 23 26 0 12 1 2 2 3 1 1 0 0 0 0 0 3 23 19 1 15 1 3 0 18 11 9 0 7 2 17 3 41 266 636 24 698 14 20 27 291 21 11 1 9 15 29 10 118 18 26 2 27 0 3 3 22 17 20 3 11 27 92 15 244 484 730 13 217 22 20 11 119 7 9 2 5 6 20 8 36 724 367 14 138 23 32 19 201 271 141 4 47 153 234 43 419 1
1442 127 171 229 114 6 182 840 226 13 4 13 195 9 341 777 124 17 8 15 7 2 8 26 223 19 20 17 390 14 540 283 216 4 14 6 15 2 6 9 6 0 0 0 14 0 6 1 288 32 7 10 8 0 11 21 384 13 6 4 518 18 150 94 192 14 13 14 13 1 18 19 18 1 0 0 10 0 10 10 18 2 0 1 0 0 1 2 15 0 1 2 20 1 13 14 307 15 12 15 12 0 10 21 20 1 0 2 22 1 4 10 1429 27 13 35 30 6 26 148 1118 18 4 17 294 14 78 188 358 232 13 417 8 10 11 805 27 11 1 1 9 12 4 178 19 17 0 21 0 0 0 9 14 6 0 13 4 9 4 87 15 14 4 5 0 0 0 5 2 0 0 0 1 0 0 1 14 17 0 7 2 0 0 12 5 7 0 2 3 7 0 24 305 466 19 692 14 15 18 345 6 8 0 5 3 14 6 103 13 18 2 21 0 2 2 15 20 21 0 10 13 49 7 127 516 565 6 192 18 14 6 91 7 0 0 2 11 11 1 16 1371 386 7 144 13 8 11 209 315 80 1 20 108 149 21 234 1548 136 202 249 117 7 184 844 254 14 6 9 156 11 309 737 142 15 11 20 7 3 7 18 229 17 21 20 360 18 542 267 239 9 9 5 14 1 4 8 14 0 0 1 15 1 8 2 259 26 9 11 10 1 11 22 389 19 5 9 450 12 128 86 211 12 10 9 16 2 21 22 21 1 0 0 11 2 16 18 9 0 1 2 0 0 2 1 12 0 1 0 18 0 16 12 337 14 8 17 19 1 7 21 16 0 1 1 24 1 4 10 1441 40 9 48 38 4 37 152 1067 27 8 16 297 21 94 179 349 229 11 415 9 9 12 739 30 7 1 6 8 16 6 188 22 21 0 13 1 0 0 11 9 8 0 12 7 10 4 86 12 14 1 7 0 1 0 5 0 0 0 0 1 1 0 2 17 25 0 8 0 0 1 11 3 11 0 1 2 10 0 14 318 479 13 605 19 18 16 330 10 6 0 2 11 21 7 106 14 17 0 11 0 4 2 18 20 20 1 10 11 45 15 127 541 607 6 176 19 16 8 103 4 4 1 0 11 11 0 20 1286 404 4 131 22 10 8 214 316 86 3 25 110 157 25 252 1456 141 232 205 110 12 217 872 247 5 6 7 202 10 325 705 137 8 10 22 10 1 7 31 240 20 19 26 381 17 469 288 251 11 21 13 16 2 4 20 10 1 1 1 13 0 9 5 315 26 12 9 12 0 16 27 415 18 6 4 467 12 126 106 203 12 12 8 9 2 24 29 21 2 1 0 14 1 13 14 11 2 0 1 1 0 3 4 11 0 1 0 30 0 11 5 339 18 7 15 19 3 15 22 13 0 0 0 14 0 8 9 1423 29 15 47 40 3 30 143 952 21 12 15 325 17 94 213 364 245 8 389 10 12 14 703 30 12 0 10 10 17 9 220 10 19 1 21 1 0 0 17 17 8 1 9 5 9 3 105 13 22 0 11 0 0 0 4 0 0 0 0 0 1 0 2 19 20 1 9 0 1 0 17 8 10 1 4 3 9 1 25 339 421 14 548 17 22 18 309 11 7 0 4 11 14 9 103 16 19 0 19 1 3 3 15 25 19 0 16 17 50 8 138 495 586 13 154 19 12 8 93 5 4 0 0 17 12 1 26 1176 373 6 117 20 16 12 226 404 118 1 28 110 174 18 311 1
2581 170 175 218 128 6 252 792 420 37 31 46 243 19 561 1291 135 26 22 36 12 0 6 38 153 20 27 44 214 27 521 488 173 25 14 7 24 2 9 13 11 2 3 2 27 4 5 8 184 21 5 11 9 0 12 49 202 21 6 16 316 28 125 124 171 4 26 16 23 1 21 27 34 7 1 2 24 1 35 39 12 0 2 2 1 0 0 5 6 1 3 1 4 0 20 23 204 7 8 1 19 1 18 33 27 5 1 4 37 1 20 38 816 33 12 33 23 3 32 290 537 28 8 26 232 20 95 346 420 179 14 231 30 13 31 548 46 13 1 9 13 10 8 197 44 30 2 30 2 5 2 36 14 5 1 14 5 13 5 87 26 32 0 2 2 1 0 5 1 1 0 0 0 1 0 2 52 33 2 11 4 2 6 23 3 15 1 9 3 23 2 62 177 205 21 320 21 9 34 286 16 7 2 4 12 9 21 87 8 12 1 17 1 2 3 19 6 13 1 14 6 35 20 126 362 405 10 87 36 32 11 123 6 9 0 1 18 12 8 42 1260 351 7 80 40 28 41 375 199 59 2 36 56 114 44 486 2733 163 177 195 144 3 229 768 432 42 35 55 219 14 556 1315 133 29 28 31 5 3 10 28 164 22 27 41 198 19 501 485 175 25 14 10 15 4 6 14 16 3 2 4 22 4 6 7 182 23 4 10 11 3 11 36 224 33 9 15 308 28 119 115 177 7 20 14 23 2 29 23 26 7 2 3 30 1 31 43 10 0 2 2 2 3 1 4 9 1 5 1 6 0 15 26 218 8 8 6 26 1 10 33 34 5 3 4 32 2 21 39 740 40 10 31 21 2 33 329 521 27 3 32 228 17 98 362 448 169 19 234 19 8 36 569 39 18 2 6 13 8 7 196 36 35 2 35 4 4 2 33 6 7 1 13 8 6 3 102 26 28 0 2 3 3 2 2 1 0 0 1 1 3 1 1 49 42 0 10 4 4 5 31 7 18 0 11 3 17 4 47 177 201 22 316 25 8 36 265 18 5 1 3 11 12 25 81 13 14 0 19 0 3 2 25 6 15 2 14 8 28 21 109 364 391 8 84 36 27 14 112 9 4 0 4 13 14 14 45 1227 320 6 76 42 26 51 404 182 62 3 38 54 122 42 480 2910 159 178 189 120 8 244 671 428 36 29 49 227 14 574 1280 132 26 20 32 10 0 9 29 159 24 21 39 200 28 507 503 178 25 10 9 16 2 9 8 13 3 2 4 18 4 6 7 185 23 9 15 7 1 14 40 213 19 3 15 318 25 112 120 158 4 15 13 23 1 22 22 30 6 2 3 27 2 28 39 16 0 4 0 0 0 2 1 7 1 1 1 8 0 24 24 195 11 8 4 22 1 14 29 36 3 2 4 35 1 21 32 804 30 16 29 24 2 31 326 523 29 5 25 241 18 98 358 431 164 17 229 16 8 38 587 31 15 1 11 19 7 6 186 45 29 2 34 6 2 2 30 7 6 0 12 6 10 4 104 27 21 0 1 3 0 0 3 2 0 0 0 1 1 0 2 47 41 0 11 3 5 5 35 9 11 0 9 3 18 1 53 181 199 18 325 28 11 43 266 15 7 1 5 12 10 24 97 8 13 0 22 0 0 5 21 6 16 4 17 4 32 23 108 365 412 7 105 34 25 13 115 8 6 0 3 15 11 10 42 1220 331 6 78 42 26 38 380 164 65 5 37 66 112 43 473 1
1673 166 147 234 127 10 202 724 484 17 18 21 190 12 262 739 228 19 14 22 15 1 9 27 308 15 11 17 291 18 435 233 214 14 9 10 10 3 3 14 14 4 0 0 11 2 8 6 363 29 9 7 19 0 14 27 641 32 11 7 487 15 133 116 156 15 17 15 19 0 27 20 26 1 2 1 20 2 20 28 21 1 1 3 1 0 1 5 25 1 1 1 19 0 14 20 241 7 9 8 30 2 7 21 51 1 0 2 22 3 10 26 1166 34 15 31 34 4 36 234 1358 33 12 31 499 21 145 341 378 244 19 483 31 14 36 873 43 10 1 5 17 13 8 179 29 20 1 29 2 0 1 33 10 13 0 12 14 18 5 71 20 14 0 2 0 1 2 12 0 3 0 0 0 0 0 3 35 18 1 14 3 1 5 14 7 8 1 7 4 5 3 30 236 268 20 465 23 11 24 345 16 4 2 3 10 12 10 77 10 14 2 22 0 0 0 19 18 2 2 7 15 27 10 78 272 390 6 108 18 10 11 105 3 1 0 0 19 11 3 29 714 279 8 98 32 16 21 314 269 88 3 36 101 98 32 394 1600 175 146 258 134 15 197 694 463 24 14 16 223 10 272 683 220 17 16 21 16 0 10 26 311 21 17 21 291 18 411 235 189 15 10 4 11 0 3 11 21 3 0 0 10 1 5 8 340 19 10 8 22 1 16 28 658 32 4 5 480 15 115 119 153 10 14 16 23 1 27 30 31 2 0 1 19 3 25 21 14 0 1 2 1 0 2 6 20 0 1 0 20 1 11 12 259 14 6 18 31 3 12 21 46 2 0 4 26 2 10 23 1263 40 12 31 31 4 29 241 1446 25 12 30 480 16 166 318 377 246 19 495 26 20 39 866 38 13 2 12 12 14 11 181 28 14 1 30 3 2 1 27 12 9 0 8 5 14 8 68 14 15 0 4 1 1 0 6 0 0 0 0 0 1 0 2 29 25 2 14 2 2 5 20 9 11 0 8 4 6 3 26 227 269 13 473 19 13 23 372 12 5 0 5 9 14 11 71 11 10 1 20 1 1 0 17 14 9 2 13 11 20 12 84 314 416 1 116 16 9 9 114 3 4 0 0 12 10 0 29 743 281 7 86 27 20 16 306 269 87 4 38 94 92 25 357 1707 153 176 218 122 12 189 616 423 23 10 21 187 13 262 593 217 17 15 26 18 0 11 26 297 20 15 18 326 22 360 229 226 18 13 6 11 2 6 16 20 2 1 0 16 2 9 6 365 24 11 13 13 2 14 35 625 27 8 6 456 16 115 116 168 13 16 11 17 0 18 31 28 1 1 1 19 1 28 25 11 0 2 2 2 1 3 3 22 0 1 0 20 0 14 17 261 15 9 13 27 1 10 22 46 1 1 4 21 6 10 17 1287 43 16 28 39 0 37 227 1443 25 11 35 496 21 138 325 378 225 22 448 28 20 32 812 46 13 0 6 16 21 10 203 24 17 1 36 4 0 0 28 11 9 1 10 7 21 6 83 20 13 1 4 0 1 1 9 0 1 0 0 0 0 0 5 39 18 2 16 3 1 1 20 10 9 0 10 8 8 2 27 232 271 17 454 25 18 27 329 12 3 1 6 12 15 8 82 13 15 1 14 1 0 1 24 18 15 4 13 13 27 6 100 303 423 4 119 14 15 11 98 9 1 0 1 11 10 4 38 773 282 10 110 30 22 16 318 304 94 4 44 100 113 31 395 1
1557 117 164 317 145 14 246 1006 234 18 5 17 188 10 469 852 141 19 11 24 10 2 17 32 259 16 10 18 519 17 529 341 157 12 7 10 9 4 15 13 8 0 1 0 5 1 3 4 357 20 11 6 13 1 9 14 501 4 6 7 434 6 128 81 133 14 10 11 11 1 11 31 18 0 0 0 12 0 18 19 13 2 0 2 2 0 1 4 14 1 2 0 25 2 11 15 322 7 8 10 9 0 10 21 8 0 0 0 18 0 4 12 1623 33 14 22 30 3 26 70 1129 16 1 9 374 16 88 136 240 254 10 448 12 10 10 878 22 7 0 7 7 17 4 231 18 11 0 9 0 1 0 7 7 9 0 4 8 10 6 91 8 12 0 2 0 1 0 1 0 0 0 0 0 0 0 2 16 22 0 10 2 1 2 4 3 5 0 0 3 3 1 15 257 450 10 391 20 15 10 361 9 8 0 3 10 11 10 92 9 24 0 13 1 4 1 8 15 7 0 6 16 26 3 115 474 509 1 146 13 12 4 107 4 6 0 3 7 7 1 20 1175 352 8 104 16 15 6 150 308 89 0 20 105 101 15 197 1486 141 162 345 145 15 243 1084 221 10 5 16 207 10 442 920 145 17 7 17 9 0 13 35 267 16 15 20 485 23 479 288 153 10 8 12 6 1 12 13 5 0 1 1 7 0 3 4 333 16 9 10 9 2 12 18 483 6 4 5 393 6 135 85 147 11 8 12 12 2 16 38 10 0 1 0 13 1 18 25 12 3 2 1 0 1 1 4 12 0 0 0 19 0 16 16 294 8 7 11 12 6 10 25 14 0 0 1 17 1 2 11 1669 29 8 25 28 2 18 79 1165 13 2 5 348 13 92 126 226 292 6 490 15 13 13 965 19 14 0 7 6 16 4 231 15 13 1 8 1 1 0 16 3 7 0 5 6 16 2 90 12 10 0 6 0 1 1 5 0 0 0 0 1 1 0 2 10 17 0 4 0 0 0 3 3 4 0 2 3 2 0 15 247 395 6 362 14 14 8 384 5 7 0 3 7 9 10 106 8 22 1 5 1 0 0 12 14 10 0 4 21 37 4 98 542 486 6 129 19 13 4 123 9 0 0 1 7 6 2 18 1211 334 5 105 13 18 9 143 303 89 0 8 83 94 21 194 1586 154 175 277 134 16 244 1020 248 17 18 17 185 9 393 820 142 15 15 24 13 0 13 30 244 14 14 20 424 29 391 298 206 13 8 11 13 1 13 15 10 0 1 1 14 0 3 7 323 18 9 6 13 2 18 27 443 1 3 10 316 15 135 88 159 18 14 15 10 3 14 28 14 0 1 1 19 0 19 17 19 1 4 1 1 0 0 7 21 0 1 0 20 4 11 17 350 15 9 17 15 2 11 22 15 0 0 0 16 1 7 9 1464 25 21 29 40 4 25 67 1023 12 8 7 331 20 106 127 238 287 13 485 16 23 16 878 16 11 0 11 8 14 4 217 15 13 0 4 0 1 2 10 9 10 1 9 5 22 3 94 19 14 2 10 0 2 0 14 1 0 0 0 0 1 0 0 14 19 0 5 0 1 1 8 9 5 0 3 3 3 3 24 278 453 9 353 13 19 12 365 13 10 0 4 9 17 8 102 10 37 0 4 0 0 0 11 26 19 0 6 18 46 12 122 521 538 5 185 13 20 6 130 3 7 0 5 4 12 2 22 1156 367 6 124 21 19 7 150 385 105 2 21 115 135 14 253 1
1510 151 184 296 138 13 240 768 290 18 10 18 249 13 433 800 166 26 11 14 15 3 12 24 299 17 13 16 458 19 482 338 173 14 12 7 10 1 9 14 10 0 0 0 8 1 6 5 306 21 9 10 10 3 10 19 540 11 2 10 465 8 122 107 148 13 19 15 14 2 27 26 18 1 1 1 17 2 18 29 10 0 1 1 2 0 0 3 17 1 0 1 22 3 8 13 239 7 8 14 25 2 14 30 20 0 0 4 29 1 3 19 1071 33 18 23 23 3 24 93 1017 18 3 12 383 14 102 194 309 291 12 575 16 16 24 927 26 14 0 13 10 21 10 223 12 21 1 16 2 0 0 21 5 9 0 11 8 13 6 81 13 15 0 5 0 0 0 8 2 0 0 0 0 0 0 5 23 28 1 8 2 0 2 11 7 3 0 0 6 4 1 23 275 521 14 609 16 23 23 423 17 6 0 8 13 17 4 87 20 20 1 15 1 2 1 18 10 16 1 10 16 32 8 96 366 521 7 189 17 10 7 126 2 1 0 1 8 8 0 28 985 310 8 113 22 11 16 202 261 90 3 33 89 116 20 305 1523 155 173 273 140 18 223 827 277 18 14 11 241 10 436 878 172 20 9 18 21 0 12 25 295 17 10 23 424 12 490 310 186 16 3 8 13 1 8 9 8 0 1 1 9 1 4 2 285 24 7 12 8 2 9 20 525 12 3 10 457 6 123 96 149 10 15 25 14 0 22 25 16 1 1 1 22 0 15 21 12 1 1 1 3 0 1 1 26 1 1 0 23 3 13 13 248 12 5 15 25 2 11 27 23 0 0 4 25 0 7 21 1063 31 13 25 25 6 23 113 1058 21 2 11 360 17 100 170 291 280 8 576 14 22 20 912 27 12 0 7 9 12 10 239 21 21 0 14 2 2 0 21 6 7 1 7 3 12 2 67 13 12 1 3 0 0 1 7 3 0 0 0 1 0 1 2 19 21 1 16 1 0 1 7 7 4 0 3 7 9 0 20 249 564 17 695 19 23 24 415 13 8 0 6 15 19 9 96 12 21 0 14 1 0 0 17 10 12 0 12 15 31 8 96 391 575 11 170 17 8 3 109 6 3 0 3 14 7 1 26 968 296 4 119 18 12 15 199 260 81 5 28 83 107 20 295 1520 144 190 279 137 16 249 805 287 20 10 19 233 9 420 868 167 21 7 20 19 0 13 25 278 18 12 23 473 19 465 348 196 9 4 11 11 4 9 17 9 1 2 0 8 1 12 1 283 28 13 15 8 2 9 17 530 11 5 7 509 13 134 103 149 13 20 15 8 1 21 24 14 0 2 1 19 1 12 27 15 2 1 0 2 0 2 0 15 3 0 1 22 3 10 18 238 9 10 21 23 4 10 29 19 2 0 2 16 1 9 10 1065 21 18 19 40 6 27 95 859 15 8 14 381 15 110 181 282 296 7 526 19 15 16 919 33 16 0 8 14 17 9 270 11 23 0 14 2 0 0 20 9 7 0 9 7 14 2 100 13 16 1 4 0 2 0 10 2 1 0 1 1 1 0 0 14 25 1 12 1 0 1 15 6 5 0 1 4 7 4 24 264 550 16 642 21 23 27 426 10 11 0 4 11 21 5 98 16 21 0 13 2 1 0 11 11 13 0 8 11 33 7 113 341 556 5 196 14 4 11 123 4 2 1 4 7 10 4 30 879 284 8 107 17 19 16 202 378 87 2 23 94 110 27 319 1
1671 143 290 249 116 17 239 1168 346 15 19 24 179 19 310 817 138 15 10 29 11 1 8 18 238 22 8 17 340 20 335 268 299 18 26 7 26 4 13 21 11 2 0 1 20 4 7 7 296 22 7 8 16 1 17 36 331 20 7 9 468 30 145 113 175 12 24 14 13 2 18 30 17 5 0 4 19 0 18 20 28 4 4 2 2 0 2 3 18 4 0 2 18 2 22 17 336 11 25 17 16 3 14 28 27 4 1 2 20 2 10 16 999 31 21 33 28 1 29 160 777 27 8 14 294 15 105 236 307 219 12 358 21 14 25 770 60 15 1 8 15 15 10 353 23 20 0 28 5 4 1 11 16 18 0 11 9 17 5 87 19 21 3 5 2 2 1 8 1 3 1 0 1 2 0 5 33 17 0 17 1 1 1 14 11 9 0 2 5 17 1 30 230 405 32 499 15 22 21 276 16 8 2 7 9 19 12 120 24 26 3 24 2 6 2 21 30 26 1 14 18 116 13 211 373 378 12 154 17 23 10 127 8 2 1 4 12 22 3 39 904 288 8 108 22 21 17 248 284 138 3 45 104 224 35 448 1919 144 318 257 135 24 240 997 374 20 19 31 221 11 330 699 168 13 19 26 17 5 9 18 236 22 12 21 343 29 334 297 287 19 31 13 23 4 19 19 9 1 1 0 27 2 10 10 312 22 10 10 11 5 11 34 371 25 8 8 473 24 139 94 184 17 18 12 20 3 17 38 13 5 1 3 25 1 14 31 16 3 2 1 2 1 2 3 21 2 1 0 20 3 19 20 346 18 15 16 13 0 14 36 30 4 1 2 17 2 9 19 958 29 21 31 29 6 34 179 738 28 10 18 287 21 108 276 360 224 15 305 15 21 28 646 52 16 1 7 18 18 12 248 26 16 2 27 4 3 3 19 21 15 2 11 14 19 3 104 12 22 3 5 1 2 0 8 1 1 1 0 1 1 0 1 36 28 0 7 2 0 1 19 7 9 0 4 5 20 5 35 237 412 25 480 19 22 29 288 13 9 2 8 12 14 14 122 27 26 0 28 1 3 3 24 14 24 0 16 24 120 15 230 370 345 11 142 22 24 7 102 11 3 0 4 9 16 1 35 843 298 11 112 16 20 22 312 264 115 6 42 100 206 40 449 2108 165 337 278 147 16 299 1014 364 17 11 23 231 12 305 638 152 11 16 28 9 1 11 18 238 30 13 26 340 28 309 289 305 15 30 12 21 3 14 22 14 1 0 0 20 3 3 4 300 28 9 9 11 3 16 34 328 27 11 12 471 31 136 106 141 16 16 14 16 1 26 33 20 1 0 2 17 1 21 22 14 4 1 4 2 1 0 1 8 2 1 1 20 5 18 22 303 11 18 19 17 0 15 29 26 2 2 4 25 3 8 22 921 24 18 34 30 3 38 203 697 27 6 19 281 18 112 281 337 246 17 323 17 22 24 609 49 25 0 9 14 21 8 219 21 20 2 23 7 1 0 23 17 15 2 16 12 27 4 104 21 22 1 9 2 3 0 10 0 1 0 0 1 1 0 2 23 31 0 12 2 0 2 17 8 10 0 6 4 26 4 35 224 421 21 442 23 22 26 290 18 14 3 4 15 25 10 117 25 29 0 33 3 3 1 20 26 25 0 20 26 137 13 244 338 350 10 158 23 24 9 109 5 3 1 4 4 17 2 38 787 299 10 127 25 22 25 288 294 110 5 47 104 230 33 486 1
1960 186 254 273 162 16 268 1045 428 34 18 38 217 13 270 777 147 12 17 24 9 3 12 40 212 27 21 24 288 17 351 257 250 22 18 2 26 1 11 8 14 1 1 1 34 5 6 11 249 26 13 10 9 1 16 48 405 21 10 14 750 25 124 127 126 6 32 10 18 1 19 34 30 3 1 2 22 2 18 33 12 0 4 1 1 1 2 4 12 2 4 1 25 1 21 26 217 6 8 18 20 1 22 39 30 3 1 6 25 0 12 27 780 24 7 18 35 3 26 221 845 24 5 25 349 17 107 371 408 240 11 308 26 16 32 859 47 17 2 10 13 22 9 274 27 22 0 24 2 0 1 34 11 16 0 13 6 12 7 94 13 25 0 8 0 3 0 10 1 1 0 1 1 5 0 5 29 37 2 19 2 3 3 22 8 17 1 8 5 22 3 43 171 273 32 692 22 13 26 285 13 10 1 8 15 13 14 104 11 15 0 34 1 2 3 20 11 19 2 20 24 53 24 172 293 315 11 129 25 28 8 111 9 4 0 6 6 18 8 42 672 241 6 86 31 18 27 368 173 82 6 31 86 172 39 445 1937 180 257 291 181 25 259 1093 412 39 12 43 221 16 290 790 132 12 17 22 10 3 7 37 196 20 23 22 289 23 394 267 224 28 20 7 27 0 5 16 17 0 0 1 32 3 7 7 235 16 10 12 12 1 13 37 385 31 6 17 746 23 114 128 114 8 22 15 22 2 24 28 33 3 1 3 20 2 16 35 11 0 4 2 0 0 3 4 14 0 2 0 18 3 20 18 215 9 4 13 24 0 12 32 30 2 1 8 25 0 10 30 820 23 1 19 25 2 19 211 885 34 8 23 348 19 106 351 382 238 15 327 38 20 34 885 47 13 1 16 12 17 12 279 27 19 1 25 1 2 1 31 13 11 0 15 5 16 7 84 15 19 1 10 0 4 1 4 0 1 0 0 0 2 1 2 35 32 0 15 4 3 1 31 13 18 0 7 4 20 4 40 179 269 30 722 17 12 29 294 9 11 0 6 13 12 10 99 11 14 1 30 2 0 3 26 12 17 3 22 15 53 23 160 275 307 8 140 19 23 11 109 12 5 0 5 4 18 4 40 711 230 6 90 22 24 26 365 186 73 4 34 79 154 36 443 1818 177 261 280 181 28 295 1177 396 38 9 31 199 12 277 798 139 17 19 25 10 2 9 31 189 23 18 24 310 16 383 281 221 22 18 6 30 1 9 8 16 0 0 1 36 4 4 8 242 20 12 9 7 0 9 40 373 26 8 15 711 25 125 110 115 6 23 13 22 2 19 20 35 5 0 1 15 3 17 35 22 1 2 1 1 0 1 5 13 1 1 0 24 2 22 24 234 6 3 15 19 2 15 24 20 2 1 5 26 1 18 25 798 34 7 22 27 2 26 204 898 27 9 24 350 18 104 334 386 247 12 313 27 13 41 870 56 7 1 12 9 15 11 297 23 17 0 26 1 1 2 31 13 11 1 11 4 21 7 91 20 14 1 9 1 3 1 7 0 0 0 0 0 3 0 3 41 32 1 19 2 3 3 26 4 17 0 6 4 23 5 37 186 266 36 699 19 16 22 299 15 10 2 3 12 13 12 84 10 16 1 33 0 2 1 18 12 16 3 15 19 53 18 174 293 306 11 140 19 19 14 112 12 6 0 6 8 17 6 42 745 255 4 100 28 20 28 321 213 77 6 37 95 167 35 475 1
1675 163 226 251 138 13 313 1060 386 24 22 25 277 16 562 1116 123 22 11 27 7 1 8 35 233 25 7 36 332 20 555 427 161 9 15 11 9 2 11 17 16 0 0 1 12 1 7 5 212 24 15 12 8 2 13 30 348 27 2 9 388 14 162 131 132 14 12 15 17 1 35 27 20 2 0 0 21 1 28 34 10 1 0 0 0 2 0 1 11 2 2 1 18 2 19 18 233 6 9 15 22 1 15 21 16 1 0 2 40 1 12 19 650 37 11 19 32 1 35 160 714 30 6 29 260 16 106 302 378 236 13 430 28 14 32 938 41 25 0 7 12 10 15 245 14 21 1 24 2 1 1 26 5 11 0 8 10 14 4 113 13 18 0 5 0 1 0 7 1 2 0 1 0 1 0 4 30 31 0 17 0 0 1 22 6 14 0 7 4 10 3 31 244 303 8 362 16 24 18 361 9 7 2 4 13 10 11 121 8 14 3 23 2 3 2 19 10 18 0 11 12 24 8 130 474 559 3 151 19 22 13 122 10 4 0 2 14 19 5 40 815 370 11 135 29 23 28 322 175 89 4 39 102 101 27 392 1630 166 236 260 155 14 306 1109 369 33 16 27 271 20 599 1140 133 18 12 28 9 1 15 38 231 27 15 34 335 14 583 440 166 11 15 10 13 1 12 15 20 2 0 1 11 1 14 5 196 25 14 12 12 2 13 40 345 27 4 12 360 17 157 126 126 11 14 8 15 0 32 30 18 1 0 1 25 1 32 36 11 1 2 1 2 1 0 3 8 3 1 2 20 0 19 15 251 10 7 15 22 0 11 26 23 3 0 1 34 1 17 21 629 35 8 23 35 3 26 133 698 28 6 30 234 21 89 288 354 242 20 453 30 15 28 925 40 16 0 9 9 7 13 253 17 28 1 25 1 0 1 31 4 9 0 8 11 15 4 111 10 19 0 6 0 2 0 7 0 1 1 0 0 0 0 3 29 35 0 14 1 1 1 20 5 9 0 6 6 9 3 40 237 321 11 381 19 23 23 347 15 6 0 6 9 19 12 112 4 11 4 24 3 3 3 21 15 15 0 9 13 25 11 140 446 578 4 136 26 23 16 120 11 2 0 3 11 17 5 34 820 341 9 127 30 14 27 303 184 89 4 33 87 124 26 394 1635 156 225 262 154 12 336 1075 387 24 23 19 269 17 594 1040 137 11 11 28 10 0 8 36 232 23 14 30 348 15 571 453 193 16 13 11 13 2 6 19 14 2 1 1 15 2 16 5 206 27 13 15 9 2 22 33 349 30 5 13 398 22 167 134 120 11 15 14 15 2 23 28 24 1 0 0 21 1 25 34 18 2 0 1 1 1 1 1 8 2 0 1 17 1 21 15 212 9 7 9 26 1 18 25 24 0 0 2 31 3 17 23 679 32 11 23 33 2 33 140 667 33 7 28 282 17 107 296 360 250 21 415 30 17 36 881 57 16 2 8 9 13 10 296 13 22 2 19 2 0 1 37 15 11 0 11 10 17 5 119 15 19 0 8 1 2 2 11 1 1 0 0 0 1 0 1 26 32 0 13 1 1 1 24 6 10 0 5 4 6 5 50 229 284 15 304 22 24 30 317 10 6 3 4 11 13 10 121 10 17 1 21 1 1 2 21 19 12 0 8 14 25 7 142 421 524 5 148 23 26 12 133 11 4 0 4 8 19 7 31 868 327 8 130 36 23 28 283 206 89 6 39 101 137 24 418 1
2191 148 209 244 175 17 260 736 406 26 25 22 274 21 500 936 209 19 20 31 18 0 22 31 298 19 19 24 351 15 458 408 216 14 12 12 16 6 11 23 16 1 0 0 18 5 3 9 275 29 11 14 17 0 13 36 473 38 9 14 478 28 157 120 168 10 24 7 28 1 22 26 25 3 2 1 21 0 27 28 19 1 2 2 1 0 0 5 15 6 0 2 18 1 21 26 213 8 3 9 20 1 12 22 35 1 0 5 27 1 19 23 753 21 10 20 29 5 27 226 887 34 7 18 367 16 120 344 349 198 20 346 24 15 31 690 34 11 1 12 16 18 13 212 21 19 1 25 4 1 1 37 10 18 3 16 8 21 9 106 14 19 0 4 0 2 1 14 1 1 0 0 1 1 2 3 38 20 3 8 1 2 3 19 8 15 1 6 2 19 8 55 193 318 20 558 18 14 32 304 11 5 1 2 12 11 7 117 14 16 2 25 3 0 3 17 11 15 1 17 13 43 15 173 309 420 4 113 24 22 12 113 8 9 0 4 8 19 7 56 484 245 8 94 20 16 28 270 172 88 2 55 101 150 40 450 2266 155 226 258 191 13 283 673 430 25 19 35 279 18 464 937 207 25 21 24 17 2 16 31 274 21 19 21 344 24 476 393 219 20 10 12 20 6 12 8 25 0 0 0 16 5 5 10 289 17 11 11 18 2 22 36 489 36 7 15 465 31 135 117 162 11 24 14 24 0 26 26 25 1 0 2 22 1 33 25 20 0 2 1 2 1 2 4 13 7 4 2 20 1 24 25 214 5 2 9 22 1 14 24 28 2 0 2 27 3 27 26 774 36 16 27 29 2 30 236 903 27 5 22 377 18 118 326 367 192 15 341 22 14 33 734 34 9 2 9 14 5 12 205 19 26 1 23 0 1 1 33 10 20 3 15 11 21 7 117 16 19 1 5 1 2 2 9 0 1 0 0 1 1 0 4 29 27 2 11 2 1 4 21 10 13 1 11 6 21 8 45 207 292 26 535 18 14 25 293 10 9 0 5 13 16 10 108 16 14 1 18 2 0 2 19 12 15 2 13 16 43 22 165 276 424 4 103 23 25 13 103 9 3 0 5 8 15 5 50 491 237 4 90 24 17 25 289 140 81 2 43 90 158 39 445 2447 145 222 253 180 14 262 708 398 27 21 28 267 15 437 911 208 16 16 21 24 0 9 36 272 28 21 24 384 17 431 383 215 21 12 12 14 5 12 13 16 1 0 0 14 4 8 7 287 22 16 12 9 1 26 37 482 30 9 16 495 29 153 127 173 12 28 11 18 0 29 29 20 2 1 1 15 2 33 30 20 2 1 2 1 0 2 6 19 5 2 0 16 1 19 25 199 6 2 12 20 2 14 25 30 0 0 4 29 3 15 23 732 33 8 27 28 3 24 253 905 31 2 24 381 22 121 326 358 202 15 340 15 12 32 714 23 12 2 7 14 12 11 191 18 24 0 27 1 2 2 36 12 15 3 16 10 21 11 99 16 21 0 6 2 3 1 14 0 0 0 0 3 2 1 3 32 28 2 13 1 0 4 19 10 11 0 9 5 24 5 49 189 301 27 531 24 11 28 282 10 6 0 2 11 14 12 122 8 17 2 20 2 1 3 8 11 19 2 21 13 41 21 178 304 395 2 110 23 19 13 107 6 5 0 1 11 22 10 48 520 223 4 84 16 18 24 287 176 80 2 40 95 156 40 426 1
2040 292 250 399 183 13 281 1027 281 8 10 19 219 8 326 637 159 18 13 26 7 3 7 28 261 20 15 37 460 25 531 259 198 11 9 7 13 0 6 12 14 1 0 0 14 0 8 2 258 18 8 12 10 0 6 26 360 21 5 7 391 21 112 88 154 11 8 14 13 1 28 34 16 1 0 0 19 0 25 28 12 0 1 0 0 0 1 3 6 1 1 0 14 1 22 18 253 12 7 9 18 1 8 37 14 0 0 0 21 1 10 16 886 42 10 39 33 4 29 129 797 18 5 11 290 15 90 206 344 317 9 598 18 16 16 851 26 5 0 10 14 18 2 205 19 12 0 16 2 1 0 16 8 15 0 7 7 20 6 100 8 18 0 2 0 2 2 9 0 0 0 0 0 0 0 4 24 30 1 11 1 3 3 11 10 14 0 2 2 11 1 18 247 527 16 643 19 23 21 422 10 13 0 3 15 19 7 128 8 11 0 18 2 0 1 23 10 14 1 15 14 32 16 137 384 456 1 131 19 24 9 110 7 4 0 5 12 16 2 29 888 295 8 115 23 20 22 209 228 82 2 23 83 124 32 318 1965 296 230 400 173 21 271 1112 261 18 13 20 224 14 341 685 152 19 10 27 8 3 7 25 272 20 13 30 450 14 537 276 199 13 6 8 11 0 8 17 15 1 0 1 12 1 5 3 233 20 3 7 8 1 6 32 387 21 7 6 408 18 127 76 153 16 14 16 14 2 29 40 14 1 0 2 13 0 32 21 9 0 0 0 1 0 0 2 12 2 3 2 14 6 25 18 254 14 10 12 22 2 9 31 16 0 0 0 22 1 9 16 881 32 8 33 39 3 20 127 777 17 8 10 287 8 84 181 354 317 6 613 26 13 12 909 23 11 1 10 9 14 7 208 15 23 0 18 1 2 1 13 7 11 0 6 8 13 1 91 9 14 1 5 0 1 2 3 0 0 0 0 0 1 0 4 21 26 0 11 1 2 1 10 7 15 0 1 1 12 3 13 241 515 16 663 12 27 18 420 11 7 0 6 15 18 8 118 10 15 0 22 2 1 1 20 9 12 1 14 12 21 13 122 389 462 4 130 22 26 10 121 5 5 0 3 15 11 2 33 901 302 4 109 28 17 16 196 200 83 2 23 82 125 23 317 1995 283 243 416 157 12 284 1064 270 13 14 24 219 13 328 644 153 18 12 22 3 2 9 26 262 24 15 31 479 22 512 268 225 15 11 6 11 0 9 11 11 0 0 0 12 1 6 6 233 17 6 12 10 1 8 27 386 13 4 8 398 19 142 95 138 17 13 21 16 2 28 29 19 0 1 1 12 3 21 23 12 2 0 0 0 0 0 6 9 1 4 1 12 1 20 19 244 14 12 8 24 3 9 37 14 1 0 0 19 1 9 20 806 45 7 31 30 1 22 153 673 17 6 7 287 8 100 196 358 318 8 622 21 15 9 840 33 10 2 7 10 10 8 216 13 20 0 20 2 2 1 11 6 15 0 7 8 17 2 90 15 14 2 6 1 1 0 1 1 0 0 0 0 0 0 1 21 24 0 13 1 2 2 12 8 12 0 3 4 13 4 18 236 576 14 662 16 28 23 437 10 10 0 9 11 18 8 134 13 20 0 23 2 0 1 21 8 13 2 16 12 33 14 153 398 487 3 125 17 24 13 140 9 4 0 1 15 15 4 36 827 316 7 119 22 19 16 217 226 84 3 27 74 130 27 321 1
1423 123 223 221 99 18 176 1158 266 9 12 16 216 14 348 986 134 13 16 12 13 1 8 34 264 18 20 18 574 17 407 250 223 12 11 11 19 2 13 18 9 0 0 0 14 0 6 3 255 11 22 13 10 0 16 22 427 21 7 10 543 27 168 124 121 18 16 12 10 1 18 39 14 0 1 1 15 0 10 20 17 0 0 2 0 0 1 4 16 0 3 3 13 3 16 11 273 14 10 14 20 1 9 31 23 2 0 0 11 2 10 18 1056 42 13 24 36 6 21 130 911 23 5 15 312 25 119 202 349 228 10 376 17 13 21 989 45 18 2 7 9 24 7 359 23 17 0 10 1 1 0 22 11 13 0 6 8 16 4 91 14 13 1 12 1 2 0 12 1 0 0 0 0 2 0 3 20 24 0 6 1 1 3 12 12 12 0 5 7 14 3 30 276 375 17 499 18 16 17 280 15 14 0 6 10 18 9 107 10 20 2 24 1 1 0 27 20 19 1 14 13 45 14 158 385 381 11 151 15 20 7 137 8 4 0 2 10 4 2 36 1115 309 8 119 19 22 16 241 277 112 4 37 105 146 21 339 1505 166 230 257 129 12 218 1046 325 16 13 13 237 9 365 877 161 6 15 19 12 2 10 43 282 16 16 21 511 21 371 281 243 11 13 7 20 5 11 10 11 1 1 0 17 3 5 9 272 14 15 18 7 3 19 27 440 21 6 8 441 30 154 136 144 12 22 12 10 2 25 40 25 1 0 2 21 1 12 26 15 3 2 1 1 0 2 5 21 1 2 4 12 5 19 15 319 18 12 13 19 1 17 40 26 3 0 1 18 0 8 19 1172 38 10 37 37 2 23 145 885 27 8 23 311 28 120 249 402 237 14 330 21 10 23 781 26 14 0 7 19 17 10 294 17 20 1 13 1 2 1 22 8 16 0 7 7 19 5 107 13 18 0 7 0 3 0 10 0 0 0 0 1 4 0 10 25 24 1 6 3 0 2 16 9 14 1 6 6 18 3 36 266 333 23 421 13 20 11 262 20 12 0 9 12 11 13 117 14 29 0 23 4 2 0 26 21 23 3 10 15 37 11 170 356 321 7 126 26 23 10 120 8 8 0 3 8 6 4 34 1085 295 9 135 29 15 22 250 264 130 1 32 104 147 28 405 1592 174 231 259 143 18 234 973 311 16 15 21 251 13 347 775 156 7 12 21 10 2 12 33 288 13 13 13 531 20 337 296 238 8 18 14 15 3 14 14 12 1 0 2 20 1 7 6 291 21 18 20 6 2 18 30 432 13 4 15 472 29 140 113 136 11 23 11 13 1 21 30 20 1 0 5 10 1 17 24 15 1 3 1 1 0 0 7 15 0 3 2 29 3 16 21 294 9 12 11 16 4 17 36 25 2 0 1 19 1 8 19 1137 35 21 34 31 5 30 180 844 31 10 17 312 25 101 275 389 237 19 350 21 17 29 783 42 14 0 15 17 19 3 302 24 9 1 21 2 1 1 15 19 17 0 7 8 21 7 109 19 15 0 7 0 4 1 12 0 0 0 0 1 1 0 3 22 28 2 6 2 0 2 16 14 9 0 4 6 17 2 35 256 356 17 397 14 12 17 260 21 10 0 7 20 17 18 127 17 17 1 15 0 4 0 21 21 28 2 14 19 46 15 175 411 316 8 118 19 20 9 120 12 3 0 1 9 12 5 38 983 288 13 136 26 16 17 278 288 120 5 29 105 180 35 456 1
1716 233 229 335 149 14 268 848 289 22 15 25 263 14 411 614 141 17 15 18 4 1 8 20 280 21 13 36 356 18 523 291 200 7 12 11 16 1 9 8 8 0 0 0 13 2 5 4 268 29 10 15 10 2 8 24 413 25 5 7 371 18 150 112 129 10 15 10 16 0 27 40 26 0 0 2 14 1 17 24 6 2 0 1 1 1 2 1 7 0 0 2 23 1 18 14 237 10 6 7 14 1 19 31 23 1 0 1 25 2 19 12 886 41 17 20 30 3 24 109 939 28 11 21 324 16 116 248 343 316 16 514 12 12 12 679 24 12 0 9 8 11 6 187 24 20 0 23 0 0 1 25 10 5 1 10 5 20 3 92 15 18 1 10 1 1 1 4 1 0 0 2 0 1 0 0 37 28 0 18 0 0 1 10 9 16 0 2 1 19 4 29 245 418 17 642 18 26 21 371 21 13 1 5 16 19 11 125 11 13 2 26 1 0 1 13 17 19 2 15 20 36 7 146 444 483 5 142 28 18 23 137 13 5 0 0 8 12 5 37 1001 361 8 144 26 25 25 265 321 96 1 41 118 159 35 370 1682 257 221 360 141 15 257 912 281 22 10 24 253 21 407 666 158 17 12 23 6 1 5 17 256 20 19 30 370 17 532 310 198 11 14 11 13 1 8 7 5 0 1 0 9 1 6 6 259 24 11 11 7 1 8 24 422 22 8 4 392 18 146 110 130 11 15 6 19 0 21 34 23 0 0 2 16 0 21 21 11 1 0 2 2 0 2 3 13 2 1 2 21 1 19 17 225 8 6 10 13 3 15 33 24 3 0 1 27 3 18 13 832 31 9 24 30 2 23 97 893 24 8 25 321 16 118 226 329 314 13 535 19 9 18 714 28 8 0 9 10 17 5 203 16 16 2 20 0 1 2 18 16 8 2 8 5 17 4 90 13 16 1 10 0 1 4 7 1 0 0 0 0 2 0 1 32 33 1 12 1 0 1 16 7 12 0 1 2 15 2 25 235 409 20 654 17 31 25 423 21 10 1 2 17 17 8 138 10 14 2 25 0 0 1 12 16 18 2 16 22 36 10 140 434 517 4 147 25 12 13 144 15 9 0 3 9 9 5 36 986 340 8 135 24 24 19 251 304 105 1 27 117 165 40 375 1702 235 251 347 126 9 267 872 311 22 16 27 244 16 430 678 143 19 18 21 7 3 8 26 272 16 20 34 370 21 474 339 187 16 16 8 17 0 12 14 9 0 0 0 18 4 8 6 249 26 10 17 13 4 12 25 405 24 6 12 382 18 153 108 128 10 14 14 16 1 27 31 21 2 1 0 25 0 21 23 4 1 1 4 2 0 1 5 11 2 1 3 23 1 23 17 246 9 15 17 18 1 19 37 25 1 1 0 18 2 15 11 753 36 14 24 34 7 29 110 755 23 12 24 322 20 136 242 347 307 14 508 16 21 16 734 36 18 0 12 12 15 8 240 23 16 0 27 1 1 1 24 20 7 1 10 7 16 2 104 15 26 1 13 1 1 2 9 2 0 0 0 1 2 0 2 28 26 0 12 1 0 0 17 11 12 0 3 4 16 3 31 250 419 14 615 14 33 23 386 20 11 2 5 21 23 14 150 15 16 0 28 0 1 2 16 17 21 1 8 21 40 14 168 417 456 6 165 25 22 20 151 8 7 0 2 13 13 8 45 856 365 14 158 20 32 17 243 256 104 2 36 107 166 41 426 1
1286 135 155 253 115 11 282 947 239 14 5 12 216 12 362 781 128 16 6 16 10 1 6 32 229 12 12 23 309 18 400 299 119 8 6 5 7 0 5 12 9 0 0 0 9 0 3 8 221 12 1 11 10 0 15 17 522 10 3 11 334 12 107 97 77 3 9 9 10 2 21 24 15 2 0 0 15 0 11 16 12 0 2 0 0 0 0 2 8 1 0 2 20 1 11 13 163 7 3 6 17 3 13 20 5 0 0 1 17 2 6 13 780 20 8 17 20 0 17 72 1430 8 4 9 376 9 102 167 187 222 10 619 18 12 19 1159 20 9 0 6 10 8 3 265 10 16 2 16 0 1 0 22 12 6 0 8 5 13 4 87 10 10 0 5 0 0 0 8 0 0 0 0 2 0 0 2 8 20 2 5 0 2 1 14 4 12 0 0 5 6 0 19 177 310 9 559 18 16 21 404 7 2 0 2 10 15 3 62 5 11 1 15 1 0 0 11 7 7 0 3 10 31 10 79 199 257 3 111 10 5 5 100 1 2 0 4 6 8 2 19 455 193 1 74 6 7 12 154 195 58 0 18 79 61 17 211 1224 148 161 288 130 12 280 965 248 16 5 18 215 9 357 770 118 18 4 17 9 0 7 26 213 14 9 18 272 16 384 285 123 5 5 7 10 0 6 2 5 1 0 1 6 1 3 6 191 10 4 10 9 0 7 18 513 12 4 6 319 11 109 98 96 5 11 9 12 2 20 24 12 2 0 0 12 1 17 17 11 0 3 1 0 1 1 1 8 1 0 1 18 0 12 14 162 5 4 8 20 1 8 31 13 0 0 1 17 6 5 11 762 18 3 17 20 0 15 79 1385 12 4 9 370 11 102 166 199 222 7 667 16 20 13 1219 19 13 0 8 3 9 3 246 11 12 1 13 1 0 0 13 7 6 1 10 5 12 6 82 10 12 1 3 0 1 0 8 0 0 0 0 1 1 0 1 6 18 0 4 0 1 1 15 3 8 0 1 4 9 2 14 171 338 10 619 12 16 20 417 8 2 0 2 10 16 7 82 9 10 0 14 1 1 1 18 8 9 0 2 14 25 10 72 215 247 5 121 9 11 3 91 2 1 0 4 7 8 2 16 486 198 4 65 15 11 9 149 179 64 0 20 69 54 15 193 1267 138 163 265 119 16 265 990 252 19 8 20 221 15 351 698 115 14 9 10 7 0 10 27 208 7 9 11 261 14 316 268 109 13 8 6 10 0 4 6 11 1 0 0 9 0 4 5 216 12 3 16 15 0 10 27 476 14 4 7 309 10 98 93 86 4 7 7 14 3 16 22 18 1 2 1 12 1 11 16 5 0 2 2 1 0 2 2 5 1 2 0 14 0 16 14 183 10 8 10 14 0 9 23 10 1 0 1 15 2 7 10 769 16 5 18 24 0 26 76 1269 19 3 10 364 13 104 176 203 228 9 644 14 13 14 1257 22 6 1 7 7 12 3 286 10 16 2 19 0 0 0 24 12 9 1 9 0 7 4 94 13 12 0 4 0 0 0 5 1 0 0 0 0 1 0 1 9 18 1 7 1 1 0 13 2 6 0 2 6 8 2 19 152 336 6 655 15 15 18 430 9 7 0 5 7 16 6 67 11 9 0 13 1 1 0 8 6 10 1 5 9 36 6 76 231 278 1 121 8 14 11 96 6 0 0 1 5 4 1 23 478 203 1 87 18 7 7 151 183 66 0 21 92 83 18 213 1
1618 153 188 269 176 16 331 1016 411 24 28 33 251 12 544 1116 111 19 14 23 7 4 5 39 186 25 16 35 341 19 532 422 169 15 5 13 7 1 6 16 19 2 0 0 18 2 6 10 217 23 4 14 9 0 19 24 352 26 4 14 343 21 133 136 120 12 16 6 18 0 21 33 27 4 0 3 23 4 27 47 9 0 2 4 2 0 1 1 5 3 0 0 19 0 25 15 220 10 9 19 17 1 18 28 26 1 0 1 31 0 13 21 609 28 14 26 31 3 36 154 667 42 5 18 283 16 113 323 428 243 18 415 24 18 40 880 32 18 1 18 8 20 6 239 23 28 0 27 1 2 2 39 16 14 1 14 7 15 3 114 26 18 0 5 1 1 0 6 0 1 0 1 0 2 0 2 44 33 0 15 0 2 0 30 9 16 0 2 9 15 4 41 245 313 15 373 26 18 40 325 16 10 0 4 16 15 10 113 12 20 1 11 0 0 1 15 9 15 3 7 11 35 15 130 462 509 3 153 21 24 9 125 10 6 0 3 23 18 11 55 836 352 8 126 24 18 23 367 201 97 0 39 88 130 33 467 1628 158 213 285 183 15 324 1027 388 32 25 33 270 12 594 1164 116 25 18 27 9 2 6 41 183 24 21 39 331 16 551 440 170 18 7 14 9 0 6 23 20 0 0 0 17 0 9 9 190 21 7 9 8 0 14 21 354 20 4 17 354 25 131 149 111 10 15 7 15 0 23 30 27 1 1 3 19 1 25 36 9 0 2 1 1 0 1 6 13 0 1 0 16 1 23 15 210 14 3 13 21 0 22 21 22 3 0 2 33 1 15 23 614 34 10 29 27 3 31 152 685 34 8 27 264 18 94 310 403 239 21 424 17 14 41 874 30 16 1 10 9 22 10 224 21 24 0 20 3 3 2 33 10 16 1 17 3 13 7 113 20 21 0 5 1 1 0 4 0 0 0 0 1 3 0 6 40 36 2 18 0 2 1 33 8 17 1 2 6 20 3 39 231 320 14 364 26 24 32 338 14 12 0 6 12 16 14 123 13 17 1 11 0 1 3 18 12 15 2 8 16 31 14 126 462 516 5 146 28 33 11 128 10 8 0 4 13 16 8 53 807 333 9 128 32 16 22 353 189 93 2 43 84 121 32 452 1605 144 194 286 160 25 338 1004 393 23 28 36 291 16 558 1095 116 25 18 28 10 4 9 38 212 24 17 39 338 14 574 462 154 21 11 16 9 0 10 23 23 1 0 0 21 1 4 9 208 24 11 11 10 4 20 23 368 23 12 15 363 23 159 160 106 8 15 9 14 1 12 34 26 3 0 0 30 1 29 36 7 0 0 2 2 0 1 3 11 2 1 2 19 1 26 17 222 11 7 13 26 1 21 28 18 2 0 0 28 1 16 30 630 34 17 33 28 5 27 139 673 26 12 20 295 26 110 299 417 238 20 381 13 19 25 850 40 14 1 10 16 19 9 260 23 25 0 20 0 1 1 26 13 15 0 14 5 19 7 131 26 19 0 10 0 1 0 7 0 1 0 1 0 1 0 3 45 32 0 12 0 1 0 23 10 14 0 2 5 17 2 31 209 282 16 314 20 19 40 323 16 11 0 4 21 12 13 128 11 14 0 13 1 0 0 18 12 8 1 9 17 39 16 144 451 500 4 126 20 35 12 131 6 10 0 3 20 15 9 48 838 312 9 119 31 21 22 359 195 101 5 46 103 122 37 491 1
1686 129 157 227 124 14 201 959 254 6 7 8 175 10 304 689 192 10 10 17 10 1 12 15 293 18 10 20 495 12 453 270 240 13 14 7 15 2 5 11 7 0 1 1 17 0 1 0 349 23 12 7 15 1 15 17 437 10 2 5 747 9 137 86 163 19 11 10 12 0 14 32 10 2 0 0 21 1 14 6 12 4 2 2 1 0 2 3 20 0 0 1 32 2 16 16 326 20 8 16 21 2 6 26 18 1 0 0 15 2 6 9 1533 41 9 38 26 5 28 142 1104 10 3 9 359 17 79 175 382 191 6 310 10 6 7 844 43 13 0 7 22 10 2 221 10 11 0 12 0 0 0 7 15 9 1 6 6 12 4 74 7 13 0 5 1 1 1 1 0 1 0 0 0 0 0 1 18 13 0 3 0 0 0 9 3 1 0 1 1 7 2 11 242 389 8 390 14 12 14 255 7 4 0 1 9 19 8 83 16 15 1 10 1 1 3 12 11 12 1 6 18 36 5 117 435 524 5 157 14 10 2 97 3 5 0 0 6 6 1 18 1352 317 3 110 15 13 11 238 368 111 2 16 124 135 20 249 1720 121 188 214 147 11 187 986 281 11 4 18 207 10 303 729 198 14 11 13 15 2 10 17 285 19 16 14 523 17 544 267 249 11 17 4 14 0 2 11 10 0 1 0 14 0 6 0 328 24 16 7 12 0 17 18 407 12 4 5 689 7 149 86 165 16 11 7 13 0 14 30 20 2 0 0 20 1 16 13 16 2 0 1 2 0 1 4 16 0 0 1 27 1 12 12 306 16 14 12 18 1 5 19 16 1 0 1 19 1 4 9 1452 39 18 32 30 8 24 137 1146 14 3 14 359 10 95 170 332 195 8 289 9 10 15 854 35 6 0 4 8 5 1 197 11 13 0 18 0 0 2 11 12 7 1 9 9 22 7 56 4 9 1 7 0 1 0 4 0 0 0 0 0 1 0 1 16 7 0 3 1 0 0 11 4 4 0 3 4 10 3 10 247 415 10 378 22 15 14 237 13 5 0 0 10 12 8 82 12 14 2 10 1 2 1 11 14 20 0 6 23 39 7 102 408 543 5 166 16 6 8 87 3 2 0 1 6 8 0 21 1319 318 6 91 12 16 9 225 361 103 1 15 112 132 20 264 1660 119 185 211 144 7 227 1031 243 8 14 11 200 13 294 720 185 13 8 14 14 1 8 21 260 23 6 19 526 11 505 281 246 13 27 10 19 2 5 12 9 1 1 1 10 0 2 3 329 22 15 9 11 0 15 19 395 11 7 6 695 8 162 83 148 17 10 8 12 1 14 26 15 0 0 0 14 0 14 7 28 3 2 2 2 0 2 7 23 0 1 0 26 1 12 17 323 14 9 9 17 3 10 22 19 0 0 1 11 0 5 5 1467 34 14 30 28 4 35 125 967 10 7 7 336 10 84 178 313 194 6 279 12 7 10 870 40 10 1 9 12 19 2 234 12 12 0 14 1 1 0 12 12 6 2 8 9 15 6 68 12 14 0 6 1 0 0 8 2 0 0 0 0 0 0 1 14 14 0 6 0 1 0 10 11 4 0 2 2 7 5 7 226 409 16 405 14 16 16 242 16 6 0 4 12 18 5 90 16 12 0 17 2 2 3 12 24 13 0 12 23 30 10 110 408 563 4 174 16 16 3 88 7 5 0 0 10 4 1 14 1291 319 7 86 14 14 3 221 508 111 2 23 123 144 20 275 1
3070 142 315 257 141 18 312 1122 337 12 6 19 237 12 324 886 174 14 18 25 8 0 10 37 212 15 21 23 480 20 643 285 239 24 20 9 21 1 8 13 10 2 0 0 11 0 7 9 233 23 12 15 9 1 20 31 265 26 6 5 414 20 151 85 186 9 15 10 14 0 21 33 20 1 0 1 13 1 11 13 15 1 2 1 1 0 0 2 12 1 1 1 16 0 20 14 211 10 8 10 22 1 9 22 24 3 1 2 16 0 5 13 894 16 12 17 25 2 26 179 746 14 5 23 223 8 79 273 298 210 16 310 27 17 21 670 31 10 0 5 11 15 4 264 21 10 0 18 0 0 0 22 13 9 0 10 4 18 5 105 9 27 0 3 0 1 2 4 1 1 0 0 0 2 0 3 19 18 0 6 1 3 2 22 8 11 0 1 1 11 2 22 237 405 20 504 17 19 30 241 14 3 0 2 5 19 13 95 14 20 0 27 1 2 2 17 14 18 1 13 20 68 17 212 305 559 3 134 11 27 9 80 8 6 0 3 14 29 2 23 572 253 7 102 12 19 9 225 153 80 4 24 69 177 24 348 3162 153 296 256 157 12 330 1135 344 12 8 17 246 15 351 905 161 18 20 26 10 0 10 37 199 8 13 31 448 13 681 302 233 23 17 9 20 2 12 11 15 1 0 0 12 0 7 6 231 24 18 12 8 0 17 36 260 20 4 6 390 24 141 89 202 9 11 9 13 0 22 36 20 1 1 1 13 1 12 14 11 1 1 2 1 0 0 1 10 0 2 1 14 0 21 12 214 8 9 14 18 1 5 22 21 5 0 2 13 0 8 14 813 19 6 20 26 2 33 197 711 15 8 16 217 9 82 271 324 222 11 292 18 10 21 726 27 8 0 5 12 12 8 252 26 13 1 12 0 2 0 22 10 9 0 8 4 20 7 102 13 30 0 1 0 0 1 5 0 1 0 1 0 2 0 4 14 17 1 10 1 2 2 23 7 7 0 0 5 14 5 26 237 423 21 513 9 20 24 252 10 8 1 2 6 20 10 91 11 16 0 29 0 3 2 14 13 19 1 13 15 58 21 221 273 548 4 138 11 24 9 79 5 11 0 3 10 28 2 22 519 251 6 100 17 18 19 226 121 85 3 30 75 173 31 339 3205 142 314 271 156 17 322 1153 347 12 14 18 238 13 360 881 172 17 18 29 10 0 9 30 192 8 20 23 443 12 680 296 253 26 22 10 23 2 10 11 13 1 0 0 11 1 6 8 219 20 17 14 8 0 15 37 253 24 3 4 391 19 142 87 170 11 14 11 11 1 18 37 20 1 1 0 11 1 12 22 15 0 1 1 3 0 0 1 13 1 2 1 14 0 17 15 193 10 8 16 20 0 10 25 20 4 0 5 14 0 7 14 765 22 8 23 22 2 29 215 630 16 3 19 212 9 73 268 322 227 17 314 17 15 19 705 33 14 1 10 17 12 4 269 20 13 0 16 1 1 1 23 8 12 0 8 10 18 6 107 14 21 0 7 0 0 1 2 0 2 0 0 0 3 0 5 14 15 1 10 1 2 2 20 6 9 0 0 2 14 4 24 222 416 19 496 16 20 31 258 11 6 0 2 11 24 10 93 11 24 0 25 1 0 0 14 9 17 2 8 21 78 20 229 268 548 5 137 16 23 9 90 7 7 0 2 11 25 0 30 496 238 5 99 16 16 12 247 160 77 2 34 78 184 30 360 1
1844 188 197 304 190 19 275 836 293 17 5 18 283 8 415 609 211 12 14 33 13 0 10 32 317 16 13 24 498 18 400 280 196 14 11 9 3 0 5 7 6 0 1 1 10 1 1 2 357 27 8 10 12 1 10 32 518 19 4 7 392 15 114 104 215 20 4 4 23 1 20 32 18 3 0 1 26 2 15 17 12 0 1 1 1 0 1 2 17 0 1 0 22 2 16 21 335 5 13 19 15 0 6 27 20 0 0 1 39 0 13 15 1355 39 13 27 47 4 32 87 1197 18 8 7 372 17 109 159 280 306 7 409 11 11 10 628 17 7 0 3 9 13 7 159 17 18 0 16 2 1 0 18 6 8 0 14 6 9 1 72 12 14 0 3 2 1 1 3 0 0 0 2 0 0 0 1 23 21 0 8 2 1 0 8 7 9 0 0 3 8 2 20 337 544 14 330 20 15 26 294 9 7 1 1 4 19 11 78 14 22 1 11 1 3 1 9 8 9 0 8 14 38 8 111 502 489 4 120 28 16 7 106 1 1 0 1 7 6 3 14 1073 381 5 84 21 16 19 161 285 90 1 21 109 107 29 227 1744 190 176 325 181 12 272 903 269 16 3 20 257 8 423 691 201 16 11 29 11 0 5 34 309 16 15 27 496 16 392 285 176 17 5 6 8 2 4 3 7 0 1 1 9 1 2 3 331 25 5 10 12 1 9 25 556 14 5 5 421 11 97 90 187 22 3 7 21 0 27 26 18 3 0 1 23 3 20 13 20 0 1 1 1 0 1 2 15 0 2 1 19 2 9 11 317 5 10 16 22 0 5 22 13 1 0 2 39 2 6 10 1396 39 10 26 33 3 30 82 1322 15 3 9 383 14 101 148 265 322 7 420 11 13 14 713 11 3 0 3 5 10 2 177 16 14 0 21 1 1 0 15 7 10 0 13 3 6 1 55 12 11 0 2 0 2 1 1 0 0 0 0 0 1 0 1 20 25 1 7 1 2 0 2 7 9 0 2 2 6 1 18 322 544 12 365 23 13 30 309 6 3 0 1 5 20 11 76 8 16 0 11 0 2 2 9 8 12 1 5 5 34 7 102 514 512 5 109 22 10 4 88 4 2 0 2 7 7 1 12 1139 366 3 85 20 8 18 156 293 79 1 18 89 99 20 218 1788 189 182 301 168 10 278 859 270 18 5 22 242 7 377 680 209 18 10 29 7 2 10 27 314 13 11 26 515 12 387 284 180 16 6 6 7 0 2 5 9 0 1 1 10 2 0 1 351 28 3 9 10 2 16 24 577 18 4 7 437 9 109 96 188 17 9 7 24 1 32 24 13 4 0 1 22 2 17 13 22 1 2 1 1 0 0 2 15 0 1 0 18 3 16 16 326 3 14 15 21 0 6 27 14 2 0 2 33 0 8 10 1414 37 10 26 41 4 30 88 1252 9 3 5 413 14 103 155 275 298 8 422 9 10 12 702 12 5 0 1 7 7 3 162 16 13 0 20 1 1 0 12 8 7 0 13 7 7 0 62 11 13 1 3 0 2 0 4 0 0 0 0 0 0 1 1 17 26 1 6 0 0 0 4 6 8 0 1 2 8 1 15 323 559 14 358 22 22 22 301 10 3 0 1 4 19 12 82 13 21 1 7 1 3 1 9 11 13 1 6 9 36 6 104 511 515 4 116 28 12 4 94 3 1 0 1 10 6 2 16 1121 359 5 99 16 8 20 140 265 92 1 21 91 100 16 229 1
4466 222 419 268 147 16 172 953 328 41 23 45 142 21 206 400 139 29 50 27 20 3 14 31 131 20 46 37 185 14 577 175 347 58 45 16 30 4 11 17 13 1 4 1 18 12 13 12 144 31 19 18 5 3 12 24 121 24 4 14 226 26 69 58 189 22 40 16 21 3 17 37 38 10 6 8 31 2 27 43 5 0 7 4 0 0 5 6 9 1 7 3 12 3 49 25 199 19 13 13 17 4 6 35 33 6 0 7 28 6 20 44 428 37 6 35 16 4 22 207 314 34 7 44 129 17 67 262 416 219 24 205 53 14 34 436 58 11 1 13 13 15 11 120 37 29 4 31 9 4 8 34 12 12 4 13 10 14 8 72 18 67 5 15 3 12 1 9 1 3 0 2 4 6 3 10 35 33 1 18 6 2 10 43 8 8 0 15 6 35 5 70 218 450 36 375 28 27 32 211 7 11 5 8 13 20 15 99 12 15 6 30 0 1 5 11 10 16 10 39 12 107 47 339 188 632 7 107 38 80 14 108 12 5 3 6 21 65 15 77 314 206 11 83 35 27 46 357 77 53 5 50 62 315 63 717 4498 215 411 240 146 18 183 977 338 44 20 52 153 16 221 423 134 26 55 30 16 3 17 33 136 20 55 32 186 16 585 182 357 58 46 15 34 6 12 16 11 1 5 1 22 12 8 16 148 27 11 17 6 5 19 30 130 28 7 11 236 24 66 62 199 22 33 14 20 1 21 35 36 8 4 7 32 1 30 39 11 1 10 1 0 0 4 9 10 0 5 6 13 5 42 28 194 13 8 7 17 4 9 33 28 5 2 6 27 7 19 50 442 25 5 34 19 4 19 218 318 33 7 45 134 16 75 262 384 188 23 202 48 14 32 438 57 12 2 11 15 16 12 107 41 35 4 27 9 1 9 37 10 9 3 11 11 19 12 75 16 61 4 13 5 10 2 8 1 4 0 2 4 11 2 9 40 35 1 14 7 2 11 40 9 9 0 12 4 37 5 69 222 416 28 361 27 28 30 181 8 9 5 8 13 22 21 90 10 18 5 31 0 0 3 12 9 16 8 36 16 113 42 339 217 641 9 92 34 69 13 109 10 3 1 5 20 66 15 80 350 213 6 73 35 27 49 336 68 57 5 46 64 320 57 706 4400 221 405 253 155 12 186 1012 328 41 22 46 154 20 206 421 133 24 56 27 15 3 14 31 142 20 55 37 223 15 608 189 358 57 43 17 36 6 10 16 9 2 5 0 24 9 11 17 132 30 11 15 10 4 17 22 126 24 6 11 246 26 66 66 196 18 35 7 20 2 26 35 37 9 4 8 32 2 27 46 9 1 10 0 1 0 3 4 9 0 3 6 12 4 46 28 190 14 9 12 17 2 9 30 26 4 1 10 24 11 18 41 407 23 5 35 16 3 18 252 292 35 8 39 156 20 77 270 375 203 17 197 52 12 34 434 57 11 1 13 14 15 12 124 31 26 8 33 10 0 4 38 14 16 3 13 11 18 11 74 17 64 6 9 4 10 0 10 2 3 0 1 3 8 1 15 31 31 0 15 6 3 10 47 11 9 0 10 7 40 4 75 229 463 32 351 25 23 28 187 3 12 3 9 18 23 19 88 11 19 4 30 0 0 3 16 13 18 8 42 17 108 48 334 216 647 9 95 33 78 8 100 12 5 2 6 20 57 14 80 328 216 6 81 37 28 46 333 67 49 4 47 55 313 57 718 1
2270 231 201 370 208 17 341 1160 264 16 12 14 272 14 431 731 194 21 12 13 12 3 11 30 239 18 12 27 416 28 443 328 201 5 10 8 9 0 10 9 4 1 0 0 8 0 3 2 320 30 7 7 10 1 15 26 368 11 7 10 316 14 115 63 221 12 9 10 24 1 22 35 16 1 0 1 20 0 20 19 17 1 1 2 0 1 0 3 13 1 1 0 21 1 8 9 360 18 6 19 18 6 10 22 13 0 0 1 26 2 5 14 1265 33 17 28 35 4 23 103 636 13 3 10 308 9 70 161 293 339 10 528 16 17 18 885 14 7 0 4 5 19 3 230 8 22 0 18 0 2 0 14 11 7 0 6 7 16 2 98 9 8 1 4 0 1 0 2 0 0 0 0 0 0 0 4 18 24 1 12 2 1 0 8 5 4 0 1 1 6 0 15 286 495 10 537 22 17 21 408 7 5 1 3 8 17 6 97 9 19 0 12 0 3 2 11 15 15 0 8 12 30 10 129 465 468 4 96 11 19 3 106 5 2 0 1 5 10 1 24 777 325 8 82 13 15 6 183 162 75 2 11 83 95 14 215 2171 243 165 369 213 18 352 1199 239 18 11 13 280 10 431 775 199 20 14 22 13 2 11 37 241 21 8 24 389 17 463 300 180 6 8 6 10 0 8 10 6 1 0 0 11 0 2 1 325 23 1 11 7 0 8 22 393 14 6 8 338 11 101 71 207 12 10 11 20 2 16 36 19 1 0 0 17 0 22 27 13 1 2 2 2 0 0 2 14 1 0 2 19 0 10 13 383 16 6 16 20 0 10 25 12 0 3 0 23 1 7 19 1356 34 9 25 35 1 24 85 754 12 4 11 277 10 73 152 256 341 7 579 16 15 12 887 13 8 0 5 4 8 7 211 12 21 1 15 0 1 0 13 4 7 1 5 7 11 3 95 5 8 0 4 0 0 0 3 0 0 0 0 0 0 0 2 14 24 0 11 1 2 1 17 3 8 0 1 1 7 2 20 296 501 7 535 25 22 26 379 9 4 0 2 10 19 5 88 9 22 0 5 0 2 2 19 11 14 0 4 11 26 11 96 462 484 3 92 17 11 5 107 2 0 0 3 4 7 6 23 824 315 3 91 18 12 9 173 163 84 1 13 74 88 14 177 2120 239 187 358 191 17 317 1109 232 12 13 18 251 10 429 694 213 19 9 20 12 3 15 26 223 14 12 19 413 19 401 301 197 7 9 8 7 0 7 9 7 0 0 0 8 0 6 3 331 29 4 11 9 1 16 24 401 16 5 8 310 6 81 64 221 12 10 12 23 0 23 23 19 1 1 0 14 1 21 23 17 1 1 1 1 0 0 3 9 1 1 0 25 1 8 13 408 23 5 18 25 0 10 18 11 0 1 1 25 1 7 11 1412 38 8 31 33 0 26 80 818 14 0 9 295 12 79 150 261 344 8 509 14 18 11 780 13 9 0 8 5 18 7 212 8 20 0 13 0 2 0 24 7 2 0 6 7 7 1 89 14 11 0 3 0 0 0 3 0 0 0 0 0 1 0 3 19 32 0 9 1 0 0 14 4 9 0 1 3 9 0 13 325 513 13 421 22 29 19 382 6 7 1 3 10 21 5 128 15 16 0 8 0 3 2 13 17 14 0 9 14 33 7 107 524 492 3 133 19 12 7 122 6 1 0 2 4 6 0 32 888 356 2 87 16 16 4 169 218 88 1 14 89 104 12 207 1
1724 168 182 294 163 12 291 965 333 27 14 31 275 14 502 939 146 17 19 30 9 1 8 36 234 30 19 22 318 10 407 363 221 22 12 10 22 0 10 12 25 0 0 1 23 6 5 4 228 26 14 10 8 2 15 31 360 32 7 17 399 19 110 127 182 10 14 11 20 2 34 27 24 0 0 3 21 0 35 38 14 2 3 3 2 0 1 3 12 0 0 2 11 1 17 20 279 11 7 15 32 1 20 27 36 5 2 1 31 2 10 23 650 27 15 24 29 6 26 139 558 46 1 38 251 21 110 325 377 257 23 393 34 11 25 844 38 8 0 8 17 13 15 228 34 33 1 38 5 0 2 39 16 12 0 15 7 17 1 104 12 21 1 3 0 2 1 8 0 0 0 0 0 1 0 4 26 33 1 16 1 2 3 29 7 14 1 3 3 11 2 54 310 445 30 461 31 27 40 306 17 11 2 8 18 16 15 95 10 23 1 18 3 3 1 25 19 18 2 9 11 29 14 135 541 547 5 135 28 22 12 132 15 7 0 1 13 17 12 32 699 412 10 141 25 13 18 312 181 126 2 54 94 113 35 462 1699 176 208 276 176 13 285 963 346 26 7 29 307 13 538 989 145 13 16 33 14 2 12 36 239 35 19 33 321 22 430 370 199 15 12 11 23 0 9 11 24 2 0 1 25 6 9 4 207 29 12 11 14 1 10 39 377 28 7 19 400 15 110 144 176 6 17 12 18 0 34 27 23 2 0 2 16 0 30 37 14 3 3 2 2 0 0 2 10 1 2 2 11 1 23 19 273 15 6 15 41 0 14 29 41 4 1 0 28 2 14 27 660 27 8 26 23 2 21 133 554 36 6 24 240 27 120 338 377 262 25 387 31 13 31 870 31 8 0 8 12 11 13 218 30 26 0 35 6 1 2 46 16 10 1 12 10 15 5 109 10 16 1 2 0 3 0 10 0 0 0 1 1 0 0 7 19 36 1 16 2 1 1 27 11 12 2 4 4 13 4 52 300 443 23 467 31 24 36 323 15 7 5 6 13 18 15 101 13 18 1 17 3 2 4 23 17 15 2 8 11 30 16 140 536 539 2 137 30 25 11 131 11 8 0 2 11 18 8 30 663 402 10 130 20 13 18 288 169 115 1 52 86 121 38 440 1654 170 210 291 165 13 296 946 333 25 13 29 284 13 512 920 144 16 21 40 10 2 14 33 235 28 19 32 327 17 424 380 209 16 13 7 24 3 6 10 23 1 1 0 22 5 10 8 233 32 12 12 11 0 13 31 385 27 4 21 377 12 117 151 183 11 14 11 18 1 35 27 22 0 0 1 24 1 32 40 13 2 0 2 1 1 1 2 13 0 0 2 13 2 21 21 281 10 5 18 34 1 15 32 33 2 2 3 29 5 10 23 625 32 11 24 23 4 26 127 611 40 4 36 246 25 117 299 348 266 23 377 35 15 28 847 32 13 1 8 14 11 16 248 35 29 0 31 3 1 3 39 18 9 1 12 9 10 4 116 15 28 1 2 0 1 2 13 0 0 0 1 2 0 0 7 24 25 2 17 1 1 0 27 12 12 3 4 3 12 6 48 307 452 27 481 25 29 36 311 12 11 3 7 15 23 21 98 8 20 1 25 2 2 3 26 16 15 1 17 7 33 13 145 554 554 4 136 28 29 13 137 11 6 0 6 17 13 5 37 678 387 8 140 29 16 23 289 166 114 2 49 93 136 37 445 1
2162 157 165 228 205 10 262 986 239 7 9 13 281 7 328 529 234 17 15 16 17 2 13 30 311 11 11 12 745 14 661 278 221 13 10 7 14 1 4 7 7 1 1 0 13 1 6 6 332 12 7 10 12 1 13 19 383 5 2 3 588 12 185 76 183 8 5 8 21 1 11 27 14 2 1 1 8 0 6 5 14 1 0 3 0 1 2 3 13 1 1 0 19 2 12 9 278 10 7 15 13 1 8 29 17 0 0 0 12 0 7 5 1612 30 10 28 22 1 26 144 1174 13 2 6 324 16 75 149 268 227 8 264 10 9 11 672 21 7 0 6 7 9 9 225 9 12 1 7 1 0 0 10 10 7 0 4 4 12 3 72 10 7 0 3 0 0 0 8 0 0 0 0 0 0 0 0 16 17 0 4 0 1 2 8 1 5 0 2 3 2 1 12 233 471 7 350 15 19 12 223 9 5 0 3 7 20 6 80 12 14 0 5 0 2 0 10 10 6 0 7 20 65 6 115 335 554 1 122 4 12 7 61 6 3 0 2 7 2 2 16 1246 297 7 72 12 15 8 177 304 79 0 13 87 128 16 207 2120 153 176 235 204 13 263 1026 240 13 7 5 259 6 328 644 227 13 14 12 21 1 11 30 298 12 7 11 771 16 680 246 213 11 9 10 9 1 6 8 9 1 0 0 7 1 3 5 347 8 7 5 7 1 12 14 359 2 5 2 603 15 167 73 173 7 6 11 17 2 12 25 15 1 0 0 14 1 11 10 17 2 0 2 1 1 3 2 13 1 1 0 26 3 11 3 288 10 2 14 18 0 7 22 14 0 0 1 14 0 1 7 1630 39 12 25 27 3 18 130 1166 5 4 12 315 14 79 139 242 205 8 287 9 15 8 664 20 9 1 2 9 7 3 234 5 9 0 8 1 2 0 5 5 7 0 4 7 14 4 66 5 9 0 0 0 0 0 3 0 0 0 0 1 0 0 0 16 17 0 6 0 0 1 10 1 6 0 0 1 4 2 14 236 440 2 371 14 13 16 203 7 3 0 0 5 18 6 82 5 13 1 5 1 3 0 16 18 8 0 10 14 71 9 104 350 621 2 106 15 11 2 72 4 2 0 2 6 6 1 13 1293 277 5 77 14 11 8 161 309 98 0 10 75 123 19 172 2019 131 210 227 197 13 237 989 218 10 10 9 248 6 318 608 221 17 11 12 15 1 4 26 311 12 10 10 774 19 665 245 220 12 11 6 10 1 5 8 6 1 0 0 9 1 3 5 362 11 8 3 8 0 13 13 349 3 3 3 611 9 173 64 170 11 8 7 16 2 12 22 14 2 0 0 11 0 10 8 29 2 0 1 0 0 3 1 17 1 2 0 19 3 9 10 279 8 6 11 14 0 3 26 12 0 0 1 12 1 5 9 1601 31 23 22 26 13 29 135 1083 10 1 12 322 11 74 147 239 217 8 271 11 7 8 683 24 10 1 5 5 8 6 299 7 6 0 10 2 0 0 6 5 7 0 7 6 17 3 51 9 7 0 4 2 0 0 3 0 0 0 0 0 1 0 1 13 19 1 7 0 1 1 12 0 3 0 1 1 8 0 15 254 443 3 397 7 19 12 220 9 9 1 1 7 12 5 76 9 17 1 5 0 3 0 14 16 12 1 8 17 62 9 119 336 698 3 130 9 14 4 65 4 2 0 2 5 6 0 16 1305 305 7 60 16 13 7 183 367 88 0 13 77 125 14 173 1
966 88 235 266 91 4 256 566 191 17 9 15 233 12 480 629 90 9 13 19 8 0 12 20 207 21 16 18 470 18 865 355 225 15 17 9 13 1 16 10 11 1 0 1 27 1 7 6 220 14 8 15 11 3 8 12 584 28 8 11 748 26 197 116 94 6 17 11 21 2 23 17 11 0 0 1 15 1 23 21 3 1 0 2 1 0 1 0 10 0 0 1 20 1 22 15 257 6 12 15 20 0 11 16 15 1 0 1 24 0 9 7 636 21 10 15 14 0 19 45 891 17 7 10 400 18 114 128 224 202 10 691 13 14 16 806 12 12 1 7 7 12 9 254 7 21 0 23 0 0 0 17 15 12 0 13 16 22 8 152 6 21 0 9 1 2 2 6 1 1 0 1 0 1 0 0 16 14 1 10 0 0 1 5 11 10 1 4 5 15 1 37 235 592 22 997 22 21 19 466 7 13 1 3 14 16 12 149 13 23 1 28 1 1 1 23 13 23 1 12 16 39 8 200 563 768 3 233 23 25 9 129 10 2 0 4 12 13 2 31 820 418 7 129 15 18 12 154 266 166 6 28 127 178 23 293 947 77 236 257 97 3 241 567 198 11 9 15 243 11 501 636 89 9 13 20 4 0 11 20 208 20 17 21 497 11 903 384 230 16 17 13 11 4 16 11 19 1 2 1 25 1 8 6 235 21 6 13 7 2 12 10 575 28 9 11 776 26 225 111 92 7 24 11 19 1 26 14 10 0 1 0 20 0 23 26 5 1 0 2 0 0 0 1 11 0 0 1 18 1 18 13 249 6 12 11 23 0 7 19 13 0 1 1 26 1 12 8 610 18 14 13 18 0 14 42 921 23 6 8 416 14 98 145 211 213 10 669 16 9 12 790 15 14 0 8 7 10 7 245 7 20 2 27 1 1 0 20 11 14 0 13 12 22 7 144 8 23 1 12 0 1 1 4 0 1 0 0 0 1 0 2 11 13 0 14 1 0 2 6 11 14 0 5 6 16 4 34 225 590 24 976 28 20 27 467 8 9 0 5 9 13 15 143 7 25 1 28 0 2 1 21 14 24 1 13 18 43 8 197 541 760 4 239 27 30 8 135 9 3 0 3 9 8 3 33 805 405 3 120 15 13 14 134 258 156 4 27 118 186 24 302 1020 85 260 254 92 7 244 557 177 13 11 10 208 10 440 543 82 8 14 18 5 3 4 19 210 19 13 23 436 26 855 355 233 20 22 14 19 3 14 11 15 1 3 0 30 2 9 6 246 16 9 11 8 0 11 21 552 28 12 14 650 23 205 97 93 5 24 10 19 3 22 20 12 0 0 0 23 0 20 16 4 0 4 2 1 0 0 0 11 1 0 0 16 3 19 9 295 7 18 9 17 1 16 24 23 0 0 2 20 3 10 10 636 25 12 15 14 0 17 38 822 20 5 9 407 22 102 139 218 229 20 653 14 11 21 780 20 12 2 9 10 17 10 285 11 14 1 29 0 1 0 18 15 20 0 16 13 18 9 132 7 17 1 10 2 1 1 8 0 1 0 0 0 0 0 2 13 16 1 13 0 0 0 7 12 21 1 11 6 16 2 37 242 592 22 906 19 20 30 473 7 7 1 10 9 20 6 137 11 25 1 31 0 2 1 29 18 24 2 10 19 52 10 217 592 755 8 246 23 25 10 141 9 5 0 0 19 17 4 29 842 439 9 152 18 14 9 141 308 159 4 27 140 224 25 342 1
3284 152 190 229 206 18 235 785 399 30 21 31 233 12 470 1019 164 14 15 30 16 2 9 31 240 24 17 29 276 13 358 399 154 17 19 7 15 3 12 12 13 3 0 0 17 0 6 9 233 22 5 6 11 0 16 42 412 18 8 16 425 22 125 127 147 11 18 7 16 0 24 27 23 2 2 0 25 2 25 27 20 2 3 1 3 0 2 2 10 1 2 2 12 3 16 17 199 13 2 15 28 3 10 19 28 1 1 0 25 1 14 26 793 31 21 26 36 4 31 211 944 17 5 20 341 21 107 303 329 200 17 376 28 17 34 689 42 7 0 6 12 16 6 221 21 14 3 32 2 2 3 44 10 11 1 12 7 12 4 102 17 20 2 9 2 1 0 10 1 2 0 0 0 2 2 2 25 22 2 10 3 3 0 18 9 10 1 7 3 12 3 44 206 330 13 531 19 14 27 288 7 11 1 5 6 8 12 98 2 19 3 23 2 0 0 26 7 14 2 16 15 31 9 139 229 392 10 135 22 13 14 111 4 4 0 6 9 17 6 42 505 201 7 81 28 11 23 271 117 80 2 31 85 124 39 405 3314 143 192 227 197 18 239 707 415 22 14 27 230 15 462 1002 167 16 19 29 18 2 11 29 259 30 21 31 287 11 373 338 151 19 15 7 11 4 10 10 15 4 0 0 18 2 7 8 237 21 8 13 10 6 4 39 396 20 6 11 429 18 137 127 156 13 15 12 24 1 31 32 20 2 1 2 22 3 24 25 25 0 2 2 1 0 1 2 8 1 1 2 18 3 18 16 221 9 5 13 25 1 14 29 22 0 1 1 30 1 13 26 787 33 10 23 33 6 26 245 1023 21 10 21 341 19 110 287 345 214 15 365 24 9 32 701 42 9 1 6 11 15 12 197 16 18 2 28 3 1 1 35 4 10 1 13 6 9 7 99 16 20 2 10 3 0 1 8 1 1 0 0 0 1 1 5 18 23 0 10 2 1 2 27 10 7 2 6 6 9 4 46 199 340 12 552 14 17 26 290 5 7 2 5 10 9 13 97 4 14 2 23 0 2 1 25 12 20 1 12 9 21 9 120 241 371 10 136 23 18 11 111 7 3 0 4 8 16 7 42 507 198 4 101 27 17 18 284 127 85 2 28 74 110 33 398 3263 149 172 232 208 22 241 794 405 27 15 27 219 10 432 985 173 12 15 28 17 0 11 32 241 21 17 27 311 15 367 349 132 19 13 5 12 2 8 14 20 4 1 0 12 1 10 11 275 16 12 8 11 1 12 28 411 21 4 17 475 18 150 121 157 10 16 12 24 0 22 25 16 3 2 0 17 0 26 20 18 4 1 2 2 0 2 0 10 2 3 1 9 1 21 20 193 9 5 12 19 3 11 26 28 0 1 0 31 1 13 21 867 27 11 28 29 4 30 239 994 22 7 18 371 16 105 283 292 222 23 363 32 9 31 688 28 10 4 7 16 12 14 237 22 17 2 31 3 3 2 37 10 9 0 12 8 10 5 96 13 17 5 12 3 3 0 8 0 1 0 0 1 2 0 6 17 27 1 8 2 3 0 29 7 8 2 6 4 13 2 40 196 364 16 533 13 17 26 306 4 6 1 6 7 14 11 111 5 14 2 24 0 1 0 23 7 18 1 15 8 26 13 123 234 363 10 142 18 17 12 95 6 4 0 3 11 17 6 37 508 183 6 86 20 16 18 270 144 81 2 36 83 100 42 377 1
2357 181 235 192 109 26 169 824 291 17 9 27 161 9 256 920 165 9 18 14 5 0 8 21 217 19 21 18 370 17 530 242 250 16 17 14 16 3 7 10 9 0 0 0 12 2 4 4 258 13 13 7 8 0 7 33 339 12 3 13 653 12 137 85 163 13 13 15 10 0 12 26 13 1 0 2 14 0 18 22 10 0 0 1 0 0 2 3 16 0 0 1 20 1 14 12 236 18 13 12 9 3 10 17 16 0 0 0 15 0 4 15 1080 20 15 26 25 3 25 135 1012 12 3 13 297 10 97 217 319 182 14 263 13 9 13 931 32 4 0 11 9 10 4 215 18 16 0 11 1 1 1 9 12 5 0 3 8 19 3 69 13 25 1 5 0 1 0 3 3 1 0 0 0 2 0 3 31 23 0 3 1 1 0 10 7 5 0 0 5 7 2 11 195 334 13 479 18 18 14 267 18 6 0 5 7 22 8 81 10 13 1 7 1 2 3 13 21 14 1 10 19 64 13 159 369 694 6 145 14 11 10 92 13 3 0 1 10 9 1 15 1333 345 3 91 23 14 22 205 354 96 1 20 107 194 23 302 2360 170 242 200 120 16 166 688 300 22 14 24 158 9 226 908 165 11 14 15 13 2 3 19 230 18 19 16 362 19 538 230 278 18 22 7 14 3 12 10 9 1 0 0 18 1 4 5 269 19 6 7 6 1 7 30 321 14 5 10 654 7 119 81 179 9 15 13 20 1 10 21 19 3 1 1 16 1 20 28 25 0 0 2 0 0 2 6 12 0 0 1 22 1 12 17 235 22 9 8 20 1 10 22 23 0 0 0 18 0 6 18 1104 27 16 24 27 4 21 129 1025 18 5 17 321 10 108 208 319 166 12 257 12 14 21 880 29 14 0 4 9 4 6 199 17 19 0 8 2 0 1 11 15 5 0 7 3 17 7 70 19 19 1 4 1 1 0 7 2 0 0 1 0 1 0 1 29 20 1 9 0 1 1 9 8 6 0 1 4 9 2 12 190 410 12 495 15 15 18 267 12 2 2 1 6 19 10 91 10 19 2 6 1 3 0 9 18 21 2 10 13 61 8 134 379 685 3 149 15 10 4 89 12 3 1 1 6 13 2 18 1401 344 4 83 25 12 22 207 329 91 1 26 122 168 23 309 2335 158 223 224 102 17 167 690 270 23 17 24 133 9 226 827 148 14 15 17 6 2 9 22 213 17 20 10 479 23 503 224 280 20 20 7 11 0 9 11 21 0 0 0 14 0 9 7 245 16 12 10 15 2 10 29 310 12 4 9 661 8 152 66 170 14 16 9 13 1 15 17 17 1 0 3 11 1 14 25 10 1 1 0 0 0 0 2 12 1 0 0 22 2 17 12 220 17 12 14 13 0 9 24 10 1 0 1 12 4 12 12 1059 20 25 20 32 8 22 125 1013 16 9 12 302 21 111 187 283 193 21 254 14 7 14 903 36 6 0 2 7 12 6 236 20 17 0 7 3 0 1 6 13 8 1 7 3 20 7 81 14 12 0 4 0 2 0 8 0 1 0 1 0 0 1 1 35 21 0 8 1 2 0 10 4 6 0 1 6 11 1 11 217 433 16 508 19 19 15 254 15 9 0 4 4 18 4 86 18 16 2 9 3 2 2 12 21 18 1 10 20 62 9 156 348 745 5 157 13 18 6 100 5 6 0 2 6 18 0 27 1369 336 10 103 30 9 15 205 354 101 3 26 130 174 33 332 1
1827 167 476 245 210 27 249 449 369 49 34 41 256 26 349 483 155 24 56 27 13 0 21 37 200 32 60 32 481 44 504 275 447 60 63 21 31 7 18 17 23 2 2 6 37 8 16 15 207 28 15 12 18 5 21 38 213 29 19 18 346 36 130 145 172 21 50 22 18 4 35 37 31 4 2 4 20 0 36 55 8 2 5 5 3 0 3 4 19 3 9 5 23 4 47 34 232 19 28 20 35 2 15 41 38 4 4 5 37 1 28 34 412 24 23 31 18 4 28 131 336 35 12 45 234 31 130 296 396 244 30 264 46 18 47 377 62 28 3 14 21 23 20 198 33 25 4 39 6 1 4 45 16 19 0 17 12 31 11 141 40 58 0 17 3 8 2 15 1 7 0 0 4 14 0 14 39 37 1 15 4 7 3 28 20 20 0 11 13 33 9 100 197 329 46 364 30 34 29 255 28 14 2 13 26 30 11 172 22 22 8 55 2 3 1 28 21 34 9 38 36 102 45 433 265 451 21 146 33 56 27 135 14 9 1 13 20 71 15 101 375 241 12 117 38 44 35 361 148 132 10 73 124 369 84 917 1879 155 443 256 209 26 258 480 376 45 37 42 266 30 365 528 165 21 52 27 16 2 24 29 202 30 57 30 447 31 494 283 463 65 70 20 47 13 18 16 23 0 1 4 29 5 13 15 213 29 16 10 18 3 18 29 219 35 16 9 330 41 144 143 199 16 47 20 18 3 30 38 34 5 5 5 23 2 37 47 24 2 7 8 2 0 1 1 22 3 8 7 28 5 51 27 263 15 17 24 37 6 15 37 35 3 2 7 35 7 28 37 369 20 14 36 21 5 36 121 315 38 15 42 211 27 115 289 393 220 22 282 40 16 36 449 57 29 6 16 23 18 13 202 33 31 2 47 9 1 3 34 22 18 0 17 11 26 6 139 36 56 2 18 5 9 1 19 3 4 1 0 2 18 0 14 38 40 2 12 9 6 1 31 13 21 2 13 8 40 13 89 187 288 39 315 25 26 39 246 21 17 3 8 30 23 19 159 23 30 10 52 2 5 1 35 23 32 10 41 33 109 56 409 302 455 14 127 29 53 19 131 15 14 0 12 24 67 13 84 393 227 17 122 34 39 35 362 164 129 10 66 140 394 74 929 1821 142 434 259 200 15 265 493 371 47 37 44 254 34 329 541 156 19 55 24 11 2 20 30 212 32 42 32 491 30 465 285 420 57 62 27 35 8 19 24 23 0 1 4 29 1 18 16 228 22 23 11 19 4 19 32 265 32 17 14 344 55 144 150 163 16 42 23 19 2 28 37 36 3 3 4 25 3 35 46 14 1 10 2 2 0 0 6 18 4 11 8 24 7 56 38 253 10 19 18 31 6 20 35 41 4 1 4 32 3 27 33 406 22 26 30 25 4 32 133 370 32 11 33 263 28 133 303 365 222 23 258 36 26 28 495 62 25 2 22 20 18 21 239 23 28 3 32 4 1 1 37 19 19 4 15 9 25 13 145 32 55 3 18 5 13 1 21 3 4 0 1 1 13 2 11 48 34 2 19 7 3 6 33 19 18 2 12 8 41 13 85 183 307 46 346 20 31 24 236 23 18 2 12 23 36 19 148 16 22 6 45 2 5 5 37 23 20 7 44 29 109 53 370 283 495 12 123 27 57 30 143 16 13 2 12 18 70 16 79 405 230 13 104 32 31 37 309 190 134 4 68 152 394 82 894 1
2160 183 184 274 221 9 330 895 293 13 4 13 339 7 475 827 216 34 10 26 7 1 6 36 312 19 16 25 526 23 394 326 202 8 11 6 9 1 10 11 11 2 1 0 14 0 5 3 352 23 1 13 19 2 12 22 530 21 5 11 440 17 103 98 231 13 10 10 25 0 28 22 12 2 0 0 11 0 19 14 15 2 3 0 1 0 0 0 2 0 1 0 16 1 8 18 363 5 7 9 24 1 13 21 28 0 1 0 34 1 11 9 1314 33 9 28 32 1 21 99 876 27 10 15 365 18 95 209 293 240 8 423 10 7 21 620 17 7 1 2 8 12 2 167 12 20 0 15 0 0 0 23 11 9 0 6 8 17 2 101 7 14 0 3 0 0 1 5 1 0 0 0 0 0 0 1 18 24 1 6 0 2 0 8 2 14 0 4 2 7 2 24 296 430 11 392 11 21 28 290 6 3 1 0 5 17 3 71 15 19 0 14 1 3 0 17 9 22 1 5 9 48 9 105 482 338 3 87 16 5 8 75 3 0 0 1 7 4 0 12 1054 341 3 98 18 12 14 192 207 97 2 22 78 102 14 229 2118 184 187 293 220 8 318 954 271 14 6 8 345 12 481 937 212 31 11 23 12 1 10 38 309 19 15 32 491 27 378 301 204 7 6 6 8 1 4 9 12 1 0 0 13 0 3 1 353 21 3 11 14 0 16 21 544 21 4 9 421 18 115 99 227 13 12 6 27 1 19 22 9 1 0 2 14 0 17 12 21 1 2 1 3 0 1 1 7 1 0 0 28 1 10 9 371 7 5 11 19 1 12 19 29 1 0 1 29 0 5 6 1361 32 6 27 30 1 27 97 942 25 3 20 333 14 98 202 282 252 7 427 8 7 20 596 12 10 0 3 8 10 5 169 10 20 1 19 0 1 0 22 13 10 0 11 6 18 2 71 7 14 0 0 1 0 0 1 0 0 0 0 0 0 0 0 18 26 1 7 0 2 0 10 5 15 0 2 2 10 0 31 275 417 10 415 12 22 27 299 6 1 1 3 9 17 6 72 14 23 1 16 1 4 0 13 15 21 1 5 13 41 8 117 485 336 5 81 16 5 7 76 5 2 0 1 6 7 0 16 1051 324 2 87 18 15 10 154 210 83 2 20 76 119 13 202 2111 178 179 275 217 10 337 939 287 18 6 7 329 10 478 908 212 39 9 23 13 1 12 33 320 18 16 28 510 19 380 308 211 6 7 7 7 0 5 12 8 1 1 0 12 0 2 8 357 27 5 6 13 0 16 21 504 18 3 10 402 13 113 91 229 14 11 10 27 1 18 26 12 0 1 1 11 0 14 19 18 3 4 1 2 1 0 2 11 0 1 1 22 2 9 18 368 7 5 9 22 0 15 23 27 0 0 2 26 0 5 7 1319 29 10 31 35 5 23 116 946 25 8 17 357 16 104 198 274 229 3 421 11 5 21 589 14 10 0 7 7 13 5 148 15 21 1 19 0 1 0 20 11 9 0 8 9 11 1 81 7 13 1 4 1 0 0 6 0 0 0 0 0 0 0 1 21 14 0 9 0 4 0 9 3 16 0 3 0 8 0 35 299 429 9 408 11 21 32 269 5 3 0 0 7 18 4 69 14 19 0 13 0 2 0 18 15 22 2 5 18 47 10 103 498 351 11 88 14 5 8 78 4 1 0 1 8 8 0 15 1043 351 5 100 19 10 12 157 213 92 5 23 89 112 18 214 1
4911 225 411 230 192 30 209 921 352 38 39 45 150 8 213 364 152 20 56 25 12 7 6 22 138 19 55 39 176 22 556 182 348 65 33 8 43 11 16 9 17 1 2 7 36 6 4 8 130 22 14 11 8 12 9 24 114 21 4 15 211 22 82 79 221 28 53 11 16 1 30 29 30 7 6 13 18 5 28 40 18 1 9 1 3 0 3 5 9 2 7 6 21 4 43 27 179 10 13 13 22 6 4 25 33 10 2 5 22 4 17 42 512 30 9 26 25 3 20 197 269 37 2 34 142 19 72 269 335 177 16 166 37 16 33 421 45 7 3 8 11 12 11 113 36 21 2 22 12 3 5 22 12 10 3 9 9 20 7 72 34 67 4 11 4 9 3 13 4 2 0 0 2 15 5 10 53 24 3 9 5 4 6 30 9 14 1 13 6 33 7 47 153 381 37 403 20 26 32 182 13 4 2 14 12 23 13 92 9 12 7 31 2 10 3 21 10 18 4 47 24 111 61 373 239 611 5 92 23 55 17 101 9 10 2 12 17 81 17 69 306 187 11 73 29 31 49 281 57 64 10 60 62 309 49 708 4938 206 408 221 210 32 207 906 348 38 34 45 148 12 218 369 154 22 56 29 15 7 10 25 149 18 61 40 183 21 592 172 346 73 37 14 47 17 16 10 16 4 2 4 30 9 6 10 125 23 11 8 9 8 7 21 118 19 10 16 223 26 77 84 219 21 49 18 18 0 33 31 28 5 6 14 21 4 30 50 20 1 10 2 3 0 1 7 7 2 7 5 19 7 40 24 178 10 10 10 26 3 8 25 32 7 4 5 21 4 17 44 490 28 9 20 21 1 17 206 281 35 3 31 139 17 75 263 334 164 22 162 42 19 31 438 43 8 4 5 10 10 12 116 34 22 2 26 10 1 8 22 12 12 3 11 11 24 11 76 38 55 1 11 5 3 3 12 7 2 0 0 3 13 2 14 52 26 6 11 5 7 6 30 8 11 2 8 6 36 7 51 173 330 33 380 21 24 24 168 13 7 1 11 12 24 14 85 10 14 5 30 2 8 5 20 12 22 6 54 27 112 50 372 256 602 7 83 18 54 17 109 7 11 2 10 22 76 13 63 320 187 13 65 28 29 45 269 52 58 8 67 59 306 54 717 4737 212 426 221 193 22 222 907 336 40 34 48 128 12 234 396 138 22 54 24 25 5 6 32 139 20 65 35 253 21 584 200 363 70 43 12 41 11 18 12 12 3 4 2 41 9 7 7 124 26 13 15 10 6 10 20 117 20 4 10 229 21 85 80 218 21 52 14 19 3 25 32 24 4 6 14 19 5 32 52 17 1 7 3 2 2 1 4 8 2 9 3 17 6 38 25 180 8 13 15 29 3 4 29 32 7 2 7 23 5 16 41 479 26 11 26 18 0 16 200 262 32 5 38 127 25 75 271 343 182 20 178 33 20 35 441 39 4 6 10 12 13 11 116 31 25 2 20 11 3 7 27 15 12 2 11 11 28 10 85 31 61 4 13 7 5 4 10 3 3 2 2 3 9 4 13 43 26 4 10 1 7 9 36 8 11 4 6 8 33 6 58 171 349 43 381 15 27 29 181 17 5 2 5 14 24 10 93 10 17 7 37 1 4 4 22 14 26 5 49 23 115 54 354 251 597 7 76 22 62 16 111 9 15 2 14 19 66 17 68 312 177 11 82 27 27 47 280 63 64 8 61 62 315 56 699 1
3186 190 355 254 271 18 294 972 478 48 20 52 263 13 453 1035 164 20 50 29 11 4 21 48 166 23 66 42 308 24 785 336 288 55 28 10 43 14 14 14 18 1 2 4 37 9 9 11 146 24 6 10 12 4 14 36 138 28 6 12 236 38 102 114 157 14 28 11 20 4 31 25 27 6 5 5 31 3 36 45 8 1 3 4 1 0 3 8 12 0 9 4 17 4 50 30 155 13 5 12 28 0 4 26 30 8 0 4 36 1 21 47 332 21 8 21 26 4 25 216 305 26 6 26 139 17 94 373 287 202 25 172 40 17 42 437 46 13 1 9 17 16 15 184 36 17 3 16 20 1 6 34 12 12 0 13 14 19 10 85 26 45 3 7 4 9 3 8 0 1 0 1 6 10 3 14 37 32 1 11 10 3 9 37 12 10 2 14 8 34 5 65 198 691 23 328 22 22 30 174 4 9 1 2 10 29 22 91 8 15 5 28 0 3 2 16 8 10 15 20 13 126 55 342 199 569 7 76 36 60 14 67 6 4 0 5 18 48 24 63 295 141 7 48 28 16 39 247 59 41 3 49 46 281 63 659 3178 186 355 217 273 19 278 967 464 53 19 52 281 14 490 1054 180 19 45 31 21 3 21 54 191 22 57 43 308 29 813 320 284 65 31 7 51 7 14 11 14 4 2 2 37 8 7 24 147 28 3 11 16 3 18 35 141 24 7 12 244 39 110 120 164 10 41 16 18 3 29 19 28 8 7 2 23 2 33 53 7 1 6 1 2 0 3 6 10 2 7 3 21 3 49 36 149 9 6 13 28 0 3 37 24 12 0 6 29 2 27 43 338 19 8 18 28 3 29 203 326 24 7 23 148 19 88 380 292 201 21 187 41 12 42 413 35 13 2 8 18 16 14 166 30 17 4 12 16 2 6 33 8 7 1 16 14 20 12 88 23 40 3 7 6 11 3 10 0 0 1 2 4 11 0 13 34 33 0 11 12 6 10 43 12 9 2 11 9 33 6 77 204 679 24 317 22 15 31 177 4 7 2 2 6 29 22 86 5 9 6 27 0 3 2 16 8 12 15 22 13 122 56 329 206 585 8 75 31 62 12 72 6 4 0 2 18 46 22 63 284 147 4 47 24 13 49 240 53 37 4 52 49 271 59 633 3218 185 347 240 263 22 299 957 471 49 21 58 271 12 463 1025 150 21 44 28 13 2 21 38 171 20 57 46 322 27 795 306 279 65 32 6 43 12 11 10 11 4 3 3 35 6 8 17 144 30 7 10 11 3 18 37 139 24 7 14 261 31 104 114 164 13 37 12 18 2 20 20 24 9 6 2 19 2 30 47 15 1 5 1 4 0 5 9 5 4 10 3 17 4 49 37 151 14 8 12 26 0 7 34 28 13 1 5 31 1 25 42 320 20 5 19 32 1 24 218 309 25 8 27 128 19 83 382 282 216 19 198 41 13 42 449 43 12 0 9 19 19 12 162 34 10 4 14 14 4 7 34 8 6 0 10 14 22 10 92 30 43 4 8 5 10 3 9 0 3 1 4 2 11 1 11 32 37 0 12 10 4 10 41 12 9 2 12 9 37 6 69 200 699 34 320 24 25 32 173 4 10 1 3 11 29 23 95 6 15 7 31 0 3 1 15 8 15 11 22 11 112 50 347 197 586 8 84 28 62 11 82 5 2 0 5 18 43 19 64 296 138 5 49 31 13 41 239 66 42 4 57 49 270 63 651 1
1636 145 179 283 189 21 309 1134 323 27 8 32 248 11 405 1026 159 21 16 15 14 1 19 36 284 18 8 16 445 18 464 293 170 10 12 4 16 1 9 19 5 0 0 3 15 2 4 8 278 22 8 18 11 0 22 30 524 15 0 10 569 12 133 121 130 10 25 14 22 0 23 35 15 1 0 1 16 4 16 19 13 0 2 1 2 1 1 4 9 2 1 0 21 4 7 21 195 9 4 17 17 2 11 35 20 0 0 1 18 3 11 29 892 20 10 32 30 6 25 116 747 21 4 16 372 31 95 223 280 272 11 543 16 11 25 850 26 12 0 9 9 18 7 284 18 13 0 20 3 1 2 25 15 8 0 7 12 15 2 114 4 8 0 7 1 2 0 3 2 0 0 0 0 1 0 4 22 21 1 12 0 0 3 12 6 8 0 4 5 6 2 26 232 458 11 788 23 16 32 348 15 6 0 4 6 17 4 109 12 22 0 7 0 4 0 15 15 14 0 5 13 32 8 123 346 479 7 179 15 19 9 108 4 6 0 3 8 5 2 28 782 240 5 94 23 16 22 222 198 71 0 17 102 122 33 326 1599 141 175 295 199 11 301 1210 325 25 10 28 253 21 444 1132 166 19 12 20 10 1 16 30 260 19 8 28 485 19 480 300 154 6 14 5 15 0 7 10 12 2 1 0 19 0 3 10 252 22 10 9 10 4 14 32 495 20 2 8 543 13 134 120 132 8 20 19 20 2 18 27 21 1 1 1 11 2 11 33 12 1 1 0 1 1 1 3 11 0 1 1 15 1 14 15 200 8 8 9 21 0 13 29 22 1 0 1 25 1 12 14 906 18 7 22 32 4 19 114 806 23 4 18 346 16 111 204 249 253 11 531 19 7 20 884 17 11 0 9 9 18 8 294 17 17 0 21 3 0 1 30 11 10 2 11 9 13 1 103 3 10 0 4 0 1 0 5 0 0 0 0 0 1 0 2 20 24 1 12 0 0 2 18 5 3 0 3 3 7 5 35 207 456 14 801 25 18 29 360 10 8 0 5 5 16 5 100 9 18 1 14 0 3 1 20 18 13 3 6 9 33 9 112 327 519 6 170 9 18 9 116 3 4 0 1 9 3 0 37 787 229 4 72 20 16 17 203 193 73 1 21 95 123 35 296 1601 137 203 276 170 16 309 1201 289 25 7 28 259 12 427 1082 163 18 12 18 10 1 11 39 284 20 12 22 458 16 472 328 162 7 9 6 14 1 4 15 9 2 0 2 17 2 6 5 265 22 10 11 8 1 19 34 472 19 2 9 525 20 142 117 132 10 19 11 17 0 17 34 16 1 0 2 17 2 23 30 13 0 0 4 1 1 1 6 9 2 1 1 17 2 13 12 224 8 8 10 24 1 11 33 18 1 0 2 16 3 10 22 877 22 16 28 33 4 25 125 790 20 5 13 362 14 103 221 249 260 6 518 20 8 22 851 32 14 3 10 8 19 8 390 13 17 0 15 2 2 0 29 12 11 2 9 8 15 5 102 12 12 1 9 1 0 0 8 1 1 0 0 1 2 0 5 24 16 2 17 0 0 1 14 11 5 0 4 3 5 4 27 225 449 16 691 17 20 19 364 8 11 0 4 5 21 4 111 16 19 1 13 1 1 1 17 16 11 1 9 14 34 9 130 316 492 6 192 14 16 8 113 3 3 0 4 10 4 3 36 728 234 4 88 25 11 23 229 236 80 0 15 87 124 38 332 1
1339 125 141 261 107 11 239 962 211 9 5 14 226 8 379 612 137 15 7 20 7 3 7 15 256 21 6 23 507 13 518 304 162 8 7 6 5 0 7 10 5 0 0 1 9 0 2 2 248 22 5 6 11 1 13 14 487 10 5 6 514 8 135 82 144 9 7 15 13 0 20 34 17 0 0 1 9 1 11 10 12 0 0 3 1 0 1 1 15 0 0 1 15 2 10 14 246 7 6 12 20 2 7 25 14 0 1 1 17 0 7 9 1362 34 10 16 27 5 13 57 1366 17 5 5 358 13 92 127 309 280 9 533 12 17 12 1302 25 10 1 5 11 14 3 219 11 10 0 20 0 1 0 13 4 3 1 2 6 12 0 78 10 6 0 2 0 1 0 5 0 0 0 0 0 0 0 2 10 19 0 6 0 0 0 10 3 3 0 1 1 4 2 15 277 512 12 544 11 17 21 389 9 10 1 4 6 15 6 66 14 17 1 6 0 1 2 7 13 11 0 5 22 30 4 92 513 549 1 162 20 9 11 104 8 0 0 0 4 5 2 20 1344 359 6 91 10 18 11 154 340 73 0 10 83 94 23 186 1291 141 138 265 118 9 239 1014 230 11 7 15 213 11 385 685 135 19 7 18 8 3 5 23 233 19 8 23 428 12 550 286 170 11 5 6 4 2 11 5 4 1 0 1 6 2 4 4 239 21 1 5 6 2 10 14 464 12 3 5 486 6 120 81 155 9 9 11 16 4 17 36 22 0 0 1 13 2 12 17 13 0 1 3 1 0 0 1 15 0 0 0 17 1 5 11 235 10 4 14 23 1 4 25 11 0 0 2 17 0 8 8 1373 32 5 18 25 2 12 60 1503 12 5 6 335 11 84 118 306 301 6 570 11 12 10 1365 15 12 0 9 16 14 4 231 9 9 0 22 0 0 0 15 3 6 0 7 2 8 3 66 8 8 0 1 0 0 1 6 1 0 0 0 0 0 0 2 7 22 0 8 0 0 0 12 2 2 0 1 3 7 8 12 248 541 10 530 16 13 15 406 8 2 0 2 8 12 4 64 15 14 1 6 1 1 1 10 13 8 2 4 14 35 6 77 523 514 1 174 17 9 12 106 9 0 0 1 5 2 1 17 1337 347 3 80 12 12 15 152 282 79 3 10 72 75 13 176 1350 146 145 285 136 15 273 906 248 13 5 18 221 9 410 650 139 20 10 19 11 2 4 20 254 17 6 22 478 14 570 318 155 13 10 4 9 1 3 11 5 1 0 3 6 0 1 10 259 24 3 8 8 1 14 17 472 13 6 4 481 8 148 100 154 11 6 12 18 1 18 25 15 1 0 0 12 2 11 14 17 0 1 3 2 0 3 1 13 0 1 1 17 3 5 13 229 7 5 12 20 1 6 22 18 0 0 0 18 0 10 8 1346 30 5 19 25 5 18 67 1330 9 8 5 382 9 95 139 315 296 8 551 15 16 13 1162 17 16 0 6 10 15 3 246 9 7 0 26 0 1 1 12 4 2 1 3 9 15 0 79 8 9 0 1 0 1 0 6 0 0 0 0 0 0 1 1 12 20 0 9 0 0 1 5 8 1 0 0 3 3 2 15 280 510 12 519 10 10 18 405 8 4 0 5 11 12 3 78 13 16 1 12 2 0 3 11 17 12 0 4 12 42 6 79 512 539 3 176 24 10 11 109 4 1 0 0 8 6 6 18 1209 349 5 94 8 18 15 159 300 86 0 13 83 79 19 201 1
1542 152 164 238 135 6 244 849 303 11 6 14 246 9 416 779 155 25 11 20 13 1 15 25 271 17 14 23 446 14 466 306 209 8 15 7 6 0 8 16 7 0 0 0 16 1 3 1 330 20 13 13 11 1 8 19 539 22 3 4 403 13 144 101 205 16 10 8 16 3 27 25 18 0 0 1 24 1 17 11 15 0 0 1 1 0 1 2 12 0 1 1 19 1 10 19 380 12 9 14 24 1 16 19 19 0 0 0 17 2 8 5 1248 46 17 29 35 5 35 76 1240 22 4 13 391 11 105 184 287 231 11 414 19 7 9 746 14 15 1 12 8 9 5 208 14 15 0 31 1 1 0 15 12 13 0 7 7 8 2 81 11 12 0 7 1 0 0 1 1 0 0 0 0 0 0 1 21 19 0 6 1 1 0 7 1 13 0 2 2 10 2 17 286 478 11 437 19 16 23 315 10 6 0 1 9 14 8 70 21 16 1 17 1 0 0 19 19 18 0 4 15 27 5 103 585 417 5 129 17 16 10 88 7 1 0 3 9 8 2 16 1285 409 5 119 22 18 7 176 287 108 2 19 99 121 16 261 1666 143 144 265 143 10 244 826 294 14 9 18 247 12 455 876 160 30 12 22 15 0 11 30 270 18 15 30 429 17 423 298 215 13 9 11 8 0 8 11 8 0 0 0 15 1 3 1 304 20 14 15 9 0 16 28 530 25 2 7 385 14 127 103 194 16 13 8 18 2 28 18 18 0 0 1 28 0 23 10 15 0 0 1 2 0 0 0 16 1 1 1 15 0 6 15 371 22 3 13 28 2 17 19 16 0 0 0 23 2 9 8 1260 38 15 36 48 6 32 71 1247 23 6 8 364 12 107 168 276 250 6 435 17 9 14 698 20 12 0 10 5 10 3 175 14 19 0 26 1 3 1 18 10 20 0 12 5 6 4 80 8 10 0 6 1 0 0 2 0 1 0 0 0 0 0 0 21 25 1 5 2 1 0 4 4 11 0 2 6 13 2 12 291 498 14 457 22 21 25 321 10 4 1 2 10 8 8 93 26 19 0 17 1 1 1 20 7 15 0 5 12 24 8 110 538 405 4 130 21 13 10 77 5 3 0 3 6 4 1 21 1229 364 4 115 19 16 9 168 283 120 4 18 93 117 19 266 1679 145 176 252 132 13 274 837 288 14 13 9 243 16 434 803 145 24 10 29 14 2 15 23 273 18 17 29 447 21 387 306 236 10 17 8 5 1 14 13 13 0 0 0 13 0 3 1 293 17 15 16 8 0 16 32 518 30 0 11 383 10 142 112 189 22 12 13 23 3 25 29 14 2 0 0 21 1 18 10 18 1 0 0 1 1 1 4 11 1 1 1 15 4 9 15 327 16 13 12 27 3 19 30 16 2 0 1 26 2 10 3 1218 40 15 38 39 3 35 79 1144 18 6 18 375 23 108 187 291 244 15 414 11 13 13 687 27 13 0 8 12 17 5 224 18 15 0 24 0 1 1 20 11 15 0 8 7 13 0 104 16 6 1 8 1 0 0 1 1 0 0 1 0 0 0 0 17 24 1 6 1 0 0 9 6 12 0 1 4 15 3 16 305 477 11 409 22 19 28 325 16 8 1 4 14 9 8 90 27 21 0 14 3 1 0 24 18 12 0 9 14 32 5 119 537 414 4 151 18 13 8 92 11 2 0 0 4 6 3 19 1115 378 7 119 18 16 14 179 326 123 3 22 94 122 17 300 1
3571 224 380 235 248 32 239 753 473 67 19 50 231 11 366 923 149 24 65 30 20 0 17 31 170 23 48 26 297 22 724 274 304 53 46 12 24 7 17 10 18 4 4 3 38 8 10 12 129 23 14 7 10 5 14 37 149 20 7 14 245 35 98 129 179 17 29 15 18 2 30 25 24 10 1 11 23 0 34 65 17 3 8 0 2 1 5 6 5 1 13 2 17 1 37 25 115 14 6 7 26 4 7 23 23 8 1 11 27 4 15 54 369 17 6 18 21 8 18 186 358 28 9 35 144 17 92 407 332 212 19 243 36 17 41 422 53 14 5 8 13 12 10 191 35 13 2 25 6 1 12 52 11 10 2 12 9 23 12 83 17 70 2 12 7 7 2 11 3 0 0 0 2 6 2 9 32 23 0 12 13 7 11 39 3 9 1 13 3 22 4 74 221 556 27 319 20 28 29 184 11 7 4 7 11 23 19 86 11 23 3 22 3 3 3 18 11 11 5 30 14 98 47 343 182 546 8 78 31 54 15 84 10 9 1 11 12 62 13 74 305 178 7 59 42 26 52 275 74 66 3 53 92 263 65 653 3557 236 356 206 259 34 252 743 479 67 17 49 230 12 370 977 144 26 60 32 17 0 16 42 166 18 42 33 292 23 758 283 319 53 43 12 26 8 18 8 16 6 3 4 34 5 12 11 129 24 13 8 11 5 14 41 163 22 9 17 247 26 101 133 174 16 33 11 21 1 31 25 23 6 0 13 23 1 35 64 26 3 9 0 1 2 4 5 10 1 10 2 12 2 40 21 112 17 8 5 21 3 8 24 24 7 2 9 32 7 20 55 361 14 4 19 20 6 16 192 357 32 4 33 156 19 95 413 335 211 20 234 30 15 47 394 48 11 5 6 14 15 11 184 38 19 2 22 7 3 14 45 13 9 0 16 8 17 11 93 16 69 3 10 6 8 2 11 2 1 1 1 3 6 0 12 27 25 2 15 14 7 14 42 3 9 1 9 3 20 4 68 221 565 22 331 22 20 25 185 14 11 5 5 8 25 21 73 11 19 1 20 1 6 4 14 13 14 8 29 14 97 45 333 178 555 9 87 28 60 15 80 10 9 2 7 14 61 10 66 310 171 7 57 46 25 43 271 55 67 6 55 77 254 70 649 3528 238 367 218 258 28 241 809 464 62 25 47 239 13 361 940 130 32 51 32 17 1 12 39 173 20 48 31 268 18 751 283 314 53 43 16 27 7 15 9 16 6 2 1 41 4 10 12 114 23 14 8 13 4 23 35 139 22 6 11 264 32 108 129 180 16 37 12 21 1 32 30 19 6 0 13 17 0 39 59 16 2 9 0 0 1 5 4 11 1 8 2 13 3 40 21 109 13 9 8 24 2 11 24 24 10 1 8 31 4 14 56 350 18 9 19 25 5 17 195 315 34 5 29 141 19 84 411 323 222 18 240 36 18 47 407 51 12 2 8 11 20 10 186 36 12 1 22 7 5 13 46 16 8 2 22 13 21 10 86 20 60 5 9 6 7 1 9 3 1 1 0 1 6 0 14 32 19 1 14 10 9 11 40 2 11 2 8 4 16 4 64 220 563 26 333 23 27 18 194 12 13 2 5 12 23 18 83 11 23 2 28 1 3 4 14 13 13 9 27 14 114 43 334 182 561 8 93 28 67 15 82 9 6 2 6 8 59 12 72 310 181 8 75 45 23 50 291 68 68 7 59 75 250 66 665 1
2125 188 192 298 161 13 270 1058 291 14 12 18 279 4 439 886 176 19 13 20 14 0 16 45 277 16 13 19 416 11 293 288 185 3 6 7 5 1 4 12 7 1 0 0 12 0 3 3 319 28 8 9 13 1 12 32 419 7 2 9 268 9 85 109 194 10 14 13 9 2 22 43 14 2 0 1 15 1 21 10 23 0 0 1 1 0 1 1 13 2 0 1 13 2 8 19 362 15 6 10 28 2 8 32 17 0 1 0 17 2 5 20 1706 33 20 25 33 2 30 156 1024 18 5 15 288 20 90 190 320 302 8 303 9 10 10 563 30 10 0 3 13 11 6 185 15 21 0 11 0 0 1 16 10 3 0 5 4 13 3 82 12 11 0 7 0 1 0 4 0 0 0 0 0 0 0 3 16 20 0 5 0 1 1 6 6 2 0 0 1 8 1 15 278 477 15 279 11 24 28 284 9 5 0 4 5 13 5 72 10 14 0 11 0 3 1 16 21 13 0 7 11 29 9 95 508 357 6 95 17 14 9 105 2 6 0 2 10 7 0 25 1295 369 4 109 16 15 15 172 308 83 2 13 66 102 13 224 2090 191 203 295 161 17 273 1060 294 20 5 20 265 14 467 963 184 22 9 22 12 1 18 35 295 12 12 17 380 8 280 310 170 7 9 5 9 1 5 13 6 0 0 0 12 1 1 6 315 15 9 9 10 2 13 37 436 11 3 6 277 11 94 92 205 17 11 10 18 4 19 42 18 0 0 0 10 0 21 15 27 0 1 2 0 0 1 2 15 0 1 1 15 5 8 15 352 16 10 18 24 2 9 32 14 0 1 0 24 2 3 9 1733 29 9 29 30 2 26 151 1057 13 4 15 313 6 86 178 304 299 8 309 12 12 9 551 13 9 0 2 11 12 6 163 19 14 0 13 0 2 0 14 11 7 0 3 5 17 0 74 9 14 0 6 0 0 0 3 0 0 0 0 1 0 0 1 14 25 0 7 0 1 2 6 4 7 0 1 1 10 0 11 291 480 14 292 12 16 23 305 5 3 0 1 5 10 8 75 10 22 0 6 0 3 1 14 19 7 0 7 7 28 11 104 484 381 3 85 12 8 10 107 2 1 0 0 11 8 0 18 1311 359 3 83 19 14 9 166 307 91 1 11 69 89 12 209 2091 178 202 293 159 13 283 997 304 14 10 15 259 13 413 841 194 26 9 18 8 0 18 34 276 22 11 11 390 14 239 312 187 8 12 6 5 1 6 10 4 1 0 1 12 1 2 5 332 18 10 7 16 0 21 34 428 11 3 3 250 12 82 104 200 8 13 15 13 1 22 31 14 1 0 1 15 0 21 14 28 2 1 5 2 0 1 3 18 0 0 1 12 2 9 21 370 18 13 19 26 2 8 30 15 1 1 1 20 1 4 14 1763 37 17 30 38 3 30 150 1005 12 5 12 315 11 103 185 325 303 8 322 8 10 7 550 20 12 0 1 9 16 11 190 16 22 1 11 0 0 0 7 14 7 0 7 3 15 3 82 9 13 0 5 0 0 1 5 0 0 0 0 0 0 0 4 17 22 0 7 0 1 1 8 7 2 0 1 3 4 1 12 288 518 14 279 12 19 25 302 8 4 0 6 7 11 6 76 13 19 1 7 2 2 1 13 21 16 1 12 10 31 7 101 496 388 3 89 19 8 8 108 3 1 0 2 10 11 0 20 1214 363 2 93 15 19 10 210 338 88 0 13 95 109 11 231 1
1801 134 240 264 153 15 298 996 301 11 10 13 239 16 337 694 245 11 17 19 7 2 9 21 294 15 19 12 501 20 656 308 259 10 18 6 8 0 7 8 3 0 2 1 12 0 1 2 332 8 7 7 15 1 14 30 376 21 10 7 446 18 131 81 180 10 9 5 10 3 13 27 17 1 0 0 24 1 19 8 23 0 1 0 0 1 0 5 24 2 0 1 19 1 19 18 313 7 8 14 24 0 8 28 11 0 0 0 14 1 9 10 1779 34 10 22 39 3 31 139 1139 9 3 10 322 12 96 172 227 210 8 277 13 8 9 573 20 12 0 9 12 11 5 281 14 20 0 12 0 1 0 10 9 7 0 7 7 17 4 98 6 11 0 3 0 1 0 7 0 0 0 0 0 0 0 1 21 26 0 7 1 1 1 9 7 6 0 4 6 6 0 16 253 467 6 288 19 30 16 241 12 6 1 2 16 17 9 85 11 17 0 7 2 2 0 12 13 17 2 6 12 60 10 143 385 524 3 116 8 14 5 86 7 3 0 0 6 10 0 17 1220 301 2 81 17 14 13 148 315 78 3 18 92 131 23 234 1821 118 211 249 146 11 270 985 294 16 1 14 254 10 352 833 240 14 17 18 14 2 16 27 318 13 15 18 523 17 685 267 234 12 14 6 10 0 6 10 2 1 0 0 10 1 2 2 337 16 10 6 22 2 17 27 374 20 9 11 473 9 146 92 192 8 8 7 18 1 17 29 22 3 0 0 20 0 18 5 24 3 0 1 0 2 1 4 18 0 1 0 19 3 14 14 312 8 5 17 23 0 8 16 12 2 2 1 18 0 9 10 1788 27 7 28 46 4 25 124 1202 10 9 7 302 7 112 167 221 191 3 269 9 9 11 570 23 10 0 8 10 11 3 231 17 16 0 7 0 2 0 12 13 9 0 3 10 16 2 69 7 11 0 4 0 0 0 4 0 0 0 0 0 0 0 1 21 21 0 5 1 1 2 8 4 3 0 0 3 4 0 13 244 440 8 326 20 14 21 228 11 5 0 0 9 23 11 76 19 12 0 11 2 2 1 10 16 14 0 9 12 70 14 157 366 557 3 97 11 10 9 69 7 6 0 0 8 8 0 15 1248 294 5 81 9 13 13 141 285 81 3 16 80 131 14 241 1808 108 250 255 141 18 282 1011 272 9 7 8 214 15 313 757 230 11 16 19 7 1 18 31 268 18 14 23 525 21 642 279 275 11 26 6 6 0 10 13 7 0 0 1 12 0 2 4 334 11 8 7 12 3 22 29 338 16 10 5 492 15 159 96 174 10 6 8 9 3 16 32 18 0 0 1 26 1 18 9 28 2 1 0 1 0 1 3 19 1 2 3 15 1 16 16 290 10 7 12 15 2 13 30 7 0 0 1 14 0 4 8 1707 34 14 26 42 6 31 99 961 9 3 11 324 11 111 156 202 197 7 283 12 14 9 615 33 15 0 7 14 9 3 227 13 18 0 7 0 1 1 5 14 12 0 2 8 20 0 83 13 13 1 6 0 0 1 4 0 0 0 0 0 0 0 0 14 21 0 6 0 2 0 7 9 6 0 0 6 4 1 19 247 472 9 381 20 23 25 241 17 14 0 4 9 23 8 92 21 13 0 10 2 2 0 19 22 18 0 8 18 64 7 149 359 587 6 119 12 14 4 86 14 4 0 1 5 3 1 14 1026 344 6 95 20 16 8 137 564 79 2 24 104 150 18 261 1
1591 129 162 205 114 11 228 710 488 40 31 40 198 9 528 1036 127 35 18 28 8 0 12 25 208 30 21 44 218 12 339 395 181 15 14 11 14 1 10 18 19 1 0 0 12 1 2 10 243 33 7 11 12 2 7 29 288 20 3 19 271 22 112 119 170 10 20 9 15 1 18 39 45 4 0 4 22 0 34 34 13 1 2 2 0 1 4 3 20 1 0 3 13 1 27 36 261 11 11 7 23 2 20 44 31 4 2 4 29 0 15 35 904 43 19 37 36 6 52 210 666 45 12 30 276 18 141 416 538 213 16 272 20 13 32 694 57 12 3 13 25 7 15 218 54 30 0 27 4 2 2 29 24 20 0 17 12 13 0 88 25 17 1 7 1 1 1 6 1 0 0 1 0 1 3 4 51 39 1 10 1 3 4 34 14 10 0 3 6 12 5 50 280 233 16 338 25 16 37 249 24 7 1 7 11 9 17 83 21 16 0 14 1 1 3 15 19 9 1 12 13 18 10 89 518 317 4 116 44 20 21 162 17 10 0 4 15 10 16 42 1319 440 12 163 49 22 37 404 279 105 6 37 121 124 47 537 1567 138 168 207 135 9 215 702 486 45 26 36 209 13 527 1065 140 35 20 32 8 1 11 35 229 30 24 38 182 10 365 377 166 8 10 10 16 3 10 12 20 2 0 0 18 1 8 7 252 34 6 11 9 0 13 41 297 24 5 22 255 21 99 131 182 11 14 12 17 2 28 38 47 4 1 9 21 0 32 32 17 3 3 1 0 1 4 4 15 0 1 7 10 4 22 38 254 11 12 13 24 1 19 39 30 5 1 4 24 2 17 33 912 40 16 38 39 6 43 217 719 42 11 23 283 22 136 407 560 215 21 274 21 7 41 676 50 6 1 12 22 8 17 212 48 33 1 22 7 1 2 29 25 20 0 14 15 12 6 75 18 13 0 5 1 1 2 4 2 1 0 0 0 1 1 1 57 38 1 13 2 2 2 30 11 10 0 4 8 13 3 49 285 224 14 273 17 13 37 233 19 9 2 5 14 12 15 86 14 19 1 15 2 4 3 15 12 14 1 14 9 18 10 93 536 319 5 126 43 13 22 149 17 8 0 7 16 9 19 40 1351 452 11 153 42 21 40 434 238 108 2 42 127 124 51 512 1530 145 160 210 120 5 200 700 495 42 27 46 207 9 517 1008 149 32 17 25 10 0 16 46 226 22 17 42 187 10 338 403 177 14 10 11 13 3 13 18 24 0 0 0 13 1 6 9 240 34 7 13 5 1 12 40 289 25 5 22 234 16 97 121 174 13 13 10 17 1 25 43 34 4 2 6 20 0 36 35 23 2 3 2 0 0 2 2 15 1 0 6 17 2 23 31 269 8 12 11 16 1 22 36 37 5 0 2 31 1 19 39 994 42 24 40 35 5 37 212 738 36 8 24 279 23 147 416 569 203 21 266 20 10 30 647 54 8 1 12 21 12 14 221 50 36 1 27 4 2 3 25 33 16 0 9 11 14 3 92 26 15 0 7 1 3 0 8 0 0 0 0 0 2 0 5 61 48 1 9 5 2 1 32 18 6 0 4 6 11 7 44 268 214 18 252 26 14 33 248 23 9 3 3 12 9 13 92 23 18 2 12 1 1 3 12 12 11 2 19 10 16 10 93 493 322 7 117 44 10 23 122 16 9 1 3 21 8 18 46 1355 451 11 162 54 26 35 430 307 106 4 59 123 121 56 540 1
1667 172 187 339 157 23 310 1178 301 11 11 19 284 11 473 830 169 14 11 28 16 2 5 32 286 11 9 14 497 28 386 342 173 17 9 6 11 1 12 15 7 0 0 0 9 0 3 5 305 23 8 9 16 1 13 27 460 16 1 5 423 9 136 100 152 22 13 22 11 4 20 37 13 1 0 1 16 1 23 17 19 1 0 1 5 0 0 1 12 1 0 1 20 4 6 16 283 14 4 13 27 0 11 30 19 1 1 0 28 0 7 13 1263 27 14 28 35 12 28 78 1181 10 8 10 342 19 100 174 299 289 6 490 18 15 17 885 23 12 0 5 11 15 9 254 14 17 0 11 0 0 1 12 7 8 0 7 8 13 7 103 9 7 0 9 1 2 1 3 0 0 0 0 0 1 1 4 12 16 0 11 1 0 0 8 4 3 0 0 2 10 1 15 268 414 9 312 12 18 25 353 10 9 1 2 6 16 4 97 22 18 0 14 1 0 0 13 11 11 0 4 14 37 10 101 390 342 5 138 14 11 5 116 7 5 1 1 6 3 1 27 1023 357 6 101 18 12 9 168 291 80 2 12 89 98 19 195 1748 181 186 319 165 19 297 1115 277 18 10 8 311 14 502 767 186 19 8 27 12 1 15 30 336 11 13 17 532 24 388 338 202 10 11 7 10 0 8 8 7 0 0 0 5 0 4 4 320 21 4 19 12 2 13 27 489 17 0 7 488 11 148 93 171 20 11 12 19 1 17 38 19 2 0 0 12 4 27 17 27 3 0 0 3 0 2 1 15 1 0 2 21 4 9 14 290 8 10 16 21 1 14 29 16 1 0 0 28 0 10 7 1220 32 5 21 33 8 21 91 1153 14 5 6 356 8 93 185 295 282 3 472 21 17 12 843 21 5 0 4 8 18 6 190 17 20 0 13 0 2 0 7 10 6 2 5 5 8 4 73 12 6 0 6 0 2 0 4 1 0 0 0 0 0 0 1 12 18 0 4 2 0 1 8 5 5 0 2 3 13 1 10 258 449 7 303 14 18 24 312 7 8 0 4 5 13 6 101 9 17 2 9 5 4 0 13 12 12 0 7 17 31 5 110 470 407 6 130 18 13 8 111 4 3 0 1 10 4 3 16 997 352 1 84 13 12 14 167 269 88 1 12 84 95 19 210 1851 180 236 342 173 30 353 1002 306 11 6 4 310 18 444 665 177 13 9 32 16 0 9 37 313 16 11 18 515 19 339 378 199 17 12 9 7 0 3 26 11 1 1 0 10 0 4 10 345 28 9 16 11 2 14 30 475 14 4 9 418 13 137 103 187 11 14 11 18 0 20 42 16 2 0 0 13 3 22 15 13 2 1 1 4 0 2 3 12 2 1 2 25 4 11 18 324 14 6 17 23 3 12 25 16 2 0 0 20 1 6 13 1157 33 21 30 40 8 26 102 1009 20 8 8 358 10 96 183 314 296 5 420 13 12 19 771 23 15 0 4 17 17 9 219 16 20 0 18 0 1 0 15 12 12 1 5 9 12 4 115 11 5 0 3 0 2 0 8 0 1 0 0 2 0 0 3 14 17 0 6 0 0 2 9 6 8 0 4 3 10 2 11 276 418 7 305 16 17 26 324 9 7 0 4 8 16 6 107 19 21 0 9 1 2 1 19 17 15 2 7 16 41 11 113 448 374 1 126 16 12 7 129 9 1 1 2 6 11 3 15 918 366 7 92 17 15 13 188 327 85 0 18 122 111 20 246 1
1627 169 210 301 152 17 306 1015 296 27 19 23 249 12 460 901 161 16 11 15 16 3 7 36 250 20 16 21 434 24 520 330 178 10 16 6 7 0 2 17 9 1 0 0 3 1 3 8 288 18 11 12 12 0 25 26 489 21 4 8 592 10 142 106 124 7 11 13 20 0 17 40 19 1 0 2 19 0 21 25 16 1 3 0 2 0 3 2 9 1 0 1 22 1 13 18 218 18 3 9 29 0 13 30 21 2 0 0 18 1 8 15 789 32 7 20 30 6 28 117 801 20 5 22 377 14 113 219 314 309 8 531 22 26 13 858 20 12 1 8 14 15 13 281 19 25 0 25 2 2 0 30 11 14 0 10 13 12 6 92 11 16 1 5 0 0 1 9 1 0 0 0 0 2 0 3 28 27 2 6 0 2 1 14 7 5 0 3 5 5 4 32 248 505 11 691 21 26 24 422 9 7 1 2 13 12 9 132 7 10 0 16 1 4 0 23 9 9 1 7 20 37 7 140 325 558 4 161 16 16 9 123 3 7 0 2 6 7 5 37 721 288 4 99 31 22 17 212 186 86 2 22 72 104 34 320 1591 163 183 285 158 18 283 1046 265 22 19 29 255 19 473 1018 158 16 13 22 12 3 15 34 237 15 13 19 464 25 539 354 182 10 11 6 3 1 6 13 8 2 0 0 7 1 2 5 262 21 8 9 12 1 14 26 525 22 3 6 560 13 158 112 124 10 12 8 20 1 21 38 20 3 1 0 16 1 22 31 13 1 2 0 2 0 0 3 15 1 0 1 16 1 16 15 207 10 5 13 26 0 13 37 16 2 0 0 25 2 10 13 795 24 6 15 21 2 20 107 888 26 4 20 348 7 104 190 288 309 4 496 23 13 18 898 16 11 0 8 13 11 8 306 25 16 0 22 1 2 0 24 11 10 0 12 4 16 2 97 9 21 1 6 1 1 1 6 0 0 0 1 0 3 0 2 28 23 1 9 0 1 1 13 2 5 0 1 2 8 3 18 220 533 14 755 15 21 26 424 8 8 0 1 8 12 8 111 12 8 1 14 4 2 2 15 9 13 2 8 14 33 10 118 330 587 3 184 18 15 10 120 2 7 0 1 4 9 7 33 731 294 6 91 31 23 19 201 194 65 3 18 72 97 27 297 1675 184 198 294 140 20 298 1011 250 25 18 25 256 19 467 995 144 20 11 22 8 2 13 30 217 15 14 17 458 28 501 343 179 10 14 7 5 1 12 14 10 0 1 1 8 0 4 4 273 19 11 11 13 0 16 23 509 24 9 5 529 17 151 110 116 11 18 11 21 1 23 43 16 4 0 0 11 0 22 27 16 2 1 1 1 0 1 7 8 0 0 0 24 1 15 15 207 14 5 10 25 2 8 41 16 2 0 1 18 2 8 22 751 27 12 22 29 2 21 105 857 23 4 9 346 10 119 206 291 314 6 506 19 12 17 824 26 14 0 11 11 17 8 371 23 14 0 17 1 4 0 30 15 12 1 9 14 30 5 111 14 24 1 12 1 0 1 7 1 0 0 1 0 2 0 3 26 25 1 8 0 0 0 15 2 7 1 2 2 8 1 30 225 532 18 682 15 28 25 421 7 4 1 7 8 13 10 130 8 14 0 23 1 1 1 13 14 14 1 13 17 37 4 149 330 532 9 185 10 22 14 120 7 6 0 3 9 8 8 33 702 274 8 98 22 20 16 211 228 80 2 24 76 99 30 306 1
2424 156 211 215 154 17 215 799 294 6 7 6 203 10 233 565 200 16 20 15 9 1 10 24 253 17 14 25 395 18 404 235 249 19 13 5 19 1 8 7 11 2 0 0 8 2 4 2 346 15 6 7 6 2 14 41 420 17 2 7 599 17 130 85 179 17 14 7 14 1 20 26 14 1 1 0 14 0 16 5 14 0 1 2 0 0 1 3 10 0 0 1 17 5 10 3 324 10 10 17 14 2 6 31 14 0 0 1 24 1 4 10 1580 36 9 28 33 4 45 184 1206 11 5 11 364 11 89 186 286 218 5 236 8 13 11 704 31 4 0 7 8 8 5 172 12 8 1 10 1 2 0 11 17 9 0 9 5 17 0 69 10 8 3 5 0 1 0 0 0 0 0 0 1 1 0 2 20 17 1 10 0 1 1 7 4 8 0 0 4 12 1 13 255 400 16 488 12 21 15 220 11 8 0 3 8 19 3 65 17 17 0 16 0 1 1 14 16 13 1 15 18 45 13 153 379 551 2 140 16 14 11 68 2 0 0 2 5 5 2 15 1223 365 4 91 16 20 11 217 305 101 0 15 101 162 24 235 2447 155 210 195 159 20 217 768 324 13 8 9 215 8 220 571 205 21 21 19 10 1 10 28 241 17 18 20 380 15 427 245 248 19 15 9 18 3 10 8 10 0 0 1 8 1 5 4 339 18 7 8 7 2 12 31 411 19 2 9 596 16 141 82 185 12 20 10 14 1 17 28 18 1 0 0 14 0 19 2 19 2 1 2 0 1 2 2 9 2 2 1 22 4 8 6 312 7 11 13 17 0 4 25 22 1 0 1 14 0 7 14 1541 38 7 28 40 6 40 195 1232 9 9 16 365 10 100 195 285 197 12 254 9 14 14 651 41 8 0 4 5 11 6 175 14 9 2 9 1 2 0 8 9 5 0 9 3 14 1 53 13 13 2 3 0 1 0 2 0 1 0 0 1 1 0 2 26 21 1 9 0 0 1 10 3 6 0 0 6 6 1 15 244 373 13 508 14 18 16 222 8 11 0 5 11 18 8 69 19 24 1 18 1 1 1 13 16 18 2 12 17 51 14 127 379 554 5 138 12 9 5 65 6 2 0 1 5 11 2 13 1192 369 3 75 16 20 9 216 305 123 0 17 100 141 21 269 2381 142 240 192 127 27 215 860 275 7 12 8 184 17 220 486 211 12 14 14 13 2 10 23 238 15 19 20 371 15 400 223 235 14 20 8 18 2 8 13 9 0 0 1 12 1 6 1 346 17 12 8 13 3 15 30 423 16 8 3 650 21 143 68 166 13 23 7 7 2 16 35 17 0 1 1 15 1 12 7 17 1 0 3 0 0 2 4 24 1 0 0 27 5 13 14 301 11 14 20 13 1 6 23 17 2 0 1 16 1 5 12 1445 44 26 31 37 6 35 172 1124 19 11 13 366 16 104 167 305 192 11 255 12 13 12 747 47 8 2 7 14 9 10 249 18 9 0 11 1 1 0 5 15 10 0 10 4 22 2 74 5 16 3 7 0 1 0 6 3 0 0 0 1 1 0 2 17 15 0 9 0 0 1 10 5 7 0 0 7 8 0 22 238 407 10 502 8 14 13 221 12 6 0 4 7 13 7 69 16 22 0 16 1 4 1 12 20 21 5 11 22 46 10 128 351 570 8 161 8 7 15 81 6 3 0 0 8 7 2 16 1078 352 5 104 21 14 8 237 404 101 2 12 128 169 25 304 1
1460 128 143 224 131 8 279 942 298 13 10 13 235 9 420 765 167 10 7 26 7 0 9 37 271 15 8 8 359 22 505 325 183 8 7 6 5 0 5 9 10 0 2 0 7 0 6 7 313 24 6 10 5 0 8 24 513 17 4 12 427 15 106 93 177 12 10 8 16 3 24 39 19 0 0 0 15 0 9 13 15 0 1 0 0 0 0 1 5 1 0 0 19 1 15 8 329 9 7 17 20 2 7 23 15 0 0 0 21 1 10 16 1492 38 17 32 34 3 34 115 1259 24 5 15 351 10 101 195 299 251 10 413 13 9 17 782 28 12 0 8 6 9 2 230 17 16 2 17 0 1 0 18 10 14 1 5 7 14 3 76 8 7 0 5 0 0 0 3 1 1 0 0 0 0 0 1 11 18 0 6 0 0 0 14 6 10 0 3 1 13 0 19 305 428 7 433 18 14 22 288 7 7 0 1 8 8 5 82 19 19 0 17 0 2 0 16 8 17 0 13 12 30 11 88 567 387 8 119 11 11 13 105 8 5 0 0 6 7 2 16 1332 410 6 130 19 15 10 195 299 112 5 29 103 113 15 245 1502 132 174 226 136 8 252 942 299 16 13 15 261 12 417 844 179 11 12 31 10 1 5 30 275 15 8 14 356 16 403 332 176 9 6 6 7 1 9 9 8 0 1 0 9 1 2 9 319 21 9 11 5 2 8 26 500 23 6 11 427 13 106 84 178 6 10 7 19 1 25 35 27 0 0 0 15 0 13 21 11 0 0 0 1 0 0 4 14 1 0 0 11 1 13 12 329 9 7 18 20 0 9 22 19 0 0 0 25 0 11 14 1521 41 15 31 35 2 42 115 1253 30 7 15 344 14 121 200 311 249 10 450 19 13 12 708 15 18 1 4 8 12 1 228 16 17 0 19 0 1 0 25 9 15 1 9 7 14 1 70 7 12 0 2 0 1 0 2 0 0 0 0 0 0 0 2 12 15 0 12 0 1 1 14 6 17 0 4 2 11 0 18 312 394 8 474 10 14 15 303 14 3 0 2 8 10 8 83 12 19 0 23 1 2 0 16 10 16 0 12 16 29 9 95 534 356 4 106 17 15 16 96 8 2 0 0 7 6 1 12 1310 372 6 123 26 13 11 193 259 97 3 30 99 116 16 265 1535 134 190 231 128 9 289 934 299 13 8 15 255 11 381 806 172 11 7 28 10 3 7 27 262 20 11 17 356 22 371 304 172 8 15 8 9 2 7 11 10 1 2 1 10 2 6 4 333 24 10 10 8 1 13 37 488 16 11 14 400 18 121 90 180 7 13 16 11 1 26 34 14 1 0 0 14 1 11 12 16 2 2 4 1 0 0 5 14 1 0 1 18 0 9 13 323 12 7 20 20 2 7 27 21 1 0 0 20 1 8 15 1496 37 21 34 39 6 43 118 1115 27 7 15 353 20 112 200 306 237 13 420 14 15 21 699 24 10 1 10 13 22 8 265 17 13 0 18 0 1 0 23 13 20 2 10 9 17 0 92 7 8 1 5 0 0 0 6 0 0 0 0 0 1 0 3 14 20 0 7 0 1 0 15 7 15 0 3 6 11 2 23 302 430 8 416 11 19 19 294 19 10 1 2 8 10 6 85 17 18 0 24 2 1 0 12 17 16 0 10 10 36 10 115 519 367 6 108 19 17 7 120 11 5 0 2 8 9 1 15 1216 353 14 131 20 10 9 208 399 99 4 28 100 113 23 285 1
1654 150 182 237 138 4 228 1032 256 12 6 10 219 10 310 685 171 14 13 23 9 0 11 18 260 13 8 13 533 14 522 275 237 12 26 3 10 1 12 19 9 0 0 0 11 0 2 4 324 14 12 10 11 2 18 21 467 13 9 2 687 8 141 103 143 7 5 16 7 0 10 29 11 1 0 1 9 0 14 13 14 3 2 0 2 0 1 4 12 2 0 2 23 2 17 13 306 13 7 14 15 1 8 30 15 0 0 1 14 0 7 8 1483 47 19 37 35 10 27 141 1117 14 11 6 392 12 80 162 292 220 5 328 12 5 15 829 36 8 0 3 10 10 2 253 19 11 1 9 1 0 1 7 9 9 0 4 6 11 2 76 8 8 0 5 0 0 0 8 0 0 0 0 1 1 0 3 9 17 1 1 0 0 0 9 6 3 0 1 2 6 1 17 255 443 8 424 11 18 20 245 9 8 0 2 8 13 7 84 21 23 1 10 0 3 1 10 13 19 1 10 17 42 9 132 389 539 2 142 12 16 7 118 4 1 0 1 12 6 4 16 1210 323 6 82 17 11 10 192 323 107 2 19 114 159 22 257 1710 149 175 243 138 15 230 1014 260 15 9 10 228 5 320 729 191 9 19 15 12 1 11 34 251 15 6 18 540 20 574 271 230 13 21 6 17 1 9 20 13 0 1 0 16 1 1 4 312 17 10 11 10 2 12 21 452 4 3 7 659 16 153 87 147 12 9 16 9 2 10 23 16 0 0 0 12 1 18 15 17 3 0 0 2 0 1 5 7 1 0 3 21 3 16 16 262 11 12 15 18 0 8 30 14 0 1 1 13 0 6 5 1486 34 17 30 34 5 22 120 1116 13 8 7 350 12 86 167 273 244 7 331 7 13 11 799 25 10 1 5 7 8 4 218 18 8 1 11 1 1 1 9 8 1 0 5 10 12 2 87 13 10 0 3 0 0 0 6 0 0 0 0 0 0 1 2 13 15 0 2 1 0 0 11 8 6 0 1 1 5 1 12 269 447 9 396 13 19 19 256 13 6 0 5 9 12 7 89 20 22 0 13 0 2 1 10 16 20 0 7 19 45 11 115 369 592 5 145 18 13 7 108 5 2 0 0 3 9 1 12 1220 327 6 83 16 15 13 185 315 100 3 18 106 167 22 246 1655 147 188 203 133 13 228 1000 246 8 9 19 217 3 296 608 195 16 9 15 10 0 13 34 264 17 12 11 524 17 591 265 261 14 30 9 16 0 7 9 15 0 1 0 16 0 5 4 298 19 15 13 12 1 10 20 423 9 6 9 666 11 170 106 150 12 10 13 7 0 10 30 12 0 1 1 17 1 18 17 12 2 0 0 3 1 2 1 11 1 0 2 20 2 16 19 270 16 12 14 16 2 6 22 15 3 0 1 18 0 7 7 1448 39 24 37 40 13 29 130 965 18 7 14 341 23 84 148 294 250 10 306 11 10 13 755 23 13 0 2 7 22 6 336 12 10 1 13 0 3 1 12 7 3 1 8 10 10 5 102 10 8 1 5 0 0 1 9 0 0 0 0 0 0 0 2 20 15 0 3 0 1 0 11 5 5 0 0 4 6 1 18 269 444 14 420 17 15 22 235 10 8 0 2 9 13 7 82 19 22 1 8 1 3 0 11 21 20 0 10 22 44 8 126 402 643 6 155 17 11 15 112 2 1 0 0 6 12 2 18 1156 331 7 104 19 17 14 190 415 108 2 21 128 155 14 256 1
2226 249 232 351 229 9 301 932 265 8 10 16 304 15 386 594 217 24 10 24 18 1 9 33 311 22 12 24 469 24 412 300 222 8 7 5 13 2 6 5 13 0 0 0 4 1 5 3 353 27 8 12 10 3 12 19 351 13 5 11 391 8 105 77 230 9 17 13 22 2 24 40 14 0 0 0 23 1 17 12 13 1 0 1 2 0 1 1 16 0 1 2 19 3 12 7 350 8 8 13 26 2 10 20 20 0 0 0 34 0 6 16 1289 50 10 21 43 2 30 122 647 20 4 6 299 17 94 160 302 340 5 478 11 14 14 727 15 7 1 4 8 18 4 144 21 16 0 20 0 0 1 19 9 6 0 3 5 24 3 84 9 18 0 3 1 1 0 2 0 0 0 0 0 0 0 2 13 30 0 10 0 1 0 11 7 12 0 2 1 3 1 9 358 619 11 457 30 12 26 380 8 5 1 4 9 14 5 71 7 18 0 12 1 2 0 9 12 10 1 8 17 38 9 134 557 490 5 118 21 14 11 104 4 3 0 1 5 13 2 18 810 398 8 112 12 9 15 164 195 84 2 14 80 122 17 203 2161 253 254 344 236 12 334 952 255 11 9 15 311 11 349 620 223 24 9 24 11 2 6 32 331 26 18 26 469 27 416 290 219 12 5 8 11 1 7 10 12 1 0 0 12 1 3 5 355 33 6 12 12 2 12 22 373 18 4 9 361 8 95 82 233 14 14 13 23 2 27 36 14 1 1 0 24 1 13 9 23 0 0 1 1 1 1 4 13 0 0 1 19 2 8 8 355 8 3 15 24 1 7 27 13 2 0 0 33 2 8 16 1350 45 11 23 35 2 32 122 679 17 1 9 292 17 90 166 305 341 7 478 13 16 13 734 22 3 1 4 5 16 6 152 16 19 0 23 1 0 2 18 6 7 0 7 9 18 2 77 10 15 0 4 0 0 0 0 0 0 0 0 0 0 0 0 16 32 0 7 0 1 1 16 7 9 0 0 1 6 0 14 366 571 8 438 29 19 29 341 10 11 1 2 10 13 9 70 6 19 0 13 0 3 2 12 13 13 1 5 15 34 12 123 554 484 5 116 24 13 8 99 3 3 0 2 7 11 4 16 826 387 4 102 11 12 16 163 178 88 1 15 76 115 14 205 2200 249 247 332 238 14 330 874 248 10 8 18 322 9 350 518 212 25 9 29 13 2 12 33 355 28 8 24 448 28 417 291 238 12 7 8 12 1 4 11 7 1 0 0 8 1 5 7 392 31 8 15 11 3 15 28 377 15 6 8 375 7 88 85 245 11 13 10 23 2 21 39 13 1 1 0 23 2 13 10 18 0 1 1 2 0 1 1 12 1 1 0 21 1 11 6 345 8 6 14 19 2 6 30 19 1 0 0 33 0 9 13 1412 46 11 25 42 1 35 135 671 19 2 12 317 17 90 176 317 348 8 466 11 15 11 640 14 7 1 4 5 14 6 169 21 25 0 15 0 0 2 18 8 7 0 5 9 15 3 88 13 13 0 7 0 0 0 3 0 0 0 0 0 0 0 1 10 27 0 7 1 0 0 8 4 9 0 0 2 8 1 13 369 559 14 447 27 19 26 358 8 7 0 4 9 16 9 57 8 16 0 15 0 0 2 12 16 10 1 9 16 40 10 130 558 503 2 99 21 13 13 86 3 2 0 2 6 8 3 21 802 377 6 113 12 16 13 185 193 87 2 13 91 129 21 204 1
1566 167 146 279 146 14 298 965 352 15 9 18 309 14 444 934 158 21 12 17 15 1 3 27 304 19 8 28 317 13 273 349 172 11 6 8 14 0 14 9 11 1 0 1 6 2 4 9 248 20 13 9 12 1 12 36 437 12 3 4 355 9 118 160 177 12 11 14 17 0 23 46 19 0 1 1 22 1 14 23 17 1 0 1 1 0 1 1 11 1 1 2 14 1 7 10 291 17 8 18 14 2 16 39 20 1 0 1 23 0 5 28 1079 31 14 42 40 7 44 153 921 25 4 17 309 24 123 288 394 291 14 470 22 13 23 839 32 19 0 6 11 13 8 243 17 19 0 18 3 1 0 26 15 7 0 12 12 11 3 88 12 12 0 1 0 0 0 5 3 0 0 0 1 0 0 3 21 26 0 12 0 2 1 13 5 9 0 3 2 4 3 23 360 401 7 365 23 12 16 325 13 6 0 3 9 12 8 81 13 21 1 16 1 3 1 13 19 17 0 7 8 24 6 88 478 310 4 129 18 10 9 129 6 5 0 2 2 9 1 20 1367 359 7 140 17 16 14 302 279 75 2 22 91 93 17 289 1491 146 155 249 162 11 278 999 365 22 12 22 284 17 469 1000 159 18 13 22 8 2 5 33 287 17 9 22 337 12 305 340 179 10 5 5 9 1 7 12 13 0 0 3 6 1 1 6 288 23 12 10 13 1 12 28 410 22 2 7 356 8 119 149 162 10 12 12 21 0 31 37 11 1 0 1 22 1 16 19 18 0 0 1 0 0 2 3 16 3 2 1 14 2 7 12 297 17 5 22 27 3 18 30 30 0 0 0 20 0 12 17 1109 37 6 33 32 4 42 119 971 28 0 23 344 15 116 262 387 291 14 453 20 7 24 878 30 10 0 9 13 11 5 233 16 23 0 21 0 0 0 18 19 11 0 9 9 9 5 85 9 5 0 3 0 1 1 7 0 0 0 0 0 1 1 0 24 18 0 10 1 2 1 17 6 13 0 3 3 8 3 26 325 386 9 323 16 14 19 355 13 10 0 4 7 8 6 71 15 20 1 9 0 6 3 19 16 17 0 4 7 23 5 93 486 310 4 134 19 9 7 112 11 1 0 1 8 5 0 21 1523 356 6 117 16 10 18 265 233 89 1 29 107 107 14 243 1498 169 170 249 140 16 277 1021 331 17 12 19 279 15 455 1049 142 18 12 16 13 1 8 32 262 19 6 17 324 15 274 359 194 12 8 9 10 0 8 19 13 1 1 0 8 1 3 7 267 27 7 9 15 0 14 39 428 21 5 8 355 12 124 171 154 11 9 11 20 1 20 40 21 1 0 0 10 1 23 20 21 1 0 1 0 0 2 4 23 2 0 0 15 2 8 15 270 17 6 18 20 0 15 37 20 0 0 1 17 2 12 15 1090 41 14 40 40 5 38 124 965 15 4 19 325 13 116 264 386 275 11 452 21 10 25 841 38 13 1 7 21 17 6 291 23 22 0 16 2 0 0 16 15 13 0 10 14 15 0 100 16 9 0 1 0 1 0 4 0 0 0 1 1 2 1 1 26 15 0 11 0 1 2 12 5 6 0 2 4 6 3 13 300 353 11 328 19 13 19 351 10 6 0 1 9 12 5 76 21 14 1 10 0 2 2 19 24 14 1 8 10 25 4 87 430 320 4 121 21 7 7 139 8 0 0 2 4 8 1 19 1452 359 5 125 16 18 17 252 335 107 2 22 110 87 33 284 1
1839 157 383 246 134 20 222 588 425 46 21 59 192 15 292 562 105 23 49 30 14 0 23 33 156 27 38 39 240 26 432 261 402 50 66 24 43 6 14 18 28 3 0 5 29 16 15 12 191 36 19 18 10 7 19 48 221 42 19 18 283 38 168 133 127 15 49 18 18 1 28 31 35 2 6 6 25 0 32 53 13 1 9 4 3 3 6 11 12 4 5 6 20 4 50 34 216 13 18 18 34 2 16 33 38 6 0 6 33 2 18 49 505 23 12 21 21 3 34 159 379 36 9 47 239 31 110 376 463 235 34 311 47 19 47 826 67 18 10 12 22 21 19 227 28 20 3 37 10 0 5 57 17 20 2 16 20 24 14 147 25 48 0 20 2 6 3 20 4 4 0 0 4 5 2 16 38 36 1 26 6 5 9 46 6 18 3 15 8 35 9 96 169 287 29 381 20 35 37 287 13 22 3 24 19 32 37 144 12 27 6 44 2 5 6 35 13 28 5 43 34 94 48 350 254 399 10 145 30 56 22 137 18 13 2 7 22 45 11 90 551 232 13 110 33 23 29 418 173 122 10 52 119 355 72 890 2019 165 420 244 141 30 227 629 438 46 30 57 189 22 301 555 141 24 51 32 19 1 20 30 159 27 37 46 209 28 421 249 423 51 62 28 39 7 18 20 24 2 1 5 31 15 10 15 196 36 29 11 22 2 17 42 209 40 12 18 263 40 149 132 142 13 44 24 21 2 31 41 43 5 7 5 22 0 35 54 24 2 7 5 0 5 4 8 14 1 3 6 21 4 48 30 213 11 20 24 36 2 21 27 34 6 4 7 32 0 21 57 399 29 16 23 19 3 33 169 370 40 6 48 248 33 109 373 468 202 41 286 56 22 48 797 67 22 8 15 20 24 17 217 30 19 3 36 13 2 4 49 15 21 1 16 19 21 15 158 33 61 2 20 2 8 4 16 6 4 0 0 3 9 1 16 29 37 2 26 7 8 4 40 14 17 3 14 9 29 9 97 183 263 36 314 26 28 41 281 19 24 3 21 23 28 31 142 16 26 4 38 3 3 8 37 18 31 5 39 33 110 47 381 224 388 9 147 33 61 23 136 18 11 3 8 20 46 11 87 394 228 16 122 43 25 30 397 159 108 14 67 113 372 71 916 1978 176 454 219 142 38 234 601 422 48 27 53 213 20 291 594 138 22 47 31 12 2 25 39 158 23 46 42 243 26 428 263 424 58 65 20 42 9 16 22 28 4 1 3 35 13 8 15 216 25 19 18 12 4 24 43 215 42 17 20 296 40 155 148 128 16 43 21 16 4 28 35 43 3 3 7 21 3 31 58 18 1 10 6 2 1 5 4 16 4 4 5 21 5 53 34 180 13 29 24 27 5 20 23 36 9 3 4 41 6 21 56 347 25 14 19 16 4 32 165 354 31 9 42 256 39 114 367 461 214 34 287 49 22 54 711 60 25 4 14 29 31 16 260 34 22 5 36 13 2 4 50 20 19 2 20 18 23 13 162 32 55 2 22 6 12 2 14 5 5 0 1 4 6 1 9 33 30 0 22 7 7 6 43 11 16 2 9 7 30 13 90 165 257 38 329 22 33 49 285 23 18 2 17 18 28 30 151 15 24 4 44 4 4 8 28 30 33 3 47 34 111 54 353 238 407 7 158 29 55 20 136 19 15 6 8 20 49 11 97 335 222 16 128 40 32 38 387 162 118 15 64 119 373 69 942 1
1930 172 213 280 230 18 354 1274 308 11 15 22 316 10 469 927 151 13 18 23 16 0 14 38 310 19 23 16 578 22 504 359 188 10 11 5 15 0 9 9 6 0 0 0 17 2 5 7 270 27 8 6 8 3 13 29 409 17 4 6 539 19 139 114 143 10 16 4 10 0 24 37 21 2 0 0 18 1 20 18 12 0 3 1 0 0 2 1 11 0 1 3 29 2 11 11 181 4 9 15 23 0 12 26 11 0 0 1 30 0 7 12 1051 23 7 26 29 3 22 140 980 17 7 12 309 14 127 213 282 218 8 426 13 15 11 824 21 9 0 6 10 8 5 230 11 14 0 22 2 2 2 18 11 9 0 10 11 17 6 98 4 17 1 4 0 0 1 6 2 0 0 0 0 0 0 2 18 23 0 7 1 0 3 18 7 12 0 2 6 13 1 26 208 379 13 609 15 16 20 304 8 10 0 3 13 12 11 100 10 20 1 13 0 3 1 9 10 14 1 10 16 46 17 132 290 298 3 122 18 12 5 84 4 2 0 0 11 12 3 16 839 220 3 86 15 17 20 198 227 60 3 14 90 127 24 294 1867 179 212 302 247 12 346 1431 304 12 13 20 321 11 519 1026 151 17 14 21 17 0 9 40 297 19 28 18 586 22 503 370 158 11 14 9 14 2 8 12 10 0 0 0 22 1 9 5 245 26 5 11 9 1 15 28 373 13 2 9 547 18 151 116 127 11 17 6 9 1 20 25 17 1 0 1 19 2 17 20 12 0 1 1 0 0 3 3 9 0 0 4 23 0 17 17 181 7 8 7 22 0 12 23 13 0 0 0 25 0 11 18 1000 20 9 29 25 3 19 130 936 13 5 16 310 8 112 190 268 230 11 431 17 18 15 916 24 11 1 6 13 11 3 232 7 10 0 16 3 1 2 16 7 4 0 6 7 19 6 108 5 12 1 4 0 1 0 3 1 0 0 0 0 1 0 5 18 23 0 3 1 0 1 16 7 11 0 4 7 17 3 24 209 361 15 638 15 17 20 317 8 10 0 7 10 11 12 110 5 15 1 12 0 2 1 13 7 13 2 6 14 42 11 129 257 294 4 120 20 15 7 88 3 0 0 1 8 9 2 18 804 214 4 82 13 17 14 179 216 64 5 19 84 102 27 281 1877 175 206 294 238 15 379 1456 335 11 15 17 328 15 538 1072 153 13 15 22 17 0 14 33 298 18 20 16 566 26 477 385 156 14 14 9 18 2 12 8 10 0 0 0 15 1 5 6 261 23 5 7 9 4 16 33 379 16 6 7 491 19 151 133 134 10 24 5 10 1 22 30 17 0 1 2 20 0 15 12 11 0 2 1 0 0 2 3 7 2 0 2 24 1 15 24 189 11 7 16 20 0 13 37 13 0 1 1 28 0 11 19 893 25 9 30 34 5 26 111 806 13 6 17 287 13 125 209 283 271 10 431 13 20 18 882 25 14 1 8 10 11 7 252 12 10 0 22 1 0 2 19 7 10 0 4 12 16 6 108 9 19 0 7 0 0 1 7 1 3 0 0 0 1 0 7 19 16 0 5 1 2 1 15 5 11 1 5 5 13 3 21 224 372 10 598 17 20 20 314 12 7 2 5 19 13 6 134 8 19 0 17 0 2 0 16 8 14 2 10 13 51 7 131 273 304 5 131 17 11 6 87 4 3 0 1 6 16 2 19 666 215 5 81 14 20 12 198 208 57 3 21 77 113 25 324 1
2225 175 284 264 144 22 249 1075 277 15 14 19 189 16 304 607 124 17 24 23 6 1 8 19 170 16 28 22 370 17 719 215 309 40 24 10 14 0 10 20 12 3 1 0 16 2 10 5 243 23 7 13 11 2 13 20 239 17 5 5 387 21 138 75 173 8 13 13 18 3 24 35 16 1 1 1 17 0 23 26 36 3 3 1 0 0 0 9 6 1 3 1 16 0 41 24 270 16 10 18 17 1 8 25 17 1 1 2 20 1 8 22 1059 36 16 37 16 3 23 187 555 15 4 11 193 15 94 177 364 280 13 392 11 8 13 980 30 10 3 5 7 13 7 256 14 16 0 17 4 0 3 16 9 7 0 8 6 20 2 105 17 27 0 8 0 2 0 3 0 1 0 0 0 3 0 2 24 24 0 10 2 2 3 12 5 7 2 5 4 10 0 30 195 380 23 532 20 17 28 316 16 7 2 4 10 20 9 115 9 25 2 15 0 3 1 19 14 19 2 17 13 83 24 240 355 661 11 140 29 44 7 120 6 12 0 2 10 21 2 34 810 298 8 97 18 23 19 281 267 86 6 34 100 233 28 393 2291 201 334 262 149 32 230 1045 287 16 11 31 181 12 329 658 142 15 23 20 6 3 8 23 167 22 27 27 348 19 709 233 281 30 19 14 18 2 13 10 11 3 1 0 18 4 8 5 259 28 5 12 10 0 12 18 238 17 7 6 383 24 139 76 158 13 12 10 18 2 32 37 19 0 0 0 20 1 21 24 23 0 2 1 0 1 0 2 8 2 3 0 17 0 29 25 302 11 10 17 14 0 11 23 17 2 0 2 22 1 9 13 1056 36 11 37 18 6 22 175 577 18 3 12 193 11 80 224 358 288 12 378 14 4 14 1007 32 6 2 5 10 13 11 262 18 14 0 19 1 0 2 21 11 10 1 6 6 18 1 108 17 28 0 11 1 1 0 4 1 0 0 0 1 2 0 1 17 23 1 3 1 2 2 10 5 6 1 1 2 13 1 22 200 411 19 532 18 19 33 295 9 8 0 3 9 22 15 112 8 22 3 18 1 2 4 15 12 15 3 16 12 80 25 238 337 638 6 135 33 47 5 115 7 6 0 0 13 24 2 36 747 303 9 100 15 17 17 294 215 92 4 32 79 230 28 365 2613 182 337 258 140 32 219 998 273 16 13 19 177 9 332 609 141 15 34 23 7 1 10 17 154 16 20 25 394 23 716 234 282 43 22 15 21 1 9 11 15 2 1 0 13 3 10 6 264 22 7 9 8 2 8 23 231 19 4 6 384 21 141 72 162 16 15 13 10 3 23 36 15 0 0 1 22 0 19 27 17 2 1 4 1 1 1 2 9 1 3 0 21 1 28 14 280 12 11 17 15 0 13 23 25 1 0 3 17 1 11 12 936 36 10 35 21 3 22 167 552 14 4 11 191 12 88 217 347 274 16 373 14 7 20 955 28 7 1 6 12 16 7 276 12 14 1 17 3 0 1 19 10 8 1 9 10 15 3 118 16 34 0 5 1 1 0 6 0 1 0 0 1 0 0 3 15 18 0 5 1 1 3 12 6 6 1 2 3 15 2 26 205 404 16 513 20 16 27 298 19 9 0 3 12 25 14 128 12 21 0 22 1 5 0 17 9 23 5 19 14 88 27 243 343 653 10 151 28 45 6 107 10 10 0 2 12 17 1 40 736 266 7 98 16 23 17 280 193 105 5 25 83 245 24 387 1
1812 189 160 314 162 14 285 983 271 8 3 14 273 11 413 680 200 28 16 15 11 1 15 32 313 12 10 18 513 19 354 303 196 19 7 10 11 2 5 8 6 0 0 0 8 0 5 7 366 22 3 9 15 0 14 20 502 15 4 5 359 9 128 104 152 16 8 8 13 1 17 37 11 1 0 1 11 1 18 16 11 0 1 2 1 0 0 4 14 0 1 1 23 1 8 13 333 13 12 13 22 1 9 26 19 0 0 1 21 0 8 14 1414 38 12 32 41 3 23 95 1383 16 6 10 341 13 103 148 310 258 5 382 10 10 19 665 13 1 1 8 13 10 5 186 8 15 1 12 1 0 2 15 7 7 0 5 7 10 4 69 6 12 0 5 0 0 1 4 1 1 0 0 0 0 0 0 17 29 0 7 0 1 1 13 5 8 1 1 4 2 0 14 262 510 10 269 15 19 28 288 11 8 0 3 10 17 9 83 10 17 0 11 0 1 4 12 25 12 0 3 10 35 5 90 588 447 6 118 17 14 5 116 7 4 0 1 8 11 2 19 1166 368 6 92 21 12 10 161 292 87 3 20 97 110 26 229 1689 186 150 335 161 13 276 974 250 7 3 12 260 6 399 731 199 32 13 19 10 2 18 40 333 12 11 20 498 21 356 266 183 14 7 4 13 0 1 8 4 0 1 0 6 0 3 6 339 26 4 7 15 1 10 19 549 15 3 8 423 9 109 106 153 23 9 12 11 0 13 29 20 0 0 0 19 1 23 15 16 0 1 1 1 0 0 3 17 0 0 1 19 0 7 11 324 12 4 16 23 3 10 27 19 0 0 1 15 1 7 13 1483 37 12 26 32 7 18 64 1460 11 6 9 371 8 97 119 277 262 1 431 14 14 16 764 15 6 0 4 11 4 3 182 10 12 1 10 1 0 1 13 4 6 0 7 2 7 5 62 3 12 0 6 0 0 1 3 0 0 0 0 0 0 0 0 15 24 0 5 0 1 1 12 3 11 0 2 2 4 1 15 279 510 6 284 16 17 28 292 4 9 0 1 11 13 8 81 13 20 0 10 0 5 1 12 14 11 0 5 10 32 4 69 579 506 4 104 18 13 3 102 3 2 0 1 3 8 3 19 1230 370 5 79 20 8 8 147 314 93 2 18 81 85 19 191 1772 182 149 310 145 13 266 1002 243 5 4 10 261 4 410 693 195 28 15 19 15 0 15 32 332 15 10 19 518 20 359 270 194 18 5 3 8 2 2 12 5 1 0 0 13 1 4 3 363 15 5 8 15 1 15 16 511 13 4 5 405 9 124 87 157 17 10 15 17 0 13 31 17 0 0 0 11 1 16 12 9 0 0 2 1 0 1 3 15 1 0 2 19 0 9 12 311 10 5 17 21 2 3 29 16 0 0 1 13 1 7 10 1491 33 12 27 40 4 26 82 1380 18 3 6 372 8 107 143 267 264 4 415 11 14 19 752 14 5 0 4 19 8 3 173 16 14 0 14 2 1 2 13 3 9 1 5 5 7 1 71 7 7 0 6 0 0 0 3 1 0 0 0 0 0 0 0 21 25 1 7 0 1 1 9 5 9 0 0 1 3 0 13 277 494 5 284 13 18 23 315 11 3 0 0 5 16 7 85 15 14 0 9 2 0 1 13 9 11 0 7 16 36 4 81 597 476 4 113 16 14 6 100 9 1 0 0 4 9 3 13 1199 395 5 79 21 8 10 151 346 83 1 24 88 87 19 206 1
1432 145 248 230 119 22 211 1163 248 16 6 15 208 7 285 964 153 10 16 13 10 0 14 28 193 10 17 13 462 15 510 271 273 17 19 13 24 2 7 19 14 1 2 1 15 1 9 8 272 22 9 17 16 1 9 26 384 11 9 8 627 24 175 87 140 12 14 16 9 3 21 39 13 3 0 0 10 1 14 23 12 0 1 1 0 2 1 7 11 1 0 1 17 0 16 14 266 13 9 20 14 2 14 38 26 1 0 1 26 0 9 11 1191 30 12 29 30 5 24 157 898 19 3 13 275 18 82 189 330 206 12 408 15 10 24 995 34 14 1 8 16 23 6 336 12 13 0 19 0 0 0 11 10 13 0 8 7 21 2 116 10 11 1 11 1 0 1 7 1 2 0 0 0 0 0 2 13 19 0 8 1 0 2 14 3 7 0 4 5 12 3 24 203 390 19 585 20 17 22 312 6 11 0 8 8 19 7 104 17 20 0 18 0 2 1 22 17 26 1 12 11 71 10 206 302 371 8 172 8 19 4 126 9 3 0 1 5 16 7 29 1038 303 9 99 12 18 16 195 286 106 3 39 129 185 21 365 1535 147 261 295 123 24 235 1162 280 17 9 18 181 16 362 873 159 7 13 17 14 2 7 30 222 14 12 26 504 22 516 266 274 9 23 9 25 3 8 15 10 0 1 0 20 3 12 6 274 29 7 14 12 3 12 25 355 23 2 6 619 28 162 93 142 11 21 20 13 2 19 28 16 0 0 1 16 0 21 17 14 3 1 1 2 1 2 4 4 0 1 0 18 1 21 21 280 6 9 14 15 0 19 34 24 1 0 0 26 2 8 12 1154 25 12 35 32 2 21 175 857 19 4 14 263 18 92 219 296 252 20 424 11 15 26 866 38 24 1 8 9 14 5 272 16 10 1 21 0 0 0 21 10 10 0 11 6 25 3 115 16 16 0 5 5 2 0 5 1 1 0 0 0 0 0 3 8 25 2 7 1 1 1 15 7 7 0 5 4 8 1 28 210 382 19 484 22 22 25 333 7 8 0 5 9 13 9 119 16 25 0 18 0 0 5 15 16 25 1 12 19 67 15 189 319 358 3 136 18 12 3 91 10 5 1 3 10 7 4 37 999 261 11 91 11 20 18 225 300 116 3 36 103 207 32 396 1551 173 258 261 125 18 226 1084 251 12 15 16 191 11 303 747 181 9 17 17 12 1 7 26 237 14 12 27 483 20 483 259 326 17 17 13 16 0 9 19 15 0 1 0 18 1 6 3 289 24 6 18 15 0 21 22 405 20 5 8 591 26 153 86 145 12 17 17 10 2 21 29 14 0 0 1 14 0 16 22 18 1 1 1 0 0 2 3 13 0 3 1 18 0 20 19 301 10 20 16 14 3 16 33 34 3 0 0 23 0 7 13 1238 26 12 30 23 1 29 189 775 25 3 18 304 15 93 231 298 244 23 397 17 14 19 812 32 14 1 10 11 18 2 297 16 6 1 26 0 0 0 18 10 15 0 13 5 24 2 93 15 16 1 11 1 0 0 7 3 0 0 0 2 0 0 1 17 19 1 10 1 1 0 14 8 13 0 4 0 13 0 23 225 411 24 487 21 17 21 276 12 9 0 6 11 27 6 113 19 22 2 8 1 2 2 12 24 32 0 18 25 91 12 201 310 351 5 156 11 26 10 103 10 5 1 1 17 8 4 32 1007 257 8 105 21 22 21 222 362 103 6 37 112 245 27 421 1
1602 187 191 302 153 13 285 820 262 9 10 11 256 12 501 757 204 11 8 24 11 0 9 30 296 24 16 15 471 11 434 312 181 8 8 4 10 2 6 8 7 0 1 0 10 0 4 3 374 34 5 11 9 1 13 23 513 17 5 6 401 8 95 72 206 15 13 10 34 1 21 30 12 0 0 0 20 1 23 14 8 1 2 2 1 0 2 3 13 0 0 1 13 2 12 16 369 7 7 11 15 2 7 17 14 0 0 0 20 3 5 6 1414 40 8 22 32 0 24 84 1323 10 3 12 359 11 96 150 229 333 5 399 9 15 8 699 14 8 0 6 11 12 1 191 9 31 1 17 2 2 0 12 7 15 0 8 4 14 1 76 10 9 0 8 1 0 0 6 0 2 0 1 0 0 0 2 20 19 0 8 0 0 1 6 8 5 0 2 3 6 0 14 329 529 13 366 18 25 21 317 10 7 0 1 4 16 9 81 16 23 2 20 0 2 0 8 9 14 1 4 12 30 7 116 553 462 4 93 22 15 7 98 6 1 0 1 5 4 2 18 1193 370 8 111 11 10 9 153 282 103 4 25 103 97 21 200 1593 183 184 323 148 14 262 841 214 10 6 9 264 7 470 813 196 16 10 25 14 0 10 30 305 26 10 20 478 14 444 291 186 3 4 4 12 2 7 8 6 0 0 0 9 0 2 2 351 23 6 7 11 2 18 20 541 19 4 6 416 11 97 69 182 9 9 5 29 1 20 24 14 0 0 0 17 1 25 14 16 0 2 0 0 0 0 4 14 1 0 0 19 0 12 10 332 9 3 9 14 0 8 23 13 0 1 0 25 1 10 5 1496 39 6 26 33 0 23 72 1424 11 4 15 342 7 84 155 197 335 4 414 9 12 5 803 14 6 0 6 9 12 2 172 14 32 0 16 2 4 0 6 5 8 0 5 2 12 1 62 9 7 0 4 1 0 0 2 0 0 0 1 1 0 0 0 20 24 0 5 0 0 0 7 2 3 0 1 4 5 0 10 319 526 6 371 18 27 28 318 9 8 0 0 7 14 5 84 13 18 1 13 3 4 0 6 16 12 1 7 13 21 9 90 573 494 3 73 27 15 5 71 2 0 0 2 6 8 1 14 1215 353 6 107 15 11 13 151 289 104 2 14 82 101 16 195 1606 169 183 321 142 10 270 812 232 8 6 15 235 7 479 810 189 23 11 19 18 0 6 28 307 22 10 14 486 10 429 297 199 9 4 7 16 0 7 4 4 0 0 1 9 1 3 0 365 25 6 10 15 0 17 23 517 18 4 7 419 12 93 60 190 14 14 7 30 1 20 27 12 0 0 0 17 2 23 13 10 1 1 0 0 0 0 5 16 1 1 2 18 0 9 14 321 11 6 16 19 1 12 16 15 0 0 2 18 1 7 12 1471 31 13 20 45 3 31 85 1294 14 4 16 351 13 110 144 223 308 1 443 8 14 7 757 11 7 0 2 12 10 1 167 15 28 0 15 1 3 0 12 4 7 0 7 2 16 2 69 7 10 0 3 1 0 0 0 0 0 0 1 0 0 0 1 19 18 0 6 0 1 1 9 8 8 0 1 7 7 0 12 315 516 9 375 15 24 18 338 12 3 0 4 7 14 8 93 16 18 1 25 0 3 0 8 17 10 0 4 18 20 7 102 571 493 5 76 24 16 13 85 1 2 0 3 3 10 2 14 1198 390 7 93 15 14 10 148 320 103 1 21 96 112 18 189 1
1336 117 270 216 104 13 202 1121 270 14 6 16 204 10 301 952 156 13 6 23 11 0 12 23 247 13 15 17 491 20 472 261 315 17 18 19 26 0 18 25 12 1 0 1 18 1 10 6 266 13 13 11 14 0 7 27 367 18 10 12 579 23 168 108 142 10 23 11 5 2 19 36 18 0 0 3 15 1 21 23 15 2 1 0 1 0 0 2 10 0 0 6 18 3 18 17 266 15 15 17 18 3 14 33 23 0 0 0 22 1 8 11 1013 29 17 13 19 2 27 124 815 14 6 10 314 18 101 200 343 226 9 433 20 13 19 979 44 23 1 12 11 16 8 338 17 15 0 18 1 0 2 29 10 11 0 13 7 26 5 106 8 12 2 7 0 2 1 6 0 0 0 0 0 1 0 1 20 22 1 10 0 1 3 11 6 13 0 3 8 15 3 36 229 384 26 571 21 23 10 316 12 8 0 7 9 21 10 98 16 23 2 23 1 1 1 19 18 22 1 17 19 100 13 217 310 417 7 160 16 17 13 141 7 7 0 2 4 18 2 37 1034 276 4 117 25 24 17 227 309 120 2 29 98 236 21 377 1441 137 291 258 109 11 207 997 295 16 18 16 226 12 309 858 156 17 19 21 13 1 13 22 256 20 17 16 518 26 497 274 329 20 28 10 23 2 14 16 17 0 4 2 23 2 8 11 259 18 19 13 19 1 10 25 365 25 12 11 593 24 156 100 159 8 17 19 11 1 16 27 23 0 0 1 18 0 15 24 20 1 0 2 2 1 2 1 8 2 1 4 23 5 27 19 293 14 10 13 12 2 19 30 22 1 0 2 28 3 11 13 1013 29 13 23 26 3 25 131 740 17 7 13 308 21 101 210 338 258 14 402 14 19 21 768 43 13 1 9 9 10 10 268 19 17 0 18 1 1 2 23 19 16 0 10 11 25 6 112 13 12 0 11 1 2 0 8 1 0 0 0 1 2 0 3 15 21 2 14 0 0 0 14 8 13 0 2 9 20 5 32 272 373 26 503 26 21 23 320 15 12 1 2 13 21 9 126 9 25 4 31 1 3 0 22 16 27 0 19 25 100 10 229 367 402 6 132 14 25 10 93 7 5 0 4 5 23 3 38 1022 270 8 96 22 18 18 246 281 118 5 35 96 240 31 438 1489 145 326 294 87 17 194 996 274 22 15 16 186 13 306 720 159 11 15 15 9 0 11 24 262 20 18 18 513 19 458 260 351 14 26 15 17 1 21 17 13 2 3 0 22 1 4 10 287 16 19 13 14 2 11 25 384 23 9 11 562 22 143 95 161 6 12 15 13 0 14 21 25 1 1 2 18 3 17 20 10 4 4 0 2 0 2 1 14 0 0 5 30 2 27 22 282 20 13 22 12 1 17 25 23 0 0 1 22 4 7 10 1040 28 13 33 21 0 36 143 676 20 6 16 311 21 92 222 347 238 18 410 21 25 18 762 50 18 0 10 17 19 7 304 23 15 1 19 1 2 2 27 14 9 1 15 12 24 6 92 19 22 0 8 1 0 1 7 0 0 0 0 0 1 0 2 19 23 4 14 1 1 1 11 8 12 0 4 6 17 3 35 259 417 20 473 24 20 23 285 20 14 0 2 14 22 9 119 14 29 1 25 1 2 1 18 13 28 2 18 29 115 11 266 377 410 6 130 17 30 11 117 11 6 1 0 9 22 2 43 930 272 7 127 19 20 16 245 340 129 6 27 110 264 36 469 1
2360 179 184 273 209 7 282 834 274 13 8 23 252 13 389 826 287 18 6 13 17 4 15 40 344 25 10 15 481 20 325 302 209 9 8 8 7 0 6 5 9 0 0 1 10 0 2 5 427 18 6 10 12 0 16 23 519 7 2 10 425 12 106 85 316 15 15 14 9 1 20 39 18 0 1 0 14 2 15 16 22 2 0 0 1 0 0 4 24 0 0 2 19 3 15 9 397 8 5 19 19 2 8 18 20 0 0 0 31 1 2 13 1595 27 5 25 32 4 31 144 913 12 4 18 357 13 101 170 292 245 4 344 12 9 13 504 17 7 1 4 7 9 6 180 7 27 0 13 0 2 1 8 5 5 0 5 4 16 4 81 5 15 0 2 0 0 0 0 0 0 0 0 0 1 0 1 21 20 0 4 0 0 0 13 6 6 0 2 3 6 0 14 309 464 11 386 15 24 26 263 10 7 0 3 9 17 6 84 15 21 1 10 0 1 1 10 11 15 1 6 21 46 6 83 508 376 1 102 27 9 14 100 4 2 0 1 11 5 1 15 927 365 5 75 16 17 18 155 199 86 2 13 97 88 14 223 2377 190 156 302 201 8 294 886 259 11 6 22 264 11 404 899 290 23 10 17 14 2 9 28 347 19 10 16 456 17 295 294 214 9 6 8 4 1 5 5 8 0 0 0 7 0 4 4 443 22 4 5 13 1 10 19 516 11 4 10 398 7 99 95 344 14 6 9 11 0 21 32 12 0 1 0 17 3 15 14 30 4 2 0 1 0 1 1 21 0 0 1 20 3 10 12 404 8 4 13 18 0 13 20 15 0 0 1 30 1 4 9 1706 27 5 28 31 2 29 84 985 15 5 11 369 13 86 170 259 222 6 315 17 13 9 510 17 7 1 3 6 5 3 155 12 20 0 14 1 4 0 11 10 4 0 4 2 17 1 84 10 14 0 1 0 1 0 2 1 0 0 0 2 1 0 0 20 20 0 3 0 0 0 15 5 3 0 3 4 5 0 15 318 471 13 362 16 24 25 267 7 7 3 2 8 18 7 73 17 26 1 9 1 2 0 12 15 14 0 6 17 42 6 79 485 373 3 95 20 4 9 90 4 2 0 0 8 5 0 14 977 334 7 76 13 10 10 157 192 94 4 12 88 98 19 196 2405 194 172 270 196 11 289 822 247 12 8 24 279 8 356 850 325 21 7 19 7 1 10 28 348 24 11 7 453 14 282 301 245 12 7 7 8 0 5 8 8 1 0 0 10 1 2 4 453 17 3 9 9 3 14 17 480 14 5 6 374 11 98 89 346 12 10 12 12 0 22 33 15 0 0 1 17 2 10 15 20 1 1 1 3 0 0 3 22 0 0 2 19 2 13 11 422 7 6 15 22 0 10 25 15 0 0 0 30 1 3 13 1701 29 5 23 34 3 29 88 920 15 3 14 361 11 90 156 256 231 6 326 14 10 9 442 15 7 0 3 6 9 5 152 9 23 0 13 0 3 0 11 6 7 1 4 3 13 1 86 14 11 0 1 0 0 0 3 0 1 0 0 0 1 0 1 19 19 0 1 0 1 0 7 4 5 0 1 2 7 0 21 334 481 16 354 18 17 24 270 9 5 1 8 7 13 8 69 20 28 1 10 0 1 2 10 18 14 1 2 15 36 5 94 509 417 4 105 29 11 12 87 6 5 0 1 13 6 1 12 992 373 7 81 11 14 16 146 219 96 2 19 98 117 20 217 1
879 107 312 311 79 11 248 521 151 17 16 16 193 7 705 642 118 21 8 15 5 1 7 21 263 17 20 26 589 16 1224 481 254 21 14 10 11 0 12 10 9 0 0 0 13 1 6 6 323 23 16 6 17 0 5 13 534 17 8 13 720 17 246 94 81 3 20 11 10 2 16 14 9 0 1 0 24 0 25 14 3 0 1 1 1 0 1 1 8 1 0 0 24 1 23 24 227 5 13 9 25 1 7 10 11 0 0 1 18 1 14 4 524 19 6 14 18 0 17 27 642 9 5 2 443 10 131 103 133 248 10 542 9 10 3 572 10 7 0 10 10 11 8 259 10 13 1 22 0 1 0 20 9 7 1 11 4 13 5 150 14 33 1 8 0 1 0 3 1 1 0 1 0 1 1 3 16 22 1 7 1 3 0 4 4 14 1 2 1 9 0 18 222 624 14 933 15 33 18 449 6 6 0 5 13 22 6 176 9 21 0 14 0 1 0 13 12 20 1 15 22 56 19 219 613 1071 10 242 23 26 9 126 5 1 0 1 13 14 5 25 648 468 3 94 15 21 7 102 243 120 1 10 168 191 30 254 879 114 314 297 90 13 247 525 147 15 16 15 189 8 683 665 109 24 15 13 5 2 7 18 263 19 26 31 581 16 1141 483 268 24 12 12 12 1 12 8 8 0 1 0 12 0 8 5 325 16 14 7 13 0 10 10 530 20 6 15 676 17 243 86 91 6 16 15 17 1 19 12 11 0 0 1 24 0 33 13 2 0 2 0 0 0 1 0 3 0 1 0 24 2 20 22 232 11 8 9 19 0 10 8 13 0 0 2 21 0 11 8 512 18 9 10 17 0 13 31 588 6 5 3 452 13 119 101 157 246 9 553 10 9 4 582 10 7 0 7 7 9 9 226 7 13 1 24 0 0 0 14 6 8 1 5 7 9 4 150 9 38 0 8 2 0 1 8 1 0 0 0 0 0 1 2 22 20 0 8 2 2 1 10 2 11 0 2 2 6 2 19 218 673 15 936 25 32 20 443 7 6 0 4 16 21 12 179 16 20 0 16 1 1 1 17 8 23 1 9 19 62 14 230 632 1061 10 261 20 33 9 129 5 3 0 0 12 13 5 29 688 475 5 93 20 18 5 95 251 138 0 13 165 177 24 271 886 128 280 319 81 4 247 486 158 12 19 15 202 9 671 700 104 15 19 31 8 0 12 22 261 20 26 20 626 19 1143 489 265 24 22 11 10 0 15 10 8 1 2 0 13 3 12 3 343 22 14 11 10 0 12 13 590 15 8 6 761 18 299 90 78 7 13 12 11 0 16 15 10 0 0 0 26 0 30 14 7 0 0 1 1 0 0 0 7 1 0 1 43 1 30 23 232 9 13 13 26 0 16 14 21 0 0 0 13 1 14 3 537 12 6 13 23 4 10 9 623 15 8 5 454 10 122 95 110 242 11 464 9 11 16 536 11 5 0 4 10 5 7 226 12 16 0 20 1 1 0 12 8 11 2 11 7 20 7 133 18 28 0 10 1 4 2 6 0 0 0 0 0 1 0 3 18 22 0 14 0 1 0 3 6 8 0 3 7 12 4 24 209 624 17 783 18 30 17 397 8 11 0 7 15 21 14 187 17 21 0 18 1 1 2 12 10 15 1 16 23 48 13 214 611 1052 13 264 26 26 9 116 4 6 0 1 19 14 4 37 665 474 3 102 16 25 7 90 245 133 1 18 203 189 32 295 1
1172 136 177 218 142 9 215 663 183 1 1 6 225 13 366 541 141 13 7 20 13 1 11 23 226 15 3 12 488 15 406 288 149 12 0 6 6 1 4 12 3 0 0 0 6 0 2 2 251 21 5 5 10 2 11 16 430 10 2 7 384 13 110 56 117 10 7 5 14 0 22 19 9 0 0 0 16 0 7 10 7 0 0 1 1 0 1 3 13 1 0 0 23 0 10 5 237 8 6 9 17 4 5 16 8 0 1 1 19 0 4 3 870 19 11 15 26 3 18 44 954 4 5 9 299 8 73 131 206 209 1 355 9 15 10 607 10 8 0 4 4 17 4 185 8 10 0 16 1 0 0 10 9 7 1 4 9 11 5 69 10 10 0 4 1 0 0 2 0 0 0 0 0 1 0 1 17 11 1 3 0 2 0 7 3 3 0 3 1 7 1 16 223 358 11 270 14 22 13 221 10 13 0 3 5 15 4 61 10 22 1 6 2 2 0 7 13 11 0 10 15 26 8 99 348 336 6 90 12 9 3 77 8 1 0 1 7 11 3 13 666 217 7 75 6 9 10 115 167 62 2 19 71 83 10 187 1161 149 159 222 140 9 185 664 189 11 4 9 223 7 349 502 125 21 10 21 15 2 12 19 222 13 6 15 446 15 407 245 152 14 3 8 7 3 3 9 4 0 0 0 7 0 2 3 254 18 4 6 6 2 9 23 395 15 2 4 345 13 100 60 123 5 5 6 22 2 18 12 10 1 0 1 12 0 14 8 13 0 0 1 1 0 0 5 10 1 0 2 19 2 6 9 259 8 9 8 16 1 8 13 8 0 1 0 12 0 6 3 944 24 9 10 22 3 20 41 940 8 3 10 287 11 70 134 199 206 5 356 10 9 8 692 15 9 0 0 5 12 2 163 10 11 0 20 0 0 0 17 8 6 0 4 7 12 1 66 7 8 0 3 0 1 0 0 0 0 0 0 0 1 0 0 13 11 1 6 0 2 0 5 1 3 0 1 4 9 2 8 242 351 9 291 20 17 11 231 6 8 0 3 5 17 3 56 15 14 1 5 1 1 0 13 15 13 0 9 12 28 5 86 380 350 5 90 7 9 2 82 6 1 0 0 5 9 0 14 734 272 3 68 6 9 6 110 189 58 2 15 61 80 14 170 1203 142 185 243 150 8 214 631 199 4 4 4 208 11 314 429 123 18 4 18 14 1 12 25 199 16 5 18 419 14 326 238 168 7 6 9 3 1 5 12 5 0 0 0 6 0 2 6 253 16 6 10 11 1 7 22 379 14 4 7 322 10 96 65 118 6 5 9 16 2 14 16 12 0 0 0 15 0 14 7 15 0 0 0 0 0 2 6 11 1 0 0 25 1 10 12 272 4 4 12 16 3 8 12 6 0 0 1 16 1 10 5 916 27 9 12 20 0 20 62 853 11 3 15 263 11 66 122 186 223 5 381 10 6 7 679 17 8 1 4 3 16 6 189 6 12 0 13 1 1 0 10 9 3 0 4 6 15 5 61 6 13 0 3 0 0 0 2 0 1 0 0 1 1 0 0 19 15 2 2 0 2 0 6 1 3 0 1 3 9 0 9 240 375 8 316 16 25 11 247 10 10 0 3 6 17 4 62 11 19 0 5 0 0 2 7 16 13 1 9 20 27 3 96 376 343 5 90 8 11 5 68 8 1 0 0 11 7 1 16 778 274 5 71 12 11 9 123 220 77 0 18 73 82 17 194 1
1919 150 210 221 122 11 195 697 501 27 25 36 183 9 301 653 176 33 33 20 8 2 8 22 200 26 31 31 271 17 626 284 234 24 19 11 20 1 13 13 17 1 0 0 21 2 6 4 226 37 12 8 11 0 11 30 244 17 14 24 302 29 131 117 179 19 25 17 15 2 28 29 41 3 3 3 20 1 33 32 16 0 6 1 2 0 4 4 17 4 4 3 23 0 46 22 291 10 12 13 24 3 17 35 44 2 0 3 22 4 23 35 895 39 13 25 21 5 27 225 658 37 10 33 236 19 116 418 568 201 21 227 25 11 40 674 76 22 0 8 22 11 12 197 40 20 1 29 2 0 1 26 14 10 2 13 14 17 7 104 29 41 0 6 5 2 2 5 0 0 0 0 1 1 2 3 52 35 1 14 5 4 2 38 5 14 1 7 5 16 4 41 262 261 24 322 26 14 28 208 23 9 3 3 14 19 16 99 25 15 0 20 3 3 1 19 18 22 7 20 20 33 29 162 425 506 4 108 36 49 20 117 18 9 0 9 16 31 16 49 969 355 9 122 41 28 38 494 236 109 2 54 139 195 49 603 2048 162 211 235 145 11 217 671 551 33 17 37 205 12 316 658 180 30 28 23 7 1 8 25 219 28 38 34 260 15 639 305 219 28 19 7 22 4 6 10 20 1 1 0 17 1 9 8 210 40 10 9 14 0 21 26 258 18 5 18 303 24 111 104 164 9 26 16 13 2 25 28 34 6 2 1 20 0 31 36 23 4 6 0 1 0 2 7 10 3 2 2 21 3 43 21 268 8 13 15 18 3 18 36 42 0 2 6 26 0 23 43 868 42 12 29 25 3 30 235 707 42 5 37 241 18 132 441 536 208 16 215 28 11 39 660 74 17 1 8 17 17 16 204 38 28 5 30 2 1 3 25 9 8 2 14 12 19 9 94 34 31 1 3 4 1 2 4 0 0 0 0 0 3 1 4 54 42 3 17 1 4 3 35 9 11 1 4 6 18 4 48 260 242 23 300 22 9 23 203 19 9 3 5 14 18 14 89 10 16 0 21 3 4 2 20 9 22 5 22 28 29 24 176 403 488 9 97 44 49 19 107 21 7 2 2 18 28 18 45 940 314 13 119 37 25 37 497 248 104 2 55 120 172 45 600 2031 153 222 236 133 11 197 592 505 34 20 31 189 20 324 608 169 24 31 17 8 2 14 28 200 24 37 30 283 14 607 294 242 31 18 10 16 2 13 16 16 1 0 0 20 0 6 6 214 35 12 7 13 2 13 29 260 21 7 20 316 25 116 111 180 10 22 14 14 0 22 32 43 4 2 1 21 1 31 34 21 2 6 2 0 0 2 6 14 4 4 1 24 0 44 21 265 14 8 20 23 2 23 31 46 0 1 3 25 1 16 30 956 35 11 35 22 3 36 238 699 33 6 36 247 17 122 434 541 196 17 193 24 16 33 621 73 23 2 11 20 18 14 203 47 22 1 31 3 2 1 26 20 13 1 16 8 15 7 107 29 35 0 3 2 2 2 8 0 0 0 0 1 2 1 8 49 45 1 19 4 3 5 25 8 13 1 5 3 17 6 41 271 233 28 300 26 14 30 200 13 14 3 3 17 18 11 80 22 20 3 20 3 5 3 22 15 22 4 22 25 37 34 187 421 475 8 95 34 43 18 119 25 9 2 4 25 27 17 45 975 330 11 125 41 21 43 488 263 109 4 51 126 203 32 641 1
1276 127 135 225 102 9 173 849 231 16 9 16 195 9 408 785 116 12 6 18 8 0 9 23 255 7 12 14 491 10 695 316 134 3 5 7 2 1 5 7 9 1 0 0 8 1 6 1 292 15 7 6 16 1 5 19 508 19 5 2 677 6 170 77 123 6 10 11 16 0 13 19 15 0 0 1 14 0 15 12 14 0 0 2 0 0 1 0 8 1 1 2 13 2 10 18 288 17 7 11 12 0 11 17 18 0 0 0 19 0 9 16 1220 25 9 24 22 0 29 88 1270 18 3 9 375 14 101 148 259 260 8 487 14 8 21 1026 17 12 0 8 7 7 6 208 18 8 1 12 0 0 1 10 7 8 1 6 5 7 4 56 11 12 0 4 0 1 0 5 0 0 0 0 0 0 0 0 15 18 0 11 0 1 0 10 2 6 0 3 2 4 2 7 242 586 11 539 9 18 12 389 8 8 0 4 8 8 11 66 6 16 1 6 0 1 1 12 8 8 0 4 19 25 2 78 545 718 4 187 20 14 6 117 4 3 0 2 8 5 1 12 1291 415 2 110 15 15 22 172 343 82 6 15 92 89 16 182 1251 130 153 228 112 9 164 813 234 16 6 17 204 11 416 728 135 11 9 18 7 0 8 28 259 16 12 15 533 11 683 319 147 2 8 4 8 1 7 5 6 0 0 0 5 1 0 3 288 16 3 9 8 0 12 22 529 11 9 4 609 8 156 96 130 6 14 15 15 0 22 22 24 0 0 1 7 0 15 16 16 0 0 2 1 0 3 1 9 1 0 2 10 1 16 10 248 10 6 9 15 0 11 18 15 1 1 0 26 0 7 11 1283 24 9 23 26 2 21 92 1394 21 1 12 374 9 101 157 260 244 7 489 18 7 21 1004 25 10 0 2 3 6 4 197 18 11 1 11 3 0 0 14 4 7 1 5 5 5 2 67 12 12 0 3 0 1 0 1 1 0 0 0 0 0 0 1 11 24 0 8 0 2 0 9 4 3 0 3 3 3 3 5 244 585 10 514 8 21 12 382 12 5 0 4 7 8 9 70 9 15 1 7 0 1 0 9 8 9 0 2 10 31 3 77 522 734 4 183 25 13 7 106 1 4 0 3 6 4 4 18 1306 401 2 90 20 14 17 197 334 72 2 11 86 75 23 168 1156 115 140 243 100 9 209 793 213 10 6 14 203 11 472 657 137 9 7 19 9 0 14 17 260 13 8 12 572 14 723 341 140 9 11 6 5 1 4 5 8 0 0 0 10 1 2 4 294 18 5 8 8 1 11 24 505 12 2 6 654 8 206 90 127 11 10 12 12 1 19 19 21 0 0 2 10 0 16 17 10 0 1 0 1 0 2 0 9 1 1 0 13 2 13 12 242 13 5 9 17 1 9 17 12 1 1 0 15 0 7 9 1242 31 7 23 25 2 31 80 1287 17 9 9 406 13 98 158 257 246 9 460 15 10 22 999 21 8 2 5 4 4 7 259 14 13 1 10 0 1 0 14 8 9 2 7 10 7 1 87 8 11 0 3 1 0 1 3 1 0 0 0 1 0 0 0 17 18 0 8 0 0 1 11 4 4 0 1 3 2 3 14 241 590 6 634 13 14 7 380 8 7 0 2 6 11 7 70 11 14 2 8 0 0 3 11 13 14 1 1 13 30 7 77 524 706 4 205 16 12 13 113 11 3 0 0 7 7 1 20 1199 387 5 91 18 17 11 168 339 79 2 17 103 76 25 195 1
2894 104 254 114 117 18 189 405 384 31 17 25 161 15 135 346 134 11 20 22 13 3 9 21 165 22 8 23 153 14 110 149 275 16 22 16 27 5 18 12 30 5 0 3 40 2 8 10 209 27 12 12 16 3 11 29 285 43 5 16 342 41 76 124 657 16 33 21 28 1 30 26 62 8 0 6 29 1 18 31 33 4 2 0 1 0 1 2 18 5 3 4 16 4 11 20 460 16 20 11 31 0 10 21 62 14 0 8 40 3 9 24 1054 22 14 35 31 3 23 227 645 58 11 70 281 32 96 340 434 133 27 282 51 14 62 640 65 19 2 9 19 20 8 106 36 25 4 45 6 2 10 79 8 13 3 23 14 22 10 113 14 17 1 11 2 1 10 8 2 1 1 1 0 3 2 5 31 24 3 23 6 3 4 56 13 18 1 14 13 30 8 99 291 270 34 275 20 13 31 236 11 7 4 7 10 8 14 88 20 12 1 28 5 3 4 37 11 30 7 33 14 68 20 185 472 186 5 92 16 13 11 84 17 5 3 8 12 22 6 37 580 243 4 96 39 17 32 391 226 105 3 78 91 176 45 639 2967 115 272 148 136 23 189 461 382 41 12 24 163 18 156 363 125 16 17 22 12 2 10 23 163 23 13 27 147 11 117 169 237 22 20 14 26 2 12 13 31 5 1 1 40 1 9 7 205 25 17 12 15 2 9 24 288 41 9 18 346 41 65 112 647 26 30 16 29 4 28 29 53 11 1 7 24 3 21 30 23 4 3 3 1 0 3 2 27 6 4 4 17 3 17 14 458 13 15 12 26 2 11 31 61 11 1 10 42 5 10 33 1022 30 19 39 32 4 22 218 649 65 9 67 279 41 96 347 461 140 30 291 57 18 54 659 68 14 3 11 19 16 9 116 38 22 1 39 9 2 8 74 11 8 2 21 13 22 9 104 18 12 1 10 4 2 7 7 2 1 0 1 0 3 1 5 36 26 3 29 4 2 4 56 9 19 1 16 12 27 9 109 280 231 30 288 14 16 37 242 15 7 2 10 9 14 14 89 13 12 5 25 2 3 5 41 11 26 5 27 17 59 17 190 425 140 6 86 16 18 14 84 10 6 4 11 13 19 6 33 589 233 6 108 35 18 31 363 167 98 3 74 82 180 42 600 3080 97 257 139 124 18 190 484 361 38 13 23 164 12 135 352 128 14 26 19 14 2 12 26 179 24 9 29 167 13 132 153 245 16 21 15 22 4 11 19 32 2 0 3 37 5 8 5 201 26 17 11 16 3 9 34 292 43 8 16 360 38 75 118 632 25 25 23 27 1 31 48 57 8 0 7 29 2 16 29 19 4 5 2 2 0 1 2 23 6 5 3 21 5 17 15 433 13 13 14 28 1 10 40 49 10 2 8 42 2 9 30 927 32 22 40 33 2 27 234 649 53 10 59 288 32 103 356 472 133 23 283 55 13 63 642 74 16 2 13 17 16 11 122 35 28 4 41 7 1 8 70 13 8 4 20 9 26 6 111 12 12 1 12 3 2 7 6 2 1 0 3 0 3 1 6 33 22 1 26 6 1 6 55 8 14 2 10 12 28 14 91 277 265 34 277 15 11 31 233 11 7 2 7 12 9 11 90 19 12 1 27 2 4 6 38 18 21 3 27 16 65 20 184 431 147 5 87 16 13 12 89 18 5 2 8 11 21 5 36 550 221 2 115 34 21 31 399 156 111 5 85 87 179 46 612 1
2833 120 257 180 145 20 207 488 307 32 15 29 168 13 140 373 142 12 19 18 8 2 10 24 170 19 14 24 171 16 137 194 223 14 27 7 30 4 3 15 37 3 3 1 46 3 5 9 230 16 20 10 11 0 14 23 308 48 11 35 368 45 82 104 620 18 30 11 31 2 25 22 39 5 3 3 27 1 25 31 28 1 3 1 2 0 3 3 18 2 2 2 20 2 16 10 394 12 8 15 23 2 15 23 73 11 2 9 34 1 14 26 1171 26 11 29 16 2 32 190 633 58 9 46 319 29 113 277 412 154 27 275 61 16 77 689 70 13 0 9 6 14 12 178 37 14 1 40 8 2 6 66 10 10 2 18 9 17 6 91 11 13 0 11 1 2 2 6 2 2 0 3 1 3 3 6 18 29 0 33 7 2 6 47 11 16 1 17 9 26 6 67 302 278 37 301 26 11 34 268 13 7 1 9 13 14 5 85 11 26 6 26 1 2 3 31 17 21 5 22 24 45 12 195 437 225 6 84 14 11 22 79 10 5 0 4 10 10 6 28 627 251 6 106 20 13 36 330 179 106 9 73 108 169 42 589 2925 139 272 185 151 25 203 502 344 30 11 31 168 8 139 398 141 8 18 19 10 2 11 29 182 24 15 27 182 13 141 193 217 15 22 4 31 4 8 10 35 3 4 2 41 4 5 8 218 25 12 12 13 2 12 19 299 45 15 31 374 40 81 111 606 15 29 16 33 3 25 29 49 8 3 5 20 2 21 33 24 1 3 2 1 1 2 2 25 3 5 1 26 0 19 10 398 9 6 13 26 3 12 13 59 14 3 5 33 2 13 30 1069 23 13 35 25 3 35 191 652 60 8 54 320 29 106 286 432 159 24 276 47 13 84 722 49 11 0 10 15 12 12 151 34 19 0 43 10 4 4 72 12 8 2 16 7 10 4 97 13 11 0 9 0 2 2 4 0 3 0 3 0 4 2 8 29 34 1 31 5 2 6 46 15 16 0 17 10 25 10 67 300 262 37 300 25 16 46 263 12 4 0 4 14 13 8 97 19 18 5 31 1 4 4 23 19 15 5 22 22 48 18 189 402 194 10 87 16 11 21 84 9 5 1 4 11 10 5 30 593 226 7 114 24 15 28 337 156 101 6 74 103 161 51 556 2974 117 250 197 144 27 224 536 328 29 12 30 161 13 139 406 135 10 18 19 10 0 11 25 169 21 21 21 188 19 151 190 213 17 22 4 31 2 8 17 29 3 1 1 40 3 7 8 231 24 16 11 15 6 15 22 292 43 17 28 353 35 92 106 597 14 35 14 31 3 20 48 49 4 2 4 24 0 20 28 18 1 8 1 2 0 0 1 26 1 3 2 24 2 19 7 371 11 8 13 23 3 13 32 57 16 1 5 34 3 15 32 1040 25 12 25 21 4 29 198 640 56 8 54 348 30 105 285 409 161 24 264 47 12 65 712 61 9 1 6 13 16 12 171 37 14 3 43 11 4 4 63 18 10 2 13 11 16 4 112 14 9 0 8 0 2 2 6 2 1 0 3 2 4 2 5 25 32 0 24 3 2 8 44 10 17 3 14 7 26 4 63 282 281 34 306 24 13 37 281 14 6 0 5 13 15 7 101 15 16 3 28 0 4 2 27 17 13 4 18 21 47 17 188 415 191 11 86 16 16 21 86 13 4 1 4 15 5 5 35 577 233 8 127 23 10 30 324 187 103 6 71 105 154 56 569 1
1485 194 258 368 196 12 351 682 229 12 5 17 284 16 735 808 164 22 13 16 12 2 5 21 261 19 22 34 695 24 1017 510 206 15 10 4 18 1 3 5 1 0 0 0 13 0 6 4 316 11 4 10 8 2 10 13 451 19 7 11 475 6 172 77 158 10 12 11 17 1 25 22 11 0 0 0 21 0 23 13 10 0 1 0 0 0 0 4 8 0 0 0 21 3 25 18 296 7 7 6 20 1 8 12 11 0 0 1 23 0 6 7 677 20 8 11 16 0 15 38 476 9 2 5 364 9 91 115 181 329 4 533 11 11 14 605 7 6 0 5 5 6 4 176 14 21 0 18 3 1 0 9 11 8 0 4 11 15 6 106 8 28 1 4 0 0 0 1 1 0 0 0 2 1 0 1 16 27 0 7 1 0 0 8 4 5 0 1 3 10 1 12 293 684 8 605 12 25 24 428 5 5 0 2 11 16 11 118 14 20 1 12 0 0 0 6 16 15 0 2 16 39 11 150 660 902 3 136 27 29 8 103 4 1 0 1 9 13 2 26 745 445 5 73 10 16 8 86 153 104 1 20 92 133 23 209 1467 194 244 347 184 13 319 712 220 8 8 14 306 15 747 802 181 19 10 14 19 0 4 26 254 25 27 32 665 20 1055 511 196 14 8 7 12 0 7 3 4 0 0 1 13 0 5 5 292 20 6 8 11 1 11 9 437 15 4 9 554 5 196 80 153 11 9 17 17 3 26 25 11 0 0 0 19 3 22 16 14 1 1 2 0 0 0 3 11 0 0 0 19 3 23 16 293 9 7 9 19 0 8 15 12 0 0 1 21 0 5 7 661 23 3 10 20 0 13 44 562 3 4 8 345 8 105 101 178 307 4 550 12 11 12 570 5 8 0 5 6 8 3 163 11 21 1 14 3 0 0 7 12 13 0 5 10 10 3 104 10 21 1 5 0 1 1 2 1 0 0 0 0 1 0 3 18 25 0 7 1 1 0 9 3 6 0 0 6 8 1 13 267 694 11 601 13 26 24 402 7 2 0 3 9 15 9 127 9 21 0 13 0 0 0 10 17 14 0 3 14 37 13 128 683 928 6 133 25 22 9 107 1 3 1 2 12 14 0 25 767 426 7 63 10 18 8 100 164 97 0 18 89 114 22 205 1461 191 285 355 177 17 328 708 188 15 19 13 308 24 655 696 183 19 12 24 17 1 11 16 287 15 26 33 661 25 786 490 258 17 17 9 17 0 10 11 9 0 1 0 10 0 5 3 312 17 11 12 11 0 14 14 399 13 6 12 466 9 165 98 155 14 16 12 18 1 24 26 12 1 2 1 20 0 23 18 17 1 1 0 0 0 4 8 20 1 0 0 29 1 27 22 298 16 9 16 18 1 15 12 13 1 0 2 21 2 13 11 607 26 9 14 22 0 16 47 434 10 2 4 328 15 98 104 198 338 10 466 12 16 15 582 16 5 0 8 10 10 9 246 12 19 0 19 1 1 0 11 13 12 0 9 7 19 4 117 19 21 2 10 0 0 0 5 0 1 0 0 0 0 2 2 21 23 1 6 0 3 0 8 2 7 0 6 7 6 1 20 308 712 12 592 16 28 26 386 7 12 0 5 13 16 8 157 12 33 1 14 1 1 0 12 13 19 1 9 25 44 16 147 673 866 8 180 32 35 4 139 5 7 0 0 16 12 1 34 653 463 3 107 18 30 7 100 155 119 2 19 145 147 28 262 1
1718 127 137 191 120 7 195 716 265 13 7 8 168 5 279 645 227 12 10 13 12 1 6 26 266 13 7 19 357 9 376 200 207 15 11 3 8 0 7 5 14 0 0 0 10 0 3 0 388 14 3 10 9 1 10 20 536 13 4 7 580 18 112 96 199 10 11 9 12 0 19 28 23 2 1 0 20 0 9 9 13 1 2 0 1 0 1 1 14 1 4 0 17 2 8 13 338 7 6 12 20 0 5 24 25 0 0 1 16 0 10 15 1733 35 14 28 30 2 26 125 1532 19 3 18 359 12 85 191 325 218 9 296 14 12 12 899 28 7 0 5 9 7 6 181 21 13 1 15 1 0 0 11 10 10 0 3 5 10 3 56 4 12 0 8 1 0 0 3 0 0 0 0 0 1 0 0 15 18 1 7 0 0 0 9 4 6 0 0 3 4 1 20 287 375 13 366 19 12 19 227 14 4 0 4 11 7 2 74 21 22 3 10 1 1 3 14 14 11 1 9 13 40 7 99 485 448 5 116 21 11 5 107 7 2 0 3 3 6 0 14 1560 364 8 93 21 17 17 236 340 106 3 25 113 127 23 231 1710 119 133 181 113 10 188 720 277 13 12 6 182 11 293 698 241 11 13 20 10 0 7 29 293 13 9 15 387 10 370 226 204 7 12 3 8 0 9 10 8 0 0 0 14 0 2 3 375 18 3 9 8 0 4 24 562 20 2 5 597 12 116 95 188 11 6 7 15 0 16 24 23 0 0 0 18 1 11 12 24 1 1 1 2 0 4 5 15 0 2 0 17 1 8 13 345 6 5 8 20 0 10 19 20 1 0 0 18 0 8 15 1808 27 7 32 27 2 20 120 1562 23 6 14 379 12 108 181 325 184 4 294 15 6 8 873 33 9 1 4 2 9 7 170 19 16 0 15 1 1 0 15 10 11 0 4 5 10 5 33 8 6 0 4 0 0 0 3 2 1 0 0 0 1 0 1 10 13 0 2 0 1 0 11 5 8 0 0 4 10 1 16 281 404 12 391 18 9 19 212 12 7 0 4 11 3 4 64 20 20 1 17 1 1 1 15 19 19 1 6 15 32 5 105 499 447 3 108 13 12 5 80 6 1 0 1 3 4 0 15 1463 332 9 97 26 13 18 239 332 81 2 23 88 129 21 230 1724 119 147 177 112 9 202 740 290 14 9 6 188 9 288 664 228 10 8 11 13 0 13 23 273 11 7 24 409 17 376 228 217 13 15 2 5 0 8 11 11 0 0 0 11 0 6 4 384 21 11 9 8 1 8 22 516 13 3 10 602 11 131 105 169 20 14 8 16 0 20 29 23 0 0 0 16 0 7 7 17 0 0 1 2 0 2 4 14 2 2 1 17 1 8 18 336 13 7 8 18 0 10 18 21 0 0 0 14 0 7 11 1692 30 12 29 26 3 23 141 1387 19 3 19 388 14 91 200 308 208 10 300 12 10 13 852 29 10 0 5 6 13 7 185 24 12 0 13 0 1 0 14 12 10 0 7 3 12 6 64 9 12 1 1 0 0 0 7 0 0 0 0 0 0 0 0 17 18 0 5 0 0 0 11 6 5 0 0 4 9 0 16 280 437 10 385 17 20 24 227 21 2 1 4 4 11 2 65 20 23 2 14 2 0 3 11 23 12 2 10 20 37 4 95 440 486 6 129 16 9 4 102 5 1 0 4 5 10 0 18 1393 340 8 108 19 12 11 232 383 111 1 30 115 109 26 251 1
2504 156 260 195 128 20 188 791 426 33 25 30 202 15 260 534 159 23 34 17 12 1 17 31 201 22 49 28 255 19 622 243 234 25 19 14 26 7 16 20 16 3 1 0 28 3 4 4 219 25 10 19 14 3 17 32 220 20 9 17 308 25 131 101 127 16 25 13 13 2 21 25 33 2 4 2 23 2 30 36 23 1 3 2 0 0 0 2 15 1 2 2 19 0 50 24 226 14 10 11 15 2 11 30 36 2 2 2 24 1 16 29 1010 28 12 29 23 3 26 261 794 27 8 24 199 22 118 391 510 201 14 266 36 12 30 666 74 16 1 11 19 15 9 204 22 21 3 25 2 1 6 27 19 16 0 18 11 17 10 91 26 39 4 6 5 6 2 6 4 0 0 1 3 5 1 5 51 29 1 9 6 3 0 31 10 9 0 5 3 17 5 58 149 244 18 291 22 19 29 234 16 9 3 6 16 14 18 81 10 19 5 23 5 3 1 21 17 14 6 19 17 55 35 213 321 541 8 139 40 38 14 124 12 5 0 6 24 28 10 42 992 287 7 111 28 22 29 375 274 85 5 39 98 182 66 583 2574 157 270 181 134 16 184 770 452 34 21 38 200 15 276 564 151 22 25 25 14 1 13 33 213 19 45 29 264 17 646 246 231 24 17 9 29 9 17 16 17 1 2 0 27 0 7 9 212 27 14 15 13 2 21 34 240 18 9 17 299 29 127 109 123 13 23 12 12 2 19 30 33 3 1 1 26 0 28 45 22 2 5 2 1 0 1 2 16 1 4 0 19 2 47 30 223 17 6 14 16 2 11 25 38 3 2 2 28 1 17 36 1017 29 17 39 23 3 27 244 856 32 14 26 201 26 104 398 468 196 14 237 41 13 27 629 74 14 0 12 20 9 14 204 28 17 5 24 2 0 5 25 17 14 1 16 12 17 9 95 23 44 2 5 4 4 3 9 3 0 1 1 3 3 1 5 41 29 3 9 5 3 1 29 12 10 1 3 5 10 4 55 155 232 16 302 18 19 29 225 17 6 4 6 16 13 18 86 10 17 3 16 4 5 1 21 17 18 7 20 18 52 29 208 293 549 8 137 40 35 12 132 12 4 1 3 23 33 9 39 972 262 7 112 33 20 31 365 235 83 9 40 105 181 63 586 2551 152 273 191 146 21 183 799 465 24 23 40 192 18 281 575 168 27 22 23 15 0 22 29 198 20 45 33 249 10 630 251 219 29 18 11 27 9 14 12 23 1 1 1 23 1 4 9 228 27 11 12 12 1 18 33 241 19 7 22 322 22 127 122 128 11 24 9 11 1 19 18 30 2 1 2 27 2 34 41 16 0 3 4 0 1 0 5 13 0 3 2 12 5 46 23 233 13 8 15 21 0 9 38 40 1 1 2 30 3 12 31 988 38 16 44 27 2 23 261 798 26 11 24 204 17 114 388 467 175 17 242 43 13 31 646 61 19 0 15 12 14 10 211 36 14 5 31 0 0 3 32 21 9 2 12 12 18 9 88 21 36 2 5 3 3 2 10 1 1 1 1 3 8 1 8 43 22 1 6 4 4 2 23 12 12 1 3 7 12 4 53 177 227 13 306 20 21 27 217 16 12 2 8 14 13 15 86 16 21 3 18 4 5 3 25 11 16 5 23 20 46 31 208 303 572 9 132 34 38 13 125 18 5 1 3 16 29 13 43 901 286 8 111 35 18 28 377 251 92 3 46 106 172 66 605 1
1980 209 175 292 150 13 279 891 228 16 5 20 271 8 378 596 181 25 11 11 12 1 8 27 300 17 13 12 467 15 386 276 219 5 12 8 8 0 8 5 5 0 0 1 10 1 5 2 394 16 11 13 6 1 10 20 541 10 3 4 397 11 108 78 191 15 14 7 15 2 21 37 17 2 1 0 12 0 20 21 23 0 2 0 1 0 2 3 23 0 3 0 20 0 9 19 369 14 10 18 27 1 15 30 11 2 0 0 24 2 6 7 1353 46 13 32 41 0 28 96 1248 11 7 9 376 20 103 144 300 291 2 455 15 16 13 675 11 8 0 6 8 10 4 160 17 22 0 16 2 1 0 10 10 11 0 11 12 11 3 68 11 8 1 1 0 0 0 3 1 0 0 0 0 1 0 2 20 20 0 6 1 1 0 7 5 5 0 3 1 4 1 13 355 497 12 304 16 17 16 265 11 11 0 3 13 10 4 72 11 39 1 5 1 4 1 12 10 10 0 6 10 37 8 104 556 409 11 113 11 13 5 89 5 1 0 0 9 7 1 14 1147 380 5 118 13 14 16 189 306 97 0 13 119 107 19 241 1800 208 169 326 151 12 274 979 224 11 4 13 268 8 385 659 189 29 9 11 12 0 11 30 278 16 12 18 434 11 392 290 185 4 13 8 10 3 1 7 6 0 0 0 9 0 2 3 375 21 9 12 8 0 13 18 576 13 3 6 438 9 87 71 199 9 11 6 16 2 20 31 19 0 1 0 19 1 15 21 19 1 1 0 0 0 0 0 18 1 2 0 12 1 15 9 367 10 6 13 21 0 7 24 17 1 1 0 18 3 3 9 1397 32 9 27 31 0 17 88 1461 19 2 10 377 19 92 148 275 312 6 492 9 11 10 760 10 6 0 4 8 7 4 154 14 22 0 11 2 0 0 9 8 7 0 12 7 11 2 64 5 6 1 2 0 0 0 1 0 0 0 0 1 0 0 1 15 21 0 10 1 0 0 6 5 7 0 3 1 3 0 8 324 496 8 306 20 20 14 292 9 11 0 1 10 8 4 87 13 32 0 11 1 2 0 6 4 7 0 7 11 37 7 87 550 412 4 116 11 15 8 92 5 2 0 0 8 3 0 8 1228 368 2 99 13 12 9 171 286 78 0 10 94 94 20 196 1850 196 162 297 141 11 257 1004 210 14 5 14 257 11 376 684 171 23 6 14 13 0 14 17 291 18 11 12 452 15 380 265 209 8 10 7 12 1 6 9 5 0 0 0 5 0 1 3 378 14 10 11 7 1 16 15 573 17 3 9 436 14 99 68 205 14 10 8 15 2 19 31 16 0 0 0 17 0 14 17 18 1 1 1 0 0 1 0 20 0 2 2 10 0 13 12 353 14 6 21 23 0 10 22 12 1 0 0 20 2 6 6 1438 33 13 26 29 1 14 84 1371 12 1 12 388 12 92 143 269 300 3 479 10 10 6 737 11 5 0 2 11 9 3 150 16 22 0 16 2 1 0 9 7 9 0 15 5 9 2 63 6 6 0 1 0 0 0 1 0 0 0 0 1 0 0 0 13 24 0 9 1 0 0 5 2 7 0 1 3 3 1 14 331 504 7 328 18 20 14 288 10 14 0 2 8 11 6 85 18 31 0 6 1 3 1 8 10 14 1 7 12 35 3 95 580 420 8 103 9 13 9 98 5 1 0 0 3 7 1 10 1161 397 1 88 14 16 7 179 318 96 1 14 116 96 12 199 1
1935 145 187 232 191 15 276 1130 295 10 6 8 266 8 383 1118 194 10 10 21 13 2 12 33 294 9 13 16 502 16 447 330 224 11 15 4 10 0 4 13 9 0 0 0 13 1 5 2 332 26 11 7 10 2 12 28 517 10 5 3 539 11 133 99 209 7 9 6 18 1 18 29 19 0 0 0 18 1 15 9 18 2 1 1 2 0 0 4 20 0 0 1 23 2 12 14 287 10 0 5 16 1 12 26 11 0 0 0 18 0 4 7 1481 27 8 19 30 0 30 106 1444 16 7 17 394 10 93 195 225 189 10 256 17 12 7 772 25 13 0 4 8 5 2 253 10 12 0 14 0 0 0 16 4 2 0 7 4 17 2 80 6 10 0 1 0 0 1 3 1 1 0 0 0 0 0 0 15 15 0 3 3 0 1 6 3 6 1 1 5 9 0 13 242 399 16 314 10 16 18 222 11 5 1 2 11 10 8 60 21 15 1 10 0 3 0 7 16 10 1 6 15 31 12 86 365 385 3 92 10 10 5 76 7 2 0 0 4 5 0 15 954 301 2 77 20 10 10 165 295 90 3 12 108 100 21 192 1992 152 180 244 189 22 275 1123 275 12 15 15 286 11 395 1134 180 11 8 22 13 2 13 26 301 17 8 15 535 15 481 325 207 14 10 10 13 0 4 8 11 1 0 0 14 0 6 1 322 30 9 6 8 1 7 21 484 9 1 6 528 7 141 92 204 9 8 8 19 2 24 22 19 0 0 1 14 0 13 11 12 2 1 0 1 0 0 6 19 0 0 2 19 2 11 14 284 8 5 10 16 1 7 19 14 0 0 0 17 0 4 10 1418 35 9 23 34 3 24 104 1460 17 2 16 384 8 106 187 237 201 7 283 10 10 13 792 19 9 1 3 8 9 5 224 9 14 1 9 0 0 0 13 8 5 0 8 3 14 2 67 4 17 0 4 0 0 1 3 0 0 0 0 0 0 0 4 14 16 1 5 1 0 1 7 5 4 0 1 2 7 0 19 240 395 14 360 16 12 15 232 8 9 0 3 9 12 6 61 8 18 1 15 0 1 0 11 14 9 1 3 14 31 13 87 322 373 3 80 9 11 7 83 7 1 0 0 6 6 1 14 972 287 4 70 15 15 14 162 281 95 3 18 91 98 18 189 1941 146 194 238 203 16 285 1053 291 6 13 9 262 14 372 1007 184 13 8 17 10 1 11 30 304 12 11 15 512 14 456 325 220 15 11 13 11 0 5 10 15 1 0 1 14 1 5 4 324 30 12 7 8 1 11 29 481 7 3 3 514 8 132 85 209 13 9 9 19 3 19 26 13 1 0 0 11 0 17 13 22 0 0 0 1 0 0 4 35 1 0 2 16 2 12 19 307 16 7 6 17 1 12 19 19 0 0 0 16 2 6 3 1408 31 9 21 36 0 30 98 1342 17 6 20 391 10 96 200 246 196 11 281 11 16 10 740 17 15 2 3 11 8 6 219 12 7 0 14 0 0 0 13 8 4 0 8 6 12 6 83 7 22 1 5 0 1 0 7 0 0 0 0 0 1 0 1 20 18 0 6 1 0 2 8 5 4 0 0 0 5 0 16 275 419 21 376 15 14 12 228 7 7 0 2 15 15 9 77 17 19 1 11 2 4 0 12 19 17 1 6 17 30 10 86 378 429 3 111 7 17 4 80 9 4 0 0 6 8 0 17 957 320 7 70 17 13 14 167 296 99 2 16 110 107 14 207 1
3455 83 258 148 277 14 274 644 572 39 10 33 348 15 233 530 140 11 9 28 18 2 10 38 257 15 13 33 1429 17 305 276 157 15 20 8 22 4 8 13 24 2 2 1 28 3 5 11 185 19 9 14 13 1 28 42 281 30 5 25 442 29 81 134 109 9 19 11 26 1 24 15 62 7 1 6 19 2 14 38 8 0 3 2 1 0 2 0 10 2 2 0 10 2 10 17 126 10 13 14 23 1 17 30 58 6 5 6 27 1 12 41 328 19 12 15 29 6 33 253 623 83 11 52 274 21 99 493 404 123 16 236 67 10 69 643 64 12 3 7 15 12 14 157 37 21 3 35 7 3 5 64 10 14 2 14 11 23 7 109 19 8 0 3 0 1 0 4 5 0 0 1 0 3 1 6 23 20 3 21 8 3 8 73 6 11 1 7 6 23 9 69 105 128 30 233 24 11 41 222 14 9 1 8 15 18 8 65 6 7 4 20 4 3 3 25 15 12 3 20 14 50 20 209 144 114 2 61 23 6 10 79 7 4 1 5 8 6 6 36 281 133 6 99 18 16 27 385 122 68 2 59 72 139 40 615 3788 104 248 157 240 15 243 678 546 26 11 33 314 13 199 505 171 8 18 28 22 1 8 26 233 15 21 31 1030 21 253 236 173 15 21 9 24 3 12 12 25 5 2 1 29 2 4 11 163 21 8 15 17 0 22 37 291 30 7 25 414 35 90 118 123 8 24 9 23 2 20 17 60 10 1 7 25 0 12 35 8 0 5 1 2 0 1 3 17 1 1 1 15 3 15 12 145 7 14 17 22 2 15 30 63 6 3 8 32 4 10 42 303 16 14 21 27 9 27 263 624 70 9 52 263 23 103 467 427 124 15 251 60 11 73 650 59 16 4 5 21 15 7 167 38 24 1 34 10 4 4 68 14 14 3 12 13 16 7 117 19 7 0 5 0 1 0 8 4 0 0 1 1 2 0 5 26 18 3 22 8 6 8 69 8 15 0 10 5 30 7 70 121 171 22 238 28 12 43 232 17 9 1 7 17 18 9 71 7 7 3 22 4 2 1 23 16 13 5 11 18 131 24 198 143 112 3 71 25 7 9 68 5 7 2 4 11 7 4 38 301 144 5 99 21 19 23 395 121 73 3 59 70 157 48 616 3733 86 264 169 235 21 255 655 535 33 13 32 300 11 218 496 147 9 19 21 22 2 15 28 207 18 18 28 1009 18 240 237 179 13 20 6 23 1 11 16 23 2 2 2 22 2 5 8 175 19 9 18 14 3 19 35 272 34 8 25 403 30 91 121 106 10 24 9 22 2 21 14 60 7 1 5 23 1 11 38 17 0 2 1 2 0 2 3 15 1 3 0 18 1 15 14 142 10 12 14 20 2 16 33 69 5 4 10 24 2 12 39 350 17 13 30 29 7 29 251 635 78 7 58 259 20 105 432 400 118 19 233 56 10 73 646 78 10 2 8 17 27 13 165 32 31 2 36 11 4 4 63 14 13 3 15 16 16 8 114 15 15 0 3 0 1 0 6 4 0 2 1 0 3 0 8 20 17 0 20 9 4 5 64 9 14 0 11 6 29 10 59 127 230 26 226 27 20 39 222 11 9 2 2 22 25 8 69 11 13 3 26 4 1 2 20 25 14 1 18 17 145 21 227 158 112 6 65 24 10 12 76 10 7 0 6 8 11 7 34 304 162 15 103 17 20 21 395 151 72 3 59 78 162 50 618 1
1560 157 144 302 141 17 283 1162 248 22 10 9 227 13 369 895 174 12 9 12 12 0 13 29 240 13 9 24 324 13 422 307 158 13 6 9 6 0 5 16 14 2 0 1 8 1 1 2 287 21 3 7 13 0 17 19 432 20 4 7 375 10 99 89 172 6 7 16 19 1 21 38 16 2 1 0 14 1 15 23 22 2 2 2 3 0 1 2 6 2 0 2 19 3 15 16 313 9 6 10 23 2 10 24 13 0 0 0 9 0 11 14 1463 34 6 22 20 0 22 88 1005 22 3 12 308 10 67 159 290 285 9 496 17 16 13 925 31 11 0 7 9 8 3 248 16 27 0 17 0 1 0 24 10 8 0 7 2 11 2 79 4 11 0 6 1 0 0 8 0 0 0 0 0 1 0 3 16 15 1 9 1 3 1 8 4 5 0 1 4 3 0 21 249 510 13 436 12 13 15 396 10 2 0 3 5 12 5 106 8 14 0 17 1 0 0 10 7 9 0 7 13 38 4 90 447 642 2 157 14 15 9 121 6 4 0 0 4 5 4 34 1289 337 4 114 19 15 18 176 293 81 1 17 93 92 16 221 1511 153 150 334 142 14 268 1207 263 17 6 11 203 14 354 872 156 17 11 14 6 0 11 17 230 11 12 28 358 13 419 286 149 11 6 10 10 0 8 10 8 0 1 2 5 0 1 2 258 18 4 6 12 1 7 25 425 15 3 7 420 9 92 89 157 13 13 15 20 1 12 36 15 2 1 0 14 0 20 18 19 2 2 1 1 0 1 4 7 0 0 1 10 0 15 18 322 10 9 12 16 0 8 39 20 1 0 0 13 0 8 13 1459 30 8 26 25 2 25 69 987 19 6 9 271 7 67 165 297 291 7 515 10 11 14 1024 25 10 0 5 5 4 3 261 10 22 0 14 0 2 0 20 3 5 0 6 4 14 3 68 6 12 0 3 2 0 1 4 0 0 0 1 0 1 0 2 15 20 0 7 3 2 1 11 2 2 0 2 0 6 1 9 278 516 11 420 15 15 19 364 11 3 0 3 6 14 2 107 13 14 0 10 0 0 2 11 9 8 0 6 13 29 5 93 458 621 4 160 20 16 12 117 6 6 0 1 6 5 5 34 1395 373 5 90 15 12 15 184 295 82 0 13 83 86 14 222 1581 159 175 289 118 15 277 1168 272 21 8 13 189 13 356 789 167 11 9 19 7 1 6 31 235 13 9 19 329 17 416 290 169 11 9 11 9 1 4 12 7 0 0 2 9 2 5 5 276 18 9 9 10 1 16 15 420 17 4 8 345 7 93 91 161 13 10 14 15 0 19 39 15 0 0 0 10 0 17 15 23 1 1 1 3 1 1 3 7 0 0 1 13 0 11 16 308 11 8 11 18 1 10 29 18 1 0 1 17 2 10 12 1484 44 9 24 27 1 27 85 946 15 3 14 307 11 76 168 274 297 8 440 11 15 12 935 37 13 0 9 6 16 7 258 15 27 0 12 1 2 2 12 9 7 0 9 8 15 1 91 17 16 0 6 1 0 1 4 0 1 0 1 0 1 0 1 13 22 1 6 1 1 1 13 5 4 0 2 0 3 0 17 277 516 13 357 13 19 16 337 12 4 0 4 9 17 6 87 8 15 0 10 1 0 1 13 12 13 3 5 13 29 6 119 482 663 5 159 16 15 14 119 5 4 0 0 8 9 1 28 1353 399 3 102 18 14 13 186 369 81 4 21 89 114 13 250 1
1511 200 181 332 147 22 253 893 323 24 20 47 269 11 522 898 124 16 13 43 8 1 13 33 245 24 20 34 279 18 417 409 196 12 12 16 14 2 10 17 18 0 2 0 22 2 11 13 224 38 12 15 11 2 12 31 306 27 3 11 297 24 140 135 178 15 14 15 10 4 26 49 21 3 0 3 23 1 31 38 12 0 1 0 0 0 0 2 4 1 1 5 17 3 27 26 273 15 8 15 20 0 17 24 30 2 0 2 29 0 11 30 741 42 9 52 25 3 30 129 582 24 4 18 268 23 123 322 490 293 23 437 40 11 39 932 35 17 1 14 13 20 16 254 30 32 1 29 2 1 1 36 16 12 2 13 8 16 6 116 17 15 1 6 1 0 0 6 1 3 0 0 0 2 1 6 19 35 2 17 1 3 1 21 7 10 0 7 1 10 3 51 331 339 20 323 25 18 37 347 17 7 1 3 16 21 14 107 14 17 1 19 0 1 2 27 12 25 0 11 19 26 11 140 541 399 12 145 37 17 13 163 11 3 0 1 13 15 8 41 918 371 8 152 27 32 20 338 200 110 3 37 90 118 40 481 1472 205 178 332 156 17 277 950 344 33 23 43 263 19 532 995 123 19 15 43 6 2 9 35 241 24 18 40 291 15 450 403 187 15 9 12 14 0 7 14 14 0 1 1 24 0 13 11 204 32 10 18 13 3 15 26 308 21 4 16 299 25 155 140 156 16 11 13 14 2 35 42 24 4 0 4 27 2 36 44 9 1 0 0 1 0 1 2 3 0 2 6 18 3 18 25 273 12 9 15 23 1 15 33 31 2 0 2 33 0 7 32 692 47 13 47 29 2 27 145 579 19 3 22 254 18 116 325 452 290 17 465 42 8 42 1001 33 19 2 11 7 20 10 258 24 25 2 25 1 2 1 33 14 11 1 14 8 13 4 112 23 16 2 1 0 3 1 12 1 3 0 0 1 2 0 7 21 32 0 14 1 2 3 27 6 9 0 6 5 11 4 54 301 344 20 315 23 15 35 332 12 10 1 1 15 16 16 107 14 13 0 17 0 2 2 26 11 19 2 6 16 31 10 155 554 417 11 142 35 17 15 134 17 3 0 2 8 20 13 42 890 363 4 123 35 24 22 347 184 93 3 32 74 119 50 461 1510 213 172 342 131 22 305 973 329 30 24 38 274 15 528 931 128 20 9 42 9 1 8 33 250 24 24 35 281 19 422 394 204 21 9 10 20 1 9 11 14 1 1 0 13 0 9 10 194 31 8 12 8 2 14 35 301 18 3 11 274 24 153 148 176 19 13 13 12 3 37 36 26 3 0 3 24 2 29 40 8 0 0 1 0 0 0 2 7 1 0 5 18 2 17 33 271 9 7 19 21 1 17 36 35 1 1 2 27 1 13 30 687 38 9 37 23 0 32 151 553 21 2 21 237 21 107 320 461 296 15 482 41 18 40 1017 29 18 2 13 12 23 10 285 21 22 2 33 0 2 1 27 19 14 0 13 8 13 7 131 18 23 2 6 3 0 4 12 1 1 0 0 2 2 0 9 18 30 0 20 1 2 2 26 4 11 0 10 3 11 2 49 302 344 23 322 29 17 30 361 12 13 1 6 13 17 15 108 13 11 0 19 1 3 2 27 14 24 0 7 13 30 6 153 519 412 10 143 30 24 13 142 12 4 0 3 7 19 3 57 850 368 7 153 26 28 30 341 186 102 1 30 96 108 44 468 1
1352 116 138 191 129 13 212 560 224 7 5 7 203 9 301 393 174 18 7 27 13 0 5 21 254 18 7 12 563 15 464 245 161 7 3 4 11 0 4 9 5 0 0 0 12 0 1 0 311 21 5 5 13 0 10 21 392 12 1 1 466 8 128 91 161 9 4 6 11 0 20 23 11 0 0 0 17 1 11 4 13 0 0 2 1 2 1 1 12 0 0 1 21 2 10 12 245 19 4 9 19 0 3 17 8 0 1 0 15 0 4 7 1074 18 7 27 30 4 33 63 973 10 4 9 295 8 80 126 212 221 3 313 7 4 5 499 11 5 0 4 10 10 3 114 15 10 1 6 0 0 1 9 12 9 0 3 4 7 2 50 7 8 0 1 0 0 0 3 0 0 0 0 0 0 1 3 10 7 0 7 0 1 0 7 2 5 0 1 4 2 2 2 217 358 6 214 11 13 17 216 12 8 0 0 6 8 4 55 16 17 0 6 2 1 0 11 17 10 0 2 14 28 6 61 351 349 3 97 8 9 8 72 7 2 0 1 3 3 2 13 605 215 3 68 10 10 11 119 208 69 0 14 80 81 10 165 1335 134 137 188 134 11 190 579 196 11 7 3 215 6 298 347 172 17 9 27 10 1 7 20 236 20 10 17 527 9 431 239 176 6 3 4 11 0 4 6 5 0 0 0 6 0 3 0 288 21 8 0 6 0 6 14 399 9 3 5 442 9 85 70 156 10 4 7 14 0 17 25 11 0 2 0 15 0 9 8 17 1 1 1 1 1 1 2 13 0 0 0 25 3 6 15 269 10 3 11 13 0 4 15 6 0 0 0 20 0 4 8 1151 18 7 17 19 2 17 63 952 9 0 6 264 9 71 116 183 231 3 313 9 6 8 550 10 6 0 2 8 7 4 83 15 16 0 7 0 0 0 7 7 5 0 2 3 6 0 40 8 6 0 1 1 0 0 1 0 0 0 0 0 1 1 2 14 10 0 6 0 1 1 4 4 4 0 0 2 3 1 9 245 403 4 234 16 16 18 199 11 5 0 2 4 9 6 57 13 13 1 7 1 2 0 6 16 9 1 5 12 25 1 62 405 398 6 83 12 11 10 75 5 2 0 3 9 5 0 9 745 256 4 78 6 8 14 116 204 61 0 17 70 73 10 138 1393 132 135 205 139 11 208 588 196 15 7 5 192 7 293 341 168 22 7 20 13 0 3 21 232 15 12 15 457 8 393 225 164 10 3 6 18 2 3 6 6 2 1 0 9 0 0 0 290 15 10 2 7 0 8 17 379 12 2 3 393 6 93 74 156 10 8 3 12 0 21 30 12 1 0 0 15 0 11 4 14 0 0 1 1 1 1 3 14 2 0 3 21 1 7 9 285 9 3 12 12 0 6 20 13 1 0 0 18 0 2 9 1124 24 7 22 21 0 18 82 833 9 3 10 263 9 57 120 201 244 7 301 8 8 5 534 14 5 0 3 7 14 2 82 17 14 1 7 0 0 0 6 8 4 0 5 4 5 3 57 9 8 1 4 1 1 0 2 0 0 0 0 0 0 0 4 13 12 0 2 0 1 0 4 3 5 2 0 3 7 0 9 264 387 5 217 13 17 17 213 11 4 0 0 6 11 5 61 14 16 0 9 0 3 0 13 16 12 0 7 10 36 5 79 384 391 7 106 9 9 11 73 5 4 0 4 8 6 0 12 709 271 5 93 9 11 15 134 224 80 3 17 82 92 13 161 1
2007 242 207 314 203 12 297 1058 247 12 15 14 240 14 415 781 195 21 11 19 15 0 9 37 292 13 10 19 472 18 505 345 187 16 7 12 9 2 10 12 7 1 0 0 6 0 1 4 379 16 9 6 6 0 10 24 441 11 1 5 379 6 132 74 195 19 8 12 7 1 20 26 13 0 1 0 14 0 17 16 9 3 0 3 1 0 0 4 13 0 0 0 22 0 8 16 284 13 6 14 17 0 9 18 11 0 0 0 26 1 4 9 1346 23 11 22 25 0 20 79 900 12 3 4 346 13 95 131 262 262 11 485 13 13 14 923 11 9 0 5 5 9 1 216 13 13 0 12 0 3 0 9 7 10 1 8 6 12 2 85 18 12 0 7 0 1 0 5 1 0 0 0 1 1 0 0 11 14 0 3 0 0 0 9 7 7 0 0 3 4 0 17 237 521 13 467 18 23 17 363 9 8 0 5 9 11 6 97 15 10 0 13 0 1 2 12 7 14 1 6 11 30 6 94 459 565 0 151 16 13 3 90 9 4 0 0 12 3 0 14 982 327 3 80 18 13 4 157 212 67 1 14 80 97 15 226 1933 233 180 347 195 15 286 1120 264 8 7 8 227 11 429 790 194 20 11 26 14 2 12 29 271 21 8 20 481 18 513 310 181 14 7 3 8 0 6 7 6 0 0 0 7 2 0 2 332 22 4 8 8 0 4 20 470 14 2 6 400 8 133 69 205 22 9 8 14 1 16 31 6 0 0 0 11 0 21 18 12 1 1 1 1 0 2 2 16 0 2 0 18 2 15 5 304 12 6 11 23 1 9 21 11 0 0 0 21 0 7 2 1394 21 7 26 30 2 18 77 976 10 3 10 327 4 91 116 273 280 9 535 10 8 13 937 13 8 0 2 3 5 1 205 11 14 1 13 1 2 0 8 3 6 0 5 4 13 0 78 10 12 0 7 0 1 0 2 0 0 0 0 0 0 0 0 12 19 0 3 0 0 0 4 3 7 0 1 0 5 1 18 226 483 7 462 14 21 17 403 4 4 1 6 13 11 6 94 13 14 0 10 0 0 1 8 5 13 0 2 18 35 4 100 452 592 4 139 13 17 1 85 3 5 0 2 6 11 1 16 1021 322 3 57 10 9 8 162 218 65 1 13 78 94 8 201 1872 227 208 321 190 20 294 1178 221 12 10 14 238 17 408 770 175 19 10 17 12 1 19 36 254 20 9 20 456 18 441 329 176 13 6 8 8 0 4 9 6 0 0 2 9 0 1 1 347 26 4 15 9 1 8 22 411 13 6 1 369 4 132 86 195 18 10 5 14 0 20 26 12 0 1 0 11 0 15 14 15 3 1 2 0 0 0 0 14 0 0 0 17 1 14 8 315 9 9 13 18 1 4 23 16 0 0 0 20 2 9 4 1364 27 7 23 31 0 16 75 953 8 3 9 331 11 96 120 245 249 11 552 11 20 14 899 16 11 0 4 3 10 6 225 11 16 0 8 0 1 0 10 8 6 0 7 7 13 2 83 11 17 0 7 0 1 1 5 1 0 0 1 0 0 0 2 17 11 0 3 0 0 0 9 2 8 0 0 1 7 1 18 239 508 11 453 15 23 17 390 9 6 1 3 9 17 10 102 13 23 0 8 1 0 1 8 8 12 0 7 16 44 6 127 486 604 2 149 18 15 2 76 7 4 0 1 7 12 2 15 1014 368 3 61 10 8 5 144 290 70 0 15 83 114 13 182 1
1492 117 148 262 131 15 227 760 206 8 6 16 190 9 336 490 140 18 4 13 13 0 9 27 204 13 6 16 324 15 223 230 136 6 4 5 7 1 10 15 7 0 0 0 7 0 2 5 267 19 5 5 11 4 12 24 338 5 0 3 202 6 60 69 122 4 8 8 15 0 15 34 17 1 0 0 12 1 18 18 12 1 0 0 2 0 1 3 12 0 0 1 9 0 6 10 210 8 5 17 20 0 11 23 9 1 1 1 11 1 8 9 955 19 3 17 25 1 22 91 876 16 2 8 296 7 72 131 226 237 4 360 18 17 15 758 7 7 0 4 9 10 2 171 12 13 0 14 0 2 1 13 7 6 0 8 9 11 0 65 11 11 0 3 1 1 0 4 0 0 0 0 0 0 0 0 16 20 0 14 0 0 0 13 1 5 0 1 0 2 0 12 199 345 12 357 20 18 11 273 6 8 1 2 4 7 5 76 12 11 1 12 0 3 1 10 6 12 2 13 15 28 7 79 330 269 3 93 12 10 6 102 1 2 0 2 4 12 0 20 686 230 1 64 13 11 11 121 208 55 3 19 74 94 12 174 1501 127 147 275 145 6 221 780 224 15 3 19 195 8 296 477 141 18 5 14 13 0 10 24 189 12 11 20 306 16 242 214 153 6 6 11 9 0 2 12 5 0 0 1 6 0 4 1 232 27 2 1 9 2 8 26 290 10 1 9 198 3 64 54 148 8 10 12 17 0 16 29 12 1 0 0 13 0 17 14 12 0 0 0 0 0 0 5 8 1 0 1 7 1 6 12 243 4 3 11 22 1 13 15 12 2 0 1 17 0 5 8 926 23 2 20 27 1 20 78 899 19 4 8 253 9 67 132 222 259 5 410 10 13 17 742 11 6 0 6 7 6 3 139 16 11 0 15 0 0 0 16 6 8 0 6 4 9 0 49 7 11 1 1 0 1 0 8 0 0 0 0 0 0 0 1 13 20 0 11 0 1 1 15 6 8 0 1 0 3 2 8 219 367 9 360 19 17 18 301 8 11 0 1 6 14 6 80 6 16 1 8 2 2 1 10 6 13 2 10 13 29 5 66 360 308 2 97 8 11 6 104 5 2 0 0 4 8 2 19 675 232 5 81 8 10 5 135 178 61 3 13 52 81 18 173 1565 139 141 238 140 12 221 745 211 14 8 18 199 3 292 427 145 13 10 10 11 1 8 19 203 16 8 15 299 13 239 211 145 10 14 11 12 1 4 10 8 1 0 0 6 2 1 1 259 28 5 6 10 2 11 16 280 10 2 8 176 3 61 65 130 11 15 16 12 0 23 30 14 0 1 0 14 0 17 13 11 0 0 1 1 0 1 2 11 1 1 0 8 1 9 11 259 8 6 18 22 0 11 16 11 1 1 0 13 0 5 11 899 24 13 25 29 4 24 82 789 13 6 12 240 13 71 120 234 263 7 404 8 14 21 644 12 4 1 1 10 10 4 157 16 7 0 24 0 0 0 14 3 7 0 5 5 14 1 57 14 12 0 2 0 1 0 8 0 0 0 1 0 0 0 1 17 23 0 5 0 1 0 11 3 7 0 1 4 5 1 7 228 403 7 350 18 18 14 294 9 11 1 2 9 8 5 79 8 12 1 8 0 3 2 9 8 13 2 11 18 33 6 91 374 302 3 90 12 14 7 116 2 4 0 1 5 14 1 14 664 241 3 82 16 14 9 129 214 76 1 14 59 114 15 204 1
1803 152 165 283 193 7 322 958 284 8 4 14 304 12 494 805 218 24 9 16 20 2 10 37 363 13 9 20 516 10 383 336 181 9 5 3 11 1 8 4 9 1 0 0 5 2 2 3 419 18 5 10 23 0 22 21 695 16 4 6 449 7 153 108 159 11 5 11 20 2 23 29 12 0 0 1 16 1 13 7 19 1 0 0 1 0 0 0 12 4 1 2 29 3 9 12 285 6 11 26 19 0 12 25 16 0 0 0 22 0 5 11 1238 37 11 20 29 3 33 89 1371 16 3 10 459 11 106 153 232 289 6 445 13 14 14 716 20 7 0 0 9 17 6 245 15 14 1 6 1 3 0 10 6 5 0 6 3 17 1 76 8 7 0 2 0 0 0 3 0 0 0 0 1 1 0 3 16 9 0 10 0 0 2 9 4 10 0 1 1 9 3 9 297 399 9 405 16 20 12 313 8 5 0 3 12 12 8 70 18 22 1 9 1 2 2 9 20 16 0 5 18 28 7 95 439 355 2 121 10 10 12 66 8 2 0 0 7 7 1 18 872 288 5 92 20 12 10 151 300 84 2 21 86 109 14 209 1676 144 146 286 193 9 290 977 279 7 1 16 303 10 496 869 220 20 12 20 18 5 11 36 346 12 11 19 573 16 435 319 162 4 7 2 10 0 3 3 4 0 0 0 13 0 3 7 411 23 7 15 14 0 19 19 811 12 9 6 562 13 134 110 145 12 3 6 20 2 16 37 7 0 0 0 19 0 12 13 14 1 1 1 1 0 1 1 16 4 2 1 26 2 12 16 294 5 9 19 15 0 8 21 20 0 0 0 22 0 8 9 1277 33 3 20 37 2 33 75 1515 11 1 9 477 11 92 144 211 249 6 455 12 12 19 759 15 4 1 0 5 13 6 201 11 16 1 8 1 1 0 15 6 5 0 5 4 16 2 66 7 4 0 4 1 0 0 1 0 0 0 0 0 1 0 3 22 17 0 8 0 0 1 8 7 9 0 0 4 8 2 12 269 392 4 420 13 14 14 310 6 5 0 3 9 8 13 68 15 16 0 11 0 3 1 11 14 11 0 5 19 32 5 78 437 371 0 112 17 2 8 56 3 0 0 0 10 6 1 14 918 256 6 76 13 12 6 128 262 77 3 13 82 84 16 183 1740 155 149 279 183 12 304 928 262 13 5 11 287 9 457 762 216 18 5 15 13 2 15 36 366 11 6 17 546 16 407 328 168 4 6 5 10 1 5 4 8 0 0 1 9 0 3 5 419 17 15 18 13 0 26 26 785 8 4 7 543 9 126 109 137 11 3 9 22 1 20 31 12 0 0 0 13 0 8 10 18 1 1 0 0 0 2 2 21 1 1 1 32 2 10 17 295 8 6 23 16 1 12 25 21 1 0 0 15 1 7 8 1290 28 6 24 34 4 34 103 1453 15 4 8 530 14 92 156 223 253 4 471 12 15 17 696 12 5 0 4 7 14 5 220 9 16 1 7 0 1 0 20 11 7 1 5 4 20 4 85 5 4 0 3 0 0 0 2 0 0 0 0 0 1 0 2 16 13 1 7 0 0 1 10 3 9 0 0 8 4 1 11 263 390 11 433 14 22 16 322 7 8 0 1 8 12 5 79 14 21 0 8 2 3 1 9 13 18 1 5 17 31 8 81 441 340 1 119 13 8 5 67 4 1 0 0 7 6 2 20 930 278 6 81 18 8 9 142 291 76 3 17 107 83 20 181 1
5655 182 230 214 179 21 195 1295 316 21 16 27 182 11 177 354 127 10 28 11 2 1 7 18 153 15 16 25 289 14 224 170 224 19 23 13 19 2 8 9 14 1 1 1 25 4 8 7 148 19 8 13 9 7 11 34 179 26 1 10 205 18 62 75 270 14 32 10 10 0 17 26 46 4 1 3 20 4 9 15 14 1 0 2 0 0 1 4 9 4 4 3 15 4 13 19 194 10 10 13 22 1 6 27 27 3 0 4 29 0 7 22 905 29 13 24 27 5 26 262 554 29 13 49 171 30 77 303 424 225 14 227 41 19 57 812 46 11 1 7 14 18 10 162 25 12 3 31 2 1 4 29 14 13 2 14 13 17 6 72 11 20 2 10 1 5 0 10 1 4 0 0 2 7 1 5 24 25 1 13 3 4 7 28 6 17 0 1 8 29 5 45 208 549 24 221 17 14 30 223 24 7 0 3 12 18 10 82 8 17 2 18 2 2 1 25 16 21 4 22 15 121 15 162 206 217 3 56 8 18 15 70 20 7 0 4 12 27 4 32 243 169 6 81 20 12 24 314 102 75 5 34 67 149 31 485 5700 173 224 197 171 20 198 1219 302 26 13 26 205 7 181 360 134 14 23 11 7 2 8 23 154 16 17 18 307 18 223 182 213 20 16 11 23 2 6 12 14 2 0 3 24 2 4 4 157 16 9 12 8 5 14 32 186 31 2 9 225 19 61 75 265 13 26 11 12 1 16 27 43 7 2 3 20 2 10 13 18 3 0 4 0 0 2 3 14 2 3 3 17 5 16 19 212 13 11 14 20 1 8 22 24 5 0 5 26 0 9 28 920 30 14 26 25 9 30 261 574 27 10 36 185 32 70 308 399 216 10 226 43 11 48 840 46 10 0 8 16 20 10 164 24 11 3 31 3 1 4 30 12 9 2 10 12 22 5 79 14 29 2 10 1 3 1 9 2 3 0 0 2 8 2 4 28 21 0 11 0 3 8 36 6 16 1 3 8 20 5 43 201 493 29 214 19 11 29 219 26 7 0 2 17 11 8 64 7 16 1 20 1 3 2 24 15 20 3 16 15 119 14 159 221 209 6 61 14 13 10 56 15 9 0 5 10 27 4 33 268 185 6 83 18 13 24 308 101 76 2 44 68 157 36 482 5747 180 214 178 164 24 199 1194 307 21 21 25 192 7 164 332 128 10 24 14 5 2 10 23 161 17 17 15 309 13 210 185 231 23 18 17 21 1 8 13 14 3 1 3 20 3 5 6 158 18 13 13 8 6 11 38 192 28 5 6 211 17 59 94 262 13 27 10 12 2 18 25 46 4 2 2 17 2 9 15 12 2 1 3 0 0 1 5 10 3 3 3 18 3 15 22 186 12 10 11 23 0 5 24 27 5 0 5 34 0 10 27 887 29 21 33 34 5 34 241 569 33 11 34 196 32 84 298 405 229 15 215 44 16 47 788 33 12 1 9 16 29 8 120 24 14 2 31 2 2 3 38 13 11 2 14 13 20 4 78 16 19 1 6 0 6 0 11 2 3 0 1 1 4 1 3 26 24 2 14 4 5 8 30 6 19 1 2 8 21 7 44 201 517 25 197 21 11 30 228 21 7 0 3 15 15 8 70 10 18 1 17 0 3 4 25 23 21 4 22 15 114 13 165 224 224 6 68 12 12 12 70 13 6 0 4 10 21 2 30 259 181 8 95 21 16 24 295 118 93 7 47 82 176 36 492 1
2655 143 194 217 184 16 257 786 391 17 16 28 262 18 458 998 174 21 14 23 11 0 12 37 219 22 21 23 355 17 438 341 199 16 14 8 18 2 11 12 16 4 0 3 18 1 8 2 254 15 7 10 14 0 13 39 443 34 4 14 462 24 123 130 154 5 20 16 27 2 28 30 18 4 4 1 16 0 18 34 16 1 1 2 1 1 2 3 15 0 2 3 17 0 18 26 192 8 7 12 25 0 14 34 19 2 0 2 26 1 13 24 889 25 9 25 32 0 34 257 883 26 10 20 361 22 112 312 315 193 14 370 24 13 36 726 49 10 0 3 17 10 7 197 21 24 0 31 0 0 3 52 12 13 0 10 6 16 4 96 10 28 1 7 1 1 1 4 0 0 0 0 1 1 0 2 24 25 0 10 2 1 4 31 8 12 0 12 6 26 2 46 200 373 19 644 19 19 26 315 12 9 0 6 9 16 8 116 12 11 2 27 1 1 1 28 11 19 1 12 14 34 11 131 253 383 8 126 28 20 9 129 5 5 0 4 17 15 7 53 452 230 6 91 26 10 13 265 164 82 4 48 99 118 28 394 2703 158 203 223 183 15 260 768 401 24 18 28 280 14 480 944 156 19 12 21 20 2 22 40 228 17 17 18 336 19 445 354 172 14 15 7 17 1 7 13 20 1 0 3 16 3 5 6 244 17 6 11 16 0 17 32 424 27 7 15 475 23 114 150 148 8 13 18 22 1 27 23 18 1 0 2 19 1 25 36 7 1 1 0 2 0 2 3 12 0 1 3 17 0 31 29 186 13 5 14 29 0 12 30 22 2 1 2 31 1 8 26 904 28 14 23 29 2 24 267 946 33 5 25 335 24 101 308 317 197 13 373 30 12 36 783 45 16 0 4 13 11 8 183 23 20 2 29 0 2 4 52 12 11 0 13 8 11 7 83 9 24 1 10 2 2 0 4 2 0 0 0 1 1 0 0 26 22 0 15 2 2 3 34 10 11 0 11 1 17 2 39 201 368 17 660 27 17 25 342 12 6 0 4 6 15 7 120 8 12 3 19 3 2 0 25 8 11 2 12 11 29 11 115 241 373 11 117 23 20 14 109 3 1 0 2 15 15 5 50 465 213 6 100 24 11 17 264 158 68 1 37 100 105 27 415 2821 149 193 220 167 12 267 830 400 16 19 27 253 13 447 906 170 14 9 20 14 1 11 43 225 21 17 29 301 16 420 337 171 17 14 11 15 1 11 12 17 2 0 2 19 3 7 5 231 18 4 14 16 2 19 38 457 29 3 11 487 21 132 133 159 4 8 17 21 1 25 28 12 3 1 2 18 1 16 38 8 0 2 1 1 0 1 1 17 0 1 0 15 0 24 19 183 10 6 12 25 0 7 26 24 1 0 2 33 0 11 30 950 29 11 19 34 2 27 300 943 34 6 23 355 23 105 320 332 206 16 372 26 13 27 784 30 21 0 4 12 8 8 184 16 14 0 32 1 2 1 48 13 7 0 9 8 16 12 100 12 22 1 6 1 1 0 6 0 0 0 0 2 1 0 2 26 24 0 9 1 2 5 28 7 9 0 13 3 23 2 47 194 333 18 624 18 21 26 324 13 6 0 6 10 14 13 126 10 11 1 19 4 0 2 27 12 12 1 12 11 31 10 120 251 369 6 118 18 15 16 114 4 0 0 1 14 12 7 48 476 208 5 109 24 17 10 284 168 81 0 30 89 100 22 379 1
2869 144 176 197 141 16 205 633 441 31 31 46 242 14 530 1168 157 32 20 40 12 0 20 27 184 29 24 43 234 11 524 456 175 23 12 8 14 0 7 16 10 2 1 0 28 4 7 10 172 27 6 17 8 1 13 29 212 25 5 7 310 18 122 121 147 8 18 4 16 2 22 29 31 4 1 3 30 1 34 43 15 0 5 1 1 0 0 4 10 1 6 5 9 2 37 21 196 8 8 12 21 1 6 24 32 4 0 6 26 3 18 41 719 33 10 38 34 1 35 248 628 23 3 23 214 28 100 383 423 172 18 212 24 13 39 598 65 16 2 14 18 15 13 245 37 18 1 20 3 0 4 38 15 10 3 10 11 14 2 114 21 29 1 5 0 4 2 3 4 1 0 0 2 4 2 5 45 32 1 10 4 0 4 27 6 12 0 5 7 19 2 49 185 260 13 316 21 5 32 250 18 5 2 7 13 9 13 84 14 11 0 19 1 0 3 14 10 8 1 24 7 24 9 125 311 411 3 103 34 19 21 121 12 4 0 3 20 15 9 45 1240 344 6 106 49 22 45 382 202 65 3 27 79 110 47 507 2978 150 172 187 159 15 214 611 476 37 33 52 230 16 492 1223 168 27 17 39 9 0 13 25 173 31 34 41 246 8 515 445 164 27 13 6 14 0 4 16 16 5 1 0 24 4 13 9 183 32 6 14 8 0 12 27 214 33 1 13 300 25 116 131 147 8 12 5 12 2 28 29 38 5 2 3 28 0 39 47 8 2 6 0 1 0 1 2 8 2 5 4 10 3 32 21 186 11 5 10 28 2 10 26 25 3 2 2 29 4 23 39 663 24 6 36 32 3 40 283 628 28 4 26 226 23 88 385 425 162 19 203 23 9 45 585 63 13 1 8 17 14 16 224 41 17 1 28 2 0 6 38 16 11 3 12 11 10 6 107 30 30 3 3 3 3 2 6 2 1 0 0 1 3 1 4 53 38 0 14 1 3 5 25 4 14 0 5 6 16 3 45 199 249 16 300 22 7 34 223 15 11 1 8 8 13 11 86 10 10 0 15 1 0 4 11 7 10 4 19 9 26 11 119 312 401 3 96 33 25 23 116 6 7 1 3 20 17 9 40 1197 345 3 101 50 23 43 383 176 68 3 29 86 105 51 533 2959 131 166 194 139 14 197 674 431 40 37 49 239 16 556 1201 168 28 17 35 10 0 12 28 185 25 32 45 224 9 531 468 162 22 10 7 15 2 5 13 14 1 0 1 23 4 10 9 167 28 8 14 9 2 10 25 216 32 4 14 300 19 123 132 142 7 14 6 20 2 25 26 26 3 2 2 24 3 35 55 9 0 4 0 1 0 0 3 9 3 2 3 11 0 34 15 193 9 7 7 22 1 9 33 34 2 1 5 24 1 16 35 732 25 9 37 35 2 44 246 620 34 3 26 211 26 103 377 428 167 13 193 17 8 45 590 57 12 1 8 22 12 15 222 34 18 0 25 2 1 6 39 16 14 3 17 6 9 3 104 22 32 3 4 1 4 0 7 2 1 0 0 1 3 2 3 51 35 0 9 2 0 3 25 8 8 0 6 7 16 3 56 198 249 10 287 16 12 40 223 19 13 0 8 9 11 12 90 13 10 4 12 1 0 2 15 13 5 1 25 7 22 10 125 319 420 6 106 41 19 26 118 12 4 1 3 14 17 8 48 1198 352 4 101 52 21 34 404 182 74 3 25 79 120 54 480 1
1365 126 172 237 130 11 267 775 313 20 13 22 281 15 360 1108 126 19 6 19 7 2 10 23 241 26 12 25 263 19 241 367 186 15 11 12 14 1 7 10 18 1 1 0 18 0 8 5 285 31 10 17 11 2 10 29 368 22 4 10 446 19 141 115 164 14 15 7 17 0 28 28 12 2 2 1 22 0 20 28 9 1 0 4 0 0 4 2 8 0 0 0 8 0 9 13 303 13 11 16 23 0 22 33 28 0 1 0 24 0 13 23 1067 42 22 30 35 3 34 104 732 20 4 19 316 20 115 243 361 269 11 511 24 9 25 912 25 6 1 10 4 12 5 263 22 30 1 22 1 0 1 23 16 9 2 15 6 11 3 112 13 14 0 4 1 2 0 4 0 0 0 0 0 1 0 2 21 28 2 9 2 1 1 14 5 12 0 5 6 13 4 34 356 447 24 603 21 16 26 370 15 10 0 3 8 12 9 93 12 22 0 22 1 2 2 21 15 16 2 6 8 28 7 118 525 434 9 182 15 10 16 131 7 7 0 2 12 10 7 25 1296 402 5 178 26 17 19 242 252 136 3 28 73 106 20 312 1374 120 174 223 146 14 272 760 315 17 8 16 282 16 404 1202 124 22 7 24 10 1 9 24 235 22 8 31 255 16 239 348 172 13 14 7 13 0 12 6 15 1 0 2 19 0 7 5 256 32 4 16 11 1 9 32 379 30 2 11 480 17 131 141 173 10 10 10 19 2 22 42 15 2 1 0 26 1 19 26 7 0 1 2 0 0 2 1 10 1 0 1 11 2 12 12 314 11 10 17 29 2 20 28 26 2 0 1 26 1 11 24 1037 43 25 41 36 2 38 112 739 22 1 19 293 19 98 227 372 267 12 508 19 13 22 886 17 8 0 10 6 12 4 240 13 25 1 24 3 0 0 25 15 14 1 19 6 11 4 118 10 12 0 4 1 2 0 6 0 0 0 0 0 1 0 0 24 31 0 11 1 2 0 17 7 12 1 5 4 10 3 30 353 437 20 604 22 15 30 355 16 13 0 2 11 11 9 84 10 25 1 20 1 2 1 18 12 14 1 5 5 35 11 124 518 458 18 184 19 7 12 124 5 3 0 3 8 9 4 24 1339 398 7 146 19 14 18 257 231 115 3 32 77 113 26 307 1376 118 164 231 141 7 262 745 330 16 9 23 302 10 409 1091 130 22 11 21 9 1 14 29 228 22 16 28 253 22 214 398 178 16 17 5 17 1 10 10 16 0 1 1 17 0 12 4 268 28 9 9 8 1 15 42 406 18 1 8 498 18 136 146 168 11 14 17 20 3 23 34 17 1 2 0 22 0 16 26 7 3 0 1 1 1 1 4 17 1 1 1 10 0 8 17 296 13 12 15 24 0 19 31 22 1 0 1 22 0 9 21 1052 36 15 37 34 2 40 110 749 24 3 18 327 19 117 248 381 277 11 503 19 11 26 803 20 10 1 7 10 11 3 249 13 20 0 29 0 1 0 25 21 6 0 12 7 14 5 111 15 18 0 4 0 1 1 3 0 0 0 0 1 3 0 3 17 27 0 13 4 1 2 15 3 17 0 2 6 7 1 27 327 433 19 578 22 17 25 362 16 10 0 4 10 14 9 88 15 24 1 17 1 1 0 15 12 18 2 8 11 27 8 111 545 443 11 180 16 9 14 134 8 4 0 1 8 6 5 27 1285 411 8 160 17 13 23 240 270 126 1 35 94 118 31 327 1
1646 220 211 333 140 15 245 954 276 12 8 27 242 21 416 854 157 16 12 17 7 1 5 38 258 22 17 28 495 22 470 286 175 12 9 8 12 1 7 21 10 0 0 0 9 1 8 3 275 26 10 11 9 0 14 40 435 18 5 2 339 12 134 104 143 8 12 15 21 0 28 53 23 2 0 0 25 1 19 23 6 1 0 1 1 0 1 5 8 2 0 1 18 2 14 12 239 11 17 23 24 1 16 37 15 0 0 2 23 2 8 23 806 29 12 26 26 7 24 146 812 15 5 13 338 17 109 232 381 331 10 587 16 22 17 896 20 14 2 10 7 10 4 297 22 14 0 21 2 1 1 20 18 6 0 11 12 19 2 103 13 15 0 4 2 2 0 5 0 0 0 0 0 1 0 3 24 19 0 11 2 2 1 15 5 8 0 1 3 7 1 21 275 486 14 629 11 27 39 456 13 8 0 5 13 21 11 113 12 14 0 9 2 2 0 9 18 11 0 11 11 45 10 127 349 509 2 167 22 18 12 150 7 6 1 2 8 13 7 32 834 320 8 109 27 13 17 273 204 82 1 19 83 109 21 352 1582 198 203 326 153 14 246 1045 274 18 7 26 252 18 435 931 160 17 13 20 8 1 7 31 265 20 14 21 462 17 473 313 163 18 9 8 12 2 5 13 10 1 1 1 4 2 5 4 275 26 7 7 10 0 11 30 442 26 8 7 372 12 118 98 138 9 11 12 24 0 31 44 17 2 0 1 20 1 19 25 12 2 0 2 0 0 2 4 8 1 0 1 17 2 12 12 230 14 7 15 26 3 14 29 12 1 1 2 24 1 8 27 788 29 11 22 29 4 18 123 837 10 11 16 315 6 91 231 350 346 9 629 20 21 17 1003 23 13 1 7 9 11 6 277 22 13 0 20 3 0 2 16 11 10 2 11 14 16 2 91 17 14 0 8 0 0 1 5 0 1 0 1 1 2 0 2 21 20 0 12 2 2 2 15 5 6 0 2 1 7 1 23 256 496 15 651 10 19 34 449 18 7 0 7 7 15 9 103 10 11 0 9 1 1 2 10 12 7 0 13 12 44 8 118 365 546 4 183 22 12 12 138 6 8 1 3 9 14 7 37 809 302 3 101 24 16 20 257 201 83 2 15 70 102 23 348 1562 207 219 332 157 12 254 999 272 21 10 24 243 15 429 889 153 15 10 18 15 1 9 40 239 13 17 23 486 23 453 336 181 13 11 12 7 1 7 21 5 2 2 0 4 0 5 4 282 27 11 10 12 0 16 19 479 16 4 7 340 11 118 97 149 11 6 13 18 0 28 46 15 2 0 1 21 1 18 34 11 1 0 0 0 0 1 4 11 2 1 2 19 1 12 15 243 10 10 18 20 1 13 33 13 2 0 3 33 3 8 13 768 27 23 23 30 5 26 109 773 17 10 14 343 10 101 251 345 318 9 564 14 22 24 973 24 12 1 10 9 13 6 309 20 17 1 20 2 1 0 12 14 12 1 10 9 20 1 99 18 14 1 6 1 0 2 6 3 0 0 0 1 0 0 2 26 25 1 7 3 3 0 22 7 8 0 3 4 9 2 27 250 525 17 581 12 20 29 447 12 15 0 4 6 16 10 119 11 17 1 11 0 0 1 14 21 13 1 10 22 47 10 127 375 534 4 186 22 14 16 148 6 8 0 5 6 13 4 41 817 290 5 119 25 18 19 260 223 87 1 20 91 109 28 332 1
1906 155 307 239 164 14 247 796 333 24 17 28 251 11 345 675 139 13 15 20 10 2 8 31 237 16 29 23 618 28 563 312 299 19 45 19 20 1 12 17 15 0 1 1 20 2 10 10 192 21 11 11 12 2 15 33 274 25 5 10 429 23 176 122 124 8 23 13 14 2 18 28 15 2 0 0 8 0 24 28 11 0 1 2 2 0 1 11 12 0 0 3 25 4 29 20 225 15 8 24 20 2 14 36 21 0 0 1 19 1 11 22 631 21 15 30 25 10 40 174 504 25 9 23 233 21 116 295 384 276 19 380 14 20 23 658 40 18 0 6 17 29 12 236 21 15 2 16 1 1 3 25 13 12 0 14 17 24 8 106 14 27 1 8 0 0 0 7 0 0 0 0 0 0 0 2 20 17 1 13 1 0 1 22 8 14 0 7 7 21 2 38 262 650 22 564 22 39 24 289 18 15 1 5 14 28 9 119 14 18 4 26 1 2 2 25 14 19 2 25 30 124 15 225 313 746 11 190 19 27 8 130 6 4 0 1 10 9 2 46 673 319 6 101 30 19 26 321 184 92 2 43 123 221 36 471 1987 139 334 250 182 14 233 857 331 23 19 21 241 13 360 718 129 15 17 13 12 1 19 28 245 22 30 26 592 29 553 301 277 19 43 15 16 1 12 29 18 2 0 2 20 1 8 10 190 22 8 10 13 1 8 23 271 27 6 9 443 35 149 131 109 8 18 12 18 0 17 36 23 3 1 1 15 0 23 33 6 0 3 2 3 0 0 5 15 0 0 4 28 1 26 17 222 18 10 16 21 2 11 35 25 1 0 0 25 2 8 25 615 16 12 36 24 10 34 180 542 35 10 27 242 18 108 298 383 276 18 358 28 17 22 644 51 17 0 9 17 24 13 217 20 26 1 20 1 2 1 35 10 10 1 16 14 27 4 108 18 35 0 8 1 1 1 6 0 0 0 0 2 0 0 3 17 19 1 16 0 1 1 20 3 9 0 7 8 21 0 42 262 621 25 529 22 35 22 287 11 15 0 7 17 30 13 108 14 17 4 24 0 3 2 20 16 23 1 19 33 108 19 216 301 693 6 181 21 27 13 109 9 3 0 3 7 17 4 37 685 307 6 98 33 18 23 347 173 100 3 41 109 225 38 486 1922 151 342 231 175 18 249 858 329 23 12 25 269 16 319 678 124 17 20 17 15 0 17 31 253 16 28 20 658 29 544 305 277 22 38 11 13 1 11 14 20 2 0 0 20 1 11 9 219 17 16 11 7 1 15 30 302 23 14 8 462 23 152 126 99 15 20 6 18 1 17 31 15 0 1 0 14 0 24 24 11 0 1 2 4 0 0 3 15 0 2 4 24 3 29 28 233 14 6 24 22 1 10 39 25 3 0 3 24 4 11 19 633 23 17 23 24 7 35 182 527 33 8 24 264 21 108 309 381 285 15 375 20 16 21 641 37 19 0 12 17 21 13 220 20 18 1 17 1 1 1 31 18 11 0 13 14 27 10 117 13 32 1 5 1 3 0 12 0 0 0 0 0 1 0 4 18 18 0 16 1 1 0 18 10 12 0 7 5 20 4 38 255 587 28 481 22 29 29 289 18 8 0 4 18 28 10 90 13 22 2 27 2 2 1 24 23 21 0 20 28 105 23 222 304 672 9 174 20 34 6 126 13 5 0 2 8 21 3 37 686 300 7 90 32 15 26 333 195 99 4 49 142 217 44 493 1
1829 163 138 226 144 7 203 831 427 19 8 20 215 9 314 735 184 18 7 24 10 2 14 35 312 14 16 18 368 14 407 262 167 10 5 5 10 0 7 7 16 1 1 1 8 0 3 7 344 27 6 10 15 0 18 31 730 20 5 10 508 18 144 116 173 17 6 9 26 2 18 32 22 2 0 0 20 1 15 19 19 0 1 1 0 0 2 5 14 3 1 2 15 0 13 11 285 6 6 15 17 2 16 33 36 1 2 3 29 1 6 23 1098 39 22 33 42 7 41 195 1421 27 8 24 518 16 134 327 357 230 16 445 17 10 35 982 42 9 1 8 11 15 7 179 22 7 0 20 3 1 0 28 14 11 0 9 8 13 1 63 6 17 1 5 0 1 1 3 0 0 0 0 0 0 0 4 24 23 0 13 3 1 1 25 3 7 0 4 3 6 2 21 209 320 16 410 18 17 24 330 15 5 0 1 10 14 11 93 14 14 1 18 1 1 2 17 18 10 2 11 13 32 8 87 315 383 1 98 15 15 11 95 11 2 0 2 4 7 2 19 763 229 2 83 23 19 24 289 212 99 2 32 70 106 29 337 1791 173 137 239 156 8 202 781 423 22 5 26 204 9 306 749 182 14 10 26 10 2 19 30 291 14 13 25 329 13 419 272 148 10 5 6 9 1 4 7 18 2 1 1 8 1 1 6 327 24 6 9 9 1 12 38 699 21 6 14 552 18 129 111 179 13 7 8 24 2 20 32 26 1 1 0 13 3 18 24 16 0 1 4 0 0 3 6 18 0 1 1 18 3 11 8 304 9 8 14 20 2 7 31 34 3 0 3 26 2 5 20 1188 27 9 27 34 2 36 194 1466 30 8 23 487 22 127 285 335 224 12 462 18 11 43 1048 39 10 1 7 5 9 9 173 30 9 0 16 2 2 0 26 12 6 0 9 8 12 4 69 6 12 0 2 0 4 0 6 0 0 0 0 0 0 0 3 23 28 0 15 1 1 2 20 5 10 0 3 3 8 6 20 200 313 13 416 10 19 22 358 13 6 0 4 9 11 14 88 13 20 1 19 2 2 0 20 12 11 1 11 15 23 8 69 315 378 3 90 10 15 10 102 9 4 0 4 4 5 3 29 860 241 1 97 26 13 21 261 248 110 2 27 69 94 31 292 1786 156 142 228 134 10 194 780 421 13 12 22 226 4 283 672 170 16 9 19 11 1 17 28 297 14 15 22 360 13 365 255 163 6 5 10 10 2 11 11 13 1 1 1 9 0 2 5 364 25 9 7 12 2 15 46 671 19 8 10 517 13 129 114 177 11 8 9 27 2 12 31 29 3 1 0 16 1 9 25 13 1 1 3 0 0 6 5 16 0 0 1 15 4 17 14 286 7 8 14 12 4 14 30 39 2 0 4 26 0 1 17 1309 33 23 28 42 3 40 186 1443 32 5 16 499 17 132 278 323 220 18 429 20 6 30 898 56 8 1 12 15 13 6 194 27 10 0 11 2 3 1 25 17 9 0 11 5 9 2 73 12 20 1 6 0 0 0 7 2 0 0 0 0 0 0 4 20 19 2 14 1 1 1 25 17 10 0 2 3 9 2 21 208 307 21 387 16 16 18 328 12 7 0 3 8 15 9 92 17 21 1 11 1 1 0 14 14 11 1 10 21 27 11 79 345 381 3 99 13 12 8 105 8 4 0 4 6 3 2 21 900 256 4 90 27 15 20 259 289 127 2 31 98 115 38 366 1
989 110 192 276 118 5 321 688 210 13 6 19 253 11 564 640 95 11 12 22 4 1 13 17 209 24 12 21 477 18 762 442 199 12 13 8 16 2 11 10 24 0 0 1 16 0 6 4 264 25 5 14 10 0 19 21 618 39 8 13 661 33 170 130 120 7 20 10 22 0 26 15 17 1 0 1 21 1 26 16 6 1 1 1 1 0 3 1 10 0 2 1 11 1 19 13 319 6 10 16 23 0 16 16 14 0 0 0 36 1 12 8 740 28 11 25 20 3 13 47 948 33 7 10 428 26 94 168 218 243 16 607 20 10 30 841 17 11 1 1 9 8 9 248 15 21 2 27 1 0 2 23 11 19 1 24 10 21 3 163 11 20 2 6 1 0 0 7 2 0 0 0 0 0 0 3 16 15 1 25 1 0 1 10 6 9 0 7 6 12 0 30 249 509 20 758 20 22 28 489 8 8 1 5 13 10 10 130 9 25 1 30 0 2 1 31 13 17 1 11 9 29 9 153 545 532 9 192 25 20 9 122 8 1 1 4 12 8 4 20 769 388 6 139 22 10 6 169 277 164 3 30 113 145 21 327 997 114 190 278 116 4 295 686 200 13 7 14 227 12 551 620 89 9 9 15 7 2 7 24 217 24 12 24 480 19 722 403 189 9 12 8 21 1 13 8 22 0 0 0 15 0 9 3 284 17 12 20 13 0 19 19 592 33 6 19 643 34 161 135 127 4 21 10 18 1 28 24 13 1 0 1 25 1 16 20 8 0 2 0 1 0 1 0 6 0 2 1 15 1 13 14 321 9 15 16 25 0 14 17 21 0 1 0 34 1 11 7 702 31 13 31 24 5 19 34 961 37 4 7 411 27 101 164 216 263 17 618 13 12 30 865 14 10 0 8 11 10 12 252 16 25 1 33 0 1 0 23 11 17 2 25 9 19 4 167 13 15 1 7 0 0 0 5 0 0 0 0 0 0 0 3 20 21 1 18 0 0 1 13 7 11 0 3 5 12 1 31 247 526 27 781 21 17 35 496 8 11 1 5 13 4 12 138 16 24 1 31 0 2 1 40 13 23 1 9 7 34 8 148 564 548 6 202 26 16 9 130 9 2 0 3 16 6 3 23 792 378 6 148 17 13 10 176 279 151 1 33 112 141 20 331 1062 118 236 264 119 9 300 624 217 17 12 14 252 8 527 587 126 17 10 8 6 1 12 26 251 24 22 23 487 24 687 411 224 6 17 9 19 0 17 21 18 0 0 0 26 1 11 3 288 21 9 23 9 2 18 16 604 29 7 15 699 32 199 161 128 5 27 11 21 1 29 27 12 1 0 2 21 0 28 21 8 0 0 0 1 0 2 3 11 0 0 1 18 2 19 17 313 8 8 17 25 2 18 18 21 1 0 0 33 1 13 14 725 24 14 30 27 3 17 54 979 35 5 13 427 25 144 164 218 243 21 531 24 11 26 742 17 9 0 10 4 20 12 256 23 20 2 35 1 0 1 26 17 17 0 16 11 23 11 174 16 14 0 8 1 0 0 4 0 0 0 0 1 0 0 1 19 24 1 13 1 0 0 16 11 10 0 5 10 10 2 46 253 446 15 671 21 17 34 425 17 7 0 4 17 16 10 116 8 16 1 28 0 2 1 39 15 24 0 9 15 33 15 181 522 457 13 200 20 13 12 120 10 5 0 4 18 10 1 18 738 360 5 158 19 21 8 175 280 167 4 35 133 170 36 383 1
1760 161 215 197 117 6 178 558 416 23 19 22 201 15 306 718 147 30 27 16 9 1 15 29 204 22 29 32 281 19 697 301 184 22 12 8 24 6 8 8 17 1 3 0 29 3 6 5 233 20 13 10 9 1 11 28 237 31 6 8 371 27 112 124 226 9 11 10 11 0 23 31 36 3 1 3 19 1 25 23 8 3 2 2 0 0 1 4 18 0 0 2 18 3 40 23 263 13 9 13 20 0 13 32 38 2 3 5 28 0 10 36 912 52 14 42 35 4 30 248 777 39 11 48 223 23 128 357 627 236 14 294 30 11 41 748 57 17 0 12 23 11 6 215 36 27 1 28 4 0 2 37 18 6 1 16 10 11 7 103 19 33 1 6 1 1 2 4 1 0 0 0 0 2 0 3 30 34 0 19 3 0 1 33 7 9 2 1 7 12 3 38 256 323 20 428 30 25 28 273 18 15 0 5 13 14 13 117 18 13 1 24 0 2 1 15 12 11 2 15 13 29 19 125 452 589 3 122 36 27 17 134 11 1 0 4 15 15 9 44 1007 371 12 143 31 23 25 485 269 82 5 40 133 132 42 494 1744 173 189 200 133 6 177 493 450 19 24 37 191 10 332 716 148 22 29 20 8 0 13 29 195 28 33 28 285 17 700 278 194 17 9 11 21 3 8 9 17 1 1 0 26 2 11 12 235 17 9 9 11 2 8 26 283 29 7 8 358 22 113 124 207 13 13 14 15 1 25 32 31 6 0 3 21 0 28 22 16 3 0 2 0 0 2 4 22 2 0 5 13 3 34 18 284 13 8 6 19 3 17 41 36 1 1 5 28 2 12 28 974 48 15 47 32 2 31 239 852 28 7 38 242 19 119 428 592 235 16 294 31 6 38 716 50 18 1 15 22 11 5 192 25 27 2 24 4 0 2 29 13 10 2 16 10 15 3 97 20 32 0 3 1 2 1 3 1 1 0 0 0 1 0 5 38 39 0 21 3 1 1 37 6 13 1 2 6 15 5 39 276 315 29 370 28 13 30 247 15 8 0 3 13 11 14 93 12 11 1 22 2 1 4 23 14 10 4 19 19 26 29 123 463 552 5 117 33 33 11 151 12 3 0 3 20 24 8 41 1066 379 8 138 30 21 26 474 270 102 4 28 111 138 48 472 1743 166 213 178 127 7 164 467 413 20 23 28 211 12 320 660 139 27 27 25 9 2 12 24 203 18 40 21 301 17 698 293 190 19 14 9 20 2 8 12 16 2 1 0 26 2 4 13 255 16 17 15 12 1 15 27 291 25 7 9 356 24 124 108 211 12 19 12 13 1 21 35 31 3 2 2 21 1 31 19 12 2 2 2 0 0 1 3 22 0 1 3 17 3 40 23 274 8 6 7 28 0 16 37 31 1 1 2 25 4 13 29 998 58 6 45 27 1 39 247 852 48 9 37 259 21 120 409 601 198 20 277 35 8 29 690 50 16 1 14 20 20 9 193 36 26 2 27 5 3 3 32 12 13 1 16 9 13 3 103 26 36 0 7 1 0 2 9 3 0 0 0 1 3 1 1 34 34 0 16 4 4 1 30 8 11 1 6 4 15 5 41 285 301 23 374 20 13 26 222 21 8 0 1 13 14 15 87 21 14 0 18 2 1 2 28 14 15 4 16 18 44 21 130 467 547 7 111 31 34 13 137 16 3 0 5 22 18 7 38 1073 393 9 137 36 24 24 467 314 105 5 35 121 142 48 484 1
2309 205 178 277 161 9 271 927 236 12 4 13 228 10 385 582 198 28 7 27 15 3 7 24 281 17 9 23 499 15 551 282 186 7 8 7 7 0 11 6 5 0 0 0 7 0 6 4 323 30 6 6 10 1 13 13 381 12 3 5 416 6 143 67 200 16 12 12 16 3 21 33 9 2 0 0 16 1 13 8 11 0 0 3 1 0 0 1 10 3 0 0 22 0 14 16 375 16 9 11 20 0 6 23 11 0 0 3 15 0 7 12 1472 33 11 28 39 3 33 104 686 10 3 11 264 6 92 133 263 261 3 408 5 11 18 644 13 9 1 2 10 9 5 153 9 25 0 10 0 0 1 8 8 3 3 3 3 10 3 59 8 10 0 1 0 2 1 1 0 0 0 0 1 1 0 4 18 20 0 5 2 1 1 12 2 4 0 0 3 6 1 9 336 669 11 529 20 19 21 291 3 8 0 4 10 12 7 64 14 32 0 7 0 4 0 11 10 16 2 7 14 48 8 112 560 687 4 143 19 13 5 83 7 2 0 2 7 4 2 7 1220 421 5 85 11 10 6 161 215 78 1 15 83 110 10 205 2296 199 163 301 178 13 278 947 252 11 2 14 214 8 437 604 206 21 8 29 11 1 6 30 284 17 10 21 459 15 555 280 180 15 10 6 3 0 3 3 6 0 0 0 8 0 6 4 320 37 7 6 13 2 12 18 393 11 1 5 367 10 128 58 199 18 8 10 17 1 17 34 11 2 0 0 16 1 11 8 16 3 0 1 3 0 1 1 14 2 0 1 22 1 12 11 364 17 11 11 17 1 8 25 14 1 0 1 16 0 10 9 1467 42 12 28 41 3 30 104 725 10 1 11 258 8 90 141 277 280 2 406 10 9 19 621 12 8 1 1 9 11 8 134 12 20 0 12 0 0 1 4 11 3 2 3 3 12 3 67 7 12 0 1 0 1 0 6 0 0 0 0 1 0 0 0 13 22 0 5 1 0 1 11 1 6 0 1 2 5 1 9 342 691 10 517 18 15 24 288 5 3 0 2 11 12 8 62 6 28 0 15 0 2 0 6 14 16 0 6 22 54 9 110 587 665 2 136 15 18 7 82 7 2 0 1 7 9 3 7 1146 434 3 97 14 14 6 165 190 80 1 13 83 113 15 200 2278 204 188 288 148 13 267 921 244 15 6 13 206 7 411 594 200 28 8 28 17 2 10 26 272 13 13 19 505 10 521 296 197 16 9 6 4 1 9 10 8 0 1 0 6 1 7 5 340 35 8 6 14 3 7 17 380 10 4 13 356 7 129 59 216 18 10 11 20 1 19 37 13 3 0 0 17 0 13 3 13 1 1 1 2 0 0 6 9 1 1 1 20 3 12 15 379 9 14 15 19 1 3 21 14 0 0 2 18 0 7 8 1465 39 12 31 35 2 34 107 713 9 4 9 280 6 82 137 281 285 4 366 6 9 15 603 14 8 1 6 11 11 2 166 13 14 0 15 0 0 2 8 6 2 0 4 6 14 3 79 11 7 1 5 0 1 1 2 0 0 0 0 2 2 0 1 17 22 0 4 1 0 1 13 1 7 0 2 3 3 2 13 331 665 10 476 18 12 29 291 6 2 1 2 5 11 7 58 12 28 1 11 0 3 0 5 12 20 1 11 19 68 9 105 588 672 5 127 20 8 6 90 4 3 0 1 6 8 4 17 1162 436 4 87 9 15 5 163 242 81 0 13 97 123 14 208 1
2064 205 252 299 180 20 261 904 351 26 15 28 267 16 424 698 174 19 22 28 12 0 10 38 248 21 19 32 367 10 572 343 194 17 18 10 13 4 8 10 11 1 2 0 21 1 12 6 243 29 8 21 12 3 13 23 328 18 5 10 338 14 100 112 182 21 19 18 16 0 31 39 13 2 1 1 22 0 19 19 13 2 1 2 0 1 1 6 16 1 1 3 20 1 23 18 297 15 12 12 23 3 11 43 18 0 3 4 31 2 20 23 708 34 6 31 31 3 26 198 515 34 9 16 264 22 89 277 454 288 11 414 18 7 31 801 24 14 0 8 10 8 3 184 16 28 1 35 1 0 3 26 15 17 1 6 8 17 5 101 22 31 0 11 0 0 2 4 1 1 0 0 2 2 0 2 24 36 1 17 0 2 1 21 11 10 0 5 6 8 2 29 330 513 20 481 21 20 34 286 11 5 1 5 13 16 9 113 18 20 0 28 0 0 1 20 15 23 0 15 20 42 16 167 439 615 12 145 24 28 20 133 9 8 0 5 12 13 9 49 645 352 9 135 25 28 15 325 131 105 2 44 88 146 29 413 2069 215 240 317 183 15 299 940 363 18 20 27 253 16 451 716 177 16 27 34 7 0 7 38 260 24 23 39 382 9 572 346 198 18 15 10 12 1 8 5 11 1 1 2 18 1 9 4 241 27 9 24 15 1 8 26 336 17 4 12 358 15 102 106 190 18 13 17 18 2 32 41 15 3 2 1 23 2 21 18 12 1 1 0 1 1 0 6 12 1 0 2 19 3 25 18 289 13 13 17 20 1 14 46 21 1 3 3 38 2 18 24 658 33 6 25 27 1 24 193 513 30 6 17 255 24 87 285 434 297 9 429 25 13 43 811 21 13 0 8 8 10 5 179 21 27 0 28 3 0 2 28 13 14 0 10 8 18 9 103 27 30 0 9 1 2 1 4 3 2 0 0 0 2 0 4 19 35 1 18 0 2 2 21 6 13 0 6 5 11 1 36 318 498 19 489 19 19 34 291 8 9 1 7 12 13 10 130 12 20 1 29 0 2 1 19 14 24 1 15 19 40 14 159 417 576 9 133 23 24 19 136 9 5 0 6 19 17 6 46 625 323 11 137 15 32 15 315 155 92 3 38 75 140 27 416 2053 205 256 306 168 16 289 923 345 21 12 31 253 16 447 698 179 16 26 39 9 1 11 32 246 17 23 40 384 17 545 373 211 24 18 9 14 2 14 18 12 2 2 0 13 0 5 12 255 22 11 19 13 2 7 22 336 23 6 14 349 17 107 103 178 18 20 17 18 4 30 34 10 0 1 0 21 1 28 20 11 4 1 2 1 1 0 3 11 1 2 2 18 3 23 22 279 13 12 14 27 3 13 44 20 2 1 3 34 3 19 25 722 32 13 29 30 3 29 199 500 27 7 19 249 21 108 267 432 286 13 434 24 12 38 806 27 17 2 4 11 12 5 194 21 25 0 34 0 1 1 23 12 20 0 9 9 18 7 118 29 27 1 11 2 1 0 5 1 0 0 0 1 4 0 4 19 33 0 19 0 3 1 18 5 13 0 3 7 5 2 37 291 493 17 456 24 17 31 292 10 10 2 3 17 19 11 119 17 21 1 21 0 0 1 18 16 23 1 13 18 50 15 166 412 561 7 146 22 26 10 125 8 4 0 5 18 14 7 41 623 318 11 121 18 29 12 319 204 98 3 41 93 145 34 439 1
3592 174 331 188 116 20 181 721 295 30 22 25 152 4 221 636 150 25 36 16 5 1 11 25 164 12 40 23 302 17 686 226 243 30 22 16 25 4 11 14 17 1 0 1 24 4 5 4 189 16 16 15 6 2 12 24 218 14 5 13 374 32 123 69 173 12 28 7 12 2 15 30 22 1 1 0 24 1 16 27 16 2 2 1 2 0 0 5 12 3 4 2 21 1 24 25 207 14 10 13 17 3 13 26 26 2 0 1 12 4 14 16 778 29 20 20 16 1 22 212 558 21 7 10 214 16 84 309 376 186 11 305 23 17 29 574 72 8 1 12 12 14 5 249 23 22 1 22 2 0 0 19 12 7 1 14 6 18 6 97 24 33 0 10 0 2 0 10 0 1 0 0 1 2 0 8 24 30 1 12 0 1 1 15 13 8 0 5 9 18 5 31 207 379 25 533 25 20 15 262 14 5 2 7 20 13 12 123 9 17 1 23 0 0 3 26 9 18 5 29 18 86 20 199 319 668 11 148 20 30 11 98 9 8 0 3 11 21 5 55 833 261 5 102 29 17 17 307 226 106 4 37 96 205 37 490 3673 165 322 187 124 21 176 680 341 29 21 26 157 3 235 667 144 15 34 25 8 0 12 26 158 14 37 25 297 18 682 216 231 32 28 14 22 3 13 12 18 2 0 1 24 3 8 7 166 19 12 13 5 2 9 35 218 17 6 15 402 33 134 71 161 11 26 7 11 2 21 34 22 2 1 1 22 1 21 26 16 3 3 2 3 1 0 7 8 1 1 3 17 3 26 24 212 9 9 21 16 1 12 28 23 3 0 1 15 2 10 20 759 29 13 23 15 4 22 210 575 17 6 13 201 15 95 318 360 202 16 296 23 13 28 580 64 10 0 11 7 13 6 231 24 14 2 27 3 2 3 19 13 5 2 12 3 19 8 91 26 37 1 10 1 2 0 5 2 0 0 0 0 3 0 7 21 28 0 9 0 1 0 14 12 8 0 9 6 19 6 32 210 385 24 523 26 22 18 262 13 6 1 6 18 15 10 109 7 18 1 26 1 1 4 18 11 20 5 26 18 83 22 210 316 681 10 149 21 31 14 91 14 5 0 3 11 21 4 49 811 262 12 100 21 16 18 357 194 96 2 27 90 193 36 467 3680 154 312 186 121 24 167 723 314 23 26 28 155 3 235 660 146 15 35 19 5 0 13 25 166 8 35 23 255 24 688 218 235 28 25 14 22 4 14 10 16 0 0 2 26 4 6 6 166 21 16 14 6 2 13 34 231 13 6 11 393 32 131 63 156 9 29 6 7 2 19 39 23 4 1 2 19 1 14 27 14 1 2 0 2 0 0 5 7 0 2 3 24 3 19 27 211 14 9 13 22 1 9 28 23 4 2 1 9 0 15 14 844 25 15 21 15 2 21 217 581 22 8 9 209 19 103 302 363 199 13 294 18 13 28 595 61 13 0 9 15 10 7 236 25 18 1 18 2 0 3 22 9 10 0 13 7 16 7 102 22 38 0 12 0 5 0 5 0 0 0 0 0 3 0 7 24 26 0 8 0 3 0 15 9 7 1 4 7 22 4 33 209 322 31 517 23 23 11 278 18 6 2 5 19 13 12 122 13 19 2 27 1 2 3 21 13 17 8 22 21 76 21 207 300 682 8 146 18 29 12 119 8 8 2 3 10 15 4 47 832 255 5 99 27 19 14 344 188 100 3 37 87 197 35 480 1
2128 179 328 259 156 9 238 901 230 16 14 9 200 12 259 604 132 19 14 9 9 0 13 26 187 13 25 16 398 21 771 222 318 20 24 12 16 1 10 5 13 2 1 2 22 1 4 5 222 18 3 10 9 0 10 29 274 11 7 8 443 22 127 69 207 14 18 7 11 0 10 28 15 1 1 1 14 0 15 13 12 2 2 1 0 0 0 3 3 1 2 0 19 2 24 14 295 15 9 14 12 1 6 22 7 0 0 1 13 0 6 12 895 30 9 31 25 3 27 177 549 21 3 10 217 10 65 186 374 281 16 315 13 9 12 1051 37 7 1 6 7 18 6 249 19 13 1 19 1 0 0 14 7 10 0 11 6 23 2 113 13 19 0 5 2 1 1 3 2 0 0 0 1 1 0 1 13 12 1 6 1 4 0 14 7 7 1 3 4 12 0 25 271 643 25 648 13 34 21 295 13 9 0 5 7 28 6 97 8 20 1 18 1 0 1 17 20 19 1 16 15 84 20 228 425 623 8 198 9 28 8 96 7 2 0 4 13 20 3 26 987 321 5 126 11 15 15 249 228 104 2 41 99 216 20 365 2186 196 328 257 144 10 203 925 255 13 16 10 184 14 264 599 144 13 24 10 9 0 11 26 180 15 20 17 362 17 769 221 313 26 22 14 19 0 11 8 12 2 0 2 23 1 5 4 222 12 6 10 9 0 12 25 262 8 4 9 449 23 113 82 208 18 14 9 11 0 12 31 12 1 1 0 13 1 16 17 12 2 1 2 0 0 1 2 8 2 0 2 14 5 24 13 301 19 12 14 16 1 9 29 11 0 1 2 13 2 5 13 879 26 8 33 23 5 25 170 564 19 6 7 215 11 63 194 374 262 14 317 13 11 15 1024 37 12 2 4 10 10 5 237 14 17 0 13 0 1 1 12 5 9 0 10 8 26 3 94 12 20 1 4 3 1 0 1 0 0 0 0 0 0 0 0 14 15 0 9 2 1 1 15 6 8 2 3 4 16 2 20 273 683 22 659 15 30 16 299 12 11 1 7 7 33 10 107 14 24 2 24 2 1 1 19 15 19 0 10 17 80 19 240 413 670 7 191 11 29 13 103 7 8 1 1 13 24 4 32 918 327 3 117 18 15 17 219 219 99 1 43 97 209 19 366 2224 185 348 231 136 7 224 925 250 14 9 9 181 15 234 602 131 13 21 14 6 0 12 22 209 13 15 19 370 19 728 233 326 30 26 14 16 2 11 6 13 3 1 1 17 0 4 3 251 16 14 8 12 0 18 20 267 14 5 12 455 21 123 82 201 10 21 11 10 2 13 24 13 1 1 0 16 0 20 17 14 3 1 1 2 0 1 2 6 0 0 0 21 2 25 11 292 18 9 17 15 1 7 31 12 0 0 1 13 1 8 10 823 31 10 32 27 5 25 184 565 17 2 7 231 9 67 209 372 270 11 342 19 11 15 1042 33 7 0 7 9 8 5 266 19 13 0 13 1 1 2 9 12 12 0 7 11 26 1 99 12 29 1 10 1 2 0 3 0 0 0 1 0 0 0 1 11 13 1 5 1 3 0 10 2 5 0 4 7 12 2 19 266 661 25 623 10 30 22 280 15 12 0 8 7 31 9 120 7 23 1 28 2 0 1 19 15 11 2 14 21 105 9 249 382 647 5 186 13 35 12 96 8 2 0 2 11 21 1 42 889 287 2 123 9 16 19 272 212 100 4 42 110 224 24 346 1
